phase04-reels\client.log

> Configure project :fabric
Fabric Loom: 1.10.5

> Configure project :runtime-test-client
Fabric Loom: 1.10.5

> Task :common:compileJava UP-TO-DATE
> Task :fabric:compileJava UP-TO-DATE
> Task :fabric:processResources UP-TO-DATE
> Task :fabric:classes UP-TO-DATE
> Task :paper:compileJava UP-TO-DATE
> Task :fabric:compileTestJava UP-TO-DATE
> Task :common:processResources NO-SOURCE
> Task :common:classes UP-TO-DATE
> Task :fabric:jar UP-TO-DATE
> Task :fabric:processIncludeJars UP-TO-DATE
> Task :runtime-test-client:compileJava UP-TO-DATE
> Task :runtime-test-client:processResources UP-TO-DATE
> Task :runtime-test-client:classes UP-TO-DATE
> Task :runtime-test-client:generateLog4jConfig UP-TO-DATE
> Task :runtime-test-client:downloadAssets
> Task :fabric:remapJar
> Task :runtime-test-client:generateRemapClasspath
> Task :runtime-test-client:generateDLIConfig UP-TO-DATE
> Task :runtime-test-client:configureLaunch
> Task :runtime-test-client:configureClientLaunch

> Task :runtime-test-client:runClient
[15:28:36] [main/INFO] (FabricLoader/GameProvider) Loading Minecraft 1.21 with Fabric Loader 0.16.14
[15:28:36] [main/INFO] (FabricLoader) Loading 56 mods:
	- fabric-api 0.102.0+1.21
	- fabric-api-base 0.4.42+6573ed8cd1
	- fabric-api-lookup-api-v1 1.6.68+b5597344d1
	- fabric-biome-api-v1 13.0.29+5bd9f1bcd1
	- fabric-block-api-v1 1.0.22+0af3f5a7d1
	- fabric-block-view-api-v2 1.0.10+6573ed8cd1
	- fabric-blockrenderlayer-v1 1.1.52+0af3f5a7d1
	- fabric-client-tags-api-v1 1.1.15+6573ed8cd1
	- fabric-command-api-v1 1.2.49+f71b366fd1
	- fabric-command-api-v2 2.2.28+6ced4dd9d1
	- fabric-commands-v0 0.2.66+df3654b3d1
	- fabric-content-registries-v0 8.0.16+b5597344d1
	- fabric-convention-tags-v1 2.0.19+7f945d5bd1
	- fabric-convention-tags-v2 2.5.0+c5e2b5c6d1
	- fabric-crash-report-info-v1 0.2.29+0af3f5a7d1
	- fabric-data-attachment-api-v1 1.1.27+6a6dfa19d1
	- fabric-data-generation-api-v1 20.2.16+16c4ae25d1
	- fabric-dimensions-v1 4.0.0+6fc22b99d1
	- fabric-entity-events-v1 1.6.12+6fc22b99d1
	- fabric-events-interaction-v0 0.7.12+ba9dae06d1
	- fabric-game-rule-api-v1 1.0.53+6ced4dd9d1
	- fabric-gametest-api-v1 2.0.4+6fc22b99d1
	- fabric-item-api-v1 11.0.0+afdfc921d1
	- fabric-item-group-api-v1 4.1.4+78017270d1
	- fabric-key-binding-api-v1 1.0.47+0af3f5a7d1
	- fabric-keybindings-v0 0.2.45+df3654b3d1
	- fabric-lifecycle-events-v1 2.3.12+6c1df360d1
	- fabric-loot-api-v2 3.0.14+3f89f5a5d1
	- fabric-loot-api-v3 1.0.2+3f89f5a5d1
	- fabric-message-api-v1 6.0.13+6573ed8cd1
	- fabric-model-loading-api-v1 2.0.0+fe474d6bd1
	- fabric-networking-api-v1 4.2.2+60c3209bd1
	- fabric-object-builder-api-v1 15.2.0+a551f7a4d1
	- fabric-particles-v1 4.0.2+6573ed8cd1
	- fabric-recipe-api-v1 5.0.12+65089712d1
	- fabric-registry-sync-v0 5.1.2+60c3209bd1
	- fabric-renderer-api-v1 3.4.0+c705a49cd1
	- fabric-renderer-indigo 1.7.0+c705a49cd1
	- fabric-renderer-registries-v1 3.2.68+df3654b3d1
	- fabric-rendering-data-attachment-v1 0.3.48+73761d2ed1
	- fabric-rendering-fluids-v1 3.1.6+b5597344d1
	- fabric-rendering-v0 1.1.71+df3654b3d1
	- fabric-rendering-v1 5.0.5+df16efd0d1
	- fabric-resource-conditions-api-v1 4.3.0+8dc279b1d1
	- fabric-resource-loader-v0 1.3.0+56599129d1
	- fabric-screen-api-v1 2.0.24+b5597344d1
	- fabric-screen-handler-api-v1 1.3.86+b5597344d1
	- fabric-sound-api-v1 1.0.23+6573ed8cd1
	- fabric-transfer-api-v1 5.1.16+3dccd343d1
	- fabric-transitive-access-wideners-v1 6.1.0+176f9036d1
	- fabricloader 0.16.14
	- java 21
	- minecraft 1.21
	- mixinextras 0.4.1
	- piri_juggler 1.0.0
	- piri_runtime_acceptance 1.0.0
[15:28:36] [main/INFO] (FabricLoader/Mixin) SpongePowered MIXIN Subsystem Version=0.8.7 Source=file:/C:/Users/PC_user/.gradle/caches/modules-2/files-2.1/net.fabricmc/sponge-mixin/0.15.5+mixin.0.8.7/22f9eb729e216a091673a574a5906dc1b9027fb3/sponge-mixin-0.15.5+mixin.0.8.7.jar Service=Knot/Fabric Env=CLIENT
[15:28:36] [main/INFO] (FabricLoader/Mixin) Loaded Fabric development mappings for mixin remapper!
[15:28:37] [main/INFO] (FabricLoader/Mixin) Compatibility level set to JAVA_21
[15:28:38] [main/INFO] (FabricLoader/MixinExtras|Service) Initializing MixinExtras via com.llamalad7.mixinextras.service.MixinExtrasServiceImpl(version=0.4.1).
[15:28:39] [Datafixer Bootstrap/INFO] (Minecraft) 226 Datafixer optimizations took 286 milliseconds
[15:28:39] [main/WARN] (PerfmonDisabled) Invalid registry value type detected for PerfOS counters. Should be REG_DWORD. Ignoring: HKEY_LOCAL_MACHINE\SYSTEM\CurrentControlSet\Services\PerfOS\Performance\Disable Performance Counters.
[15:28:44] [Render thread/INFO] (Minecraft) Environment: Environment[sessionHost=https://sessionserver.mojang.com, servicesHost=https://api.minecraftservices.com, name=PROD]
[15:28:44] [Render thread/INFO] (Minecraft) Setting user: PiriRuntimeTest
[15:28:44] [Render thread/INFO] (PiriRuntimeAcceptance) PIRI_RUNTIME_CLIENT_READY Minecraft=1.21 FabricLoader=0.16.14 scenario=phase04-reels
[15:28:44] [Render thread/INFO] (Indigo) [Indigo] Registering Indigo renderer!
[15:28:45] [Render thread/INFO] (Minecraft) Backend library: LWJGL version 3.3.3-snapshot
[15:28:46] [Render thread/INFO] (Minecraft) Reloading ResourceManager: vanilla, fabric, fabric-api, fabric-api-base, fabric-api-lookup-api-v1, fabric-biome-api-v1, fabric-block-api-v1, fabric-block-view-api-v2, fabric-blockrenderlayer-v1, fabric-client-tags-api-v1, fabric-command-api-v1, fabric-command-api-v2, fabric-commands-v0, fabric-content-registries-v0, fabric-convention-tags-v1, fabric-convention-tags-v2, fabric-crash-report-info-v1, fabric-data-attachment-api-v1, fabric-data-generation-api-v1, fabric-dimensions-v1, fabric-entity-events-v1, fabric-events-interaction-v0, fabric-game-rule-api-v1, fabric-gametest-api-v1, fabric-item-api-v1, fabric-item-group-api-v1, fabric-key-binding-api-v1, fabric-keybindings-v0, fabric-lifecycle-events-v1, fabric-loot-api-v2, fabric-loot-api-v3, fabric-message-api-v1, fabric-model-loading-api-v1, fabric-networking-api-v1, fabric-object-builder-api-v1, fabric-particles-v1, fabric-recipe-api-v1, fabric-registry-sync-v0, fabric-renderer-api-v1, fabric-renderer-indigo, fabric-renderer-registries-v1, fabric-rendering-data-attachment-v1, fabric-rendering-fluids-v1, fabric-rendering-v0, fabric-rendering-v1, fabric-resource-conditions-api-v1, fabric-resource-loader-v0, fabric-screen-api-v1, fabric-screen-handler-api-v1, fabric-sound-api-v1, fabric-transfer-api-v1, fabric-transitive-access-wideners-v1, fabricloader, piri_juggler
[15:28:46] [Worker-Main-2/WARN] (Minecraft) File piri:sounds/bet.ogg does not exist, cannot add it to event piri:bet
[15:28:46] [Worker-Main-2/WARN] (Minecraft) File piri:sounds/bonus_end.ogg does not exist, cannot add it to event piri:bonus_end
[15:28:46] [Worker-Main-2/WARN] (Minecraft) File piri:sounds/bonus_start.ogg does not exist, cannot add it to event piri:bonus_start
[15:28:46] [Worker-Main-2/WARN] (Minecraft) File piri:sounds/error.ogg does not exist, cannot add it to event piri:error
[15:28:46] [Worker-Main-2/WARN] (Minecraft) File piri:sounds/lever.ogg does not exist, cannot add it to event piri:lever
[15:28:46] [Worker-Main-2/WARN] (Minecraft) File piri:sounds/notice.ogg does not exist, cannot add it to event piri:notice
[15:28:46] [Worker-Main-2/WARN] (Minecraft) File piri:sounds/notice_strong.ogg does not exist, cannot add it to event piri:notice_strong
[15:28:46] [Worker-Main-2/WARN] (Minecraft) File piri:sounds/payout.ogg does not exist, cannot add it to event piri:payout
[15:28:46] [Worker-Main-2/WARN] (Minecraft) File piri:sounds/stop.ogg does not exist, cannot add it to event piri:stop
[15:28:46] [Worker-Main-2/WARN] (Minecraft) File piri:sounds/tenpai.ogg does not exist, cannot add it to event piri:tenpai
[15:28:46] [Worker-Main-13/INFO] (Minecraft) Found unifont_all_no_pua-15.1.05.hex, loading
[15:28:46] [Worker-Main-14/INFO] (Minecraft) Found unifont_jp_patch-15.1.05.hex, loading
[15:28:48] [Render thread/WARN] (Minecraft) Missing sound for event: minecraft:item.goat_horn.play
[15:28:48] [Render thread/WARN] (Minecraft) Missing sound for event: minecraft:entity.goat.screaming.horn_break
[15:28:48] [Render thread/INFO] (Minecraft) OpenAL initialized on device OpenAL Soft on Headphones (High Definition Audio Device)
[15:28:48] [Render thread/INFO] (Minecraft) Sound engine started
[15:28:48] [Render thread/INFO] (Minecraft) Created: 1024x512x4 minecraft:textures/atlas/blocks.png-atlas
[15:28:48] [Render thread/INFO] (Minecraft) Created: 256x256x4 minecraft:textures/atlas/signs.png-atlas
[15:28:48] [Render thread/INFO] (Minecraft) Created: 512x512x4 minecraft:textures/atlas/banner_patterns.png-atlas
[15:28:48] [Render thread/INFO] (Minecraft) Created: 512x512x4 minecraft:textures/atlas/shield_patterns.png-atlas
[15:28:48] [Render thread/INFO] (Minecraft) Created: 1024x1024x4 minecraft:textures/atlas/armor_trims.png-atlas
[15:28:48] [Render thread/INFO] (Minecraft) Created: 256x256x4 minecraft:textures/atlas/chest.png-atlas
[15:28:48] [Render thread/INFO] (Minecraft) Created: 128x64x4 minecraft:textures/atlas/decorated_pot.png-atlas
[15:28:48] [Render thread/INFO] (Minecraft) Created: 512x256x4 minecraft:textures/atlas/beds.png-atlas
[15:28:48] [Render thread/INFO] (Minecraft) Created: 512x256x4 minecraft:textures/atlas/shulker_boxes.png-atlas
[15:28:48] [Render thread/INFO] (Minecraft) Created: 512x256x0 minecraft:textures/atlas/particles.png-atlas
[15:28:48] [Render thread/INFO] (Minecraft) Created: 512x256x0 minecraft:textures/atlas/paintings.png-atlas
[15:28:48] [Render thread/INFO] (Minecraft) Created: 256x128x0 minecraft:textures/atlas/mob_effects.png-atlas
[15:28:48] [Render thread/INFO] (Minecraft) Created: 64x64x0 minecraft:textures/atlas/map_decorations.png-atlas
[15:28:48] [Render thread/INFO] (Minecraft) Created: 1024x512x0 minecraft:textures/atlas/gui.png-atlas
[15:28:48] [Render thread/WARN] (Minecraft) Shader rendertype_entity_translucent_emissive could not find sampler named Sampler2 in the specified shader program.
[15:28:48] [Render thread/INFO] (Minecraft) Connecting to 127.0.0.1, 25588
[15:28:50] [Render thread/WARN] (Minecraft) Ignoring player info update for unknown player 2b9a0e28-4a8f-3fe1-a65b-c41ad05e8077 ([UPDATE_GAME_MODE])
[15:28:50] [Render thread/INFO] (Minecraft) [System] [CHAT] PiriRuntimeTest joined the game
[15:28:50] [Render thread/INFO] (Minecraft) Loaded 2 advancements
[15:28:50] [Render thread/INFO] (PiriRuntimeAcceptance) PIRI_RUNTIME_HELLO protocol=1 payload={"protocol":1,"modVersion":"1.0.0"}
[15:28:50] [Render thread/INFO] (PiriRuntimeAcceptance) PIRI_PHASE02_PACKET {"type":"HELLO_ACK","payload":{"protocol":1,"serverVersion":"1.0.0"}}
[15:28:51] [Render thread/INFO] (Minecraft) [System] [CHAT] MACHINE_CREATED 1
[15:28:52] [Render thread/INFO] (PiriRuntimeAcceptance) PIRI_PHASE02_REAL_CLICK block=BlockPos{x=0, y=66, z=0} result=SUCCESS
[15:28:52] [Render thread/INFO] (PiriRuntimeAcceptance) PIRI_PHASE02_PACKET {"type":"OPEN_MACHINE","payload":{"sessionId":"c92d624d-975d-44e9-b8bf-d93111cd9e30","machineId":1,"expectedNextClientSequence":1}}
[15:28:52] [Render thread/INFO] (PiriRuntimeAcceptance) PIRI_PHASE02_PACKET {"type":"PUBLIC_STATE","payload":{"sessionId":"c92d624d-975d-44e9-b8bf-d93111cd9e30","machineId":1,"expectedNextClientSequence":1,"gameState":"SEATED_READY","lifecycle":"ACTIVE","credit":0,"heldMedals":0,"bet":0,"pay":0,"bonusCount":0,"lampOn":false,"displayStops":{"left":0,"center":0,"right":0},"stoppedMask":0}}
[15:28:53] [Render thread/INFO] (PiriRuntimeAcceptance) PIRI_PHASE02_PACKET {"type":"PUBLIC_STATE","payload":{"sessionId":"c92d624d-975d-44e9-b8bf-d93111cd9e30","machineId":1,"expectedNextClientSequence":1,"gameState":"NORMAL_SPINNING","lifecycle":"ACTIVE","credit":0,"heldMedals":0,"bet":0,"pay":0,"bonusCount":0,"lampOn":false,"displayStops":{"left":0,"center":0,"right":0},"stoppedMask":0}}
[15:28:53] [Render thread/INFO] (PiriRuntimeAcceptance) PIRI_PHASE02_PACKET {"type":"SPIN_START","payload":{"sessionId":"c92d624d-975d-44e9-b8bf-d93111cd9e30","machineId":1,"spinId":"05be1316-9727-40cb-ae1b-50cd3a691884","mode":"NORMAL","animation":"NORMAL","startPhase":{"left":0.0,"center":0.0,"right":0.0},"stopEnableAfterMs":400}}
[15:28:54] [Render thread/INFO] (PiriRuntimeAcceptance) PIRI_PHASE02_PACKET {"type":"ACTION_ACCEPTED","payload":{"clientSequence":1,"action":"STOP_LEFT"}}
[15:28:54] [Render thread/INFO] (PiriRuntimeAcceptance) PIRI_PHASE02_PACKET {"type":"REEL_STOP","payload":{"spinId":"05be1316-9727-40cb-ae1b-50cd3a691884","reel":"LEFT","pressedIndex":6,"stopIndex":6,"slip":0,"durationMs":80}}
[15:28:54] [Render thread/INFO] (PiriRuntimeAcceptance) PIRI_PHASE02_PACKET {"type":"ACTION_ACCEPTED","payload":{"clientSequence":2,"action":"STOP_CENTER"}}
[15:28:54] [Render thread/INFO] (PiriRuntimeAcceptance) PIRI_PHASE02_PACKET {"type":"REEL_STOP","payload":{"spinId":"05be1316-9727-40cb-ae1b-50cd3a691884","reel":"CENTER","pressedIndex":15,"stopIndex":15,"slip":0,"durationMs":80}}
[15:28:55] [Render thread/INFO] (PiriRuntimeAcceptance) PIRI_PHASE02_PACKET {"type":"ACTION_ACCEPTED","payload":{"clientSequence":3,"action":"STOP_RIGHT"}}
[15:28:55] [Render thread/INFO] (PiriRuntimeAcceptance) PIRI_PHASE02_PACKET {"type":"REEL_STOP","payload":{"spinId":"05be1316-9727-40cb-ae1b-50cd3a691884","reel":"RIGHT","pressedIndex":3,"stopIndex":6,"slip":3,"durationMs":230}}
[15:28:55] [Render thread/INFO] (PiriRuntimeAcceptance) PIRI_PHASE02_PACKET {"type":"PUBLIC_STATE","payload":{"sessionId":"c92d624d-975d-44e9-b8bf-d93111cd9e30","machineId":1,"expectedNextClientSequence":4,"gameState":"SEATED_READY","lifecycle":"ACTIVE","credit":0,"heldMedals":0,"bet":0,"pay":0,"bonusCount":0,"lampOn":false,"displayStops":{"left":6,"center":15,"right":6},"stoppedMask":7}}
[15:28:56] [Render thread/INFO] (PiriRuntimeAcceptance) PIRI_PHASE02_PACKET {"type":"PUBLIC_STATE","payload":{"sessionId":"c92d624d-975d-44e9-b8bf-d93111cd9e30","machineId":1,"expectedNextClientSequence":4,"gameState":"NORMAL_SPINNING","lifecycle":"ACTIVE","credit":0,"heldMedals":0,"bet":0,"pay":0,"bonusCount":0,"lampOn":false,"displayStops":{"left":6,"center":15,"right":6},"stoppedMask":0}}
[15:28:56] [Render thread/INFO] (PiriRuntimeAcceptance) PIRI_PHASE02_PACKET {"type":"SPIN_START","payload":{"sessionId":"c92d624d-975d-44e9-b8bf-d93111cd9e30","machineId":1,"spinId":"f97630f8-87c6-4e79-aacc-9b51409ba64f","mode":"NORMAL","animation":"REVERSE_500MS","startPhase":{"left":6.0,"center":15.0,"right":6.0},"stopEnableAfterMs":800}}
[15:28:57] [Render thread/INFO] (PiriRuntimeAcceptance) PIRI_PHASE02_PACKET {"type":"ACTION_ACCEPTED","payload":{"clientSequence":4,"action":"STOP_LEFT"}}
[15:28:57] [Render thread/INFO] (PiriRuntimeAcceptance) PIRI_PHASE02_PACKET {"type":"REEL_STOP","payload":{"spinId":"f97630f8-87c6-4e79-aacc-9b51409ba64f","reel":"LEFT","pressedIndex":15,"stopIndex":15,"slip":0,"durationMs":80}}
[15:28:58] [Render thread/INFO] (PiriRuntimeAcceptance) PIRI_PHASE02_PACKET {"type":"ACTION_ACCEPTED","payload":{"clientSequence":5,"action":"STOP_RIGHT"}}
[15:28:58] [Render thread/INFO] (PiriRuntimeAcceptance) PIRI_PHASE02_PACKET {"type":"REEL_STOP","payload":{"spinId":"f97630f8-87c6-4e79-aacc-9b51409ba64f","reel":"RIGHT","pressedIndex":3,"stopIndex":3,"slip":0,"durationMs":80}}
[15:28:58] [Render thread/INFO] (PiriRuntimeAcceptance) PIRI_PHASE02_PACKET {"type":"ACTION_ACCEPTED","payload":{"clientSequence":6,"action":"STOP_CENTER"}}
[15:28:58] [Render thread/INFO] (PiriRuntimeAcceptance) PIRI_PHASE02_PACKET {"type":"REEL_STOP","payload":{"spinId":"f97630f8-87c6-4e79-aacc-9b51409ba64f","reel":"CENTER","pressedIndex":0,"stopIndex":4,"slip":4,"durationMs":280}}
[15:28:58] [Render thread/INFO] (PiriRuntimeAcceptance) PIRI_PHASE02_PACKET {"type":"PUBLIC_STATE","payload":{"sessionId":"c92d624d-975d-44e9-b8bf-d93111cd9e30","machineId":1,"expectedNextClientSequence":7,"gameState":"SEATED_READY","lifecycle":"ACTIVE","credit":0,"heldMedals":0,"bet":0,"pay":0,"bonusCount":0,"lampOn":false,"displayStops":{"left":15,"center":4,"right":3},"stoppedMask":7}}
[15:28:59] [Render thread/INFO] (PiriRuntimeAcceptance) PIRI_PHASE02_PACKET {"type":"PUBLIC_STATE","payload":{"sessionId":"c92d624d-975d-44e9-b8bf-d93111cd9e30","machineId":1,"expectedNextClientSequence":7,"gameState":"NORMAL_SPINNING","lifecycle":"ACTIVE","credit":0,"heldMedals":0,"bet":0,"pay":0,"bonusCount":0,"lampOn":false,"displayStops":{"left":15,"center":4,"right":3},"stoppedMask":0}}
[15:28:59] [Render thread/INFO] (PiriRuntimeAcceptance) PIRI_PHASE02_PACKET {"type":"SPIN_START","payload":{"sessionId":"c92d624d-975d-44e9-b8bf-d93111cd9e30","machineId":1,"spinId":"f4d5fd06-ce6e-4296-bce8-90de8115ff4f","mode":"NORMAL","animation":"RESUME_NORMAL","startPhase":{"left":15.0,"center":4.0,"right":3.0},"stopEnableAfterMs":200}}
[15:29:00] [Render thread/INFO] (PiriRuntimeAcceptance) PIRI_PHASE02_PACKET {"type":"ACTION_ACCEPTED","payload":{"clientSequence":7,"action":"STOP_CENTER"}}
[15:29:00] [Render thread/INFO] (PiriRuntimeAcceptance) PIRI_PHASE02_PACKET {"type":"REEL_STOP","payload":{"spinId":"f4d5fd06-ce6e-4296-bce8-90de8115ff4f","reel":"CENTER","pressedIndex":12,"stopIndex":12,"slip":0,"durationMs":80}}
[15:29:00] [Render thread/INFO] (PiriRuntimeAcceptance) PIRI_PHASE02_PACKET {"type":"ACTION_ACCEPTED","payload":{"clientSequence":8,"action":"STOP_LEFT"}}
[15:29:00] [Render thread/INFO] (PiriRuntimeAcceptance) PIRI_PHASE02_PACKET {"type":"REEL_STOP","payload":{"spinId":"f4d5fd06-ce6e-4296-bce8-90de8115ff4f","reel":"LEFT","pressedIndex":11,"stopIndex":11,"slip":0,"durationMs":80}}
[15:29:01] [Render thread/INFO] (PiriRuntimeAcceptance) PIRI_PHASE02_PACKET {"type":"ACTION_ACCEPTED","payload":{"clientSequence":9,"action":"STOP_RIGHT"}}
[15:29:01] [Render thread/INFO] (PiriRuntimeAcceptance) PIRI_PHASE02_PACKET {"type":"REEL_STOP","payload":{"spinId":"f4d5fd06-ce6e-4296-bce8-90de8115ff4f","reel":"RIGHT","pressedIndex":8,"stopIndex":8,"slip":0,"durationMs":80}}
[15:29:01] [Render thread/INFO] (PiriRuntimeAcceptance) PIRI_PHASE02_PACKET {"type":"PUBLIC_STATE","payload":{"sessionId":"c92d624d-975d-44e9-b8bf-d93111cd9e30","machineId":1,"expectedNextClientSequence":10,"gameState":"SEATED_READY","lifecycle":"ACTIVE","credit":0,"heldMedals":0,"bet":0,"pay":0,"bonusCount":0,"lampOn":false,"displayStops":{"left":11,"center":12,"right":8},"stoppedMask":7}}
[15:29:01] [Render thread/INFO] (PiriRuntimeAcceptance) PIRI_PHASE02_PACKET {"type":"PUBLIC_STATE","payload":{"sessionId":"c92d624d-975d-44e9-b8bf-d93111cd9e30","machineId":1,"expectedNextClientSequence":10,"gameState":"NORMAL_SPINNING","lifecycle":"ACTIVE","credit":0,"heldMedals":0,"bet":0,"pay":0,"bonusCount":0,"lampOn":false,"displayStops":{"left":11,"center":12,"right":8},"stoppedMask":0}}
[15:29:01] [Render thread/INFO] (PiriRuntimeAcceptance) PIRI_PHASE02_PACKET {"type":"SPIN_START","payload":{"sessionId":"c92d624d-975d-44e9-b8bf-d93111cd9e30","machineId":1,"spinId":"97321710-76a1-45a6-8abc-f25a19a2116d","mode":"NORMAL","animation":"NORMAL","startPhase":{"left":11.0,"center":12.0,"right":8.0},"stopEnableAfterMs":400}}
[15:29:02] [Render thread/INFO] (PiriRuntimeAcceptance) PIRI_PHASE02_PACKET {"type":"ACTION_ACCEPTED","payload":{"clientSequence":10,"action":"STOP_CENTER"}}
[15:29:02] [Render thread/INFO] (PiriRuntimeAcceptance) PIRI_PHASE02_PACKET {"type":"REEL_STOP","payload":{"spinId":"97321710-76a1-45a6-8abc-f25a19a2116d","reel":"CENTER","pressedIndex":19,"stopIndex":19,"slip":0,"durationMs":80}}
[15:29:02] [Render thread/INFO] (PiriRuntimeAcceptance) PIRI_PHASE02_PACKET {"type":"ACTION_ACCEPTED","payload":{"clientSequence":11,"action":"STOP_RIGHT"}}
[15:29:02] [Render thread/INFO] (PiriRuntimeAcceptance) PIRI_PHASE02_PACKET {"type":"REEL_STOP","payload":{"spinId":"97321710-76a1-45a6-8abc-f25a19a2116d","reel":"RIGHT","pressedIndex":3,"stopIndex":6,"slip":3,"durationMs":230}}
[15:29:03] [Render thread/INFO] (PiriRuntimeAcceptance) PIRI_PHASE02_PACKET {"type":"ACTION_ACCEPTED","payload":{"clientSequence":12,"action":"STOP_LEFT"}}
[15:29:03] [Render thread/INFO] (PiriRuntimeAcceptance) PIRI_PHASE02_PACKET {"type":"REEL_STOP","payload":{"spinId":"97321710-76a1-45a6-8abc-f25a19a2116d","reel":"LEFT","pressedIndex":15,"stopIndex":15,"slip":0,"durationMs":80}}
[15:29:03] [Render thread/INFO] (PiriRuntimeAcceptance) PIRI_PHASE02_PACKET {"type":"PUBLIC_STATE","payload":{"sessionId":"c92d624d-975d-44e9-b8bf-d93111cd9e30","machineId":1,"expectedNextClientSequence":13,"gameState":"SEATED_READY","lifecycle":"ACTIVE","credit":0,"heldMedals":0,"bet":0,"pay":0,"bonusCount":0,"lampOn":false,"displayStops":{"left":15,"center":19,"right":6},"stoppedMask":7}}
[15:29:03] [Render thread/INFO] (PiriRuntimeAcceptance) PIRI_PHASE02_PACKET {"type":"PUBLIC_STATE","payload":{"sessionId":"c92d624d-975d-44e9-b8bf-d93111cd9e30","machineId":1,"expectedNextClientSequence":13,"gameState":"NORMAL_SPINNING","lifecycle":"ACTIVE","credit":0,"heldMedals":0,"bet":0,"pay":0,"bonusCount":0,"lampOn":false,"displayStops":{"left":15,"center":19,"right":6},"stoppedMask":0}}
[15:29:03] [Render thread/INFO] (PiriRuntimeAcceptance) PIRI_PHASE02_PACKET {"type":"SPIN_START","payload":{"sessionId":"c92d624d-975d-44e9-b8bf-d93111cd9e30","machineId":1,"spinId":"4c2c6094-36e5-4c50-bee9-54c0d4957504","mode":"NORMAL","animation":"REVERSE_500MS","startPhase":{"left":15.0,"center":19.0,"right":6.0},"stopEnableAfterMs":800}}
[15:29:05] [Render thread/INFO] (PiriRuntimeAcceptance) PIRI_PHASE02_PACKET {"type":"ACTION_ACCEPTED","payload":{"clientSequence":13,"action":"STOP_RIGHT"}}
[15:29:05] [Render thread/INFO] (PiriRuntimeAcceptance) PIRI_PHASE02_PACKET {"type":"REEL_STOP","payload":{"spinId":"4c2c6094-36e5-4c50-bee9-54c0d4957504","reel":"RIGHT","pressedIndex":10,"stopIndex":10,"slip":0,"durationMs":80}}
[15:29:05] [Render thread/INFO] (PiriRuntimeAcceptance) PIRI_PHASE02_PACKET {"type":"ACTION_ACCEPTED","payload":{"clientSequence":14,"action":"STOP_LEFT"}}
[15:29:05] [Render thread/INFO] (PiriRuntimeAcceptance) PIRI_PHASE02_PACKET {"type":"REEL_STOP","payload":{"spinId":"4c2c6094-36e5-4c50-bee9-54c0d4957504","reel":"LEFT","pressedIndex":7,"stopIndex":11,"slip":4,"durationMs":280}}
[15:29:06] [Render thread/INFO] (PiriRuntimeAcceptance) PIRI_PHASE02_PACKET {"type":"ACTION_ACCEPTED","payload":{"clientSequence":15,"action":"STOP_CENTER"}}
[15:29:06] [Render thread/INFO] (PiriRuntimeAcceptance) PIRI_PHASE02_PACKET {"type":"REEL_STOP","payload":{"spinId":"4c2c6094-36e5-4c50-bee9-54c0d4957504","reel":"CENTER","pressedIndex":20,"stopIndex":20,"slip":0,"durationMs":80}}
[15:29:06] [Render thread/INFO] (PiriRuntimeAcceptance) PIRI_PHASE02_PACKET {"type":"PUBLIC_STATE","payload":{"sessionId":"c92d624d-975d-44e9-b8bf-d93111cd9e30","machineId":1,"expectedNextClientSequence":16,"gameState":"SEATED_READY","lifecycle":"ACTIVE","credit":0,"heldMedals":0,"bet":0,"pay":0,"bonusCount":0,"lampOn":false,"displayStops":{"left":11,"center":20,"right":10},"stoppedMask":7}}
[15:29:06] [Render thread/INFO] (PiriRuntimeAcceptance) PIRI_PHASE02_PACKET {"type":"PUBLIC_STATE","payload":{"sessionId":"c92d624d-975d-44e9-b8bf-d93111cd9e30","machineId":1,"expectedNextClientSequence":16,"gameState":"NORMAL_SPINNING","lifecycle":"ACTIVE","credit":0,"heldMedals":0,"bet":0,"pay":0,"bonusCount":0,"lampOn":false,"displayStops":{"left":11,"center":20,"right":10},"stoppedMask":0}}
[15:29:06] [Render thread/INFO] (PiriRuntimeAcceptance) PIRI_PHASE02_PACKET {"type":"SPIN_START","payload":{"sessionId":"c92d624d-975d-44e9-b8bf-d93111cd9e30","machineId":1,"spinId":"34246ee2-d801-47ef-810b-3a2964b6a336","mode":"NORMAL","animation":"RESUME_NORMAL","startPhase":{"left":11.0,"center":20.0,"right":10.0},"stopEnableAfterMs":200}}
[15:29:07] [Render thread/INFO] (PiriRuntimeAcceptance) PIRI_PHASE02_PACKET {"type":"ACTION_ACCEPTED","payload":{"clientSequence":16,"action":"STOP_RIGHT"}}
[15:29:07] [Render thread/INFO] (PiriRuntimeAcceptance) PIRI_PHASE02_PACKET {"type":"REEL_STOP","payload":{"spinId":"34246ee2-d801-47ef-810b-3a2964b6a336","reel":"RIGHT","pressedIndex":18,"stopIndex":18,"slip":0,"durationMs":80}}
[15:29:07] [Render thread/INFO] (PiriRuntimeAcceptance) PIRI_PHASE02_PACKET {"type":"ACTION_ACCEPTED","payload":{"clientSequence":17,"action":"STOP_CENTER"}}
[15:29:07] [Render thread/INFO] (PiriRuntimeAcceptance) PIRI_PHASE02_PACKET {"type":"REEL_STOP","payload":{"spinId":"34246ee2-d801-47ef-810b-3a2964b6a336","reel":"CENTER","pressedIndex":16,"stopIndex":16,"slip":0,"durationMs":80}}
[15:29:08] [Render thread/INFO] (PiriRuntimeAcceptance) PIRI_PHASE02_PACKET {"type":"ACTION_ACCEPTED","payload":{"clientSequence":18,"action":"STOP_LEFT"}}
[15:29:08] [Render thread/INFO] (PiriRuntimeAcceptance) PIRI_PHASE02_PACKET {"type":"REEL_STOP","payload":{"spinId":"34246ee2-d801-47ef-810b-3a2964b6a336","reel":"LEFT","pressedIndex":16,"stopIndex":17,"slip":1,"durationMs":130}}
[15:29:08] [Render thread/INFO] (PiriRuntimeAcceptance) PIRI_PHASE02_PACKET {"type":"PUBLIC_STATE","payload":{"sessionId":"c92d624d-975d-44e9-b8bf-d93111cd9e30","machineId":1,"expectedNextClientSequence":19,"gameState":"SEATED_READY","lifecycle":"ACTIVE","credit":0,"heldMedals":0,"bet":0,"pay":0,"bonusCount":0,"lampOn":false,"displayStops":{"left":17,"center":16,"right":18},"stoppedMask":7}}
[15:29:08] [Render thread/INFO] (PiriRuntimeAcceptance) PIRI_PHASE02_PACKET {"type":"PUBLIC_STATE","payload":{"sessionId":"c92d624d-975d-44e9-b8bf-d93111cd9e30","machineId":1,"expectedNextClientSequence":19,"gameState":"NORMAL_SPINNING","lifecycle":"ACTIVE","credit":0,"heldMedals":0,"bet":0,"pay":0,"bonusCount":0,"lampOn":false,"displayStops":{"left":17,"center":16,"right":18},"stoppedMask":0}}
[15:29:08] [Render thread/INFO] (PiriRuntimeAcceptance) PIRI_PHASE02_PACKET {"type":"SPIN_START","payload":{"sessionId":"c92d624d-975d-44e9-b8bf-d93111cd9e30","machineId":1,"spinId":"3df67e1b-4ba9-4226-b4b4-70f966e2afde","mode":"NORMAL","animation":"NORMAL","startPhase":{"left":17.0,"center":16.0,"right":18.0},"stopEnableAfterMs":400}}
[15:29:09] [Render thread/INFO] (PiriRuntimeAcceptance) PIRI_PHASE02_PACKET {"type":"ACTION_ACCEPTED","payload":{"clientSequence":19,"action":"STOP_LEFT"}}
[15:29:09] [Render thread/INFO] (PiriRuntimeAcceptance) PIRI_PHASE02_PACKET {"type":"REEL_STOP","payload":{"spinId":"3df67e1b-4ba9-4226-b4b4-70f966e2afde","reel":"LEFT","pressedIndex":3,"stopIndex":12,"slip":9,"durationMs":530}}
[15:29:09] [Render thread/INFO] (PiriRuntimeAcceptance) PIRI_PHASE02_PACKET {"type":"ACTION_ACCEPTED","payload":{"clientSequence":20,"action":"STOP_CENTER"}}
[15:29:09] [Render thread/INFO] (PiriRuntimeAcceptance) PIRI_PHASE02_PACKET {"type":"REEL_STOP","payload":{"spinId":"3df67e1b-4ba9-4226-b4b4-70f966e2afde","reel":"CENTER","pressedIndex":11,"stopIndex":14,"slip":3,"durationMs":230}}
[15:29:10] [Render thread/INFO] (PiriRuntimeAcceptance) PIRI_PHASE02_PACKET {"type":"ACTION_ACCEPTED","payload":{"clientSequence":21,"action":"STOP_RIGHT"}}
[15:29:10] [Render thread/INFO] (PiriRuntimeAcceptance) PIRI_PHASE02_PACKET {"type":"REEL_STOP","payload":{"spinId":"3df67e1b-4ba9-4226-b4b4-70f966e2afde","reel":"RIGHT","pressedIndex":1,"stopIndex":4,"slip":3,"durationMs":230}}
[15:29:10] [Render thread/INFO] (PiriRuntimeAcceptance) PIRI_PHASE02_PACKET {"type":"PUBLIC_STATE","payload":{"sessionId":"c92d624d-975d-44e9-b8bf-d93111cd9e30","machineId":1,"expectedNextClientSequence":22,"gameState":"SEATED_READY","lifecycle":"ACTIVE","credit":0,"heldMedals":0,"bet":0,"pay":0,"bonusCount":0,"lampOn":false,"displayStops":{"left":12,"center":14,"right":4},"stoppedMask":7}}
[15:29:11] [Render thread/INFO] (PiriRuntimeAcceptance) PIRI_PHASE02_PACKET {"type":"PUBLIC_STATE","payload":{"sessionId":"c92d624d-975d-44e9-b8bf-d93111cd9e30","machineId":1,"expectedNextClientSequence":22,"gameState":"NORMAL_SPINNING","lifecycle":"ACTIVE","credit":0,"heldMedals":0,"bet":0,"pay":0,"bonusCount":0,"lampOn":false,"displayStops":{"left":12,"center":14,"right":4},"stoppedMask":0}}
[15:29:11] [Render thread/INFO] (PiriRuntimeAcceptance) PIRI_PHASE02_PACKET {"type":"SPIN_START","payload":{"sessionId":"c92d624d-975d-44e9-b8bf-d93111cd9e30","machineId":1,"spinId":"b344f5c6-8172-4dc6-8bd7-aaa4a1521f64","mode":"NORMAL","animation":"REVERSE_500MS","startPhase":{"left":12.0,"center":14.0,"right":4.0},"stopEnableAfterMs":800}}
[15:29:13] [Render thread/INFO] (PiriRuntimeAcceptance) PIRI_PHASE02_PACKET {"type":"ACTION_ACCEPTED","payload":{"clientSequence":22,"action":"STOP_LEFT"}}
[15:29:13] [Render thread/INFO] (PiriRuntimeAcceptance) PIRI_PHASE02_PACKET {"type":"REEL_STOP","payload":{"spinId":"b344f5c6-8172-4dc6-8bd7-aaa4a1521f64","reel":"LEFT","pressedIndex":16,"stopIndex":12,"slip":17,"durationMs":930}}
[15:29:13] [Render thread/INFO] (PiriRuntimeAcceptance) PIRI_PHASE02_PACKET {"type":"ACTION_ACCEPTED","payload":{"clientSequence":23,"action":"STOP_RIGHT"}}
[15:29:13] [Render thread/INFO] (PiriRuntimeAcceptance) PIRI_PHASE02_PACKET {"type":"REEL_STOP","payload":{"spinId":"b344f5c6-8172-4dc6-8bd7-aaa4a1521f64","reel":"RIGHT","pressedIndex":17,"stopIndex":18,"slip":1,"durationMs":130}}
[15:29:14] [Render thread/INFO] (PiriRuntimeAcceptance) PIRI_PHASE02_PACKET {"type":"ACTION_ACCEPTED","payload":{"clientSequence":24,"action":"STOP_CENTER"}}
[15:29:14] [Render thread/INFO] (PiriRuntimeAcceptance) PIRI_PHASE02_PACKET {"type":"REEL_STOP","payload":{"spinId":"b344f5c6-8172-4dc6-8bd7-aaa4a1521f64","reel":"CENTER","pressedIndex":15,"stopIndex":15,"slip":0,"durationMs":80}}
[15:29:14] [Render thread/INFO] (PiriRuntimeAcceptance) PIRI_PHASE02_PACKET {"type":"PUBLIC_STATE","payload":{"sessionId":"c92d624d-975d-44e9-b8bf-d93111cd9e30","machineId":1,"expectedNextClientSequence":25,"gameState":"SEATED_READY","lifecycle":"ACTIVE","credit":0,"heldMedals":0,"bet":0,"pay":0,"bonusCount":0,"lampOn":false,"displayStops":{"left":12,"center":15,"right":18},"stoppedMask":7}}
[15:29:14] [Render thread/INFO] (PiriRuntimeAcceptance) PIRI_PHASE02_PACKET {"type":"PUBLIC_STATE","payload":{"sessionId":"c92d624d-975d-44e9-b8bf-d93111cd9e30","machineId":1,"expectedNextClientSequence":25,"gameState":"NORMAL_SPINNING","lifecycle":"ACTIVE","credit":0,"heldMedals":0,"bet":0,"pay":0,"bonusCount":0,"lampOn":false,"displayStops":{"left":12,"center":15,"right":18},"stoppedMask":0}}
[15:29:14] [Render thread/INFO] (PiriRuntimeAcceptance) PIRI_PHASE02_PACKET {"type":"SPIN_START","payload":{"sessionId":"c92d624d-975d-44e9-b8bf-d93111cd9e30","machineId":1,"spinId":"4352043a-f7e1-4da2-ab33-6e6a431c5588","mode":"NORMAL","animation":"RESUME_NORMAL","startPhase":{"left":12.0,"center":15.0,"right":18.0},"stopEnableAfterMs":200}}
[15:29:15] [Render thread/INFO] (PiriRuntimeAcceptance) PIRI_PHASE02_PACKET {"type":"ACTION_ACCEPTED","payload":{"clientSequence":25,"action":"STOP_CENTER"}}
[15:29:15] [Render thread/INFO] (PiriRuntimeAcceptance) PIRI_PHASE02_PACKET {"type":"REEL_STOP","payload":{"spinId":"4352043a-f7e1-4da2-ab33-6e6a431c5588","reel":"CENTER","pressedIndex":7,"stopIndex":7,"slip":0,"durationMs":80}}
[15:29:15] [Render thread/INFO] (PiriRuntimeAcceptance) PIRI_PHASE02_PACKET {"type":"ACTION_ACCEPTED","payload":{"clientSequence":26,"action":"STOP_LEFT"}}
[15:29:15] [Render thread/INFO] (PiriRuntimeAcceptance) PIRI_PHASE02_PACKET {"type":"REEL_STOP","payload":{"spinId":"4352043a-f7e1-4da2-ab33-6e6a431c5588","reel":"LEFT","pressedIndex":13,"stopIndex":13,"slip":0,"durationMs":80}}
[15:29:16] [Render thread/INFO] (PiriRuntimeAcceptance) PIRI_PHASE02_PACKET {"type":"ACTION_ACCEPTED","payload":{"clientSequence":27,"action":"STOP_RIGHT"}}
[15:29:16] [Render thread/INFO] (PiriRuntimeAcceptance) PIRI_PHASE02_PACKET {"type":"REEL_STOP","payload":{"spinId":"4352043a-f7e1-4da2-ab33-6e6a431c5588","reel":"RIGHT","pressedIndex":7,"stopIndex":9,"slip":2,"durationMs":180}}
[15:29:16] [Render thread/INFO] (PiriRuntimeAcceptance) PIRI_PHASE02_PACKET {"type":"PUBLIC_STATE","payload":{"sessionId":"c92d624d-975d-44e9-b8bf-d93111cd9e30","machineId":1,"expectedNextClientSequence":28,"gameState":"SEATED_READY","lifecycle":"ACTIVE","credit":0,"heldMedals":0,"bet":0,"pay":0,"bonusCount":0,"lampOn":false,"displayStops":{"left":13,"center":7,"right":9},"stoppedMask":7}}
[15:29:16] [Render thread/INFO] (PiriRuntimeAcceptance) PIRI_PHASE02_PACKET {"type":"PUBLIC_STATE","payload":{"sessionId":"c92d624d-975d-44e9-b8bf-d93111cd9e30","machineId":1,"expectedNextClientSequence":28,"gameState":"NORMAL_SPINNING","lifecycle":"ACTIVE","credit":0,"heldMedals":0,"bet":0,"pay":0,"bonusCount":0,"lampOn":false,"displayStops":{"left":13,"center":7,"right":9},"stoppedMask":0}}
[15:29:16] [Render thread/INFO] (PiriRuntimeAcceptance) PIRI_PHASE02_PACKET {"type":"SPIN_START","payload":{"sessionId":"c92d624d-975d-44e9-b8bf-d93111cd9e30","machineId":1,"spinId":"27753ec2-3bf6-4221-b80f-4af616d338b7","mode":"NORMAL","animation":"NORMAL","startPhase":{"left":13.0,"center":7.0,"right":9.0},"stopEnableAfterMs":400}}
[15:29:17] [Render thread/INFO] (PiriRuntimeAcceptance) PIRI_PHASE02_PACKET {"type":"ACTION_ACCEPTED","payload":{"clientSequence":28,"action":"STOP_CENTER"}}
[15:29:17] [Render thread/INFO] (PiriRuntimeAcceptance) PIRI_PHASE02_PACKET {"type":"REEL_STOP","payload":{"spinId":"27753ec2-3bf6-4221-b80f-4af616d338b7","reel":"CENTER","pressedIndex":14,"stopIndex":14,"slip":0,"durationMs":80}}
[15:29:18] [Render thread/INFO] (PiriRuntimeAcceptance) PIRI_PHASE02_PACKET {"type":"ACTION_ACCEPTED","payload":{"clientSequence":29,"action":"STOP_RIGHT"}}
[15:29:18] [Render thread/INFO] (PiriRuntimeAcceptance) PIRI_PHASE02_PACKET {"type":"REEL_STOP","payload":{"spinId":"27753ec2-3bf6-4221-b80f-4af616d338b7","reel":"RIGHT","pressedIndex":4,"stopIndex":4,"slip":0,"durationMs":80}}
[15:29:18] [Render thread/INFO] (PiriRuntimeAcceptance) PIRI_PHASE02_PACKET {"type":"ACTION_ACCEPTED","payload":{"clientSequence":30,"action":"STOP_LEFT"}}
[15:29:18] [Render thread/INFO] (PiriRuntimeAcceptance) PIRI_PHASE02_PACKET {"type":"REEL_STOP","payload":{"spinId":"27753ec2-3bf6-4221-b80f-4af616d338b7","reel":"LEFT","pressedIndex":17,"stopIndex":12,"slip":16,"durationMs":880}}
[15:29:18] [Render thread/INFO] (PiriRuntimeAcceptance) PIRI_PHASE02_PACKET {"type":"PUBLIC_STATE","payload":{"sessionId":"c92d624d-975d-44e9-b8bf-d93111cd9e30","machineId":1,"expectedNextClientSequence":31,"gameState":"SEATED_READY","lifecycle":"ACTIVE","credit":0,"heldMedals":0,"bet":0,"pay":0,"bonusCount":0,"lampOn":false,"displayStops":{"left":12,"center":14,"right":4},"stoppedMask":7}}
[15:29:20] [Render thread/INFO] (PiriRuntimeAcceptance) PIRI_PHASE02_PACKET {"type":"PUBLIC_STATE","payload":{"sessionId":"c92d624d-975d-44e9-b8bf-d93111cd9e30","machineId":1,"expectedNextClientSequence":31,"gameState":"NORMAL_SPINNING","lifecycle":"ACTIVE","credit":0,"heldMedals":0,"bet":0,"pay":0,"bonusCount":0,"lampOn":false,"displayStops":{"left":12,"center":14,"right":4},"stoppedMask":0}}
[15:29:20] [Render thread/INFO] (PiriRuntimeAcceptance) PIRI_PHASE02_PACKET {"type":"SPIN_START","payload":{"sessionId":"c92d624d-975d-44e9-b8bf-d93111cd9e30","machineId":1,"spinId":"94b80d54-7b62-4f77-92b5-979f08de1812","mode":"NORMAL","animation":"REVERSE_500MS","startPhase":{"left":12.0,"center":14.0,"right":4.0},"stopEnableAfterMs":800}}
[15:29:21] [Render thread/INFO] (PiriRuntimeAcceptance) PIRI_PHASE02_PACKET {"type":"ACTION_ACCEPTED","payload":{"clientSequence":31,"action":"STOP_RIGHT"}}
[15:29:21] [Render thread/INFO] (PiriRuntimeAcceptance) PIRI_PHASE02_PACKET {"type":"REEL_STOP","payload":{"spinId":"94b80d54-7b62-4f77-92b5-979f08de1812","reel":"RIGHT","pressedIndex":8,"stopIndex":8,"slip":0,"durationMs":80}}
[15:29:21] [Render thread/INFO] (PiriRuntimeAcceptance) PIRI_PHASE02_PACKET {"type":"ACTION_ACCEPTED","payload":{"clientSequence":32,"action":"STOP_LEFT"}}
[15:29:21] [Render thread/INFO] (PiriRuntimeAcceptance) PIRI_PHASE02_PACKET {"type":"REEL_STOP","payload":{"spinId":"94b80d54-7b62-4f77-92b5-979f08de1812","reel":"LEFT","pressedIndex":4,"stopIndex":12,"slip":8,"durationMs":480}}
[15:29:22] [Render thread/INFO] (PiriRuntimeAcceptance) PIRI_PHASE02_PACKET {"type":"ACTION_ACCEPTED","payload":{"clientSequence":33,"action":"STOP_CENTER"}}
[15:29:22] [Render thread/INFO] (PiriRuntimeAcceptance) PIRI_PHASE02_PACKET {"type":"REEL_STOP","payload":{"spinId":"94b80d54-7b62-4f77-92b5-979f08de1812","reel":"CENTER","pressedIndex":15,"stopIndex":6,"slip":12,"durationMs":680}}
[15:29:22] [Render thread/INFO] (PiriRuntimeAcceptance) PIRI_PHASE02_PACKET {"type":"PUBLIC_STATE","payload":{"sessionId":"c92d624d-975d-44e9-b8bf-d93111cd9e30","machineId":1,"expectedNextClientSequence":34,"gameState":"SEATED_READY","lifecycle":"ACTIVE","credit":0,"heldMedals":0,"bet":0,"pay":0,"bonusCount":0,"lampOn":false,"displayStops":{"left":12,"center":6,"right":8},"stoppedMask":7}}
[15:29:23] [Render thread/INFO] (PiriRuntimeAcceptance) PIRI_PHASE02_PACKET {"type":"PUBLIC_STATE","payload":{"sessionId":"c92d624d-975d-44e9-b8bf-d93111cd9e30","machineId":1,"expectedNextClientSequence":34,"gameState":"NORMAL_SPINNING","lifecycle":"ACTIVE","credit":0,"heldMedals":0,"bet":0,"pay":0,"bonusCount":0,"lampOn":false,"displayStops":{"left":12,"center":6,"right":8},"stoppedMask":0}}
[15:29:23] [Render thread/INFO] (PiriRuntimeAcceptance) PIRI_PHASE02_PACKET {"type":"SPIN_START","payload":{"sessionId":"c92d624d-975d-44e9-b8bf-d93111cd9e30","machineId":1,"spinId":"1e150c3d-f2af-4dc3-bd10-72d16b9c0f94","mode":"NORMAL","animation":"RESUME_NORMAL","startPhase":{"left":12.0,"center":6.0,"right":8.0},"stopEnableAfterMs":200}}
[15:29:23] [Render thread/INFO] (PiriRuntimeAcceptance) PIRI_PHASE02_PACKET {"type":"ACTION_ACCEPTED","payload":{"clientSequence":34,"action":"STOP_RIGHT"}}
[15:29:23] [Render thread/INFO] (PiriRuntimeAcceptance) PIRI_PHASE02_PACKET {"type":"REEL_STOP","payload":{"spinId":"1e150c3d-f2af-4dc3-bd10-72d16b9c0f94","reel":"RIGHT","pressedIndex":16,"stopIndex":16,"slip":0,"durationMs":80}}
[15:29:24] [Render thread/INFO] (PiriRuntimeAcceptance) PIRI_PHASE02_PACKET {"type":"ACTION_ACCEPTED","payload":{"clientSequence":35,"action":"STOP_CENTER"}}
[15:29:24] [Render thread/INFO] (PiriRuntimeAcceptance) PIRI_PHASE02_PACKET {"type":"REEL_STOP","payload":{"spinId":"1e150c3d-f2af-4dc3-bd10-72d16b9c0f94","reel":"CENTER","pressedIndex":11,"stopIndex":14,"slip":3,"durationMs":230}}
[15:29:25] [Render thread/INFO] (PiriRuntimeAcceptance) PIRI_PHASE02_PACKET {"type":"ACTION_ACCEPTED","payload":{"clientSequence":36,"action":"STOP_LEFT"}}
[15:29:25] [Render thread/INFO] (PiriRuntimeAcceptance) PIRI_PHASE02_PACKET {"type":"REEL_STOP","payload":{"spinId":"1e150c3d-f2af-4dc3-bd10-72d16b9c0f94","reel":"LEFT","pressedIndex":5,"stopIndex":12,"slip":7,"durationMs":430}}
[15:29:25] [Render thread/INFO] (PiriRuntimeAcceptance) PIRI_PHASE02_PACKET {"type":"PUBLIC_STATE","payload":{"sessionId":"c92d624d-975d-44e9-b8bf-d93111cd9e30","machineId":1,"expectedNextClientSequence":37,"gameState":"SEATED_READY","lifecycle":"ACTIVE","credit":0,"heldMedals":0,"bet":0,"pay":0,"bonusCount":0,"lampOn":false,"displayStops":{"left":12,"center":14,"right":16},"stoppedMask":7}}
[15:29:26] [Render thread/INFO] (PiriRuntimeAcceptance) PIRI_PHASE02_PACKET {"type":"PUBLIC_STATE","payload":{"sessionId":"c92d624d-975d-44e9-b8bf-d93111cd9e30","machineId":1,"expectedNextClientSequence":37,"gameState":"NORMAL_SPINNING","lifecycle":"ACTIVE","credit":0,"heldMedals":0,"bet":0,"pay":0,"bonusCount":0,"lampOn":false,"displayStops":{"left":12,"center":14,"right":16},"stoppedMask":0}}
[15:29:26] [Render thread/INFO] (PiriRuntimeAcceptance) PIRI_PHASE02_PACKET {"type":"SPIN_START","payload":{"sessionId":"c92d624d-975d-44e9-b8bf-d93111cd9e30","machineId":1,"spinId":"db4b1efd-cd52-4625-80ff-4a9a8b97b22e","mode":"NORMAL","animation":"NORMAL","startPhase":{"left":12.0,"center":14.0,"right":16.0},"stopEnableAfterMs":400}}
[15:29:26] [Render thread/INFO] (PiriRuntimeAcceptance) PIRI_PHASE02_PACKET {"type":"ACTION_ACCEPTED","payload":{"clientSequence":37,"action":"STOP_LEFT"}}
[15:29:26] [Render thread/INFO] (PiriRuntimeAcceptance) PIRI_PHASE02_PACKET {"type":"REEL_STOP","payload":{"spinId":"db4b1efd-cd52-4625-80ff-4a9a8b97b22e","reel":"LEFT","pressedIndex":19,"stopIndex":3,"slip":5,"durationMs":330}}
[15:29:27] [Render thread/INFO] (PiriRuntimeAcceptance) PIRI_PHASE02_PACKET {"type":"ACTION_ACCEPTED","payload":{"clientSequence":38,"action":"STOP_CENTER"}}
[15:29:27] [Render thread/INFO] (PiriRuntimeAcceptance) PIRI_PHASE02_PACKET {"type":"REEL_STOP","payload":{"spinId":"db4b1efd-cd52-4625-80ff-4a9a8b97b22e","reel":"CENTER","pressedIndex":9,"stopIndex":0,"slip":12,"durationMs":680}}
[15:29:27] [Render thread/INFO] (PiriRuntimeAcceptance) PIRI_PHASE02_PACKET {"type":"ACTION_ACCEPTED","payload":{"clientSequence":39,"action":"STOP_RIGHT"}}
[15:29:27] [Render thread/INFO] (PiriRuntimeAcceptance) PIRI_PHASE02_PACKET {"type":"REEL_STOP","payload":{"spinId":"db4b1efd-cd52-4625-80ff-4a9a8b97b22e","reel":"RIGHT","pressedIndex":20,"stopIndex":7,"slip":8,"durationMs":480}}
[15:29:27] [Render thread/INFO] (PiriRuntimeAcceptance) PIRI_PHASE02_PACKET {"type":"PUBLIC_STATE","payload":{"sessionId":"c92d624d-975d-44e9-b8bf-d93111cd9e30","machineId":1,"expectedNextClientSequence":40,"gameState":"SEATED_READY","lifecycle":"ACTIVE","credit":0,"heldMedals":0,"bet":0,"pay":0,"bonusCount":0,"lampOn":false,"displayStops":{"left":3,"center":0,"right":7},"stoppedMask":7}}
[15:29:29] [Render thread/INFO] (PiriRuntimeAcceptance) PIRI_PHASE02_PACKET {"type":"PUBLIC_STATE","payload":{"sessionId":"c92d624d-975d-44e9-b8bf-d93111cd9e30","machineId":1,"expectedNextClientSequence":40,"gameState":"NORMAL_SPINNING","lifecycle":"ACTIVE","credit":0,"heldMedals":0,"bet":0,"pay":0,"bonusCount":0,"lampOn":false,"displayStops":{"left":3,"center":0,"right":7},"stoppedMask":0}}
[15:29:29] [Render thread/INFO] (PiriRuntimeAcceptance) PIRI_PHASE02_PACKET {"type":"SPIN_START","payload":{"sessionId":"c92d624d-975d-44e9-b8bf-d93111cd9e30","machineId":1,"spinId":"4e33b4e7-88a7-4b66-914e-b6f7e6b11294","mode":"NORMAL","animation":"REVERSE_500MS","startPhase":{"left":3.0,"center":0.0,"right":7.0},"stopEnableAfterMs":800}}
[15:29:31] [Render thread/INFO] (PiriRuntimeAcceptance) PIRI_PHASE02_PACKET {"type":"ACTION_ACCEPTED","payload":{"clientSequence":40,"action":"STOP_LEFT"}}
[15:29:31] [Render thread/INFO] (PiriRuntimeAcceptance) PIRI_PHASE02_PACKET {"type":"REEL_STOP","payload":{"spinId":"4e33b4e7-88a7-4b66-914e-b6f7e6b11294","reel":"LEFT","pressedIndex":7,"stopIndex":3,"slip":17,"durationMs":930}}
[15:29:31] [Render thread/INFO] (PiriRuntimeAcceptance) PIRI_PHASE02_PACKET {"type":"ACTION_ACCEPTED","payload":{"clientSequence":41,"action":"STOP_RIGHT"}}
[15:29:31] [Render thread/INFO] (PiriRuntimeAcceptance) PIRI_PHASE02_PACKET {"type":"REEL_STOP","payload":{"spinId":"4e33b4e7-88a7-4b66-914e-b6f7e6b11294","reel":"RIGHT","pressedIndex":20,"stopIndex":0,"slip":1,"durationMs":130}}
[15:29:32] [Render thread/INFO] (PiriRuntimeAcceptance) PIRI_PHASE02_PACKET {"type":"ACTION_ACCEPTED","payload":{"clientSequence":42,"action":"STOP_CENTER"}}
[15:29:32] [Render thread/INFO] (PiriRuntimeAcceptance) PIRI_PHASE02_PACKET {"type":"REEL_STOP","payload":{"spinId":"4e33b4e7-88a7-4b66-914e-b6f7e6b11294","reel":"CENTER","pressedIndex":10,"stopIndex":1,"slip":12,"durationMs":680}}
[15:29:32] [Render thread/INFO] (PiriRuntimeAcceptance) PIRI_PHASE02_PACKET {"type":"PUBLIC_STATE","payload":{"sessionId":"c92d624d-975d-44e9-b8bf-d93111cd9e30","machineId":1,"expectedNextClientSequence":43,"gameState":"SEATED_READY","lifecycle":"ACTIVE","credit":0,"heldMedals":0,"bet":0,"pay":0,"bonusCount":0,"lampOn":false,"displayStops":{"left":3,"center":1,"right":0},"stoppedMask":7}}
[15:29:33] [Render thread/INFO] (PiriRuntimeAcceptance) PIRI_PHASE02_PACKET {"type":"PUBLIC_STATE","payload":{"sessionId":"c92d624d-975d-44e9-b8bf-d93111cd9e30","machineId":1,"expectedNextClientSequence":43,"gameState":"NORMAL_SPINNING","lifecycle":"ACTIVE","credit":0,"heldMedals":0,"bet":0,"pay":0,"bonusCount":0,"lampOn":false,"displayStops":{"left":3,"center":1,"right":0},"stoppedMask":0}}
[15:29:33] [Render thread/INFO] (PiriRuntimeAcceptance) PIRI_PHASE02_PACKET {"type":"SPIN_START","payload":{"sessionId":"c92d624d-975d-44e9-b8bf-d93111cd9e30","machineId":1,"spinId":"3b5cd29c-b557-4755-a9f0-ea0e599bb859","mode":"NORMAL","animation":"RESUME_NORMAL","startPhase":{"left":3.0,"center":1.0,"right":0.0},"stopEnableAfterMs":200}}
[15:29:34] [Render thread/INFO] (PiriRuntimeAcceptance) PIRI_PHASE02_PACKET {"type":"ACTION_ACCEPTED","payload":{"clientSequence":43,"action":"STOP_CENTER"}}
[15:29:34] [Render thread/INFO] (PiriRuntimeAcceptance) PIRI_PHASE02_PACKET {"type":"REEL_STOP","payload":{"spinId":"3b5cd29c-b557-4755-a9f0-ea0e599bb859","reel":"CENTER","pressedIndex":9,"stopIndex":0,"slip":12,"durationMs":680}}
[15:29:34] [Render thread/INFO] (PiriRuntimeAcceptance) PIRI_PHASE02_PACKET {"type":"ACTION_ACCEPTED","payload":{"clientSequence":44,"action":"STOP_LEFT"}}
[15:29:34] [Render thread/INFO] (PiriRuntimeAcceptance) PIRI_PHASE02_PACKET {"type":"REEL_STOP","payload":{"spinId":"3b5cd29c-b557-4755-a9f0-ea0e599bb859","reel":"LEFT","pressedIndex":20,"stopIndex":3,"slip":4,"durationMs":280}}
[15:29:35] [Render thread/INFO] (PiriRuntimeAcceptance) PIRI_PHASE02_PACKET {"type":"ACTION_ACCEPTED","payload":{"clientSequence":45,"action":"STOP_RIGHT"}}
[15:29:35] [Render thread/INFO] (PiriRuntimeAcceptance) PIRI_PHASE02_PACKET {"type":"REEL_STOP","payload":{"spinId":"3b5cd29c-b557-4755-a9f0-ea0e599bb859","reel":"RIGHT","pressedIndex":5,"stopIndex":7,"slip":2,"durationMs":180}}
[15:29:35] [Render thread/INFO] (PiriRuntimeAcceptance) PIRI_PHASE02_PACKET {"type":"PUBLIC_STATE","payload":{"sessionId":"c92d624d-975d-44e9-b8bf-d93111cd9e30","machineId":1,"expectedNextClientSequence":46,"gameState":"SEATED_READY","lifecycle":"ACTIVE","credit":0,"heldMedals":0,"bet":0,"pay":0,"bonusCount":0,"lampOn":false,"displayStops":{"left":3,"center":0,"right":7},"stoppedMask":7}}
[15:29:35] [Render thread/INFO] (PiriRuntimeAcceptance) PIRI_PHASE02_PACKET {"type":"PUBLIC_STATE","payload":{"sessionId":"c92d624d-975d-44e9-b8bf-d93111cd9e30","machineId":1,"expectedNextClientSequence":46,"gameState":"NORMAL_SPINNING","lifecycle":"ACTIVE","credit":0,"heldMedals":0,"bet":0,"pay":0,"bonusCount":0,"lampOn":false,"displayStops":{"left":3,"center":0,"right":7},"stoppedMask":0}}
[15:29:35] [Render thread/INFO] (PiriRuntimeAcceptance) PIRI_PHASE02_PACKET {"type":"SPIN_START","payload":{"sessionId":"c92d624d-975d-44e9-b8bf-d93111cd9e30","machineId":1,"spinId":"140e6a35-218d-43e2-9288-045c1d2e06fb","mode":"NORMAL","animation":"NORMAL","startPhase":{"left":3.0,"center":0.0,"right":7.0},"stopEnableAfterMs":400}}
[15:29:36] [Render thread/INFO] (PiriRuntimeAcceptance) PIRI_PHASE02_PACKET {"type":"ACTION_ACCEPTED","payload":{"clientSequence":46,"action":"STOP_CENTER"}}
[15:29:36] [Render thread/INFO] (PiriRuntimeAcceptance) PIRI_PHASE02_PACKET {"type":"REEL_STOP","payload":{"spinId":"140e6a35-218d-43e2-9288-045c1d2e06fb","reel":"CENTER","pressedIndex":7,"stopIndex":0,"slip":14,"durationMs":780}}
[15:29:37] [Render thread/INFO] (PiriRuntimeAcceptance) PIRI_PHASE02_PACKET {"type":"ACTION_ACCEPTED","payload":{"clientSequence":47,"action":"STOP_RIGHT"}}
[15:29:37] [Render thread/INFO] (PiriRuntimeAcceptance) PIRI_PHASE02_PACKET {"type":"REEL_STOP","payload":{"spinId":"140e6a35-218d-43e2-9288-045c1d2e06fb","reel":"RIGHT","pressedIndex":11,"stopIndex":11,"slip":0,"durationMs":80}}
[15:29:37] [Render thread/INFO] (PiriRuntimeAcceptance) PIRI_PHASE02_PACKET {"type":"ACTION_ACCEPTED","payload":{"clientSequence":48,"action":"STOP_LEFT"}}
[15:29:37] [Render thread/INFO] (PiriRuntimeAcceptance) PIRI_PHASE02_PACKET {"type":"REEL_STOP","payload":{"spinId":"140e6a35-218d-43e2-9288-045c1d2e06fb","reel":"LEFT","pressedIndex":16,"stopIndex":3,"slip":8,"durationMs":480}}
[15:29:37] [Render thread/INFO] (PiriRuntimeAcceptance) PIRI_PHASE02_PACKET {"type":"PUBLIC_STATE","payload":{"sessionId":"c92d624d-975d-44e9-b8bf-d93111cd9e30","machineId":1,"expectedNextClientSequence":49,"gameState":"SEATED_READY","lifecycle":"ACTIVE","credit":0,"heldMedals":0,"bet":0,"pay":0,"bonusCount":0,"lampOn":false,"displayStops":{"left":3,"center":0,"right":11},"stoppedMask":7}}
[15:29:38] [Render thread/INFO] (PiriRuntimeAcceptance) PIRI_PHASE02_PACKET {"type":"PUBLIC_STATE","payload":{"sessionId":"c92d624d-975d-44e9-b8bf-d93111cd9e30","machineId":1,"expectedNextClientSequence":49,"gameState":"NORMAL_SPINNING","lifecycle":"ACTIVE","credit":0,"heldMedals":0,"bet":0,"pay":0,"bonusCount":0,"lampOn":false,"displayStops":{"left":3,"center":0,"right":11},"stoppedMask":0}}
[15:29:38] [Render thread/INFO] (PiriRuntimeAcceptance) PIRI_PHASE02_PACKET {"type":"SPIN_START","payload":{"sessionId":"c92d624d-975d-44e9-b8bf-d93111cd9e30","machineId":1,"spinId":"a50728e1-59e7-4cdc-b7a9-0fc652d6893b","mode":"NORMAL","animation":"REVERSE_500MS","startPhase":{"left":3.0,"center":0.0,"right":11.0},"stopEnableAfterMs":800}}
[15:29:40] [Render thread/INFO] (PiriRuntimeAcceptance) PIRI_PHASE02_PACKET {"type":"ACTION_ACCEPTED","payload":{"clientSequence":49,"action":"STOP_RIGHT"}}
[15:29:40] [Render thread/INFO] (PiriRuntimeAcceptance) PIRI_PHASE02_PACKET {"type":"REEL_STOP","payload":{"spinId":"a50728e1-59e7-4cdc-b7a9-0fc652d6893b","reel":"RIGHT","pressedIndex":15,"stopIndex":15,"slip":0,"durationMs":80}}
[15:29:40] [Render thread/INFO] (PiriRuntimeAcceptance) PIRI_PHASE02_PACKET {"type":"ACTION_ACCEPTED","payload":{"clientSequence":50,"action":"STOP_LEFT"}}
[15:29:40] [Render thread/INFO] (PiriRuntimeAcceptance) PIRI_PHASE02_PACKET {"type":"REEL_STOP","payload":{"spinId":"a50728e1-59e7-4cdc-b7a9-0fc652d6893b","reel":"LEFT","pressedIndex":16,"stopIndex":3,"slip":8,"durationMs":480}}
[15:29:41] [Render thread/INFO] (PiriRuntimeAcceptance) PIRI_PHASE02_PACKET {"type":"ACTION_ACCEPTED","payload":{"clientSequence":51,"action":"STOP_CENTER"}}
[15:29:41] [Render thread/INFO] (PiriRuntimeAcceptance) PIRI_PHASE02_PACKET {"type":"REEL_STOP","payload":{"spinId":"a50728e1-59e7-4cdc-b7a9-0fc652d6893b","reel":"CENTER","pressedIndex":1,"stopIndex":0,"slip":20,"durationMs":1080}}
[15:29:41] [Render thread/INFO] (PiriRuntimeAcceptance) PIRI_PHASE02_PACKET {"type":"PUBLIC_STATE","payload":{"sessionId":"c92d624d-975d-44e9-b8bf-d93111cd9e30","machineId":1,"expectedNextClientSequence":52,"gameState":"SEATED_READY","lifecycle":"ACTIVE","credit":0,"heldMedals":0,"bet":0,"pay":0,"bonusCount":0,"lampOn":false,"displayStops":{"left":3,"center":0,"right":15},"stoppedMask":7}}
[15:29:42] [Render thread/INFO] (PiriRuntimeAcceptance) PIRI_PHASE02_PACKET {"type":"PUBLIC_STATE","payload":{"sessionId":"c92d624d-975d-44e9-b8bf-d93111cd9e30","machineId":1,"expectedNextClientSequence":52,"gameState":"NORMAL_SPINNING","lifecycle":"ACTIVE","credit":0,"heldMedals":0,"bet":0,"pay":0,"bonusCount":0,"lampOn":false,"displayStops":{"left":3,"center":0,"right":15},"stoppedMask":0}}
[15:29:42] [Render thread/INFO] (PiriRuntimeAcceptance) PIRI_PHASE02_PACKET {"type":"SPIN_START","payload":{"sessionId":"c92d624d-975d-44e9-b8bf-d93111cd9e30","machineId":1,"spinId":"4b88a2f9-ff4e-4d91-ad8d-cc0c08b1b0b2","mode":"NORMAL","animation":"RESUME_NORMAL","startPhase":{"left":3.0,"center":0.0,"right":15.0},"stopEnableAfterMs":200}}
[15:29:43] [Render thread/INFO] (PiriRuntimeAcceptance) PIRI_PHASE02_PACKET {"type":"ACTION_ACCEPTED","payload":{"clientSequence":52,"action":"STOP_RIGHT"}}
[15:29:43] [Render thread/INFO] (PiriRuntimeAcceptance) PIRI_PHASE02_PACKET {"type":"REEL_STOP","payload":{"spinId":"4b88a2f9-ff4e-4d91-ad8d-cc0c08b1b0b2","reel":"RIGHT","pressedIndex":3,"stopIndex":7,"slip":4,"durationMs":280}}
[15:29:43] [Render thread/INFO] (PiriRuntimeAcceptance) PIRI_PHASE02_PACKET {"type":"ACTION_ACCEPTED","payload":{"clientSequence":53,"action":"STOP_CENTER"}}
[15:29:43] [Render thread/INFO] (PiriRuntimeAcceptance) PIRI_PHASE02_PACKET {"type":"REEL_STOP","payload":{"spinId":"4b88a2f9-ff4e-4d91-ad8d-cc0c08b1b0b2","reel":"CENTER","pressedIndex":18,"stopIndex":0,"slip":3,"durationMs":230}}
[15:29:44] [Render thread/INFO] (PiriRuntimeAcceptance) PIRI_PHASE02_PACKET {"type":"ACTION_ACCEPTED","payload":{"clientSequence":54,"action":"STOP_LEFT"}}
[15:29:44] [Render thread/INFO] (PiriRuntimeAcceptance) PIRI_PHASE02_PACKET {"type":"REEL_STOP","payload":{"spinId":"4b88a2f9-ff4e-4d91-ad8d-cc0c08b1b0b2","reel":"LEFT","pressedIndex":9,"stopIndex":3,"slip":15,"durationMs":830}}
[15:29:44] [Render thread/INFO] (PiriRuntimeAcceptance) PIRI_PHASE02_PACKET {"type":"PUBLIC_STATE","payload":{"sessionId":"c92d624d-975d-44e9-b8bf-d93111cd9e30","machineId":1,"expectedNextClientSequence":55,"gameState":"SEATED_READY","lifecycle":"ACTIVE","credit":0,"heldMedals":0,"bet":0,"pay":0,"bonusCount":0,"lampOn":false,"displayStops":{"left":3,"center":0,"right":7},"stoppedMask":7}}
[15:29:45] [Render thread/INFO] (PiriRuntimeAcceptance) PIRI_PHASE02_PACKET {"type":"PUBLIC_STATE","payload":{"sessionId":"c92d624d-975d-44e9-b8bf-d93111cd9e30","machineId":1,"expectedNextClientSequence":55,"gameState":"NORMAL_SPINNING","lifecycle":"ACTIVE","credit":0,"heldMedals":0,"bet":0,"pay":0,"bonusCount":0,"lampOn":false,"displayStops":{"left":3,"center":0,"right":7},"stoppedMask":0}}
[15:29:45] [Render thread/INFO] (PiriRuntimeAcceptance) PIRI_PHASE02_PACKET {"type":"SPIN_START","payload":{"sessionId":"c92d624d-975d-44e9-b8bf-d93111cd9e30","machineId":1,"spinId":"b8a0ae26-1237-4bd4-8179-345aca9e2e59","mode":"NORMAL","animation":"NORMAL","startPhase":{"left":3.0,"center":0.0,"right":7.0},"stopEnableAfterMs":400}}
[15:29:46] [Render thread/INFO] (PiriRuntimeAcceptance) PIRI_PHASE02_PACKET {"type":"ACTION_ACCEPTED","payload":{"clientSequence":55,"action":"STOP_LEFT"}}
[15:29:46] [Render thread/INFO] (PiriRuntimeAcceptance) PIRI_PHASE02_PACKET {"type":"REEL_STOP","payload":{"spinId":"b8a0ae26-1237-4bd4-8179-345aca9e2e59","reel":"LEFT","pressedIndex":15,"stopIndex":15,"slip":0,"durationMs":80}}
[15:29:46] [Render thread/INFO] (PiriRuntimeAcceptance) PIRI_PHASE02_PACKET {"type":"ACTION_ACCEPTED","payload":{"clientSequence":56,"action":"STOP_CENTER"}}
[15:29:46] [Render thread/INFO] (PiriRuntimeAcceptance) PIRI_PHASE02_PACKET {"type":"REEL_STOP","payload":{"spinId":"b8a0ae26-1237-4bd4-8179-345aca9e2e59","reel":"CENTER","pressedIndex":0,"stopIndex":2,"slip":2,"durationMs":180}}
[15:29:47] [Render thread/INFO] (PiriRuntimeAcceptance) PIRI_PHASE02_PACKET {"type":"ACTION_ACCEPTED","payload":{"clientSequence":57,"action":"STOP_RIGHT"}}
[15:29:47] [Render thread/INFO] (PiriRuntimeAcceptance) PIRI_PHASE02_PACKET {"type":"REEL_STOP","payload":{"spinId":"b8a0ae26-1237-4bd4-8179-345aca9e2e59","reel":"RIGHT","pressedIndex":16,"stopIndex":18,"slip":2,"durationMs":180}}
[15:29:47] [Render thread/INFO] (PiriRuntimeAcceptance) PIRI_PHASE02_PACKET {"type":"PUBLIC_STATE","payload":{"sessionId":"c92d624d-975d-44e9-b8bf-d93111cd9e30","machineId":1,"expectedNextClientSequence":58,"gameState":"SEATED_READY","lifecycle":"ACTIVE","credit":0,"heldMedals":0,"bet":0,"pay":0,"bonusCount":0,"lampOn":false,"displayStops":{"left":15,"center":2,"right":18},"stoppedMask":7}}
[15:29:48] [Render thread/INFO] (PiriRuntimeAcceptance) PIRI_PHASE02_PACKET {"type":"PUBLIC_STATE","payload":{"sessionId":"c92d624d-975d-44e9-b8bf-d93111cd9e30","machineId":1,"expectedNextClientSequence":58,"gameState":"NORMAL_SPINNING","lifecycle":"ACTIVE","credit":0,"heldMedals":0,"bet":0,"pay":0,"bonusCount":0,"lampOn":false,"displayStops":{"left":15,"center":2,"right":18},"stoppedMask":0}}
[15:29:48] [Render thread/INFO] (PiriRuntimeAcceptance) PIRI_PHASE02_PACKET {"type":"SPIN_START","payload":{"sessionId":"c92d624d-975d-44e9-b8bf-d93111cd9e30","machineId":1,"spinId":"ebbe46ed-3376-46cf-92b5-0790e343270f","mode":"NORMAL","animation":"REVERSE_500MS","startPhase":{"left":15.0,"center":2.0,"right":18.0},"stopEnableAfterMs":800}}
[15:29:49] [Render thread/INFO] (PiriRuntimeAcceptance) PIRI_PHASE02_PACKET {"type":"ACTION_ACCEPTED","payload":{"clientSequence":58,"action":"STOP_LEFT"}}
[15:29:49] [Render thread/INFO] (PiriRuntimeAcceptance) PIRI_PHASE02_PACKET {"type":"REEL_STOP","payload":{"spinId":"ebbe46ed-3376-46cf-92b5-0790e343270f","reel":"LEFT","pressedIndex":19,"stopIndex":1,"slip":3,"durationMs":230}}
[15:29:50] [Render thread/INFO] (PiriRuntimeAcceptance) PIRI_PHASE02_PACKET {"type":"ACTION_ACCEPTED","payload":{"clientSequence":59,"action":"STOP_RIGHT"}}
[15:29:50] [Render thread/INFO] (PiriRuntimeAcceptance) PIRI_PHASE02_PACKET {"type":"REEL_STOP","payload":{"spinId":"ebbe46ed-3376-46cf-92b5-0790e343270f","reel":"RIGHT","pressedIndex":10,"stopIndex":10,"slip":0,"durationMs":80}}
[15:29:50] [Render thread/INFO] (PiriRuntimeAcceptance) PIRI_PHASE02_PACKET {"type":"ACTION_ACCEPTED","payload":{"clientSequence":60,"action":"STOP_CENTER"}}
[15:29:50] [Render thread/INFO] (PiriRuntimeAcceptance) PIRI_PHASE02_PACKET {"type":"REEL_STOP","payload":{"spinId":"ebbe46ed-3376-46cf-92b5-0790e343270f","reel":"CENTER","pressedIndex":3,"stopIndex":6,"slip":3,"durationMs":230}}
[15:29:50] [Render thread/INFO] (PiriRuntimeAcceptance) PIRI_PHASE02_PACKET {"type":"PUBLIC_STATE","payload":{"sessionId":"c92d624d-975d-44e9-b8bf-d93111cd9e30","machineId":1,"expectedNextClientSequence":61,"gameState":"SEATED_READY","lifecycle":"ACTIVE","credit":0,"heldMedals":0,"bet":0,"pay":0,"bonusCount":0,"lampOn":false,"displayStops":{"left":1,"center":6,"right":10},"stoppedMask":7}}
[15:29:51] [Render thread/INFO] (PiriRuntimeAcceptance) PIRI_PHASE02_PACKET {"type":"PUBLIC_STATE","payload":{"sessionId":"c92d624d-975d-44e9-b8bf-d93111cd9e30","machineId":1,"expectedNextClientSequence":61,"gameState":"NORMAL_SPINNING","lifecycle":"ACTIVE","credit":0,"heldMedals":0,"bet":0,"pay":0,"bonusCount":0,"lampOn":false,"displayStops":{"left":1,"center":6,"right":10},"stoppedMask":0}}
[15:29:51] [Render thread/INFO] (PiriRuntimeAcceptance) PIRI_PHASE02_PACKET {"type":"SPIN_START","payload":{"sessionId":"c92d624d-975d-44e9-b8bf-d93111cd9e30","machineId":1,"spinId":"48c83387-aab2-4165-8cc2-965fbb37556c","mode":"NORMAL","animation":"RESUME_NORMAL","startPhase":{"left":1.0,"center":6.0,"right":10.0},"stopEnableAfterMs":200}}
[15:29:51] [Render thread/INFO] (PiriRuntimeAcceptance) PIRI_PHASE02_PACKET {"type":"ACTION_ACCEPTED","payload":{"clientSequence":61,"action":"STOP_CENTER"}}
[15:29:51] [Render thread/INFO] (PiriRuntimeAcceptance) PIRI_PHASE02_PACKET {"type":"REEL_STOP","payload":{"spinId":"48c83387-aab2-4165-8cc2-965fbb37556c","reel":"CENTER","pressedIndex":14,"stopIndex":14,"slip":0,"durationMs":80}}
[15:29:52] [Render thread/INFO] (PiriRuntimeAcceptance) PIRI_PHASE02_PACKET {"type":"ACTION_ACCEPTED","payload":{"clientSequence":62,"action":"STOP_LEFT"}}
[15:29:52] [Render thread/INFO] (PiriRuntimeAcceptance) PIRI_PHASE02_PACKET {"type":"REEL_STOP","payload":{"spinId":"48c83387-aab2-4165-8cc2-965fbb37556c","reel":"LEFT","pressedIndex":18,"stopIndex":18,"slip":0,"durationMs":80}}
[15:29:52] [Render thread/INFO] (PiriRuntimeAcceptance) PIRI_PHASE02_PACKET {"type":"ACTION_ACCEPTED","payload":{"clientSequence":63,"action":"STOP_RIGHT"}}
[15:29:52] [Render thread/INFO] (PiriRuntimeAcceptance) PIRI_PHASE02_PACKET {"type":"REEL_STOP","payload":{"spinId":"48c83387-aab2-4165-8cc2-965fbb37556c","reel":"RIGHT","pressedIndex":15,"stopIndex":17,"slip":2,"durationMs":180}}
[15:29:52] [Render thread/INFO] (PiriRuntimeAcceptance) PIRI_PHASE02_PACKET {"type":"PUBLIC_STATE","payload":{"sessionId":"c92d624d-975d-44e9-b8bf-d93111cd9e30","machineId":1,"expectedNextClientSequence":64,"gameState":"SEATED_READY","lifecycle":"ACTIVE","credit":0,"heldMedals":0,"bet":0,"pay":0,"bonusCount":0,"lampOn":false,"displayStops":{"left":18,"center":14,"right":17},"stoppedMask":7}}
[15:29:53] [Render thread/INFO] (PiriRuntimeAcceptance) PIRI_PHASE02_PACKET {"type":"PUBLIC_STATE","payload":{"sessionId":"c92d624d-975d-44e9-b8bf-d93111cd9e30","machineId":1,"expectedNextClientSequence":64,"gameState":"NORMAL_SPINNING","lifecycle":"ACTIVE","credit":0,"heldMedals":0,"bet":0,"pay":0,"bonusCount":0,"lampOn":false,"displayStops":{"left":18,"center":14,"right":17},"stoppedMask":0}}
[15:29:53] [Render thread/INFO] (PiriRuntimeAcceptance) PIRI_PHASE02_PACKET {"type":"SPIN_START","payload":{"sessionId":"c92d624d-975d-44e9-b8bf-d93111cd9e30","machineId":1,"spinId":"97baef20-d6b7-44c8-991b-620afd61d2f5","mode":"NORMAL","animation":"NORMAL","startPhase":{"left":18.0,"center":14.0,"right":17.0},"stopEnableAfterMs":400}}
[15:29:54] [Render thread/INFO] (PiriRuntimeAcceptance) PIRI_PHASE02_PACKET {"type":"ACTION_ACCEPTED","payload":{"clientSequence":64,"action":"STOP_CENTER"}}
[15:29:54] [Render thread/INFO] (PiriRuntimeAcceptance) PIRI_PHASE02_PACKET {"type":"REEL_STOP","payload":{"spinId":"97baef20-d6b7-44c8-991b-620afd61d2f5","reel":"CENTER","pressedIndex":0,"stopIndex":1,"slip":1,"durationMs":130}}
[15:29:54] [Render thread/INFO] (PiriRuntimeAcceptance) PIRI_PHASE02_PACKET {"type":"ACTION_ACCEPTED","payload":{"clientSequence":65,"action":"STOP_RIGHT"}}
[15:29:54] [Render thread/INFO] (PiriRuntimeAcceptance) PIRI_PHASE02_PACKET {"type":"REEL_STOP","payload":{"spinId":"97baef20-d6b7-44c8-991b-620afd61d2f5","reel":"RIGHT","pressedIndex":12,"stopIndex":13,"slip":1,"durationMs":130}}
[15:29:55] [Render thread/INFO] (PiriRuntimeAcceptance) PIRI_PHASE02_PACKET {"type":"ACTION_ACCEPTED","payload":{"clientSequence":66,"action":"STOP_LEFT"}}
[15:29:55] [Render thread/INFO] (PiriRuntimeAcceptance) PIRI_PHASE02_PACKET {"type":"REEL_STOP","payload":{"spinId":"97baef20-d6b7-44c8-991b-620afd61d2f5","reel":"LEFT","pressedIndex":1,"stopIndex":5,"slip":4,"durationMs":280}}
[15:29:55] [Render thread/INFO] (PiriRuntimeAcceptance) PIRI_PHASE02_PACKET {"type":"PUBLIC_STATE","payload":{"sessionId":"c92d624d-975d-44e9-b8bf-d93111cd9e30","machineId":1,"expectedNextClientSequence":67,"gameState":"SEATED_READY","lifecycle":"ACTIVE","credit":0,"heldMedals":0,"bet":0,"pay":0,"bonusCount":0,"lampOn":false,"displayStops":{"left":5,"center":1,"right":13},"stoppedMask":7}}
[15:29:55] [Render thread/INFO] (PiriRuntimeAcceptance) PIRI_PHASE02_PACKET {"type":"PUBLIC_STATE","payload":{"sessionId":"c92d624d-975d-44e9-b8bf-d93111cd9e30","machineId":1,"expectedNextClientSequence":67,"gameState":"NORMAL_SPINNING","lifecycle":"ACTIVE","credit":0,"heldMedals":0,"bet":0,"pay":0,"bonusCount":0,"lampOn":false,"displayStops":{"left":5,"center":1,"right":13},"stoppedMask":0}}
[15:29:55] [Render thread/INFO] (PiriRuntimeAcceptance) PIRI_PHASE02_PACKET {"type":"SPIN_START","payload":{"sessionId":"c92d624d-975d-44e9-b8bf-d93111cd9e30","machineId":1,"spinId":"91076565-a45d-43f6-ad10-40f3cb56416f","mode":"NORMAL","animation":"REVERSE_500MS","startPhase":{"left":5.0,"center":1.0,"right":13.0},"stopEnableAfterMs":800}}
[15:29:57] [Render thread/INFO] (PiriRuntimeAcceptance) PIRI_PHASE02_PACKET {"type":"ACTION_ACCEPTED","payload":{"clientSequence":67,"action":"STOP_RIGHT"}}
[15:29:57] [Render thread/INFO] (PiriRuntimeAcceptance) PIRI_PHASE02_PACKET {"type":"REEL_STOP","payload":{"spinId":"91076565-a45d-43f6-ad10-40f3cb56416f","reel":"RIGHT","pressedIndex":17,"stopIndex":17,"slip":0,"durationMs":80}}
[15:29:57] [Render thread/INFO] (PiriRuntimeAcceptance) PIRI_PHASE02_PACKET {"type":"ACTION_ACCEPTED","payload":{"clientSequence":68,"action":"STOP_LEFT"}}
[15:29:57] [Render thread/INFO] (PiriRuntimeAcceptance) PIRI_PHASE02_PACKET {"type":"REEL_STOP","payload":{"spinId":"91076565-a45d-43f6-ad10-40f3cb56416f","reel":"LEFT","pressedIndex":18,"stopIndex":18,"slip":0,"durationMs":80}}
[15:29:58] [Render thread/INFO] (PiriRuntimeAcceptance) PIRI_PHASE02_PACKET {"type":"ACTION_ACCEPTED","payload":{"clientSequence":69,"action":"STOP_CENTER"}}
[15:29:58] [Render thread/INFO] (PiriRuntimeAcceptance) PIRI_PHASE02_PACKET {"type":"REEL_STOP","payload":{"spinId":"91076565-a45d-43f6-ad10-40f3cb56416f","reel":"CENTER","pressedIndex":2,"stopIndex":2,"slip":0,"durationMs":80}}
[15:29:58] [Render thread/INFO] (PiriRuntimeAcceptance) PIRI_PHASE02_PACKET {"type":"PUBLIC_STATE","payload":{"sessionId":"c92d624d-975d-44e9-b8bf-d93111cd9e30","machineId":1,"expectedNextClientSequence":70,"gameState":"SEATED_READY","lifecycle":"ACTIVE","credit":0,"heldMedals":0,"bet":0,"pay":0,"bonusCount":0,"lampOn":false,"displayStops":{"left":18,"center":2,"right":17},"stoppedMask":7}}
[15:29:58] [Render thread/INFO] (PiriRuntimeAcceptance) PIRI_PHASE02_PACKET {"type":"PUBLIC_STATE","payload":{"sessionId":"c92d624d-975d-44e9-b8bf-d93111cd9e30","machineId":1,"expectedNextClientSequence":70,"gameState":"NORMAL_SPINNING","lifecycle":"ACTIVE","credit":0,"heldMedals":0,"bet":0,"pay":0,"bonusCount":0,"lampOn":false,"displayStops":{"left":18,"center":2,"right":17},"stoppedMask":0}}
[15:29:58] [Render thread/INFO] (PiriRuntimeAcceptance) PIRI_PHASE02_PACKET {"type":"SPIN_START","payload":{"sessionId":"c92d624d-975d-44e9-b8bf-d93111cd9e30","machineId":1,"spinId":"efda0e8a-1a0f-4ee9-9824-d2ba037a2d21","mode":"NORMAL","animation":"RESUME_NORMAL","startPhase":{"left":18.0,"center":2.0,"right":17.0},"stopEnableAfterMs":200}}
[15:29:59] [Render thread/INFO] (PiriRuntimeAcceptance) PIRI_PHASE02_PACKET {"type":"ACTION_ACCEPTED","payload":{"clientSequence":70,"action":"STOP_RIGHT"}}
[15:29:59] [Render thread/INFO] (PiriRuntimeAcceptance) PIRI_PHASE02_PACKET {"type":"REEL_STOP","payload":{"spinId":"efda0e8a-1a0f-4ee9-9824-d2ba037a2d21","reel":"RIGHT","pressedIndex":5,"stopIndex":5,"slip":0,"durationMs":80}}
[15:29:59] [Render thread/INFO] (PiriRuntimeAcceptance) PIRI_PHASE02_PACKET {"type":"ACTION_ACCEPTED","payload":{"clientSequence":71,"action":"STOP_CENTER"}}
[15:29:59] [Render thread/INFO] (PiriRuntimeAcceptance) PIRI_PHASE02_PACKET {"type":"REEL_STOP","payload":{"spinId":"efda0e8a-1a0f-4ee9-9824-d2ba037a2d21","reel":"CENTER","pressedIndex":3,"stopIndex":5,"slip":2,"durationMs":180}}
[15:30:00] [Render thread/INFO] (PiriRuntimeAcceptance) PIRI_PHASE02_PACKET {"type":"ACTION_ACCEPTED","payload":{"clientSequence":72,"action":"STOP_LEFT"}}
[15:30:00] [Render thread/INFO] (PiriRuntimeAcceptance) PIRI_PHASE02_PACKET {"type":"REEL_STOP","payload":{"spinId":"efda0e8a-1a0f-4ee9-9824-d2ba037a2d21","reel":"LEFT","pressedIndex":11,"stopIndex":14,"slip":3,"durationMs":230}}
[15:30:00] [Render thread/INFO] (PiriRuntimeAcceptance) PIRI_PHASE02_PACKET {"type":"PUBLIC_STATE","payload":{"sessionId":"c92d624d-975d-44e9-b8bf-d93111cd9e30","machineId":1,"expectedNextClientSequence":73,"gameState":"SEATED_READY","lifecycle":"ACTIVE","credit":0,"heldMedals":0,"bet":0,"pay":0,"bonusCount":0,"lampOn":false,"displayStops":{"left":14,"center":5,"right":5},"stoppedMask":7}}
[15:30:01] [Render thread/INFO] (PiriRuntimeAcceptance) PIRI_PHASE02_PACKET {"type":"PUBLIC_STATE","payload":{"sessionId":"c92d624d-975d-44e9-b8bf-d93111cd9e30","machineId":1,"expectedNextClientSequence":73,"gameState":"NORMAL_SPINNING","lifecycle":"ACTIVE","credit":0,"heldMedals":0,"bet":0,"pay":0,"bonusCount":0,"lampOn":false,"displayStops":{"left":14,"center":5,"right":5},"stoppedMask":0}}
[15:30:01] [Render thread/INFO] (PiriRuntimeAcceptance) PIRI_PHASE02_PACKET {"type":"SPIN_START","payload":{"sessionId":"c92d624d-975d-44e9-b8bf-d93111cd9e30","machineId":1,"spinId":"373a4ad0-947a-4fce-af17-180bbd70a166","mode":"NORMAL","animation":"NORMAL","startPhase":{"left":14.0,"center":5.0,"right":5.0},"stopEnableAfterMs":400}}
[15:30:01] [Render thread/INFO] (PiriRuntimeAcceptance) PIRI_PHASE02_PACKET {"type":"ACTION_ACCEPTED","payload":{"clientSequence":73,"action":"STOP_LEFT"}}
[15:30:01] [Render thread/INFO] (PiriRuntimeAcceptance) PIRI_PHASE02_PACKET {"type":"REEL_STOP","payload":{"spinId":"373a4ad0-947a-4fce-af17-180bbd70a166","reel":"LEFT","pressedIndex":0,"stopIndex":0,"slip":0,"durationMs":80}}
[15:30:02] [Render thread/INFO] (PiriRuntimeAcceptance) PIRI_PHASE02_PACKET {"type":"ACTION_ACCEPTED","payload":{"clientSequence":74,"action":"STOP_CENTER"}}
[15:30:02] [Render thread/INFO] (PiriRuntimeAcceptance) PIRI_PHASE02_PACKET {"type":"REEL_STOP","payload":{"spinId":"373a4ad0-947a-4fce-af17-180bbd70a166","reel":"CENTER","pressedIndex":0,"stopIndex":0,"slip":0,"durationMs":80}}
[15:30:02] [Render thread/INFO] (PiriRuntimeAcceptance) PIRI_PHASE02_PACKET {"type":"ACTION_ACCEPTED","payload":{"clientSequence":75,"action":"STOP_RIGHT"}}
[15:30:02] [Render thread/INFO] (PiriRuntimeAcceptance) PIRI_PHASE02_PACKET {"type":"REEL_STOP","payload":{"spinId":"373a4ad0-947a-4fce-af17-180bbd70a166","reel":"RIGHT","pressedIndex":9,"stopIndex":9,"slip":0,"durationMs":80}}
[15:30:02] [Render thread/INFO] (PiriRuntimeAcceptance) PIRI_PHASE02_PACKET {"type":"PUBLIC_STATE","payload":{"sessionId":"c92d624d-975d-44e9-b8bf-d93111cd9e30","machineId":1,"expectedNextClientSequence":76,"gameState":"SEATED_READY","lifecycle":"ACTIVE","credit":0,"heldMedals":0,"bet":0,"pay":0,"bonusCount":0,"lampOn":false,"displayStops":{"left":0,"center":0,"right":9},"stoppedMask":7}}
[15:30:04] [Render thread/INFO] (PiriRuntimeAcceptance) PIRI_PHASE02_PACKET {"type":"PUBLIC_STATE","payload":{"sessionId":"c92d624d-975d-44e9-b8bf-d93111cd9e30","machineId":1,"expectedNextClientSequence":76,"gameState":"NORMAL_SPINNING","lifecycle":"ACTIVE","credit":0,"heldMedals":0,"bet":0,"pay":0,"bonusCount":0,"lampOn":false,"displayStops":{"left":0,"center":0,"right":9},"stoppedMask":0}}
[15:30:04] [Render thread/INFO] (PiriRuntimeAcceptance) PIRI_PHASE02_PACKET {"type":"SPIN_START","payload":{"sessionId":"c92d624d-975d-44e9-b8bf-d93111cd9e30","machineId":1,"spinId":"840a1612-f21e-446d-87d6-7d71b755f07d","mode":"NORMAL","animation":"REVERSE_500MS","startPhase":{"left":0.0,"center":0.0,"right":9.0},"stopEnableAfterMs":800}}
[15:30:05] [Render thread/INFO] (PiriRuntimeAcceptance) PIRI_PHASE02_PACKET {"type":"ACTION_ACCEPTED","payload":{"clientSequence":76,"action":"STOP_LEFT"}}
[15:30:05] [Render thread/INFO] (PiriRuntimeAcceptance) PIRI_PHASE02_PACKET {"type":"REEL_STOP","payload":{"spinId":"840a1612-f21e-446d-87d6-7d71b755f07d","reel":"LEFT","pressedIndex":4,"stopIndex":7,"slip":3,"durationMs":230}}
[15:30:06] [Render thread/INFO] (PiriRuntimeAcceptance) PIRI_PHASE02_PACKET {"type":"ACTION_ACCEPTED","payload":{"clientSequence":77,"action":"STOP_RIGHT"}}
[15:30:06] [Render thread/INFO] (PiriRuntimeAcceptance) PIRI_PHASE02_PACKET {"type":"REEL_STOP","payload":{"spinId":"840a1612-f21e-446d-87d6-7d71b755f07d","reel":"RIGHT","pressedIndex":1,"stopIndex":1,"slip":0,"durationMs":80}}
[15:30:06] [Render thread/INFO] (PiriRuntimeAcceptance) PIRI_PHASE02_PACKET {"type":"ACTION_ACCEPTED","payload":{"clientSequence":78,"action":"STOP_CENTER"}}
[15:30:06] [Render thread/INFO] (PiriRuntimeAcceptance) PIRI_PHASE02_PACKET {"type":"REEL_STOP","payload":{"spinId":"840a1612-f21e-446d-87d6-7d71b755f07d","reel":"CENTER","pressedIndex":1,"stopIndex":1,"slip":0,"durationMs":80}}
[15:30:06] [Render thread/INFO] (PiriRuntimeAcceptance) PIRI_PHASE02_PACKET {"type":"PUBLIC_STATE","payload":{"sessionId":"c92d624d-975d-44e9-b8bf-d93111cd9e30","machineId":1,"expectedNextClientSequence":79,"gameState":"SEATED_READY","lifecycle":"ACTIVE","credit":0,"heldMedals":0,"bet":0,"pay":0,"bonusCount":0,"lampOn":false,"displayStops":{"left":7,"center":1,"right":1},"stoppedMask":7}}
[15:30:07] [Render thread/INFO] (PiriRuntimeAcceptance) PIRI_PHASE02_PACKET {"type":"PUBLIC_STATE","payload":{"sessionId":"c92d624d-975d-44e9-b8bf-d93111cd9e30","machineId":1,"expectedNextClientSequence":79,"gameState":"NORMAL_SPINNING","lifecycle":"ACTIVE","credit":0,"heldMedals":0,"bet":0,"pay":0,"bonusCount":0,"lampOn":false,"displayStops":{"left":7,"center":1,"right":1},"stoppedMask":0}}
[15:30:07] [Render thread/INFO] (PiriRuntimeAcceptance) PIRI_PHASE02_PACKET {"type":"SPIN_START","payload":{"sessionId":"c92d624d-975d-44e9-b8bf-d93111cd9e30","machineId":1,"spinId":"2c01d07d-d6db-41c4-9443-b86e8eafa065","mode":"NORMAL","animation":"RESUME_NORMAL","startPhase":{"left":7.0,"center":1.0,"right":1.0},"stopEnableAfterMs":200}}
[15:30:07] [Render thread/INFO] (PiriRuntimeAcceptance) PIRI_PHASE02_PACKET {"type":"ACTION_ACCEPTED","payload":{"clientSequence":79,"action":"STOP_CENTER"}}
[15:30:07] [Render thread/INFO] (PiriRuntimeAcceptance) PIRI_PHASE02_PACKET {"type":"REEL_STOP","payload":{"spinId":"2c01d07d-d6db-41c4-9443-b86e8eafa065","reel":"CENTER","pressedIndex":14,"stopIndex":14,"slip":0,"durationMs":80}}
[15:30:08] [Render thread/INFO] (PiriRuntimeAcceptance) PIRI_PHASE02_PACKET {"type":"ACTION_ACCEPTED","payload":{"clientSequence":80,"action":"STOP_LEFT"}}
[15:30:08] [Render thread/INFO] (PiriRuntimeAcceptance) PIRI_PHASE02_PACKET {"type":"REEL_STOP","payload":{"spinId":"2c01d07d-d6db-41c4-9443-b86e8eafa065","reel":"LEFT","pressedIndex":8,"stopIndex":9,"slip":1,"durationMs":130}}
[15:30:08] [Render thread/INFO] (PiriRuntimeAcceptance) PIRI_PHASE02_PACKET {"type":"ACTION_ACCEPTED","payload":{"clientSequence":81,"action":"STOP_RIGHT"}}
[15:30:08] [Render thread/INFO] (PiriRuntimeAcceptance) PIRI_PHASE02_PACKET {"type":"REEL_STOP","payload":{"spinId":"2c01d07d-d6db-41c4-9443-b86e8eafa065","reel":"RIGHT","pressedIndex":11,"stopIndex":11,"slip":0,"durationMs":80}}
[15:30:08] [Render thread/INFO] (PiriRuntimeAcceptance) PIRI_PHASE02_PACKET {"type":"PUBLIC_STATE","payload":{"sessionId":"c92d624d-975d-44e9-b8bf-d93111cd9e30","machineId":1,"expectedNextClientSequence":82,"gameState":"SEATED_READY","lifecycle":"ACTIVE","credit":0,"heldMedals":0,"bet":0,"pay":0,"bonusCount":0,"lampOn":false,"displayStops":{"left":9,"center":14,"right":11},"stoppedMask":7}}
[15:30:09] [Render thread/INFO] (PiriRuntimeAcceptance) PIRI_PHASE02_PACKET {"type":"PUBLIC_STATE","payload":{"sessionId":"c92d624d-975d-44e9-b8bf-d93111cd9e30","machineId":1,"expectedNextClientSequence":82,"gameState":"NORMAL_SPINNING","lifecycle":"ACTIVE","credit":0,"heldMedals":0,"bet":0,"pay":0,"bonusCount":0,"lampOn":false,"displayStops":{"left":9,"center":14,"right":11},"stoppedMask":0}}
[15:30:09] [Render thread/INFO] (PiriRuntimeAcceptance) PIRI_PHASE02_PACKET {"type":"SPIN_START","payload":{"sessionId":"c92d624d-975d-44e9-b8bf-d93111cd9e30","machineId":1,"spinId":"57cfeb17-62f7-4319-9859-55bf22e7a046","mode":"NORMAL","animation":"NORMAL","startPhase":{"left":9.0,"center":14.0,"right":11.0},"stopEnableAfterMs":400}}
[15:30:10] [Render thread/INFO] (PiriRuntimeAcceptance) PIRI_PHASE02_PACKET {"type":"ACTION_ACCEPTED","payload":{"clientSequence":82,"action":"STOP_CENTER"}}
[15:30:10] [Render thread/INFO] (PiriRuntimeAcceptance) PIRI_PHASE02_PACKET {"type":"REEL_STOP","payload":{"spinId":"57cfeb17-62f7-4319-9859-55bf22e7a046","reel":"CENTER","pressedIndex":0,"stopIndex":0,"slip":0,"durationMs":80}}
[15:30:10] [Render thread/INFO] (PiriRuntimeAcceptance) PIRI_PHASE02_PACKET {"type":"ACTION_ACCEPTED","payload":{"clientSequence":83,"action":"STOP_RIGHT"}}
[15:30:10] [Render thread/INFO] (PiriRuntimeAcceptance) PIRI_PHASE02_PACKET {"type":"REEL_STOP","payload":{"spinId":"57cfeb17-62f7-4319-9859-55bf22e7a046","reel":"RIGHT","pressedIndex":6,"stopIndex":6,"slip":0,"durationMs":80}}
[15:30:11] [Render thread/INFO] (PiriRuntimeAcceptance) PIRI_PHASE02_PACKET {"type":"ACTION_ACCEPTED","payload":{"clientSequence":84,"action":"STOP_LEFT"}}
[15:30:11] [Render thread/INFO] (PiriRuntimeAcceptance) PIRI_PHASE02_PACKET {"type":"REEL_STOP","payload":{"spinId":"57cfeb17-62f7-4319-9859-55bf22e7a046","reel":"LEFT","pressedIndex":18,"stopIndex":19,"slip":1,"durationMs":130}}
[15:30:11] [Render thread/INFO] (PiriRuntimeAcceptance) PIRI_PHASE02_PACKET {"type":"PUBLIC_STATE","payload":{"sessionId":"c92d624d-975d-44e9-b8bf-d93111cd9e30","machineId":1,"expectedNextClientSequence":85,"gameState":"SEATED_READY","lifecycle":"ACTIVE","credit":0,"heldMedals":0,"bet":0,"pay":0,"bonusCount":0,"lampOn":false,"displayStops":{"left":19,"center":0,"right":6},"stoppedMask":7}}
[15:30:11] [Render thread/INFO] (PiriRuntimeAcceptance) PIRI_PHASE02_PACKET {"type":"PUBLIC_STATE","payload":{"sessionId":"c92d624d-975d-44e9-b8bf-d93111cd9e30","machineId":1,"expectedNextClientSequence":85,"gameState":"NORMAL_SPINNING","lifecycle":"ACTIVE","credit":0,"heldMedals":0,"bet":0,"pay":0,"bonusCount":0,"lampOn":false,"displayStops":{"left":19,"center":0,"right":6},"stoppedMask":0}}
[15:30:11] [Render thread/INFO] (PiriRuntimeAcceptance) PIRI_PHASE02_PACKET {"type":"SPIN_START","payload":{"sessionId":"c92d624d-975d-44e9-b8bf-d93111cd9e30","machineId":1,"spinId":"0bab1d10-793f-44fe-9c28-beef8113cca7","mode":"NORMAL","animation":"REVERSE_500MS","startPhase":{"left":19.0,"center":0.0,"right":6.0},"stopEnableAfterMs":800}}
[15:30:13] [Render thread/INFO] (PiriRuntimeAcceptance) PIRI_PHASE02_PACKET {"type":"ACTION_ACCEPTED","payload":{"clientSequence":85,"action":"STOP_RIGHT"}}
[15:30:13] [Render thread/INFO] (PiriRuntimeAcceptance) PIRI_PHASE02_PACKET {"type":"REEL_STOP","payload":{"spinId":"0bab1d10-793f-44fe-9c28-beef8113cca7","reel":"RIGHT","pressedIndex":10,"stopIndex":10,"slip":0,"durationMs":80}}
[15:30:13] [Render thread/INFO] (PiriRuntimeAcceptance) PIRI_PHASE02_PACKET {"type":"ACTION_ACCEPTED","payload":{"clientSequence":86,"action":"STOP_LEFT"}}
[15:30:13] [Render thread/INFO] (PiriRuntimeAcceptance) PIRI_PHASE02_PACKET {"type":"REEL_STOP","payload":{"spinId":"0bab1d10-793f-44fe-9c28-beef8113cca7","reel":"LEFT","pressedIndex":11,"stopIndex":19,"slip":8,"durationMs":480}}
[15:30:14] [Render thread/INFO] (PiriRuntimeAcceptance) PIRI_PHASE02_PACKET {"type":"ACTION_ACCEPTED","payload":{"clientSequence":87,"action":"STOP_CENTER"}}
[15:30:14] [Render thread/INFO] (PiriRuntimeAcceptance) PIRI_PHASE02_PACKET {"type":"REEL_STOP","payload":{"spinId":"0bab1d10-793f-44fe-9c28-beef8113cca7","reel":"CENTER","pressedIndex":1,"stopIndex":1,"slip":0,"durationMs":80}}
[15:30:14] [Render thread/INFO] (PiriRuntimeAcceptance) PIRI_PHASE02_PACKET {"type":"PUBLIC_STATE","payload":{"sessionId":"c92d624d-975d-44e9-b8bf-d93111cd9e30","machineId":1,"expectedNextClientSequence":88,"gameState":"SEATED_READY","lifecycle":"ACTIVE","credit":0,"heldMedals":0,"bet":0,"pay":0,"bonusCount":0,"lampOn":false,"displayStops":{"left":19,"center":1,"right":10},"stoppedMask":7}}
[15:30:15] [Render thread/INFO] (PiriRuntimeAcceptance) PIRI_PHASE02_PACKET {"type":"PUBLIC_STATE","payload":{"sessionId":"c92d624d-975d-44e9-b8bf-d93111cd9e30","machineId":1,"expectedNextClientSequence":88,"gameState":"NORMAL_SPINNING","lifecycle":"ACTIVE","credit":0,"heldMedals":0,"bet":0,"pay":0,"bonusCount":0,"lampOn":false,"displayStops":{"left":19,"center":1,"right":10},"stoppedMask":0}}
[15:30:15] [Render thread/INFO] (PiriRuntimeAcceptance) PIRI_PHASE02_PACKET {"type":"SPIN_START","payload":{"sessionId":"c92d624d-975d-44e9-b8bf-d93111cd9e30","machineId":1,"spinId":"8db9bec1-6929-4cee-9f13-846e5e6e02b1","mode":"NORMAL","animation":"RESUME_NORMAL","startPhase":{"left":19.0,"center":1.0,"right":10.0},"stopEnableAfterMs":200}}
[15:30:15] [Render thread/INFO] (PiriRuntimeAcceptance) PIRI_PHASE02_PACKET {"type":"ACTION_ACCEPTED","payload":{"clientSequence":88,"action":"STOP_RIGHT"}}
[15:30:15] [Render thread/INFO] (PiriRuntimeAcceptance) PIRI_PHASE02_PACKET {"type":"REEL_STOP","payload":{"spinId":"8db9bec1-6929-4cee-9f13-846e5e6e02b1","reel":"RIGHT","pressedIndex":18,"stopIndex":18,"slip":0,"durationMs":80}}
[15:30:16] [Render thread/INFO] (PiriRuntimeAcceptance) PIRI_PHASE02_PACKET {"type":"ACTION_ACCEPTED","payload":{"clientSequence":89,"action":"STOP_CENTER"}}
[15:30:16] [Render thread/INFO] (PiriRuntimeAcceptance) PIRI_PHASE02_PACKET {"type":"REEL_STOP","payload":{"spinId":"8db9bec1-6929-4cee-9f13-846e5e6e02b1","reel":"CENTER","pressedIndex":18,"stopIndex":18,"slip":0,"durationMs":80}}
[15:30:16] [Render thread/INFO] (PiriRuntimeAcceptance) PIRI_PHASE02_PACKET {"type":"ACTION_ACCEPTED","payload":{"clientSequence":90,"action":"STOP_LEFT"}}
[15:30:16] [Render thread/INFO] (PiriRuntimeAcceptance) PIRI_PHASE02_PACKET {"type":"REEL_STOP","payload":{"spinId":"8db9bec1-6929-4cee-9f13-846e5e6e02b1","reel":"LEFT","pressedIndex":3,"stopIndex":7,"slip":4,"durationMs":280}}
[15:30:16] [Render thread/INFO] (PiriRuntimeAcceptance) PIRI_PHASE02_PACKET {"type":"PUBLIC_STATE","payload":{"sessionId":"c92d624d-975d-44e9-b8bf-d93111cd9e30","machineId":1,"expectedNextClientSequence":91,"gameState":"SEATED_READY","lifecycle":"ACTIVE","credit":0,"heldMedals":0,"bet":0,"pay":0,"bonusCount":0,"lampOn":false,"displayStops":{"left":7,"center":18,"right":18},"stoppedMask":7}}
[15:30:17] [Render thread/INFO] (PiriRuntimeAcceptance) PIRI_PHASE02_PACKET {"type":"PUBLIC_STATE","payload":{"sessionId":"c92d624d-975d-44e9-b8bf-d93111cd9e30","machineId":1,"expectedNextClientSequence":91,"gameState":"NORMAL_SPINNING","lifecycle":"ACTIVE","credit":0,"heldMedals":0,"bet":0,"pay":0,"bonusCount":0,"lampOn":false,"displayStops":{"left":7,"center":18,"right":18},"stoppedMask":0}}
[15:30:17] [Render thread/INFO] (PiriRuntimeAcceptance) PIRI_PHASE02_PACKET {"type":"SPIN_START","payload":{"sessionId":"c92d624d-975d-44e9-b8bf-d93111cd9e30","machineId":1,"spinId":"857e8c3a-ed97-4308-b2ba-d09d6848a093","mode":"NORMAL","animation":"NORMAL","startPhase":{"left":7.0,"center":18.0,"right":18.0},"stopEnableAfterMs":400}}
[15:30:18] [Render thread/INFO] (PiriRuntimeAcceptance) PIRI_PHASE02_PACKET {"type":"ACTION_ACCEPTED","payload":{"clientSequence":91,"action":"STOP_LEFT"}}
[15:30:18] [Render thread/INFO] (PiriRuntimeAcceptance) PIRI_PHASE02_PACKET {"type":"REEL_STOP","payload":{"spinId":"857e8c3a-ed97-4308-b2ba-d09d6848a093","reel":"LEFT","pressedIndex":18,"stopIndex":18,"slip":0,"durationMs":80}}
[15:30:19] [Render thread/INFO] (PiriRuntimeAcceptance) PIRI_PHASE02_PACKET {"type":"ACTION_ACCEPTED","payload":{"clientSequence":92,"action":"STOP_CENTER"}}
[15:30:19] [Render thread/INFO] (PiriRuntimeAcceptance) PIRI_PHASE02_PACKET {"type":"REEL_STOP","payload":{"spinId":"857e8c3a-ed97-4308-b2ba-d09d6848a093","reel":"CENTER","pressedIndex":17,"stopIndex":17,"slip":0,"durationMs":80}}
[15:30:19] [Render thread/INFO] (PiriRuntimeAcceptance) PIRI_PHASE02_PACKET {"type":"ACTION_ACCEPTED","payload":{"clientSequence":93,"action":"STOP_RIGHT"}}
[15:30:19] [Render thread/INFO] (PiriRuntimeAcceptance) PIRI_PHASE02_PACKET {"type":"REEL_STOP","payload":{"spinId":"857e8c3a-ed97-4308-b2ba-d09d6848a093","reel":"RIGHT","pressedIndex":5,"stopIndex":5,"slip":0,"durationMs":80}}
[15:30:19] [Render thread/INFO] (PiriRuntimeAcceptance) PIRI_PHASE02_PACKET {"type":"PUBLIC_STATE","payload":{"sessionId":"c92d624d-975d-44e9-b8bf-d93111cd9e30","machineId":1,"expectedNextClientSequence":94,"gameState":"SEATED_READY","lifecycle":"ACTIVE","credit":0,"heldMedals":0,"bet":0,"pay":0,"bonusCount":0,"lampOn":false,"displayStops":{"left":18,"center":17,"right":5},"stoppedMask":7}}
[15:30:21] [Render thread/INFO] (PiriRuntimeAcceptance) PIRI_PHASE02_PACKET {"type":"PUBLIC_STATE","payload":{"sessionId":"c92d624d-975d-44e9-b8bf-d93111cd9e30","machineId":1,"expectedNextClientSequence":94,"gameState":"NORMAL_SPINNING","lifecycle":"ACTIVE","credit":0,"heldMedals":0,"bet":0,"pay":0,"bonusCount":0,"lampOn":false,"displayStops":{"left":18,"center":17,"right":5},"stoppedMask":0}}
[15:30:21] [Render thread/INFO] (PiriRuntimeAcceptance) PIRI_PHASE02_PACKET {"type":"SPIN_START","payload":{"sessionId":"c92d624d-975d-44e9-b8bf-d93111cd9e30","machineId":1,"spinId":"657a5cf1-3448-491c-b2c6-20babfefcce5","mode":"NORMAL","animation":"REVERSE_500MS","startPhase":{"left":18.0,"center":17.0,"right":5.0},"stopEnableAfterMs":800}}
[15:30:22] [Render thread/INFO] (PiriRuntimeAcceptance) PIRI_PHASE02_PACKET {"type":"ACTION_ACCEPTED","payload":{"clientSequence":94,"action":"STOP_LEFT"}}
[15:30:22] [Render thread/INFO] (PiriRuntimeAcceptance) PIRI_PHASE02_PACKET {"type":"REEL_STOP","payload":{"spinId":"657a5cf1-3448-491c-b2c6-20babfefcce5","reel":"LEFT","pressedIndex":6,"stopIndex":6,"slip":0,"durationMs":80}}
[15:30:23] [Render thread/INFO] (PiriRuntimeAcceptance) PIRI_PHASE02_PACKET {"type":"ACTION_ACCEPTED","payload":{"clientSequence":95,"action":"STOP_RIGHT"}}
[15:30:23] [Render thread/INFO] (PiriRuntimeAcceptance) PIRI_PHASE02_PACKET {"type":"REEL_STOP","payload":{"spinId":"657a5cf1-3448-491c-b2c6-20babfefcce5","reel":"RIGHT","pressedIndex":2,"stopIndex":2,"slip":0,"durationMs":80}}
[15:30:23] [Render thread/INFO] (PiriRuntimeAcceptance) PIRI_PHASE02_PACKET {"type":"ACTION_ACCEPTED","payload":{"clientSequence":96,"action":"STOP_CENTER"}}
[15:30:23] [Render thread/INFO] (PiriRuntimeAcceptance) PIRI_PHASE02_PACKET {"type":"REEL_STOP","payload":{"spinId":"657a5cf1-3448-491c-b2c6-20babfefcce5","reel":"CENTER","pressedIndex":2,"stopIndex":2,"slip":0,"durationMs":80}}
[15:30:23] [Render thread/INFO] (PiriRuntimeAcceptance) PIRI_PHASE02_PACKET {"type":"PUBLIC_STATE","payload":{"sessionId":"c92d624d-975d-44e9-b8bf-d93111cd9e30","machineId":1,"expectedNextClientSequence":97,"gameState":"SEATED_READY","lifecycle":"ACTIVE","credit":0,"heldMedals":0,"bet":0,"pay":0,"bonusCount":0,"lampOn":false,"displayStops":{"left":6,"center":2,"right":2},"stoppedMask":7}}
[15:30:24] [Render thread/INFO] (PiriRuntimeAcceptance) PIRI_PHASE02_PACKET {"type":"PUBLIC_STATE","payload":{"sessionId":"c92d624d-975d-44e9-b8bf-d93111cd9e30","machineId":1,"expectedNextClientSequence":97,"gameState":"NORMAL_SPINNING","lifecycle":"ACTIVE","credit":0,"heldMedals":0,"bet":0,"pay":0,"bonusCount":0,"lampOn":false,"displayStops":{"left":6,"center":2,"right":2},"stoppedMask":0}}
[15:30:24] [Render thread/INFO] (PiriRuntimeAcceptance) PIRI_PHASE02_PACKET {"type":"SPIN_START","payload":{"sessionId":"c92d624d-975d-44e9-b8bf-d93111cd9e30","machineId":1,"spinId":"ca578406-9441-4189-b7d7-4198725ee038","mode":"NORMAL","animation":"RESUME_NORMAL","startPhase":{"left":6.0,"center":2.0,"right":2.0},"stopEnableAfterMs":200}}
[15:30:24] [Render thread/INFO] (PiriRuntimeAcceptance) PIRI_PHASE02_PACKET {"type":"ACTION_ACCEPTED","payload":{"clientSequence":97,"action":"STOP_CENTER"}}
[15:30:24] [Render thread/INFO] (PiriRuntimeAcceptance) PIRI_PHASE02_PACKET {"type":"REEL_STOP","payload":{"spinId":"ca578406-9441-4189-b7d7-4198725ee038","reel":"CENTER","pressedIndex":11,"stopIndex":11,"slip":0,"durationMs":80}}
[15:30:25] [Render thread/INFO] (PiriRuntimeAcceptance) PIRI_PHASE02_PACKET {"type":"ACTION_ACCEPTED","payload":{"clientSequence":98,"action":"STOP_LEFT"}}
[15:30:25] [Render thread/INFO] (PiriRuntimeAcceptance) PIRI_PHASE02_PACKET {"type":"REEL_STOP","payload":{"spinId":"ca578406-9441-4189-b7d7-4198725ee038","reel":"LEFT","pressedIndex":7,"stopIndex":10,"slip":3,"durationMs":230}}
[15:30:25] [Render thread/INFO] (PiriRuntimeAcceptance) PIRI_PHASE02_PACKET {"type":"ACTION_ACCEPTED","payload":{"clientSequence":99,"action":"STOP_RIGHT"}}
[15:30:25] [Render thread/INFO] (PiriRuntimeAcceptance) PIRI_PHASE02_PACKET {"type":"REEL_STOP","payload":{"spinId":"ca578406-9441-4189-b7d7-4198725ee038","reel":"RIGHT","pressedIndex":12,"stopIndex":12,"slip":0,"durationMs":80}}
[15:30:25] [Render thread/INFO] (PiriRuntimeAcceptance) PIRI_PHASE02_PACKET {"type":"PUBLIC_STATE","payload":{"sessionId":"c92d624d-975d-44e9-b8bf-d93111cd9e30","machineId":1,"expectedNextClientSequence":100,"gameState":"SEATED_READY","lifecycle":"ACTIVE","credit":0,"heldMedals":0,"bet":0,"pay":0,"bonusCount":0,"lampOn":false,"displayStops":{"left":10,"center":11,"right":12},"stoppedMask":7}}
[15:30:26] [Render thread/INFO] (PiriRuntimeAcceptance) PIRI_PHASE02_PACKET {"type":"PUBLIC_STATE","payload":{"sessionId":"c92d624d-975d-44e9-b8bf-d93111cd9e30","machineId":1,"expectedNextClientSequence":100,"gameState":"NORMAL_SPINNING","lifecycle":"ACTIVE","credit":0,"heldMedals":0,"bet":0,"pay":0,"bonusCount":0,"lampOn":false,"displayStops":{"left":10,"center":11,"right":12},"stoppedMask":0}}
[15:30:26] [Render thread/INFO] (PiriRuntimeAcceptance) PIRI_PHASE02_PACKET {"type":"SPIN_START","payload":{"sessionId":"c92d624d-975d-44e9-b8bf-d93111cd9e30","machineId":1,"spinId":"05dc46a6-d5cb-40ea-a7ae-9671e2217f53","mode":"NORMAL","animation":"NORMAL","startPhase":{"left":10.0,"center":11.0,"right":12.0},"stopEnableAfterMs":400}}
[15:30:27] [Render thread/INFO] (PiriRuntimeAcceptance) PIRI_PHASE02_PACKET {"type":"ACTION_ACCEPTED","payload":{"clientSequence":100,"action":"STOP_CENTER"}}
[15:30:27] [Render thread/INFO] (PiriRuntimeAcceptance) PIRI_PHASE02_PACKET {"type":"REEL_STOP","payload":{"spinId":"05dc46a6-d5cb-40ea-a7ae-9671e2217f53","reel":"CENTER","pressedIndex":18,"stopIndex":18,"slip":0,"durationMs":80}}
[15:30:27] [Render thread/INFO] (PiriRuntimeAcceptance) PIRI_PHASE02_PACKET {"type":"ACTION_ACCEPTED","payload":{"clientSequence":101,"action":"STOP_RIGHT"}}
[15:30:27] [Render thread/INFO] (PiriRuntimeAcceptance) PIRI_PHASE02_PACKET {"type":"REEL_STOP","payload":{"spinId":"05dc46a6-d5cb-40ea-a7ae-9671e2217f53","reel":"RIGHT","pressedIndex":7,"stopIndex":7,"slip":0,"durationMs":80}}
[15:30:28] [Render thread/INFO] (PiriRuntimeAcceptance) PIRI_PHASE02_PACKET {"type":"ACTION_ACCEPTED","payload":{"clientSequence":102,"action":"STOP_LEFT"}}
[15:30:28] [Render thread/INFO] (PiriRuntimeAcceptance) PIRI_PHASE02_PACKET {"type":"REEL_STOP","payload":{"spinId":"05dc46a6-d5cb-40ea-a7ae-9671e2217f53","reel":"LEFT","pressedIndex":14,"stopIndex":15,"slip":1,"durationMs":130}}
[15:30:28] [Render thread/INFO] (PiriRuntimeAcceptance) PIRI_PHASE02_PACKET {"type":"PUBLIC_STATE","payload":{"sessionId":"c92d624d-975d-44e9-b8bf-d93111cd9e30","machineId":1,"expectedNextClientSequence":103,"gameState":"SEATED_READY","lifecycle":"ACTIVE","credit":0,"heldMedals":0,"bet":0,"pay":0,"bonusCount":0,"lampOn":false,"displayStops":{"left":15,"center":18,"right":7},"stoppedMask":7}}
[15:30:28] [Render thread/INFO] (PiriRuntimeAcceptance) PIRI_PHASE02_PACKET {"type":"PUBLIC_STATE","payload":{"sessionId":"c92d624d-975d-44e9-b8bf-d93111cd9e30","machineId":1,"expectedNextClientSequence":103,"gameState":"NORMAL_SPINNING","lifecycle":"ACTIVE","credit":0,"heldMedals":0,"bet":0,"pay":0,"bonusCount":0,"lampOn":false,"displayStops":{"left":15,"center":18,"right":7},"stoppedMask":0}}
[15:30:28] [Render thread/INFO] (PiriRuntimeAcceptance) PIRI_PHASE02_PACKET {"type":"SPIN_START","payload":{"sessionId":"c92d624d-975d-44e9-b8bf-d93111cd9e30","machineId":1,"spinId":"17fce941-5a4f-438a-800b-8407012c5d26","mode":"NORMAL","animation":"REVERSE_500MS","startPhase":{"left":15.0,"center":18.0,"right":7.0},"stopEnableAfterMs":800}}
[15:30:30] [Render thread/INFO] (PiriRuntimeAcceptance) PIRI_PHASE02_PACKET {"type":"ACTION_ACCEPTED","payload":{"clientSequence":103,"action":"STOP_RIGHT"}}
[15:30:30] [Render thread/INFO] (PiriRuntimeAcceptance) PIRI_PHASE02_PACKET {"type":"REEL_STOP","payload":{"spinId":"17fce941-5a4f-438a-800b-8407012c5d26","reel":"RIGHT","pressedIndex":11,"stopIndex":11,"slip":0,"durationMs":80}}
[15:30:30] [Render thread/INFO] (PiriRuntimeAcceptance) PIRI_PHASE02_PACKET {"type":"ACTION_ACCEPTED","payload":{"clientSequence":104,"action":"STOP_LEFT"}}
[15:30:30] [Render thread/INFO] (PiriRuntimeAcceptance) PIRI_PHASE02_PACKET {"type":"REEL_STOP","payload":{"spinId":"17fce941-5a4f-438a-800b-8407012c5d26","reel":"LEFT","pressedIndex":7,"stopIndex":10,"slip":3,"durationMs":230}}
[15:30:31] [Render thread/INFO] (PiriRuntimeAcceptance) PIRI_PHASE02_PACKET {"type":"ACTION_ACCEPTED","payload":{"clientSequence":105,"action":"STOP_CENTER"}}
[15:30:31] [Render thread/INFO] (PiriRuntimeAcceptance) PIRI_PHASE02_PACKET {"type":"REEL_STOP","payload":{"spinId":"17fce941-5a4f-438a-800b-8407012c5d26","reel":"CENTER","pressedIndex":19,"stopIndex":19,"slip":0,"durationMs":80}}
[15:30:31] [Render thread/INFO] (PiriRuntimeAcceptance) PIRI_PHASE02_PACKET {"type":"PUBLIC_STATE","payload":{"sessionId":"c92d624d-975d-44e9-b8bf-d93111cd9e30","machineId":1,"expectedNextClientSequence":106,"gameState":"SEATED_READY","lifecycle":"ACTIVE","credit":0,"heldMedals":0,"bet":0,"pay":0,"bonusCount":0,"lampOn":false,"displayStops":{"left":10,"center":19,"right":11},"stoppedMask":7}}
[15:30:32] [Render thread/INFO] (PiriRuntimeAcceptance) PIRI_PHASE02_PACKET {"type":"PUBLIC_STATE","payload":{"sessionId":"c92d624d-975d-44e9-b8bf-d93111cd9e30","machineId":1,"expectedNextClientSequence":106,"gameState":"NORMAL_SPINNING","lifecycle":"ACTIVE","credit":0,"heldMedals":0,"bet":0,"pay":0,"bonusCount":0,"lampOn":false,"displayStops":{"left":10,"center":19,"right":11},"stoppedMask":0}}
[15:30:32] [Render thread/INFO] (PiriRuntimeAcceptance) PIRI_PHASE02_PACKET {"type":"SPIN_START","payload":{"sessionId":"c92d624d-975d-44e9-b8bf-d93111cd9e30","machineId":1,"spinId":"d17441a2-fd0c-4b0e-b107-9eb09941fd56","mode":"NORMAL","animation":"RESUME_NORMAL","startPhase":{"left":10.0,"center":19.0,"right":11.0},"stopEnableAfterMs":200}}
[15:30:32] [Render thread/INFO] (PiriRuntimeAcceptance) PIRI_PHASE02_PACKET {"type":"ACTION_ACCEPTED","payload":{"clientSequence":106,"action":"STOP_RIGHT"}}
[15:30:32] [Render thread/INFO] (PiriRuntimeAcceptance) PIRI_PHASE02_PACKET {"type":"REEL_STOP","payload":{"spinId":"d17441a2-fd0c-4b0e-b107-9eb09941fd56","reel":"RIGHT","pressedIndex":20,"stopIndex":20,"slip":0,"durationMs":80}}
[15:30:33] [Render thread/INFO] (PiriRuntimeAcceptance) PIRI_PHASE02_PACKET {"type":"ACTION_ACCEPTED","payload":{"clientSequence":107,"action":"STOP_CENTER"}}
[15:30:33] [Render thread/INFO] (PiriRuntimeAcceptance) PIRI_PHASE02_PACKET {"type":"REEL_STOP","payload":{"spinId":"d17441a2-fd0c-4b0e-b107-9eb09941fd56","reel":"CENTER","pressedIndex":16,"stopIndex":16,"slip":0,"durationMs":80}}
[15:30:33] [Render thread/INFO] (PiriRuntimeAcceptance) PIRI_PHASE02_PACKET {"type":"ACTION_ACCEPTED","payload":{"clientSequence":108,"action":"STOP_LEFT"}}
[15:30:33] [Render thread/INFO] (PiriRuntimeAcceptance) PIRI_PHASE02_PACKET {"type":"REEL_STOP","payload":{"spinId":"d17441a2-fd0c-4b0e-b107-9eb09941fd56","reel":"LEFT","pressedIndex":16,"stopIndex":16,"slip":0,"durationMs":80}}
[15:30:33] [Render thread/INFO] (PiriRuntimeAcceptance) PIRI_PHASE02_PACKET {"type":"PUBLIC_STATE","payload":{"sessionId":"c92d624d-975d-44e9-b8bf-d93111cd9e30","machineId":1,"expectedNextClientSequence":109,"gameState":"SEATED_READY","lifecycle":"ACTIVE","credit":0,"heldMedals":0,"bet":0,"pay":0,"bonusCount":0,"lampOn":false,"displayStops":{"left":16,"center":16,"right":20},"stoppedMask":7}}
[15:30:34] [Render thread/INFO] (PiriRuntimeAcceptance) PIRI_PHASE02_PACKET {"type":"PUBLIC_STATE","payload":{"sessionId":"c92d624d-975d-44e9-b8bf-d93111cd9e30","machineId":1,"expectedNextClientSequence":109,"gameState":"BONUS_ENTRY_SPINNING_BIG","lifecycle":"ACTIVE","credit":0,"heldMedals":0,"bet":0,"pay":0,"bonusCount":0,"lampOn":true,"displayStops":{"left":16,"center":16,"right":20},"stoppedMask":0}}
[15:30:34] [Render thread/INFO] (PiriRuntimeAcceptance) PIRI_PHASE02_PACKET {"type":"SPIN_START","payload":{"sessionId":"c92d624d-975d-44e9-b8bf-d93111cd9e30","machineId":1,"spinId":"0b700e96-6c78-4f77-9978-ab5deefcdb92","mode":"BONUS_ENTRY","animation":"NORMAL","startPhase":{"left":16.0,"center":16.0,"right":20.0},"stopEnableAfterMs":400}}
[15:30:35] [Render thread/INFO] (PiriRuntimeAcceptance) PIRI_PHASE02_PACKET {"type":"ACTION_ACCEPTED","payload":{"clientSequence":109,"action":"STOP_LEFT"}}
[15:30:35] [Render thread/INFO] (PiriRuntimeAcceptance) PIRI_PHASE02_PACKET {"type":"REEL_STOP","payload":{"spinId":"0b700e96-6c78-4f77-9978-ab5deefcdb92","reel":"LEFT","pressedIndex":6,"stopIndex":13,"slip":7,"durationMs":430}}
[15:30:35] [Render thread/INFO] (PiriRuntimeAcceptance) PIRI_PHASE02_PACKET {"type":"ACTION_ACCEPTED","payload":{"clientSequence":110,"action":"STOP_CENTER"}}
[15:30:35] [Render thread/INFO] (PiriRuntimeAcceptance) PIRI_PHASE02_PACKET {"type":"REEL_STOP","payload":{"spinId":"0b700e96-6c78-4f77-9978-ab5deefcdb92","reel":"CENTER","pressedIndex":15,"stopIndex":2,"slip":8,"durationMs":480}}
[15:30:35] [Render thread/INFO] (PiriRuntimeAcceptance) PIRI_PHASE02_PACKET {"type":"TENPAI_SOUND","payload":{"spinId":"0b700e96-6c78-4f77-9978-ab5deefcdb92"}}
[15:30:36] [Render thread/INFO] (PiriRuntimeAcceptance) PIRI_PHASE02_PACKET {"type":"ACTION_ACCEPTED","payload":{"clientSequence":111,"action":"STOP_RIGHT"}}
[15:30:36] [Render thread/INFO] (PiriRuntimeAcceptance) PIRI_PHASE02_PACKET {"type":"REEL_STOP","payload":{"spinId":"0b700e96-6c78-4f77-9978-ab5deefcdb92","reel":"RIGHT","pressedIndex":7,"stopIndex":2,"slip":16,"durationMs":880}}
[15:30:36] [Render thread/INFO] (PiriRuntimeAcceptance) PIRI_PHASE02_PACKET {"type":"PUBLIC_STATE","payload":{"sessionId":"c92d624d-975d-44e9-b8bf-d93111cd9e30","machineId":1,"expectedNextClientSequence":112,"gameState":"SEATED_READY","lifecycle":"ACTIVE","credit":0,"heldMedals":0,"bet":0,"pay":0,"bonusCount":0,"lampOn":true,"displayStops":{"left":13,"center":2,"right":2},"stoppedMask":7}}
[15:30:38] [Render thread/INFO] (PiriRuntimeAcceptance) PIRI_PHASE02_PACKET {"type":"PUBLIC_STATE","payload":{"sessionId":"c92d624d-975d-44e9-b8bf-d93111cd9e30","machineId":1,"expectedNextClientSequence":112,"gameState":"BONUS_ENTRY_SPINNING_BIG","lifecycle":"ACTIVE","credit":0,"heldMedals":0,"bet":0,"pay":0,"bonusCount":0,"lampOn":true,"displayStops":{"left":13,"center":2,"right":2},"stoppedMask":0}}
[15:30:38] [Render thread/INFO] (PiriRuntimeAcceptance) PIRI_PHASE02_PACKET {"type":"SPIN_START","payload":{"sessionId":"c92d624d-975d-44e9-b8bf-d93111cd9e30","machineId":1,"spinId":"e719c385-6c46-4f43-88d8-2c5b6a3a26f4","mode":"BONUS_ENTRY","animation":"REVERSE_500MS","startPhase":{"left":13.0,"center":2.0,"right":2.0},"stopEnableAfterMs":800}}
[15:30:39] [Render thread/INFO] (PiriRuntimeAcceptance) PIRI_PHASE02_PACKET {"type":"ACTION_ACCEPTED","payload":{"clientSequence":112,"action":"STOP_LEFT"}}
[15:30:39] [Render thread/INFO] (PiriRuntimeAcceptance) PIRI_PHASE02_PACKET {"type":"REEL_STOP","payload":{"spinId":"e719c385-6c46-4f43-88d8-2c5b6a3a26f4","reel":"LEFT","pressedIndex":17,"stopIndex":2,"slip":6,"durationMs":380}}
[15:30:40] [Render thread/INFO] (PiriRuntimeAcceptance) PIRI_PHASE02_PACKET {"type":"ACTION_ACCEPTED","payload":{"clientSequence":113,"action":"STOP_RIGHT"}}
[15:30:40] [Render thread/INFO] (PiriRuntimeAcceptance) PIRI_PHASE02_PACKET {"type":"REEL_STOP","payload":{"spinId":"e719c385-6c46-4f43-88d8-2c5b6a3a26f4","reel":"RIGHT","pressedIndex":15,"stopIndex":2,"slip":8,"durationMs":480}}
[15:30:40] [Render thread/INFO] (PiriRuntimeAcceptance) PIRI_PHASE02_PACKET {"type":"TENPAI_SOUND","payload":{"spinId":"e719c385-6c46-4f43-88d8-2c5b6a3a26f4"}}
[15:30:40] [Render thread/INFO] (PiriRuntimeAcceptance) PIRI_PHASE02_PACKET {"type":"ACTION_ACCEPTED","payload":{"clientSequence":114,"action":"STOP_CENTER"}}
[15:30:40] [Render thread/INFO] (PiriRuntimeAcceptance) PIRI_PHASE02_PACKET {"type":"REEL_STOP","payload":{"spinId":"e719c385-6c46-4f43-88d8-2c5b6a3a26f4","reel":"CENTER","pressedIndex":3,"stopIndex":2,"slip":20,"durationMs":1080}}
[15:30:40] [Render thread/INFO] (PiriRuntimeAcceptance) PIRI_PHASE02_PACKET {"type":"PUBLIC_STATE","payload":{"sessionId":"c92d624d-975d-44e9-b8bf-d93111cd9e30","machineId":1,"expectedNextClientSequence":115,"gameState":"SEATED_READY","lifecycle":"ACTIVE","credit":0,"heldMedals":0,"bet":0,"pay":0,"bonusCount":0,"lampOn":true,"displayStops":{"left":2,"center":2,"right":2},"stoppedMask":7}}
[15:30:42] [Render thread/INFO] (PiriRuntimeAcceptance) PIRI_PHASE02_PACKET {"type":"PUBLIC_STATE","payload":{"sessionId":"c92d624d-975d-44e9-b8bf-d93111cd9e30","machineId":1,"expectedNextClientSequence":115,"gameState":"BONUS_ENTRY_SPINNING_BIG","lifecycle":"ACTIVE","credit":0,"heldMedals":0,"bet":0,"pay":0,"bonusCount":0,"lampOn":true,"displayStops":{"left":2,"center":2,"right":2},"stoppedMask":0}}
[15:30:42] [Render thread/INFO] (PiriRuntimeAcceptance) PIRI_PHASE02_PACKET {"type":"SPIN_START","payload":{"sessionId":"c92d624d-975d-44e9-b8bf-d93111cd9e30","machineId":1,"spinId":"c2d83793-8420-4e09-982c-6071fb0239a1","mode":"BONUS_ENTRY","animation":"RESUME_NORMAL","startPhase":{"left":2.0,"center":2.0,"right":2.0},"stopEnableAfterMs":200}}
[15:30:42] [Render thread/INFO] (PiriRuntimeAcceptance) PIRI_PHASE02_PACKET {"type":"ACTION_ACCEPTED","payload":{"clientSequence":115,"action":"STOP_CENTER"}}
[15:30:42] [Render thread/INFO] (PiriRuntimeAcceptance) PIRI_PHASE02_PACKET {"type":"REEL_STOP","payload":{"spinId":"c2d83793-8420-4e09-982c-6071fb0239a1","reel":"CENTER","pressedIndex":11,"stopIndex":2,"slip":12,"durationMs":680}}
[15:30:43] [Render thread/INFO] (PiriRuntimeAcceptance) PIRI_PHASE02_PACKET {"type":"ACTION_ACCEPTED","payload":{"clientSequence":116,"action":"STOP_LEFT"}}
[15:30:43] [Render thread/INFO] (PiriRuntimeAcceptance) PIRI_PHASE02_PACKET {"type":"REEL_STOP","payload":{"spinId":"c2d83793-8420-4e09-982c-6071fb0239a1","reel":"LEFT","pressedIndex":20,"stopIndex":2,"slip":3,"durationMs":230}}
[15:30:43] [Render thread/INFO] (PiriRuntimeAcceptance) PIRI_PHASE02_PACKET {"type":"TENPAI_SOUND","payload":{"spinId":"c2d83793-8420-4e09-982c-6071fb0239a1"}}
[15:30:43] [Render thread/INFO] (PiriRuntimeAcceptance) PIRI_PHASE02_PACKET {"type":"ACTION_ACCEPTED","payload":{"clientSequence":117,"action":"STOP_RIGHT"}}
[15:30:43] [Render thread/INFO] (PiriRuntimeAcceptance) PIRI_PHASE02_PACKET {"type":"REEL_STOP","payload":{"spinId":"c2d83793-8420-4e09-982c-6071fb0239a1","reel":"RIGHT","pressedIndex":8,"stopIndex":2,"slip":15,"durationMs":830}}
[15:30:43] [Render thread/INFO] (PiriRuntimeAcceptance) PIRI_PHASE02_PACKET {"type":"PUBLIC_STATE","payload":{"sessionId":"c92d624d-975d-44e9-b8bf-d93111cd9e30","machineId":1,"expectedNextClientSequence":118,"gameState":"SEATED_READY","lifecycle":"ACTIVE","credit":0,"heldMedals":0,"bet":0,"pay":0,"bonusCount":0,"lampOn":true,"displayStops":{"left":2,"center":2,"right":2},"stoppedMask":7}}
[15:30:44] [Render thread/INFO] (PiriRuntimeAcceptance) PIRI_PHASE02_PACKET {"type":"PUBLIC_STATE","payload":{"sessionId":"c92d624d-975d-44e9-b8bf-d93111cd9e30","machineId":1,"expectedNextClientSequence":118,"gameState":"BONUS_ENTRY_SPINNING_BIG","lifecycle":"ACTIVE","credit":0,"heldMedals":0,"bet":0,"pay":0,"bonusCount":0,"lampOn":true,"displayStops":{"left":2,"center":2,"right":2},"stoppedMask":0}}
[15:30:44] [Render thread/INFO] (PiriRuntimeAcceptance) PIRI_PHASE02_PACKET {"type":"SPIN_START","payload":{"sessionId":"c92d624d-975d-44e9-b8bf-d93111cd9e30","machineId":1,"spinId":"851a2d81-b4a1-4a0e-9e8c-abeba11e40e6","mode":"BONUS_ENTRY","animation":"NORMAL","startPhase":{"left":2.0,"center":2.0,"right":2.0},"stopEnableAfterMs":400}}
[15:30:45] [Render thread/INFO] (PiriRuntimeAcceptance) PIRI_PHASE02_PACKET {"type":"ACTION_ACCEPTED","payload":{"clientSequence":118,"action":"STOP_CENTER"}}
[15:30:45] [Render thread/INFO] (PiriRuntimeAcceptance) PIRI_PHASE02_PACKET {"type":"REEL_STOP","payload":{"spinId":"851a2d81-b4a1-4a0e-9e8c-abeba11e40e6","reel":"CENTER","pressedIndex":9,"stopIndex":2,"slip":14,"durationMs":780}}
[15:30:46] [Render thread/INFO] (PiriRuntimeAcceptance) PIRI_PHASE02_PACKET {"type":"ACTION_ACCEPTED","payload":{"clientSequence":119,"action":"STOP_RIGHT"}}
[15:30:46] [Render thread/INFO] (PiriRuntimeAcceptance) PIRI_PHASE02_PACKET {"type":"REEL_STOP","payload":{"spinId":"851a2d81-b4a1-4a0e-9e8c-abeba11e40e6","reel":"RIGHT","pressedIndex":18,"stopIndex":2,"slip":5,"durationMs":330}}
[15:30:46] [Render thread/INFO] (PiriRuntimeAcceptance) PIRI_PHASE02_PACKET {"type":"TENPAI_SOUND","payload":{"spinId":"851a2d81-b4a1-4a0e-9e8c-abeba11e40e6"}}
[15:30:46] [Render thread/INFO] (PiriRuntimeAcceptance) PIRI_PHASE02_PACKET {"type":"ACTION_ACCEPTED","payload":{"clientSequence":120,"action":"STOP_LEFT"}}
[15:30:46] [Render thread/INFO] (PiriRuntimeAcceptance) PIRI_PHASE02_PACKET {"type":"REEL_STOP","payload":{"spinId":"851a2d81-b4a1-4a0e-9e8c-abeba11e40e6","reel":"LEFT","pressedIndex":6,"stopIndex":13,"slip":7,"durationMs":430}}
[15:30:46] [Render thread/INFO] (PiriRuntimeAcceptance) PIRI_PHASE02_PACKET {"type":"PUBLIC_STATE","payload":{"sessionId":"c92d624d-975d-44e9-b8bf-d93111cd9e30","machineId":1,"expectedNextClientSequence":121,"gameState":"SEATED_READY","lifecycle":"ACTIVE","credit":0,"heldMedals":0,"bet":0,"pay":0,"bonusCount":0,"lampOn":true,"displayStops":{"left":13,"center":2,"right":2},"stoppedMask":7}}
[15:30:47] [Render thread/INFO] (PiriRuntimeAcceptance) PIRI_PHASE02_PACKET {"type":"PUBLIC_STATE","payload":{"sessionId":"c92d624d-975d-44e9-b8bf-d93111cd9e30","machineId":1,"expectedNextClientSequence":121,"gameState":"BONUS_ENTRY_SPINNING_BIG","lifecycle":"ACTIVE","credit":0,"heldMedals":0,"bet":0,"pay":0,"bonusCount":0,"lampOn":true,"displayStops":{"left":13,"center":2,"right":2},"stoppedMask":0}}
[15:30:47] [Render thread/INFO] (PiriRuntimeAcceptance) PIRI_PHASE02_PACKET {"type":"SPIN_START","payload":{"sessionId":"c92d624d-975d-44e9-b8bf-d93111cd9e30","machineId":1,"spinId":"75a4b265-c8e5-4244-bec4-bf8ef9becc74","mode":"BONUS_ENTRY","animation":"REVERSE_500MS","startPhase":{"left":13.0,"center":2.0,"right":2.0},"stopEnableAfterMs":800}}
[15:30:48] [Render thread/INFO] (PiriRuntimeAcceptance) PIRI_PHASE02_PACKET {"type":"ACTION_ACCEPTED","payload":{"clientSequence":121,"action":"STOP_RIGHT"}}
[15:30:48] [Render thread/INFO] (PiriRuntimeAcceptance) PIRI_PHASE02_PACKET {"type":"REEL_STOP","payload":{"spinId":"75a4b265-c8e5-4244-bec4-bf8ef9becc74","reel":"RIGHT","pressedIndex":6,"stopIndex":2,"slip":17,"durationMs":930}}
[15:30:49] [Render thread/INFO] (PiriRuntimeAcceptance) PIRI_PHASE02_PACKET {"type":"ACTION_ACCEPTED","payload":{"clientSequence":122,"action":"STOP_LEFT"}}
[15:30:49] [Render thread/INFO] (PiriRuntimeAcceptance) PIRI_PHASE02_PACKET {"type":"REEL_STOP","payload":{"spinId":"75a4b265-c8e5-4244-bec4-bf8ef9becc74","reel":"LEFT","pressedIndex":5,"stopIndex":13,"slip":8,"durationMs":480}}
[15:30:49] [Render thread/INFO] (PiriRuntimeAcceptance) PIRI_PHASE02_PACKET {"type":"TENPAI_SOUND","payload":{"spinId":"75a4b265-c8e5-4244-bec4-bf8ef9becc74"}}
[15:30:49] [Render thread/INFO] (PiriRuntimeAcceptance) PIRI_PHASE02_PACKET {"type":"ACTION_ACCEPTED","payload":{"clientSequence":123,"action":"STOP_CENTER"}}
[15:30:49] [Render thread/INFO] (PiriRuntimeAcceptance) PIRI_PHASE02_PACKET {"type":"REEL_STOP","payload":{"spinId":"75a4b265-c8e5-4244-bec4-bf8ef9becc74","reel":"CENTER","pressedIndex":3,"stopIndex":2,"slip":20,"durationMs":1080}}
[15:30:49] [Render thread/INFO] (PiriRuntimeAcceptance) PIRI_PHASE02_PACKET {"type":"PUBLIC_STATE","payload":{"sessionId":"c92d624d-975d-44e9-b8bf-d93111cd9e30","machineId":1,"expectedNextClientSequence":124,"gameState":"SEATED_READY","lifecycle":"ACTIVE","credit":0,"heldMedals":0,"bet":0,"pay":0,"bonusCount":0,"lampOn":true,"displayStops":{"left":13,"center":2,"right":2},"stoppedMask":7}}
[15:30:51] [Render thread/INFO] (PiriRuntimeAcceptance) PIRI_PHASE02_PACKET {"type":"PUBLIC_STATE","payload":{"sessionId":"c92d624d-975d-44e9-b8bf-d93111cd9e30","machineId":1,"expectedNextClientSequence":124,"gameState":"BONUS_ENTRY_SPINNING_BIG","lifecycle":"ACTIVE","credit":0,"heldMedals":0,"bet":0,"pay":0,"bonusCount":0,"lampOn":true,"displayStops":{"left":13,"center":2,"right":2},"stoppedMask":0}}
[15:30:51] [Render thread/INFO] (PiriRuntimeAcceptance) PIRI_PHASE02_PACKET {"type":"SPIN_START","payload":{"sessionId":"c92d624d-975d-44e9-b8bf-d93111cd9e30","machineId":1,"spinId":"34c6f7c3-8c86-4eac-8b08-a63f96a4d703","mode":"BONUS_ENTRY","animation":"RESUME_NORMAL","startPhase":{"left":13.0,"center":2.0,"right":2.0},"stopEnableAfterMs":200}}
[15:30:52] [Render thread/INFO] (PiriRuntimeAcceptance) PIRI_PHASE02_PACKET {"type":"ACTION_ACCEPTED","payload":{"clientSequence":124,"action":"STOP_RIGHT"}}
[15:30:52] [Render thread/INFO] (PiriRuntimeAcceptance) PIRI_PHASE02_PACKET {"type":"REEL_STOP","payload":{"spinId":"34c6f7c3-8c86-4eac-8b08-a63f96a4d703","reel":"RIGHT","pressedIndex":19,"stopIndex":2,"slip":4,"durationMs":280}}
[15:30:52] [Render thread/INFO] (PiriRuntimeAcceptance) PIRI_PHASE02_PACKET {"type":"ACTION_ACCEPTED","payload":{"clientSequence":125,"action":"STOP_CENTER"}}
[15:30:52] [Render thread/INFO] (PiriRuntimeAcceptance) PIRI_PHASE02_PACKET {"type":"REEL_STOP","payload":{"spinId":"34c6f7c3-8c86-4eac-8b08-a63f96a4d703","reel":"CENTER","pressedIndex":8,"stopIndex":2,"slip":15,"durationMs":830}}
[15:30:52] [Render thread/INFO] (PiriRuntimeAcceptance) PIRI_PHASE02_PACKET {"type":"TENPAI_SOUND","payload":{"spinId":"34c6f7c3-8c86-4eac-8b08-a63f96a4d703"}}
[15:30:53] [Render thread/INFO] (PiriRuntimeAcceptance) PIRI_PHASE02_PACKET {"type":"ACTION_ACCEPTED","payload":{"clientSequence":126,"action":"STOP_LEFT"}}
[15:30:53] [Render thread/INFO] (PiriRuntimeAcceptance) PIRI_PHASE02_PACKET {"type":"REEL_STOP","payload":{"spinId":"34c6f7c3-8c86-4eac-8b08-a63f96a4d703","reel":"LEFT","pressedIndex":7,"stopIndex":13,"slip":6,"durationMs":380}}
[15:30:53] [Render thread/INFO] (PiriRuntimeAcceptance) PIRI_PHASE02_PACKET {"type":"PUBLIC_STATE","payload":{"sessionId":"c92d624d-975d-44e9-b8bf-d93111cd9e30","machineId":1,"expectedNextClientSequence":127,"gameState":"SEATED_READY","lifecycle":"ACTIVE","credit":0,"heldMedals":0,"bet":0,"pay":0,"bonusCount":0,"lampOn":true,"displayStops":{"left":13,"center":2,"right":2},"stoppedMask":7}}
[15:30:53] [Render thread/INFO] (PiriRuntimeAcceptance) PIRI_PHASE02_PACKET {"type":"PUBLIC_STATE","payload":{"sessionId":"c92d624d-975d-44e9-b8bf-d93111cd9e30","machineId":1,"expectedNextClientSequence":127,"gameState":"BONUS_ENTRY_SPINNING_REG","lifecycle":"ACTIVE","credit":0,"heldMedals":0,"bet":0,"pay":0,"bonusCount":0,"lampOn":true,"displayStops":{"left":13,"center":2,"right":2},"stoppedMask":0}}
[15:30:53] [Render thread/INFO] (PiriRuntimeAcceptance) PIRI_PHASE02_PACKET {"type":"SPIN_START","payload":{"sessionId":"c92d624d-975d-44e9-b8bf-d93111cd9e30","machineId":1,"spinId":"2a0b80f3-8900-4712-8b0d-8bca5c72014a","mode":"BONUS_ENTRY","animation":"NORMAL","startPhase":{"left":13.0,"center":2.0,"right":2.0},"stopEnableAfterMs":400}}
[15:30:54] [Render thread/INFO] (PiriRuntimeAcceptance) PIRI_PHASE02_PACKET {"type":"ACTION_ACCEPTED","payload":{"clientSequence":127,"action":"STOP_LEFT"}}
[15:30:54] [Render thread/INFO] (PiriRuntimeAcceptance) PIRI_PHASE02_PACKET {"type":"REEL_STOP","payload":{"spinId":"2a0b80f3-8900-4712-8b0d-8bca5c72014a","reel":"LEFT","pressedIndex":3,"stopIndex":3,"slip":0,"durationMs":80}}
[15:30:55] [Render thread/INFO] (PiriRuntimeAcceptance) PIRI_PHASE02_PACKET {"type":"ACTION_ACCEPTED","payload":{"clientSequence":128,"action":"STOP_CENTER"}}
[15:30:55] [Render thread/INFO] (PiriRuntimeAcceptance) PIRI_PHASE02_PACKET {"type":"REEL_STOP","payload":{"spinId":"2a0b80f3-8900-4712-8b0d-8bca5c72014a","reel":"CENTER","pressedIndex":1,"stopIndex":3,"slip":2,"durationMs":180}}
[15:30:55] [Render thread/INFO] (PiriRuntimeAcceptance) PIRI_PHASE02_PACKET {"type":"TENPAI_SOUND","payload":{"spinId":"2a0b80f3-8900-4712-8b0d-8bca5c72014a"}}
[15:30:55] [Render thread/INFO] (PiriRuntimeAcceptance) PIRI_PHASE02_PACKET {"type":"ACTION_ACCEPTED","payload":{"clientSequence":129,"action":"STOP_RIGHT"}}
[15:30:55] [Render thread/INFO] (PiriRuntimeAcceptance) PIRI_PHASE02_PACKET {"type":"REEL_STOP","payload":{"spinId":"2a0b80f3-8900-4712-8b0d-8bca5c72014a","reel":"RIGHT","pressedIndex":11,"stopIndex":4,"slip":14,"durationMs":780}}
[15:30:55] [Render thread/INFO] (PiriRuntimeAcceptance) PIRI_PHASE02_PACKET {"type":"PUBLIC_STATE","payload":{"sessionId":"c92d624d-975d-44e9-b8bf-d93111cd9e30","machineId":1,"expectedNextClientSequence":130,"gameState":"SEATED_READY","lifecycle":"ACTIVE","credit":0,"heldMedals":0,"bet":0,"pay":0,"bonusCount":0,"lampOn":true,"displayStops":{"left":3,"center":3,"right":4},"stoppedMask":7}}
[15:30:58] [Render thread/INFO] (PiriRuntimeAcceptance) PIRI_PHASE02_PACKET {"type":"PUBLIC_STATE","payload":{"sessionId":"c92d624d-975d-44e9-b8bf-d93111cd9e30","machineId":1,"expectedNextClientSequence":130,"gameState":"BONUS_ENTRY_SPINNING_REG","lifecycle":"ACTIVE","credit":0,"heldMedals":0,"bet":0,"pay":0,"bonusCount":0,"lampOn":true,"displayStops":{"left":3,"center":3,"right":4},"stoppedMask":0}}
[15:30:58] [Render thread/INFO] (PiriRuntimeAcceptance) PIRI_PHASE02_PACKET {"type":"SPIN_START","payload":{"sessionId":"c92d624d-975d-44e9-b8bf-d93111cd9e30","machineId":1,"spinId":"39fe52c6-f3c4-4550-9fdd-3adf13a459da","mode":"BONUS_ENTRY","animation":"REVERSE_500MS","startPhase":{"left":3.0,"center":3.0,"right":4.0},"stopEnableAfterMs":800}}
[15:30:59] [Render thread/INFO] (PiriRuntimeAcceptance) PIRI_PHASE02_PACKET {"type":"ACTION_ACCEPTED","payload":{"clientSequence":130,"action":"STOP_LEFT"}}
[15:30:59] [Render thread/INFO] (PiriRuntimeAcceptance) PIRI_PHASE02_PACKET {"type":"REEL_STOP","payload":{"spinId":"39fe52c6-f3c4-4550-9fdd-3adf13a459da","reel":"LEFT","pressedIndex":12,"stopIndex":13,"slip":1,"durationMs":130}}
[15:31:00] [Render thread/INFO] (PiriRuntimeAcceptance) PIRI_PHASE02_PACKET {"type":"ACTION_ACCEPTED","payload":{"clientSequence":131,"action":"STOP_RIGHT"}}
[15:31:00] [Render thread/INFO] (PiriRuntimeAcceptance) PIRI_PHASE02_PACKET {"type":"REEL_STOP","payload":{"spinId":"39fe52c6-f3c4-4550-9fdd-3adf13a459da","reel":"RIGHT","pressedIndex":1,"stopIndex":3,"slip":2,"durationMs":180}}
[15:31:00] [Render thread/INFO] (PiriRuntimeAcceptance) PIRI_PHASE02_PACKET {"type":"ACTION_ACCEPTED","payload":{"clientSequence":132,"action":"STOP_CENTER"}}
[15:31:00] [Render thread/INFO] (PiriRuntimeAcceptance) PIRI_PHASE02_PACKET {"type":"REEL_STOP","payload":{"spinId":"39fe52c6-f3c4-4550-9fdd-3adf13a459da","reel":"CENTER","pressedIndex":9,"stopIndex":2,"slip":14,"durationMs":780}}
[15:31:00] [Render thread/INFO] (PiriRuntimeAcceptance) PIRI_PHASE02_PACKET {"type":"PUBLIC_STATE","payload":{"sessionId":"c92d624d-975d-44e9-b8bf-d93111cd9e30","machineId":1,"expectedNextClientSequence":133,"gameState":"SEATED_READY","lifecycle":"ACTIVE","credit":0,"heldMedals":0,"bet":0,"pay":0,"bonusCount":0,"lampOn":true,"displayStops":{"left":13,"center":2,"right":3},"stoppedMask":7}}
[15:31:01] [Render thread/INFO] (PiriRuntimeAcceptance) PIRI_PHASE02_PACKET {"type":"PUBLIC_STATE","payload":{"sessionId":"c92d624d-975d-44e9-b8bf-d93111cd9e30","machineId":1,"expectedNextClientSequence":133,"gameState":"BONUS_ENTRY_SPINNING_REG","lifecycle":"ACTIVE","credit":0,"heldMedals":0,"bet":0,"pay":0,"bonusCount":0,"lampOn":true,"displayStops":{"left":13,"center":2,"right":3},"stoppedMask":0}}
[15:31:01] [Render thread/INFO] (PiriRuntimeAcceptance) PIRI_PHASE02_PACKET {"type":"SPIN_START","payload":{"sessionId":"c92d624d-975d-44e9-b8bf-d93111cd9e30","machineId":1,"spinId":"737adf41-5bb2-4774-a903-dbe478f92046","mode":"BONUS_ENTRY","animation":"RESUME_NORMAL","startPhase":{"left":13.0,"center":2.0,"right":3.0},"stopEnableAfterMs":200}}
[15:31:02] [Render thread/INFO] (PiriRuntimeAcceptance) PIRI_PHASE02_PACKET {"type":"ACTION_ACCEPTED","payload":{"clientSequence":133,"action":"STOP_CENTER"}}
[15:31:02] [Render thread/INFO] (PiriRuntimeAcceptance) PIRI_PHASE02_PACKET {"type":"REEL_STOP","payload":{"spinId":"737adf41-5bb2-4774-a903-dbe478f92046","reel":"CENTER","pressedIndex":15,"stopIndex":2,"slip":8,"durationMs":480}}
[15:31:03] [Render thread/INFO] (PiriRuntimeAcceptance) PIRI_PHASE02_PACKET {"type":"ACTION_ACCEPTED","payload":{"clientSequence":134,"action":"STOP_LEFT"}}
[15:31:03] [Render thread/INFO] (PiriRuntimeAcceptance) PIRI_PHASE02_PACKET {"type":"REEL_STOP","payload":{"spinId":"737adf41-5bb2-4774-a903-dbe478f92046","reel":"LEFT","pressedIndex":18,"stopIndex":2,"slip":5,"durationMs":330}}
[15:31:03] [Render thread/INFO] (PiriRuntimeAcceptance) PIRI_PHASE02_PACKET {"type":"TENPAI_SOUND","payload":{"spinId":"737adf41-5bb2-4774-a903-dbe478f92046"}}
[15:31:03] [Render thread/INFO] (PiriRuntimeAcceptance) PIRI_PHASE02_PACKET {"type":"ACTION_ACCEPTED","payload":{"clientSequence":135,"action":"STOP_RIGHT"}}
[15:31:03] [Render thread/INFO] (PiriRuntimeAcceptance) PIRI_PHASE02_PACKET {"type":"REEL_STOP","payload":{"spinId":"737adf41-5bb2-4774-a903-dbe478f92046","reel":"RIGHT","pressedIndex":17,"stopIndex":3,"slip":7,"durationMs":430}}
[15:31:03] [Render thread/INFO] (PiriRuntimeAcceptance) PIRI_PHASE02_PACKET {"type":"PUBLIC_STATE","payload":{"sessionId":"c92d624d-975d-44e9-b8bf-d93111cd9e30","machineId":1,"expectedNextClientSequence":136,"gameState":"SEATED_READY","lifecycle":"ACTIVE","credit":0,"heldMedals":0,"bet":0,"pay":0,"bonusCount":0,"lampOn":true,"displayStops":{"left":2,"center":2,"right":3},"stoppedMask":7}}
[15:31:04] [Render thread/INFO] (PiriRuntimeAcceptance) PIRI_PHASE02_PACKET {"type":"PUBLIC_STATE","payload":{"sessionId":"c92d624d-975d-44e9-b8bf-d93111cd9e30","machineId":1,"expectedNextClientSequence":136,"gameState":"BONUS_ENTRY_SPINNING_REG","lifecycle":"ACTIVE","credit":0,"heldMedals":0,"bet":0,"pay":0,"bonusCount":0,"lampOn":true,"displayStops":{"left":2,"center":2,"right":3},"stoppedMask":0}}
[15:31:04] [Render thread/INFO] (PiriRuntimeAcceptance) PIRI_PHASE02_PACKET {"type":"SPIN_START","payload":{"sessionId":"c92d624d-975d-44e9-b8bf-d93111cd9e30","machineId":1,"spinId":"ae3bde79-bf0f-4911-a99f-5ce42d61b24b","mode":"BONUS_ENTRY","animation":"NORMAL","startPhase":{"left":2.0,"center":2.0,"right":3.0},"stopEnableAfterMs":400}}
[15:31:05] [Render thread/INFO] (PiriRuntimeAcceptance) PIRI_PHASE02_PACKET {"type":"ACTION_ACCEPTED","payload":{"clientSequence":136,"action":"STOP_CENTER"}}
[15:31:05] [Render thread/INFO] (PiriRuntimeAcceptance) PIRI_PHASE02_PACKET {"type":"REEL_STOP","payload":{"spinId":"ae3bde79-bf0f-4911-a99f-5ce42d61b24b","reel":"CENTER","pressedIndex":9,"stopIndex":2,"slip":14,"durationMs":780}}
[15:31:06] [Render thread/INFO] (PiriRuntimeAcceptance) PIRI_PHASE02_PACKET {"type":"ACTION_ACCEPTED","payload":{"clientSequence":137,"action":"STOP_RIGHT"}}
[15:31:06] [Render thread/INFO] (PiriRuntimeAcceptance) PIRI_PHASE02_PACKET {"type":"REEL_STOP","payload":{"spinId":"ae3bde79-bf0f-4911-a99f-5ce42d61b24b","reel":"RIGHT","pressedIndex":2,"stopIndex":3,"slip":1,"durationMs":130}}
[15:31:06] [Render thread/INFO] (PiriRuntimeAcceptance) PIRI_PHASE02_PACKET {"type":"ACTION_ACCEPTED","payload":{"clientSequence":138,"action":"STOP_LEFT"}}
[15:31:06] [Render thread/INFO] (PiriRuntimeAcceptance) PIRI_PHASE02_PACKET {"type":"REEL_STOP","payload":{"spinId":"ae3bde79-bf0f-4911-a99f-5ce42d61b24b","reel":"LEFT","pressedIndex":10,"stopIndex":13,"slip":3,"durationMs":230}}
[15:31:06] [Render thread/INFO] (PiriRuntimeAcceptance) PIRI_PHASE02_PACKET {"type":"PUBLIC_STATE","payload":{"sessionId":"c92d624d-975d-44e9-b8bf-d93111cd9e30","machineId":1,"expectedNextClientSequence":139,"gameState":"SEATED_READY","lifecycle":"ACTIVE","credit":0,"heldMedals":0,"bet":0,"pay":0,"bonusCount":0,"lampOn":true,"displayStops":{"left":13,"center":2,"right":3},"stoppedMask":7}}
[15:31:07] [Render thread/INFO] (PiriRuntimeAcceptance) PIRI_PHASE02_PACKET {"type":"PUBLIC_STATE","payload":{"sessionId":"c92d624d-975d-44e9-b8bf-d93111cd9e30","machineId":1,"expectedNextClientSequence":139,"gameState":"BONUS_ENTRY_SPINNING_REG","lifecycle":"ACTIVE","credit":0,"heldMedals":0,"bet":0,"pay":0,"bonusCount":0,"lampOn":true,"displayStops":{"left":13,"center":2,"right":3},"stoppedMask":0}}
[15:31:07] [Render thread/INFO] (PiriRuntimeAcceptance) PIRI_PHASE02_PACKET {"type":"SPIN_START","payload":{"sessionId":"c92d624d-975d-44e9-b8bf-d93111cd9e30","machineId":1,"spinId":"561ae594-705c-4f9f-bc9c-f05e4e4ba2d7","mode":"BONUS_ENTRY","animation":"REVERSE_500MS","startPhase":{"left":13.0,"center":2.0,"right":3.0},"stopEnableAfterMs":800}}
[15:31:08] [Render thread/INFO] (PiriRuntimeAcceptance) PIRI_PHASE02_PACKET {"type":"ACTION_ACCEPTED","payload":{"clientSequence":139,"action":"STOP_RIGHT"}}
[15:31:08] [Render thread/INFO] (PiriRuntimeAcceptance) PIRI_PHASE02_PACKET {"type":"REEL_STOP","payload":{"spinId":"561ae594-705c-4f9f-bc9c-f05e4e4ba2d7","reel":"RIGHT","pressedIndex":7,"stopIndex":3,"slip":17,"durationMs":930}}
[15:31:08] [Render thread/INFO] (PiriRuntimeAcceptance) PIRI_PHASE02_PACKET {"type":"ACTION_ACCEPTED","payload":{"clientSequence":140,"action":"STOP_LEFT"}}
[15:31:08] [Render thread/INFO] (PiriRuntimeAcceptance) PIRI_PHASE02_PACKET {"type":"REEL_STOP","payload":{"spinId":"561ae594-705c-4f9f-bc9c-f05e4e4ba2d7","reel":"LEFT","pressedIndex":5,"stopIndex":13,"slip":8,"durationMs":480}}
[15:31:09] [Render thread/INFO] (PiriRuntimeAcceptance) PIRI_PHASE02_PACKET {"type":"ACTION_ACCEPTED","payload":{"clientSequence":141,"action":"STOP_CENTER"}}
[15:31:09] [Render thread/INFO] (PiriRuntimeAcceptance) PIRI_PHASE02_PACKET {"type":"REEL_STOP","payload":{"spinId":"561ae594-705c-4f9f-bc9c-f05e4e4ba2d7","reel":"CENTER","pressedIndex":3,"stopIndex":2,"slip":20,"durationMs":1080}}
[15:31:09] [Render thread/INFO] (PiriRuntimeAcceptance) PIRI_PHASE02_PACKET {"type":"PUBLIC_STATE","payload":{"sessionId":"c92d624d-975d-44e9-b8bf-d93111cd9e30","machineId":1,"expectedNextClientSequence":142,"gameState":"SEATED_READY","lifecycle":"ACTIVE","credit":0,"heldMedals":0,"bet":0,"pay":0,"bonusCount":0,"lampOn":true,"displayStops":{"left":13,"center":2,"right":3},"stoppedMask":7}}
[15:31:10] [Render thread/INFO] (PiriRuntimeAcceptance) PIRI_PHASE02_PACKET {"type":"PUBLIC_STATE","payload":{"sessionId":"c92d624d-975d-44e9-b8bf-d93111cd9e30","machineId":1,"expectedNextClientSequence":142,"gameState":"BONUS_ENTRY_SPINNING_REG","lifecycle":"ACTIVE","credit":0,"heldMedals":0,"bet":0,"pay":0,"bonusCount":0,"lampOn":true,"displayStops":{"left":13,"center":2,"right":3},"stoppedMask":0}}
[15:31:10] [Render thread/INFO] (PiriRuntimeAcceptance) PIRI_PHASE02_PACKET {"type":"SPIN_START","payload":{"sessionId":"c92d624d-975d-44e9-b8bf-d93111cd9e30","machineId":1,"spinId":"db6cd491-c163-4222-adf9-fb36899fe151","mode":"BONUS_ENTRY","animation":"RESUME_NORMAL","startPhase":{"left":13.0,"center":2.0,"right":3.0},"stopEnableAfterMs":200}}
[15:31:11] [Render thread/INFO] (PiriRuntimeAcceptance) PIRI_PHASE02_PACKET {"type":"ACTION_ACCEPTED","payload":{"clientSequence":142,"action":"STOP_RIGHT"}}
[15:31:11] [Render thread/INFO] (PiriRuntimeAcceptance) PIRI_PHASE02_PACKET {"type":"REEL_STOP","payload":{"spinId":"db6cd491-c163-4222-adf9-fb36899fe151","reel":"RIGHT","pressedIndex":16,"stopIndex":3,"slip":8,"durationMs":480}}
[15:31:12] [Render thread/INFO] (PiriRuntimeAcceptance) PIRI_PHASE02_PACKET {"type":"ACTION_ACCEPTED","payload":{"clientSequence":143,"action":"STOP_CENTER"}}
[15:31:12] [Render thread/INFO] (PiriRuntimeAcceptance) PIRI_PHASE02_PACKET {"type":"REEL_STOP","payload":{"spinId":"db6cd491-c163-4222-adf9-fb36899fe151","reel":"CENTER","pressedIndex":3,"stopIndex":3,"slip":0,"durationMs":80}}
[15:31:12] [Render thread/INFO] (PiriRuntimeAcceptance) PIRI_PHASE02_PACKET {"type":"TENPAI_SOUND","payload":{"spinId":"db6cd491-c163-4222-adf9-fb36899fe151"}}
[15:31:12] [Render thread/INFO] (PiriRuntimeAcceptance) PIRI_PHASE02_PACKET {"type":"ACTION_ACCEPTED","payload":{"clientSequence":144,"action":"STOP_LEFT"}}
[15:31:12] [Render thread/INFO] (PiriRuntimeAcceptance) PIRI_PHASE02_PACKET {"type":"REEL_STOP","payload":{"spinId":"db6cd491-c163-4222-adf9-fb36899fe151","reel":"LEFT","pressedIndex":2,"stopIndex":4,"slip":2,"durationMs":180}}
[15:31:12] [Render thread/INFO] (PiriRuntimeAcceptance) PIRI_PHASE02_PACKET {"type":"PUBLIC_STATE","payload":{"sessionId":"c92d624d-975d-44e9-b8bf-d93111cd9e30","machineId":1,"expectedNextClientSequence":145,"gameState":"SEATED_READY","lifecycle":"ACTIVE","credit":0,"heldMedals":0,"bet":0,"pay":0,"bonusCount":0,"lampOn":true,"displayStops":{"left":4,"center":3,"right":3},"stoppedMask":7}}
[15:31:13] [Render thread/INFO] (PiriRuntimeAcceptance) PIRI_PHASE02_PACKET {"type":"PUBLIC_STATE","payload":{"sessionId":"c92d624d-975d-44e9-b8bf-d93111cd9e30","machineId":1,"expectedNextClientSequence":145,"gameState":"NORMAL_SPINNING","lifecycle":"ACTIVE","credit":0,"heldMedals":0,"bet":0,"pay":0,"bonusCount":0,"lampOn":false,"displayStops":{"left":4,"center":3,"right":3},"stoppedMask":0}}
[15:31:13] [Render thread/INFO] (PiriRuntimeAcceptance) PIRI_PHASE02_PACKET {"type":"SPIN_START","payload":{"sessionId":"c92d624d-975d-44e9-b8bf-d93111cd9e30","machineId":1,"spinId":"6ff595bd-7f66-4531-933e-fb361b318b91","mode":"NORMAL","animation":"NORMAL","startPhase":{"left":4.0,"center":3.0,"right":3.0},"stopEnableAfterMs":400}}
[15:31:14] [Render thread/INFO] (PiriRuntimeAcceptance) PIRI_PHASE02_PACKET {"type":"ACTION_ACCEPTED","payload":{"clientSequence":145,"action":"STOP_LEFT"}}
[15:31:14] [Render thread/INFO] (PiriRuntimeAcceptance) PIRI_PHASE02_PACKET {"type":"REEL_STOP","payload":{"spinId":"6ff595bd-7f66-4531-933e-fb361b318b91","reel":"LEFT","pressedIndex":15,"stopIndex":20,"slip":5,"durationMs":330}}
[15:31:14] [Render thread/INFO] (PiriRuntimeAcceptance) PIRI_PHASE02_PACKET {"type":"ACTION_ACCEPTED","payload":{"clientSequence":146,"action":"STOP_CENTER"}}
[15:31:14] [Render thread/INFO] (PiriRuntimeAcceptance) PIRI_PHASE02_PACKET {"type":"REEL_STOP","payload":{"spinId":"6ff595bd-7f66-4531-933e-fb361b318b91","reel":"CENTER","pressedIndex":2,"stopIndex":2,"slip":0,"durationMs":80}}
[15:31:15] [Render thread/INFO] (PiriRuntimeAcceptance) PIRI_PHASE02_PACKET {"type":"ACTION_ACCEPTED","payload":{"clientSequence":147,"action":"STOP_RIGHT"}}
[15:31:15] [Render thread/INFO] (PiriRuntimeAcceptance) PIRI_PHASE02_PACKET {"type":"REEL_STOP","payload":{"spinId":"6ff595bd-7f66-4531-933e-fb361b318b91","reel":"RIGHT","pressedIndex":12,"stopIndex":12,"slip":0,"durationMs":80}}
[15:31:15] [Render thread/INFO] (PiriRuntimeAcceptance) PIRI_PHASE02_PACKET {"type":"PUBLIC_STATE","payload":{"sessionId":"c92d624d-975d-44e9-b8bf-d93111cd9e30","machineId":1,"expectedNextClientSequence":148,"gameState":"SEATED_READY","lifecycle":"ACTIVE","credit":0,"heldMedals":0,"bet":0,"pay":0,"bonusCount":0,"lampOn":false,"displayStops":{"left":20,"center":2,"right":12},"stoppedMask":7}}
[15:31:16] [Render thread/INFO] (PiriRuntimeAcceptance) PIRI_PHASE02_PACKET {"type":"PUBLIC_STATE","payload":{"sessionId":"c92d624d-975d-44e9-b8bf-d93111cd9e30","machineId":1,"expectedNextClientSequence":148,"gameState":"NORMAL_SPINNING","lifecycle":"ACTIVE","credit":0,"heldMedals":0,"bet":0,"pay":0,"bonusCount":0,"lampOn":false,"displayStops":{"left":20,"center":2,"right":12},"stoppedMask":0}}
[15:31:16] [Render thread/INFO] (PiriRuntimeAcceptance) PIRI_PHASE02_PACKET {"type":"SPIN_START","payload":{"sessionId":"c92d624d-975d-44e9-b8bf-d93111cd9e30","machineId":1,"spinId":"39c9473e-b8ac-48a8-9b83-c87d743b2ab4","mode":"NORMAL","animation":"REVERSE_500MS","startPhase":{"left":20.0,"center":2.0,"right":12.0},"stopEnableAfterMs":800}}
[15:31:17] [Render thread/INFO] (PiriRuntimeAcceptance) PIRI_PHASE02_PACKET {"type":"ACTION_ACCEPTED","payload":{"clientSequence":148,"action":"STOP_LEFT"}}
[15:31:17] [Render thread/INFO] (PiriRuntimeAcceptance) PIRI_PHASE02_PACKET {"type":"REEL_STOP","payload":{"spinId":"39c9473e-b8ac-48a8-9b83-c87d743b2ab4","reel":"LEFT","pressedIndex":3,"stopIndex":8,"slip":5,"durationMs":330}}
[15:31:18] [Render thread/INFO] (PiriRuntimeAcceptance) PIRI_PHASE02_PACKET {"type":"ACTION_ACCEPTED","payload":{"clientSequence":149,"action":"STOP_RIGHT"}}
[15:31:18] [Render thread/INFO] (PiriRuntimeAcceptance) PIRI_PHASE02_PACKET {"type":"REEL_STOP","payload":{"spinId":"39c9473e-b8ac-48a8-9b83-c87d743b2ab4","reel":"RIGHT","pressedIndex":4,"stopIndex":4,"slip":0,"durationMs":80}}
[15:31:18] [Render thread/INFO] (PiriRuntimeAcceptance) PIRI_PHASE02_PACKET {"type":"ACTION_ACCEPTED","payload":{"clientSequence":150,"action":"STOP_CENTER"}}
[15:31:18] [Render thread/INFO] (PiriRuntimeAcceptance) PIRI_PHASE02_PACKET {"type":"REEL_STOP","payload":{"spinId":"39c9473e-b8ac-48a8-9b83-c87d743b2ab4","reel":"CENTER","pressedIndex":3,"stopIndex":3,"slip":0,"durationMs":80}}
[15:31:18] [Render thread/INFO] (PiriRuntimeAcceptance) PIRI_PHASE02_PACKET {"type":"PUBLIC_STATE","payload":{"sessionId":"c92d624d-975d-44e9-b8bf-d93111cd9e30","machineId":1,"expectedNextClientSequence":151,"gameState":"SEATED_READY","lifecycle":"ACTIVE","credit":0,"heldMedals":0,"bet":0,"pay":0,"bonusCount":0,"lampOn":false,"displayStops":{"left":8,"center":3,"right":4},"stoppedMask":7}}
[15:31:19] [Render thread/INFO] (PiriRuntimeAcceptance) PIRI_PHASE02_PACKET {"type":"PUBLIC_STATE","payload":{"sessionId":"c92d624d-975d-44e9-b8bf-d93111cd9e30","machineId":1,"expectedNextClientSequence":151,"gameState":"NORMAL_SPINNING","lifecycle":"ACTIVE","credit":0,"heldMedals":0,"bet":0,"pay":0,"bonusCount":0,"lampOn":false,"displayStops":{"left":8,"center":3,"right":4},"stoppedMask":0}}
[15:31:19] [Render thread/INFO] (PiriRuntimeAcceptance) PIRI_PHASE02_PACKET {"type":"SPIN_START","payload":{"sessionId":"c92d624d-975d-44e9-b8bf-d93111cd9e30","machineId":1,"spinId":"f3414fbd-1872-43c8-a223-b9072927c83e","mode":"NORMAL","animation":"RESUME_NORMAL","startPhase":{"left":8.0,"center":3.0,"right":4.0},"stopEnableAfterMs":200}}
[15:31:19] [Render thread/INFO] (PiriRuntimeAcceptance) PIRI_PHASE02_PACKET {"type":"ACTION_ACCEPTED","payload":{"clientSequence":151,"action":"STOP_CENTER"}}
[15:31:19] [Render thread/INFO] (PiriRuntimeAcceptance) PIRI_PHASE02_PACKET {"type":"REEL_STOP","payload":{"spinId":"f3414fbd-1872-43c8-a223-b9072927c83e","reel":"CENTER","pressedIndex":16,"stopIndex":16,"slip":0,"durationMs":80}}
[15:31:20] [Render thread/INFO] (PiriRuntimeAcceptance) PIRI_PHASE02_PACKET {"type":"ACTION_ACCEPTED","payload":{"clientSequence":152,"action":"STOP_LEFT"}}
[15:31:20] [Render thread/INFO] (PiriRuntimeAcceptance) PIRI_PHASE02_PACKET {"type":"REEL_STOP","payload":{"spinId":"f3414fbd-1872-43c8-a223-b9072927c83e","reel":"LEFT","pressedIndex":9,"stopIndex":20,"slip":11,"durationMs":630}}
[15:31:20] [Render thread/INFO] (PiriRuntimeAcceptance) PIRI_PHASE02_PACKET {"type":"ACTION_ACCEPTED","payload":{"clientSequence":153,"action":"STOP_RIGHT"}}
[15:31:20] [Render thread/INFO] (PiriRuntimeAcceptance) PIRI_PHASE02_PACKET {"type":"REEL_STOP","payload":{"spinId":"f3414fbd-1872-43c8-a223-b9072927c83e","reel":"RIGHT","pressedIndex":14,"stopIndex":14,"slip":0,"durationMs":80}}
[15:31:20] [Render thread/INFO] (PiriRuntimeAcceptance) PIRI_PHASE02_PACKET {"type":"PUBLIC_STATE","payload":{"sessionId":"c92d624d-975d-44e9-b8bf-d93111cd9e30","machineId":1,"expectedNextClientSequence":154,"gameState":"SEATED_READY","lifecycle":"ACTIVE","credit":0,"heldMedals":0,"bet":0,"pay":0,"bonusCount":0,"lampOn":false,"displayStops":{"left":20,"center":16,"right":14},"stoppedMask":7}}
[15:31:21] [Render thread/INFO] (PiriRuntimeAcceptance) PIRI_PHASE02_PACKET {"type":"PUBLIC_STATE","payload":{"sessionId":"c92d624d-975d-44e9-b8bf-d93111cd9e30","machineId":1,"expectedNextClientSequence":154,"gameState":"NORMAL_SPINNING","lifecycle":"ACTIVE","credit":0,"heldMedals":0,"bet":0,"pay":0,"bonusCount":0,"lampOn":false,"displayStops":{"left":20,"center":16,"right":14},"stoppedMask":0}}
[15:31:21] [Render thread/INFO] (PiriRuntimeAcceptance) PIRI_PHASE02_PACKET {"type":"SPIN_START","payload":{"sessionId":"c92d624d-975d-44e9-b8bf-d93111cd9e30","machineId":1,"spinId":"355f1be2-b327-4c68-8e18-30f82ce6a37d","mode":"NORMAL","animation":"NORMAL","startPhase":{"left":20.0,"center":16.0,"right":14.0},"stopEnableAfterMs":400}}
[15:31:22] [Render thread/INFO] (PiriRuntimeAcceptance) PIRI_PHASE02_PACKET {"type":"ACTION_ACCEPTED","payload":{"clientSequence":154,"action":"STOP_CENTER"}}
[15:31:22] [Render thread/INFO] (PiriRuntimeAcceptance) PIRI_PHASE02_PACKET {"type":"REEL_STOP","payload":{"spinId":"355f1be2-b327-4c68-8e18-30f82ce6a37d","reel":"CENTER","pressedIndex":7,"stopIndex":7,"slip":0,"durationMs":80}}
[15:31:22] [Render thread/INFO] (PiriRuntimeAcceptance) PIRI_PHASE02_PACKET {"type":"ACTION_ACCEPTED","payload":{"clientSequence":155,"action":"STOP_RIGHT"}}
[15:31:22] [Render thread/INFO] (PiriRuntimeAcceptance) PIRI_PHASE02_PACKET {"type":"REEL_STOP","payload":{"spinId":"355f1be2-b327-4c68-8e18-30f82ce6a37d","reel":"RIGHT","pressedIndex":14,"stopIndex":14,"slip":0,"durationMs":80}}
[15:31:23] [Render thread/INFO] (PiriRuntimeAcceptance) PIRI_PHASE02_PACKET {"type":"ACTION_ACCEPTED","payload":{"clientSequence":156,"action":"STOP_LEFT"}}
[15:31:23] [Render thread/INFO] (PiriRuntimeAcceptance) PIRI_PHASE02_PACKET {"type":"REEL_STOP","payload":{"spinId":"355f1be2-b327-4c68-8e18-30f82ce6a37d","reel":"LEFT","pressedIndex":8,"stopIndex":8,"slip":0,"durationMs":80}}
[15:31:23] [Render thread/INFO] (PiriRuntimeAcceptance) PIRI_PHASE02_PACKET {"type":"PUBLIC_STATE","payload":{"sessionId":"c92d624d-975d-44e9-b8bf-d93111cd9e30","machineId":1,"expectedNextClientSequence":157,"gameState":"SEATED_READY","lifecycle":"ACTIVE","credit":0,"heldMedals":0,"bet":0,"pay":0,"bonusCount":0,"lampOn":false,"displayStops":{"left":8,"center":7,"right":14},"stoppedMask":7}}
[15:31:23] [Render thread/INFO] (PiriRuntimeAcceptance) PIRI_PHASE02_PACKET {"type":"PUBLIC_STATE","payload":{"sessionId":"c92d624d-975d-44e9-b8bf-d93111cd9e30","machineId":1,"expectedNextClientSequence":157,"gameState":"NORMAL_SPINNING","lifecycle":"ACTIVE","credit":0,"heldMedals":0,"bet":0,"pay":0,"bonusCount":0,"lampOn":false,"displayStops":{"left":8,"center":7,"right":14},"stoppedMask":0}}
[15:31:23] [Render thread/INFO] (PiriRuntimeAcceptance) PIRI_PHASE02_PACKET {"type":"SPIN_START","payload":{"sessionId":"c92d624d-975d-44e9-b8bf-d93111cd9e30","machineId":1,"spinId":"d49d046f-35d7-4460-b441-871ee5b6ee0f","mode":"NORMAL","animation":"REVERSE_500MS","startPhase":{"left":8.0,"center":7.0,"right":14.0},"stopEnableAfterMs":800}}
[15:31:25] [Render thread/INFO] (PiriRuntimeAcceptance) PIRI_PHASE02_PACKET {"type":"ACTION_ACCEPTED","payload":{"clientSequence":157,"action":"STOP_RIGHT"}}
[15:31:25] [Render thread/INFO] (PiriRuntimeAcceptance) PIRI_PHASE02_PACKET {"type":"REEL_STOP","payload":{"spinId":"d49d046f-35d7-4460-b441-871ee5b6ee0f","reel":"RIGHT","pressedIndex":18,"stopIndex":18,"slip":0,"durationMs":80}}
[15:31:25] [Render thread/INFO] (PiriRuntimeAcceptance) PIRI_PHASE02_PACKET {"type":"ACTION_ACCEPTED","payload":{"clientSequence":158,"action":"STOP_LEFT"}}
[15:31:25] [Render thread/INFO] (PiriRuntimeAcceptance) PIRI_PHASE02_PACKET {"type":"REEL_STOP","payload":{"spinId":"d49d046f-35d7-4460-b441-871ee5b6ee0f","reel":"LEFT","pressedIndex":0,"stopIndex":8,"slip":8,"durationMs":480}}
[15:31:26] [Render thread/INFO] (PiriRuntimeAcceptance) PIRI_PHASE02_PACKET {"type":"ACTION_ACCEPTED","payload":{"clientSequence":159,"action":"STOP_CENTER"}}
[15:31:26] [Render thread/INFO] (PiriRuntimeAcceptance) PIRI_PHASE02_PACKET {"type":"REEL_STOP","payload":{"spinId":"d49d046f-35d7-4460-b441-871ee5b6ee0f","reel":"CENTER","pressedIndex":8,"stopIndex":9,"slip":1,"durationMs":130}}
[15:31:26] [Render thread/INFO] (PiriRuntimeAcceptance) PIRI_PHASE02_PACKET {"type":"PUBLIC_STATE","payload":{"sessionId":"c92d624d-975d-44e9-b8bf-d93111cd9e30","machineId":1,"expectedNextClientSequence":160,"gameState":"SEATED_READY","lifecycle":"ACTIVE","credit":0,"heldMedals":0,"bet":0,"pay":0,"bonusCount":0,"lampOn":false,"displayStops":{"left":8,"center":9,"right":18},"stoppedMask":7}}
[15:31:26] [Render thread/INFO] (PiriRuntimeAcceptance) PIRI_PHASE02_PACKET {"type":"PUBLIC_STATE","payload":{"sessionId":"c92d624d-975d-44e9-b8bf-d93111cd9e30","machineId":1,"expectedNextClientSequence":160,"gameState":"NORMAL_SPINNING","lifecycle":"ACTIVE","credit":0,"heldMedals":0,"bet":0,"pay":0,"bonusCount":0,"lampOn":false,"displayStops":{"left":8,"center":9,"right":18},"stoppedMask":0}}
[15:31:26] [Render thread/INFO] (PiriRuntimeAcceptance) PIRI_PHASE02_PACKET {"type":"SPIN_START","payload":{"sessionId":"c92d624d-975d-44e9-b8bf-d93111cd9e30","machineId":1,"spinId":"da3945fd-5a14-4c99-ad7b-c047456a436b","mode":"NORMAL","animation":"RESUME_NORMAL","startPhase":{"left":8.0,"center":9.0,"right":18.0},"stopEnableAfterMs":200}}
[15:31:27] [Render thread/INFO] (PiriRuntimeAcceptance) PIRI_PHASE02_PACKET {"type":"ACTION_ACCEPTED","payload":{"clientSequence":160,"action":"STOP_RIGHT"}}
[15:31:27] [Render thread/INFO] (PiriRuntimeAcceptance) PIRI_PHASE02_PACKET {"type":"REEL_STOP","payload":{"spinId":"da3945fd-5a14-4c99-ad7b-c047456a436b","reel":"RIGHT","pressedIndex":10,"stopIndex":10,"slip":0,"durationMs":80}}
[15:31:27] [Render thread/INFO] (PiriRuntimeAcceptance) PIRI_PHASE02_PACKET {"type":"ACTION_ACCEPTED","payload":{"clientSequence":161,"action":"STOP_CENTER"}}
[15:31:27] [Render thread/INFO] (PiriRuntimeAcceptance) PIRI_PHASE02_PACKET {"type":"REEL_STOP","payload":{"spinId":"da3945fd-5a14-4c99-ad7b-c047456a436b","reel":"CENTER","pressedIndex":10,"stopIndex":10,"slip":0,"durationMs":80}}
[15:31:28] [Render thread/INFO] (PiriRuntimeAcceptance) PIRI_PHASE02_PACKET {"type":"ACTION_ACCEPTED","payload":{"clientSequence":162,"action":"STOP_LEFT"}}
[15:31:28] [Render thread/INFO] (PiriRuntimeAcceptance) PIRI_PHASE02_PACKET {"type":"REEL_STOP","payload":{"spinId":"da3945fd-5a14-4c99-ad7b-c047456a436b","reel":"LEFT","pressedIndex":18,"stopIndex":20,"slip":2,"durationMs":180}}
[15:31:28] [Render thread/INFO] (PiriRuntimeAcceptance) PIRI_PHASE02_PACKET {"type":"PUBLIC_STATE","payload":{"sessionId":"c92d624d-975d-44e9-b8bf-d93111cd9e30","machineId":1,"expectedNextClientSequence":163,"gameState":"SEATED_READY","lifecycle":"ACTIVE","credit":0,"heldMedals":0,"bet":0,"pay":0,"bonusCount":0,"lampOn":false,"displayStops":{"left":20,"center":10,"right":10},"stoppedMask":7}}
[15:31:28] [Render thread/INFO] (PiriRuntimeAcceptance) PIRI_PHASE02_PACKET {"type":"PUBLIC_STATE","payload":{"sessionId":"c92d624d-975d-44e9-b8bf-d93111cd9e30","machineId":1,"expectedNextClientSequence":163,"gameState":"NORMAL_SPINNING","lifecycle":"ACTIVE","credit":0,"heldMedals":0,"bet":0,"pay":0,"bonusCount":0,"lampOn":false,"displayStops":{"left":20,"center":10,"right":10},"stoppedMask":0}}
[15:31:28] [Render thread/INFO] (PiriRuntimeAcceptance) PIRI_PHASE02_PACKET {"type":"SPIN_START","payload":{"sessionId":"c92d624d-975d-44e9-b8bf-d93111cd9e30","machineId":1,"spinId":"98c11661-374a-4a55-9f76-1361a848832c","mode":"NORMAL","animation":"NORMAL","startPhase":{"left":20.0,"center":10.0,"right":10.0},"stopEnableAfterMs":400}}
[15:31:29] [Render thread/INFO] (PiriRuntimeAcceptance) PIRI_PHASE02_PACKET {"type":"ACTION_ACCEPTED","payload":{"clientSequence":163,"action":"STOP_LEFT"}}
[15:31:29] [Render thread/INFO] (PiriRuntimeAcceptance) PIRI_PHASE02_PACKET {"type":"REEL_STOP","payload":{"spinId":"98c11661-374a-4a55-9f76-1361a848832c","reel":"LEFT","pressedIndex":10,"stopIndex":10,"slip":0,"durationMs":80}}
[15:31:30] [Render thread/INFO] (PiriRuntimeAcceptance) PIRI_PHASE02_PACKET {"type":"ACTION_ACCEPTED","payload":{"clientSequence":164,"action":"STOP_CENTER"}}
[15:31:30] [Render thread/INFO] (PiriRuntimeAcceptance) PIRI_PHASE02_PACKET {"type":"REEL_STOP","payload":{"spinId":"98c11661-374a-4a55-9f76-1361a848832c","reel":"CENTER","pressedIndex":9,"stopIndex":9,"slip":0,"durationMs":80}}
[15:31:30] [Render thread/INFO] (PiriRuntimeAcceptance) PIRI_PHASE02_PACKET {"type":"TENPAI_SOUND","payload":{"spinId":"98c11661-374a-4a55-9f76-1361a848832c"}}
[15:31:30] [Render thread/INFO] (PiriRuntimeAcceptance) PIRI_PHASE02_PACKET {"type":"ACTION_ACCEPTED","payload":{"clientSequence":165,"action":"STOP_RIGHT"}}
[15:31:30] [Render thread/INFO] (PiriRuntimeAcceptance) PIRI_PHASE02_PACKET {"type":"REEL_STOP","payload":{"spinId":"98c11661-374a-4a55-9f76-1361a848832c","reel":"RIGHT","pressedIndex":18,"stopIndex":18,"slip":0,"durationMs":80}}
[15:31:30] [Render thread/INFO] (PiriRuntimeAcceptance) PIRI_PHASE02_PACKET {"type":"PUBLIC_STATE","payload":{"sessionId":"c92d624d-975d-44e9-b8bf-d93111cd9e30","machineId":1,"expectedNextClientSequence":166,"gameState":"SEATED_READY","lifecycle":"ACTIVE","credit":0,"heldMedals":0,"bet":0,"pay":0,"bonusCount":0,"lampOn":false,"displayStops":{"left":10,"center":9,"right":18},"stoppedMask":7}}
[15:31:32] [Render thread/INFO] (PiriRuntimeAcceptance) PIRI_PHASE02_PACKET {"type":"PUBLIC_STATE","payload":{"sessionId":"c92d624d-975d-44e9-b8bf-d93111cd9e30","machineId":1,"expectedNextClientSequence":166,"gameState":"NORMAL_SPINNING","lifecycle":"ACTIVE","credit":0,"heldMedals":0,"bet":0,"pay":0,"bonusCount":0,"lampOn":false,"displayStops":{"left":10,"center":9,"right":18},"stoppedMask":0}}
[15:31:32] [Render thread/INFO] (PiriRuntimeAcceptance) PIRI_PHASE02_PACKET {"type":"SPIN_START","payload":{"sessionId":"c92d624d-975d-44e9-b8bf-d93111cd9e30","machineId":1,"spinId":"22af8e29-3be1-456a-94fa-5180310d75bf","mode":"NORMAL","animation":"REVERSE_500MS","startPhase":{"left":10.0,"center":9.0,"right":18.0},"stopEnableAfterMs":800}}
[15:31:33] [Render thread/INFO] (PiriRuntimeAcceptance) PIRI_PHASE02_PACKET {"type":"ACTION_ACCEPTED","payload":{"clientSequence":166,"action":"STOP_LEFT"}}
[15:31:33] [Render thread/INFO] (PiriRuntimeAcceptance) PIRI_PHASE02_PACKET {"type":"REEL_STOP","payload":{"spinId":"22af8e29-3be1-456a-94fa-5180310d75bf","reel":"LEFT","pressedIndex":14,"stopIndex":14,"slip":0,"durationMs":80}}
[15:31:34] [Render thread/INFO] (PiriRuntimeAcceptance) PIRI_PHASE02_PACKET {"type":"ACTION_ACCEPTED","payload":{"clientSequence":167,"action":"STOP_RIGHT"}}
[15:31:34] [Render thread/INFO] (PiriRuntimeAcceptance) PIRI_PHASE02_PACKET {"type":"REEL_STOP","payload":{"spinId":"22af8e29-3be1-456a-94fa-5180310d75bf","reel":"RIGHT","pressedIndex":15,"stopIndex":15,"slip":0,"durationMs":80}}
[15:31:34] [Render thread/INFO] (PiriRuntimeAcceptance) PIRI_PHASE02_PACKET {"type":"TENPAI_SOUND","payload":{"spinId":"22af8e29-3be1-456a-94fa-5180310d75bf"}}
[15:31:34] [Render thread/INFO] (PiriRuntimeAcceptance) PIRI_PHASE02_PACKET {"type":"ACTION_ACCEPTED","payload":{"clientSequence":168,"action":"STOP_CENTER"}}
[15:31:34] [Render thread/INFO] (PiriRuntimeAcceptance) PIRI_PHASE02_PACKET {"type":"REEL_STOP","payload":{"spinId":"22af8e29-3be1-456a-94fa-5180310d75bf","reel":"CENTER","pressedIndex":15,"stopIndex":15,"slip":0,"durationMs":80}}
[15:31:34] [Render thread/INFO] (PiriRuntimeAcceptance) PIRI_PHASE02_PACKET {"type":"PUBLIC_STATE","payload":{"sessionId":"c92d624d-975d-44e9-b8bf-d93111cd9e30","machineId":1,"expectedNextClientSequence":169,"gameState":"SEATED_READY","lifecycle":"ACTIVE","credit":0,"heldMedals":0,"bet":0,"pay":0,"bonusCount":0,"lampOn":false,"displayStops":{"left":14,"center":15,"right":15},"stoppedMask":7}}
[15:31:35] [Render thread/INFO] (PiriRuntimeAcceptance) PIRI_PHASE02_PACKET {"type":"PUBLIC_STATE","payload":{"sessionId":"c92d624d-975d-44e9-b8bf-d93111cd9e30","machineId":1,"expectedNextClientSequence":169,"gameState":"NORMAL_SPINNING","lifecycle":"ACTIVE","credit":0,"heldMedals":0,"bet":0,"pay":0,"bonusCount":0,"lampOn":false,"displayStops":{"left":14,"center":15,"right":15},"stoppedMask":0}}
[15:31:35] [Render thread/INFO] (PiriRuntimeAcceptance) PIRI_PHASE02_PACKET {"type":"SPIN_START","payload":{"sessionId":"c92d624d-975d-44e9-b8bf-d93111cd9e30","machineId":1,"spinId":"6135dd72-110c-4221-a6fd-d9e5afc3a98e","mode":"NORMAL","animation":"RESUME_NORMAL","startPhase":{"left":14.0,"center":15.0,"right":15.0},"stopEnableAfterMs":200}}
[15:31:35] [Render thread/INFO] (PiriRuntimeAcceptance) PIRI_PHASE02_PACKET {"type":"ACTION_ACCEPTED","payload":{"clientSequence":169,"action":"STOP_CENTER"}}
[15:31:35] [Render thread/INFO] (PiriRuntimeAcceptance) PIRI_PHASE02_PACKET {"type":"REEL_STOP","payload":{"spinId":"6135dd72-110c-4221-a6fd-d9e5afc3a98e","reel":"CENTER","pressedIndex":2,"stopIndex":2,"slip":0,"durationMs":80}}
[15:31:36] [Render thread/INFO] (PiriRuntimeAcceptance) PIRI_PHASE02_PACKET {"type":"ACTION_ACCEPTED","payload":{"clientSequence":170,"action":"STOP_LEFT"}}
[15:31:36] [Render thread/INFO] (PiriRuntimeAcceptance) PIRI_PHASE02_PACKET {"type":"REEL_STOP","payload":{"spinId":"6135dd72-110c-4221-a6fd-d9e5afc3a98e","reel":"LEFT","pressedIndex":10,"stopIndex":10,"slip":0,"durationMs":80}}
[15:31:36] [Render thread/INFO] (PiriRuntimeAcceptance) PIRI_PHASE02_PACKET {"type":"TENPAI_SOUND","payload":{"spinId":"6135dd72-110c-4221-a6fd-d9e5afc3a98e"}}
[15:31:36] [Render thread/INFO] (PiriRuntimeAcceptance) PIRI_PHASE02_PACKET {"type":"ACTION_ACCEPTED","payload":{"clientSequence":171,"action":"STOP_RIGHT"}}
[15:31:36] [Render thread/INFO] (PiriRuntimeAcceptance) PIRI_PHASE02_PACKET {"type":"REEL_STOP","payload":{"spinId":"6135dd72-110c-4221-a6fd-d9e5afc3a98e","reel":"RIGHT","pressedIndex":20,"stopIndex":20,"slip":0,"durationMs":80}}
[15:31:36] [Render thread/INFO] (PiriRuntimeAcceptance) PIRI_PHASE02_PACKET {"type":"PUBLIC_STATE","payload":{"sessionId":"c92d624d-975d-44e9-b8bf-d93111cd9e30","machineId":1,"expectedNextClientSequence":172,"gameState":"SEATED_READY","lifecycle":"ACTIVE","credit":0,"heldMedals":0,"bet":0,"pay":0,"bonusCount":0,"lampOn":false,"displayStops":{"left":10,"center":2,"right":20},"stoppedMask":7}}
[15:31:37] [Render thread/INFO] (PiriRuntimeAcceptance) PIRI_PHASE02_PACKET {"type":"PUBLIC_STATE","payload":{"sessionId":"c92d624d-975d-44e9-b8bf-d93111cd9e30","machineId":1,"expectedNextClientSequence":172,"gameState":"NORMAL_SPINNING","lifecycle":"ACTIVE","credit":0,"heldMedals":0,"bet":0,"pay":0,"bonusCount":0,"lampOn":false,"displayStops":{"left":10,"center":2,"right":20},"stoppedMask":0}}
[15:31:37] [Render thread/INFO] (PiriRuntimeAcceptance) PIRI_PHASE02_PACKET {"type":"SPIN_START","payload":{"sessionId":"c92d624d-975d-44e9-b8bf-d93111cd9e30","machineId":1,"spinId":"a94e9a6f-76bb-420a-9bc2-2cd83c1e5b95","mode":"NORMAL","animation":"NORMAL","startPhase":{"left":10.0,"center":2.0,"right":20.0},"stopEnableAfterMs":400}}
[15:31:38] [Render thread/INFO] (PiriRuntimeAcceptance) PIRI_PHASE02_PACKET {"type":"ACTION_ACCEPTED","payload":{"clientSequence":172,"action":"STOP_CENTER"}}
[15:31:38] [Render thread/INFO] (PiriRuntimeAcceptance) PIRI_PHASE02_PACKET {"type":"REEL_STOP","payload":{"spinId":"a94e9a6f-76bb-420a-9bc2-2cd83c1e5b95","reel":"CENTER","pressedIndex":9,"stopIndex":9,"slip":0,"durationMs":80}}
[15:31:38] [Render thread/INFO] (PiriRuntimeAcceptance) PIRI_PHASE02_PACKET {"type":"ACTION_ACCEPTED","payload":{"clientSequence":173,"action":"STOP_RIGHT"}}
[15:31:38] [Render thread/INFO] (PiriRuntimeAcceptance) PIRI_PHASE02_PACKET {"type":"REEL_STOP","payload":{"spinId":"a94e9a6f-76bb-420a-9bc2-2cd83c1e5b95","reel":"RIGHT","pressedIndex":15,"stopIndex":15,"slip":0,"durationMs":80}}
[15:31:38] [Render thread/INFO] (PiriRuntimeAcceptance) PIRI_PHASE02_PACKET {"type":"TENPAI_SOUND","payload":{"spinId":"a94e9a6f-76bb-420a-9bc2-2cd83c1e5b95"}}
[15:31:39] [Render thread/INFO] (PiriRuntimeAcceptance) PIRI_PHASE02_PACKET {"type":"ACTION_ACCEPTED","payload":{"clientSequence":174,"action":"STOP_LEFT"}}
[15:31:39] [Render thread/INFO] (PiriRuntimeAcceptance) PIRI_PHASE02_PACKET {"type":"REEL_STOP","payload":{"spinId":"a94e9a6f-76bb-420a-9bc2-2cd83c1e5b95","reel":"LEFT","pressedIndex":14,"stopIndex":14,"slip":0,"durationMs":80}}
[15:31:39] [Render thread/INFO] (PiriRuntimeAcceptance) PIRI_PHASE02_PACKET {"type":"PUBLIC_STATE","payload":{"sessionId":"c92d624d-975d-44e9-b8bf-d93111cd9e30","machineId":1,"expectedNextClientSequence":175,"gameState":"SEATED_READY","lifecycle":"ACTIVE","credit":0,"heldMedals":0,"bet":0,"pay":0,"bonusCount":0,"lampOn":false,"displayStops":{"left":14,"center":9,"right":15},"stoppedMask":7}}
[15:31:39] [Render thread/INFO] (PiriRuntimeAcceptance) PIRI_PHASE02_PACKET {"type":"PUBLIC_STATE","payload":{"sessionId":"c92d624d-975d-44e9-b8bf-d93111cd9e30","machineId":1,"expectedNextClientSequence":175,"gameState":"NORMAL_SPINNING","lifecycle":"ACTIVE","credit":0,"heldMedals":0,"bet":0,"pay":0,"bonusCount":0,"lampOn":false,"displayStops":{"left":14,"center":9,"right":15},"stoppedMask":0}}
[15:31:39] [Render thread/INFO] (PiriRuntimeAcceptance) PIRI_PHASE02_PACKET {"type":"SPIN_START","payload":{"sessionId":"c92d624d-975d-44e9-b8bf-d93111cd9e30","machineId":1,"spinId":"06e5d99e-3916-4760-9341-85bb192b25c5","mode":"NORMAL","animation":"REVERSE_500MS","startPhase":{"left":14.0,"center":9.0,"right":15.0},"stopEnableAfterMs":800}}
[15:31:41] [Render thread/INFO] (PiriRuntimeAcceptance) PIRI_PHASE02_PACKET {"type":"ACTION_ACCEPTED","payload":{"clientSequence":175,"action":"STOP_RIGHT"}}
[15:31:41] [Render thread/INFO] (PiriRuntimeAcceptance) PIRI_PHASE02_PACKET {"type":"REEL_STOP","payload":{"spinId":"06e5d99e-3916-4760-9341-85bb192b25c5","reel":"RIGHT","pressedIndex":3,"stopIndex":3,"slip":0,"durationMs":80}}
[15:31:41] [Render thread/INFO] (PiriRuntimeAcceptance) PIRI_PHASE02_PACKET {"type":"ACTION_ACCEPTED","payload":{"clientSequence":176,"action":"STOP_LEFT"}}
[15:31:41] [Render thread/INFO] (PiriRuntimeAcceptance) PIRI_PHASE02_PACKET {"type":"REEL_STOP","payload":{"spinId":"06e5d99e-3916-4760-9341-85bb192b25c5","reel":"LEFT","pressedIndex":11,"stopIndex":11,"slip":0,"durationMs":80}}
[15:31:41] [Render thread/INFO] (PiriRuntimeAcceptance) PIRI_PHASE02_PACKET {"type":"TENPAI_SOUND","payload":{"spinId":"06e5d99e-3916-4760-9341-85bb192b25c5"}}
[15:31:42] [Render thread/INFO] (PiriRuntimeAcceptance) PIRI_PHASE02_PACKET {"type":"ACTION_ACCEPTED","payload":{"clientSequence":177,"action":"STOP_CENTER"}}
[15:31:42] [Render thread/INFO] (PiriRuntimeAcceptance) PIRI_PHASE02_PACKET {"type":"REEL_STOP","payload":{"spinId":"06e5d99e-3916-4760-9341-85bb192b25c5","reel":"CENTER","pressedIndex":15,"stopIndex":15,"slip":0,"durationMs":80}}
[15:31:42] [Render thread/INFO] (PiriRuntimeAcceptance) PIRI_PHASE02_PACKET {"type":"PUBLIC_STATE","payload":{"sessionId":"c92d624d-975d-44e9-b8bf-d93111cd9e30","machineId":1,"expectedNextClientSequence":178,"gameState":"SEATED_READY","lifecycle":"ACTIVE","credit":0,"heldMedals":0,"bet":0,"pay":0,"bonusCount":0,"lampOn":false,"displayStops":{"left":11,"center":15,"right":3},"stoppedMask":7}}
[15:31:42] [Render thread/INFO] (PiriRuntimeAcceptance) PIRI_PHASE02_PACKET {"type":"PUBLIC_STATE","payload":{"sessionId":"c92d624d-975d-44e9-b8bf-d93111cd9e30","machineId":1,"expectedNextClientSequence":178,"gameState":"NORMAL_SPINNING","lifecycle":"ACTIVE","credit":0,"heldMedals":0,"bet":0,"pay":0,"bonusCount":0,"lampOn":false,"displayStops":{"left":11,"center":15,"right":3},"stoppedMask":0}}
[15:31:42] [Render thread/INFO] (PiriRuntimeAcceptance) PIRI_PHASE02_PACKET {"type":"SPIN_START","payload":{"sessionId":"c92d624d-975d-44e9-b8bf-d93111cd9e30","machineId":1,"spinId":"3cce98d4-0922-40dc-a715-fee6ca06acdb","mode":"NORMAL","animation":"RESUME_NORMAL","startPhase":{"left":11.0,"center":15.0,"right":3.0},"stopEnableAfterMs":200}}
[15:31:43] [Render thread/INFO] (PiriRuntimeAcceptance) PIRI_PHASE02_PACKET {"type":"ACTION_ACCEPTED","payload":{"clientSequence":178,"action":"STOP_RIGHT"}}
[15:31:43] [Render thread/INFO] (PiriRuntimeAcceptance) PIRI_PHASE02_PACKET {"type":"REEL_STOP","payload":{"spinId":"3cce98d4-0922-40dc-a715-fee6ca06acdb","reel":"RIGHT","pressedIndex":12,"stopIndex":12,"slip":0,"durationMs":80}}
[15:31:44] [Render thread/INFO] (PiriRuntimeAcceptance) PIRI_PHASE02_PACKET {"type":"ACTION_ACCEPTED","payload":{"clientSequence":179,"action":"STOP_CENTER"}}
[15:31:44] [Render thread/INFO] (PiriRuntimeAcceptance) PIRI_PHASE02_PACKET {"type":"REEL_STOP","payload":{"spinId":"3cce98d4-0922-40dc-a715-fee6ca06acdb","reel":"CENTER","pressedIndex":16,"stopIndex":16,"slip":0,"durationMs":80}}
[15:31:44] [Render thread/INFO] (PiriRuntimeAcceptance) PIRI_PHASE02_PACKET {"type":"TENPAI_SOUND","payload":{"spinId":"3cce98d4-0922-40dc-a715-fee6ca06acdb"}}
[15:31:44] [Render thread/INFO] (PiriRuntimeAcceptance) PIRI_PHASE02_PACKET {"type":"ACTION_ACCEPTED","payload":{"clientSequence":180,"action":"STOP_LEFT"}}
[15:31:44] [Render thread/INFO] (PiriRuntimeAcceptance) PIRI_PHASE02_PACKET {"type":"REEL_STOP","payload":{"spinId":"3cce98d4-0922-40dc-a715-fee6ca06acdb","reel":"LEFT","pressedIndex":0,"stopIndex":2,"slip":2,"durationMs":180}}
[15:31:44] [Render thread/INFO] (PiriRuntimeAcceptance) PIRI_PHASE02_PACKET {"type":"PUBLIC_STATE","payload":{"sessionId":"c92d624d-975d-44e9-b8bf-d93111cd9e30","machineId":1,"expectedNextClientSequence":181,"gameState":"SEATED_READY","lifecycle":"ACTIVE","credit":0,"heldMedals":0,"bet":0,"pay":0,"bonusCount":0,"lampOn":false,"displayStops":{"left":2,"center":16,"right":12},"stoppedMask":7}}
[15:31:45] [Render thread/INFO] (PiriRuntimeAcceptance) PIRI_PHASE02_PACKET {"type":"PUBLIC_STATE","payload":{"sessionId":"c92d624d-975d-44e9-b8bf-d93111cd9e30","machineId":1,"expectedNextClientSequence":181,"gameState":"NORMAL_SPINNING","lifecycle":"ACTIVE","credit":0,"heldMedals":0,"bet":0,"pay":0,"bonusCount":0,"lampOn":false,"displayStops":{"left":2,"center":16,"right":12},"stoppedMask":0}}
[15:31:45] [Render thread/INFO] (PiriRuntimeAcceptance) PIRI_PHASE02_PACKET {"type":"SPIN_START","payload":{"sessionId":"c92d624d-975d-44e9-b8bf-d93111cd9e30","machineId":1,"spinId":"a041c833-2d2d-4f8e-b71f-b98f51d6f713","mode":"NORMAL","animation":"NORMAL","startPhase":{"left":2.0,"center":16.0,"right":12.0},"stopEnableAfterMs":400}}
[15:31:46] [Render thread/INFO] (PiriRuntimeAcceptance) PIRI_PHASE02_PACKET {"type":"ACTION_ACCEPTED","payload":{"clientSequence":181,"action":"STOP_LEFT"}}
[15:31:46] [Render thread/INFO] (PiriRuntimeAcceptance) PIRI_PHASE02_PACKET {"type":"REEL_STOP","payload":{"spinId":"a041c833-2d2d-4f8e-b71f-b98f51d6f713","reel":"LEFT","pressedIndex":14,"stopIndex":19,"slip":5,"durationMs":330}}
[15:31:46] [Render thread/INFO] (PiriRuntimeAcceptance) PIRI_PHASE02_PACKET {"type":"ACTION_ACCEPTED","payload":{"clientSequence":182,"action":"STOP_CENTER"}}
[15:31:46] [Render thread/INFO] (PiriRuntimeAcceptance) PIRI_PHASE02_PACKET {"type":"REEL_STOP","payload":{"spinId":"a041c833-2d2d-4f8e-b71f-b98f51d6f713","reel":"CENTER","pressedIndex":16,"stopIndex":16,"slip":0,"durationMs":80}}
[15:31:46] [Render thread/INFO] (PiriRuntimeAcceptance) PIRI_PHASE02_PACKET {"type":"TENPAI_SOUND","payload":{"spinId":"a041c833-2d2d-4f8e-b71f-b98f51d6f713"}}
[15:31:47] [Render thread/INFO] (PiriRuntimeAcceptance) PIRI_PHASE02_PACKET {"type":"ACTION_ACCEPTED","payload":{"clientSequence":183,"action":"STOP_RIGHT"}}
[15:31:47] [Render thread/INFO] (PiriRuntimeAcceptance) PIRI_PHASE02_PACKET {"type":"REEL_STOP","payload":{"spinId":"a041c833-2d2d-4f8e-b71f-b98f51d6f713","reel":"RIGHT","pressedIndex":0,"stopIndex":0,"slip":0,"durationMs":80}}
[15:31:47] [Render thread/INFO] (PiriRuntimeAcceptance) PIRI_PHASE02_PACKET {"type":"PUBLIC_STATE","payload":{"sessionId":"c92d624d-975d-44e9-b8bf-d93111cd9e30","machineId":1,"expectedNextClientSequence":184,"gameState":"SEATED_READY","lifecycle":"ACTIVE","credit":0,"heldMedals":0,"bet":0,"pay":0,"bonusCount":0,"lampOn":false,"displayStops":{"left":19,"center":16,"right":0},"stoppedMask":7}}
[15:31:48] [Render thread/INFO] (PiriRuntimeAcceptance) PIRI_PHASE02_PACKET {"type":"PUBLIC_STATE","payload":{"sessionId":"c92d624d-975d-44e9-b8bf-d93111cd9e30","machineId":1,"expectedNextClientSequence":184,"gameState":"NORMAL_SPINNING","lifecycle":"ACTIVE","credit":0,"heldMedals":0,"bet":0,"pay":0,"bonusCount":0,"lampOn":false,"displayStops":{"left":19,"center":16,"right":0},"stoppedMask":0}}
[15:31:48] [Render thread/INFO] (PiriRuntimeAcceptance) PIRI_PHASE02_PACKET {"type":"SPIN_START","payload":{"sessionId":"c92d624d-975d-44e9-b8bf-d93111cd9e30","machineId":1,"spinId":"0999a6dc-1039-40a7-aece-56e2d18e3d04","mode":"NORMAL","animation":"REVERSE_500MS","startPhase":{"left":19.0,"center":16.0,"right":0.0},"stopEnableAfterMs":800}}
[15:31:49] [Render thread/INFO] (PiriRuntimeAcceptance) PIRI_PHASE02_PACKET {"type":"ACTION_ACCEPTED","payload":{"clientSequence":184,"action":"STOP_LEFT"}}
[15:31:49] [Render thread/INFO] (PiriRuntimeAcceptance) PIRI_PHASE02_PACKET {"type":"REEL_STOP","payload":{"spinId":"0999a6dc-1039-40a7-aece-56e2d18e3d04","reel":"LEFT","pressedIndex":7,"stopIndex":7,"slip":0,"durationMs":80}}
[15:31:50] [Render thread/INFO] (PiriRuntimeAcceptance) PIRI_PHASE02_PACKET {"type":"ACTION_ACCEPTED","payload":{"clientSequence":185,"action":"STOP_RIGHT"}}
[15:31:50] [Render thread/INFO] (PiriRuntimeAcceptance) PIRI_PHASE02_PACKET {"type":"REEL_STOP","payload":{"spinId":"0999a6dc-1039-40a7-aece-56e2d18e3d04","reel":"RIGHT","pressedIndex":18,"stopIndex":18,"slip":0,"durationMs":80}}
[15:31:50] [Render thread/INFO] (PiriRuntimeAcceptance) PIRI_PHASE02_PACKET {"type":"TENPAI_SOUND","payload":{"spinId":"0999a6dc-1039-40a7-aece-56e2d18e3d04"}}
[15:31:50] [Render thread/INFO] (PiriRuntimeAcceptance) PIRI_PHASE02_PACKET {"type":"ACTION_ACCEPTED","payload":{"clientSequence":186,"action":"STOP_CENTER"}}
[15:31:50] [Render thread/INFO] (PiriRuntimeAcceptance) PIRI_PHASE02_PACKET {"type":"REEL_STOP","payload":{"spinId":"0999a6dc-1039-40a7-aece-56e2d18e3d04","reel":"CENTER","pressedIndex":1,"stopIndex":1,"slip":0,"durationMs":80}}
[15:31:50] [Render thread/INFO] (PiriRuntimeAcceptance) PIRI_PHASE02_PACKET {"type":"PUBLIC_STATE","payload":{"sessionId":"c92d624d-975d-44e9-b8bf-d93111cd9e30","machineId":1,"expectedNextClientSequence":187,"gameState":"SEATED_READY","lifecycle":"ACTIVE","credit":0,"heldMedals":0,"bet":0,"pay":0,"bonusCount":0,"lampOn":false,"displayStops":{"left":7,"center":1,"right":18},"stoppedMask":7}}
[15:31:51] [Render thread/INFO] (PiriRuntimeAcceptance) PIRI_PHASE02_PACKET {"type":"PUBLIC_STATE","payload":{"sessionId":"c92d624d-975d-44e9-b8bf-d93111cd9e30","machineId":1,"expectedNextClientSequence":187,"gameState":"NORMAL_SPINNING","lifecycle":"ACTIVE","credit":0,"heldMedals":0,"bet":0,"pay":0,"bonusCount":0,"lampOn":false,"displayStops":{"left":7,"center":1,"right":18},"stoppedMask":0}}
[15:31:51] [Render thread/INFO] (PiriRuntimeAcceptance) PIRI_PHASE02_PACKET {"type":"SPIN_START","payload":{"sessionId":"c92d624d-975d-44e9-b8bf-d93111cd9e30","machineId":1,"spinId":"0dee67d9-31bc-4ff0-86f4-e434b8084741","mode":"NORMAL","animation":"RESUME_NORMAL","startPhase":{"left":7.0,"center":1.0,"right":18.0},"stopEnableAfterMs":200}}
[15:31:51] [Render thread/INFO] (PiriRuntimeAcceptance) PIRI_PHASE02_PACKET {"type":"ACTION_ACCEPTED","payload":{"clientSequence":187,"action":"STOP_CENTER"}}
[15:31:51] [Render thread/INFO] (PiriRuntimeAcceptance) PIRI_PHASE02_PACKET {"type":"REEL_STOP","payload":{"spinId":"0dee67d9-31bc-4ff0-86f4-e434b8084741","reel":"CENTER","pressedIndex":9,"stopIndex":9,"slip":0,"durationMs":80}}
[15:31:52] [Render thread/INFO] (PiriRuntimeAcceptance) PIRI_PHASE02_PACKET {"type":"ACTION_ACCEPTED","payload":{"clientSequence":188,"action":"STOP_LEFT"}}
[15:31:52] [Render thread/INFO] (PiriRuntimeAcceptance) PIRI_PHASE02_PACKET {"type":"REEL_STOP","payload":{"spinId":"0dee67d9-31bc-4ff0-86f4-e434b8084741","reel":"LEFT","pressedIndex":8,"stopIndex":9,"slip":1,"durationMs":130}}
[15:31:52] [Render thread/INFO] (PiriRuntimeAcceptance) PIRI_PHASE02_PACKET {"type":"TENPAI_SOUND","payload":{"spinId":"0dee67d9-31bc-4ff0-86f4-e434b8084741"}}
[15:31:53] [Render thread/INFO] (PiriRuntimeAcceptance) PIRI_PHASE02_PACKET {"type":"ACTION_ACCEPTED","payload":{"clientSequence":189,"action":"STOP_RIGHT"}}
[15:31:53] [Render thread/INFO] (PiriRuntimeAcceptance) PIRI_PHASE02_PACKET {"type":"REEL_STOP","payload":{"spinId":"0dee67d9-31bc-4ff0-86f4-e434b8084741","reel":"RIGHT","pressedIndex":7,"stopIndex":7,"slip":0,"durationMs":80}}
[15:31:53] [Render thread/INFO] (PiriRuntimeAcceptance) PIRI_PHASE02_PACKET {"type":"PUBLIC_STATE","payload":{"sessionId":"c92d624d-975d-44e9-b8bf-d93111cd9e30","machineId":1,"expectedNextClientSequence":190,"gameState":"SEATED_READY","lifecycle":"ACTIVE","credit":0,"heldMedals":0,"bet":0,"pay":0,"bonusCount":0,"lampOn":false,"displayStops":{"left":9,"center":9,"right":7},"stoppedMask":7}}
[15:31:53] [Render thread/INFO] (PiriRuntimeAcceptance) PIRI_PHASE02_PACKET {"type":"PUBLIC_STATE","payload":{"sessionId":"c92d624d-975d-44e9-b8bf-d93111cd9e30","machineId":1,"expectedNextClientSequence":190,"gameState":"NORMAL_SPINNING","lifecycle":"ACTIVE","credit":0,"heldMedals":0,"bet":0,"pay":0,"bonusCount":0,"lampOn":false,"displayStops":{"left":9,"center":9,"right":7},"stoppedMask":0}}
[15:31:53] [Render thread/INFO] (PiriRuntimeAcceptance) PIRI_PHASE02_PACKET {"type":"SPIN_START","payload":{"sessionId":"c92d624d-975d-44e9-b8bf-d93111cd9e30","machineId":1,"spinId":"4cc9c42e-741f-41d1-b765-6674cd854519","mode":"NORMAL","animation":"NORMAL","startPhase":{"left":9.0,"center":9.0,"right":7.0},"stopEnableAfterMs":400}}
[15:31:54] [Render thread/INFO] (PiriRuntimeAcceptance) PIRI_PHASE02_PACKET {"type":"ACTION_ACCEPTED","payload":{"clientSequence":190,"action":"STOP_CENTER"}}
[15:31:54] [Render thread/INFO] (PiriRuntimeAcceptance) PIRI_PHASE02_PACKET {"type":"REEL_STOP","payload":{"spinId":"4cc9c42e-741f-41d1-b765-6674cd854519","reel":"CENTER","pressedIndex":20,"stopIndex":20,"slip":0,"durationMs":80}}
[15:31:55] [Render thread/INFO] (PiriRuntimeAcceptance) PIRI_PHASE02_PACKET {"type":"ACTION_ACCEPTED","payload":{"clientSequence":191,"action":"STOP_RIGHT"}}
[15:31:55] [Render thread/INFO] (PiriRuntimeAcceptance) PIRI_PHASE02_PACKET {"type":"REEL_STOP","payload":{"spinId":"4cc9c42e-741f-41d1-b765-6674cd854519","reel":"RIGHT","pressedIndex":6,"stopIndex":6,"slip":0,"durationMs":80}}
[15:31:55] [Render thread/INFO] (PiriRuntimeAcceptance) PIRI_PHASE02_PACKET {"type":"TENPAI_SOUND","payload":{"spinId":"4cc9c42e-741f-41d1-b765-6674cd854519"}}
[15:31:55] [Render thread/INFO] (PiriRuntimeAcceptance) PIRI_PHASE02_PACKET {"type":"ACTION_ACCEPTED","payload":{"clientSequence":192,"action":"STOP_LEFT"}}
[15:31:55] [Render thread/INFO] (PiriRuntimeAcceptance) PIRI_PHASE02_PACKET {"type":"REEL_STOP","payload":{"spinId":"4cc9c42e-741f-41d1-b765-6674cd854519","reel":"LEFT","pressedIndex":18,"stopIndex":0,"slip":3,"durationMs":230}}
[15:31:55] [Render thread/INFO] (PiriRuntimeAcceptance) PIRI_PHASE02_PACKET {"type":"PUBLIC_STATE","payload":{"sessionId":"c92d624d-975d-44e9-b8bf-d93111cd9e30","machineId":1,"expectedNextClientSequence":193,"gameState":"SEATED_READY","lifecycle":"ACTIVE","credit":0,"heldMedals":0,"bet":0,"pay":0,"bonusCount":0,"lampOn":false,"displayStops":{"left":0,"center":20,"right":6},"stoppedMask":7}}
[15:31:56] [Render thread/INFO] (PiriRuntimeAcceptance) PIRI_PHASE02_PACKET {"type":"PUBLIC_STATE","payload":{"sessionId":"c92d624d-975d-44e9-b8bf-d93111cd9e30","machineId":1,"expectedNextClientSequence":193,"gameState":"NORMAL_SPINNING","lifecycle":"ACTIVE","credit":0,"heldMedals":0,"bet":0,"pay":0,"bonusCount":0,"lampOn":false,"displayStops":{"left":0,"center":20,"right":6},"stoppedMask":0}}
[15:31:56] [Render thread/INFO] (PiriRuntimeAcceptance) PIRI_PHASE02_PACKET {"type":"SPIN_START","payload":{"sessionId":"c92d624d-975d-44e9-b8bf-d93111cd9e30","machineId":1,"spinId":"6cf7320c-bef3-4394-9b29-d33a886a2e26","mode":"NORMAL","animation":"REVERSE_500MS","startPhase":{"left":0.0,"center":20.0,"right":6.0},"stopEnableAfterMs":800}}
[15:31:57] [Render thread/INFO] (PiriRuntimeAcceptance) PIRI_PHASE02_PACKET {"type":"ACTION_ACCEPTED","payload":{"clientSequence":193,"action":"STOP_RIGHT"}}
[15:31:57] [Render thread/INFO] (PiriRuntimeAcceptance) PIRI_PHASE02_PACKET {"type":"REEL_STOP","payload":{"spinId":"6cf7320c-bef3-4394-9b29-d33a886a2e26","reel":"RIGHT","pressedIndex":10,"stopIndex":10,"slip":0,"durationMs":80}}
[15:31:58] [Render thread/INFO] (PiriRuntimeAcceptance) PIRI_PHASE02_PACKET {"type":"ACTION_ACCEPTED","payload":{"clientSequence":194,"action":"STOP_LEFT"}}
[15:31:58] [Render thread/INFO] (PiriRuntimeAcceptance) PIRI_PHASE02_PACKET {"type":"REEL_STOP","payload":{"spinId":"6cf7320c-bef3-4394-9b29-d33a886a2e26","reel":"LEFT","pressedIndex":13,"stopIndex":19,"slip":6,"durationMs":380}}
[15:31:58] [Render thread/INFO] (PiriRuntimeAcceptance) PIRI_PHASE02_PACKET {"type":"TENPAI_SOUND","payload":{"spinId":"6cf7320c-bef3-4394-9b29-d33a886a2e26"}}
[15:31:58] [Render thread/INFO] (PiriRuntimeAcceptance) PIRI_PHASE02_PACKET {"type":"ACTION_ACCEPTED","payload":{"clientSequence":195,"action":"STOP_CENTER"}}
[15:31:58] [Render thread/INFO] (PiriRuntimeAcceptance) PIRI_PHASE02_PACKET {"type":"REEL_STOP","payload":{"spinId":"6cf7320c-bef3-4394-9b29-d33a886a2e26","reel":"CENTER","pressedIndex":0,"stopIndex":0,"slip":0,"durationMs":80}}
[15:31:58] [Render thread/INFO] (PiriRuntimeAcceptance) PIRI_PHASE02_PACKET {"type":"PUBLIC_STATE","payload":{"sessionId":"c92d624d-975d-44e9-b8bf-d93111cd9e30","machineId":1,"expectedNextClientSequence":196,"gameState":"SEATED_READY","lifecycle":"ACTIVE","credit":0,"heldMedals":0,"bet":0,"pay":0,"bonusCount":0,"lampOn":false,"displayStops":{"left":19,"center":0,"right":10},"stoppedMask":7}}
[15:31:59] [Render thread/INFO] (PiriRuntimeAcceptance) PIRI_PHASE02_PACKET {"type":"PUBLIC_STATE","payload":{"sessionId":"c92d624d-975d-44e9-b8bf-d93111cd9e30","machineId":1,"expectedNextClientSequence":196,"gameState":"NORMAL_SPINNING","lifecycle":"ACTIVE","credit":0,"heldMedals":0,"bet":0,"pay":0,"bonusCount":0,"lampOn":false,"displayStops":{"left":19,"center":0,"right":10},"stoppedMask":0}}
[15:31:59] [Render thread/INFO] (PiriRuntimeAcceptance) PIRI_PHASE02_PACKET {"type":"SPIN_START","payload":{"sessionId":"c92d624d-975d-44e9-b8bf-d93111cd9e30","machineId":1,"spinId":"c16f2888-625f-4094-a8cf-61fc0619ef2e","mode":"NORMAL","animation":"RESUME_NORMAL","startPhase":{"left":19.0,"center":0.0,"right":10.0},"stopEnableAfterMs":200}}
[15:31:59] [Render thread/INFO] (PiriRuntimeAcceptance) PIRI_PHASE02_PACKET {"type":"ACTION_ACCEPTED","payload":{"clientSequence":196,"action":"STOP_RIGHT"}}
[15:31:59] [Render thread/INFO] (PiriRuntimeAcceptance) PIRI_PHASE02_PACKET {"type":"REEL_STOP","payload":{"spinId":"c16f2888-625f-4094-a8cf-61fc0619ef2e","reel":"RIGHT","pressedIndex":18,"stopIndex":18,"slip":0,"durationMs":80}}
[15:32:00] [Render thread/INFO] (PiriRuntimeAcceptance) PIRI_PHASE02_PACKET {"type":"ACTION_ACCEPTED","payload":{"clientSequence":197,"action":"STOP_CENTER"}}
[15:32:00] [Render thread/INFO] (PiriRuntimeAcceptance) PIRI_PHASE02_PACKET {"type":"REEL_STOP","payload":{"spinId":"c16f2888-625f-4094-a8cf-61fc0619ef2e","reel":"CENTER","pressedIndex":17,"stopIndex":17,"slip":0,"durationMs":80}}
[15:32:00] [Render thread/INFO] (PiriRuntimeAcceptance) PIRI_PHASE02_PACKET {"type":"TENPAI_SOUND","payload":{"spinId":"c16f2888-625f-4094-a8cf-61fc0619ef2e"}}
[15:32:00] [Render thread/INFO] (PiriRuntimeAcceptance) PIRI_PHASE02_PACKET {"type":"ACTION_ACCEPTED","payload":{"clientSequence":198,"action":"STOP_LEFT"}}
[15:32:00] [Render thread/INFO] (PiriRuntimeAcceptance) PIRI_PHASE02_PACKET {"type":"REEL_STOP","payload":{"spinId":"c16f2888-625f-4094-a8cf-61fc0619ef2e","reel":"LEFT","pressedIndex":3,"stopIndex":7,"slip":4,"durationMs":280}}
[15:32:00] [Render thread/INFO] (PiriRuntimeAcceptance) PIRI_PHASE02_PACKET {"type":"PUBLIC_STATE","payload":{"sessionId":"c92d624d-975d-44e9-b8bf-d93111cd9e30","machineId":1,"expectedNextClientSequence":199,"gameState":"SEATED_READY","lifecycle":"ACTIVE","credit":0,"heldMedals":0,"bet":0,"pay":0,"bonusCount":0,"lampOn":false,"displayStops":{"left":7,"center":17,"right":18},"stoppedMask":7}}
[15:32:01] [Render thread/INFO] (PiriRuntimeAcceptance) PIRI_PHASE02_PACKET {"type":"PUBLIC_STATE","payload":{"sessionId":"c92d624d-975d-44e9-b8bf-d93111cd9e30","machineId":1,"expectedNextClientSequence":199,"gameState":"NORMAL_SPINNING","lifecycle":"ACTIVE","credit":0,"heldMedals":0,"bet":0,"pay":0,"bonusCount":0,"lampOn":false,"displayStops":{"left":7,"center":17,"right":18},"stoppedMask":0}}
[15:32:01] [Render thread/INFO] (PiriRuntimeAcceptance) PIRI_PHASE02_PACKET {"type":"SPIN_START","payload":{"sessionId":"c92d624d-975d-44e9-b8bf-d93111cd9e30","machineId":1,"spinId":"56fe97c3-d689-4fb1-a2fd-b1c5e015bb8e","mode":"NORMAL","animation":"NORMAL","startPhase":{"left":7.0,"center":17.0,"right":18.0},"stopEnableAfterMs":400}}
[15:32:02] [Render thread/INFO] (PiriRuntimeAcceptance) PIRI_PHASE02_PACKET {"type":"ACTION_ACCEPTED","payload":{"clientSequence":199,"action":"STOP_LEFT"}}
[15:32:02] [Render thread/INFO] (PiriRuntimeAcceptance) PIRI_PHASE02_PACKET {"type":"REEL_STOP","payload":{"spinId":"56fe97c3-d689-4fb1-a2fd-b1c5e015bb8e","reel":"LEFT","pressedIndex":14,"stopIndex":3,"slip":10,"durationMs":580}}
[15:32:02] [Render thread/INFO] (PiriRuntimeAcceptance) PIRI_PHASE02_PACKET {"type":"ACTION_ACCEPTED","payload":{"clientSequence":200,"action":"STOP_CENTER"}}
[15:32:02] [Render thread/INFO] (PiriRuntimeAcceptance) PIRI_PHASE02_PACKET {"type":"REEL_STOP","payload":{"spinId":"56fe97c3-d689-4fb1-a2fd-b1c5e015bb8e","reel":"CENTER","pressedIndex":12,"stopIndex":0,"slip":9,"durationMs":530}}
[15:32:02] [Render thread/INFO] (PiriRuntimeAcceptance) PIRI_PHASE02_PACKET {"type":"TENPAI_SOUND","payload":{"spinId":"56fe97c3-d689-4fb1-a2fd-b1c5e015bb8e"}}
[15:32:03] [Render thread/INFO] (PiriRuntimeAcceptance) PIRI_PHASE02_PACKET {"type":"ACTION_ACCEPTED","payload":{"clientSequence":201,"action":"STOP_RIGHT"}}
[15:32:03] [Render thread/INFO] (PiriRuntimeAcceptance) PIRI_PHASE02_PACKET {"type":"REEL_STOP","payload":{"spinId":"56fe97c3-d689-4fb1-a2fd-b1c5e015bb8e","reel":"RIGHT","pressedIndex":1,"stopIndex":7,"slip":6,"durationMs":380}}
[15:32:03] [Render thread/INFO] (PiriRuntimeAcceptance) PIRI_PHASE02_PACKET {"type":"PUBLIC_STATE","payload":{"sessionId":"c92d624d-975d-44e9-b8bf-d93111cd9e30","machineId":1,"expectedNextClientSequence":202,"gameState":"SEATED_READY","lifecycle":"ACTIVE","credit":0,"heldMedals":0,"bet":0,"pay":0,"bonusCount":0,"lampOn":false,"displayStops":{"left":3,"center":0,"right":7},"stoppedMask":7}}
[15:32:05] [Render thread/INFO] (PiriRuntimeAcceptance) PIRI_PHASE02_PACKET {"type":"PUBLIC_STATE","payload":{"sessionId":"c92d624d-975d-44e9-b8bf-d93111cd9e30","machineId":1,"expectedNextClientSequence":202,"gameState":"NORMAL_SPINNING","lifecycle":"ACTIVE","credit":0,"heldMedals":0,"bet":0,"pay":0,"bonusCount":0,"lampOn":false,"displayStops":{"left":3,"center":0,"right":7},"stoppedMask":0}}
[15:32:05] [Render thread/INFO] (PiriRuntimeAcceptance) PIRI_PHASE02_PACKET {"type":"SPIN_START","payload":{"sessionId":"c92d624d-975d-44e9-b8bf-d93111cd9e30","machineId":1,"spinId":"003054cf-8952-4ebc-a5ce-7fa94e84e133","mode":"NORMAL","animation":"REVERSE_500MS","startPhase":{"left":3.0,"center":0.0,"right":7.0},"stopEnableAfterMs":800}}
[15:32:06] [Render thread/INFO] (PiriRuntimeAcceptance) PIRI_PHASE02_PACKET {"type":"ACTION_ACCEPTED","payload":{"clientSequence":202,"action":"STOP_LEFT"}}
[15:32:06] [Render thread/INFO] (PiriRuntimeAcceptance) PIRI_PHASE02_PACKET {"type":"REEL_STOP","payload":{"spinId":"003054cf-8952-4ebc-a5ce-7fa94e84e133","reel":"LEFT","pressedIndex":7,"stopIndex":3,"slip":17,"durationMs":930}}
[15:32:06] [Render thread/INFO] (PiriRuntimeAcceptance) PIRI_PHASE02_PACKET {"type":"ACTION_ACCEPTED","payload":{"clientSequence":203,"action":"STOP_RIGHT"}}
[15:32:06] [Render thread/INFO] (PiriRuntimeAcceptance) PIRI_PHASE02_PACKET {"type":"REEL_STOP","payload":{"spinId":"003054cf-8952-4ebc-a5ce-7fa94e84e133","reel":"RIGHT","pressedIndex":20,"stopIndex":0,"slip":1,"durationMs":130}}
[15:32:06] [Render thread/INFO] (PiriRuntimeAcceptance) PIRI_PHASE02_PACKET {"type":"TENPAI_SOUND","payload":{"spinId":"003054cf-8952-4ebc-a5ce-7fa94e84e133"}}
[15:32:07] [Render thread/INFO] (PiriRuntimeAcceptance) PIRI_PHASE02_PACKET {"type":"ACTION_ACCEPTED","payload":{"clientSequence":204,"action":"STOP_CENTER"}}
[15:32:07] [Render thread/INFO] (PiriRuntimeAcceptance) PIRI_PHASE02_PACKET {"type":"REEL_STOP","payload":{"spinId":"003054cf-8952-4ebc-a5ce-7fa94e84e133","reel":"CENTER","pressedIndex":1,"stopIndex":1,"slip":0,"durationMs":80}}
[15:32:07] [Render thread/INFO] (PiriRuntimeAcceptance) PIRI_PHASE02_PACKET {"type":"PUBLIC_STATE","payload":{"sessionId":"c92d624d-975d-44e9-b8bf-d93111cd9e30","machineId":1,"expectedNextClientSequence":205,"gameState":"SEATED_READY","lifecycle":"ACTIVE","credit":0,"heldMedals":0,"bet":0,"pay":0,"bonusCount":0,"lampOn":false,"displayStops":{"left":3,"center":1,"right":0},"stoppedMask":7}}
[15:32:08] [Render thread/INFO] (PiriRuntimeAcceptance) PIRI_PHASE02_PACKET {"type":"PUBLIC_STATE","payload":{"sessionId":"c92d624d-975d-44e9-b8bf-d93111cd9e30","machineId":1,"expectedNextClientSequence":205,"gameState":"NORMAL_SPINNING","lifecycle":"ACTIVE","credit":0,"heldMedals":0,"bet":0,"pay":0,"bonusCount":0,"lampOn":false,"displayStops":{"left":3,"center":1,"right":0},"stoppedMask":0}}
[15:32:08] [Render thread/INFO] (PiriRuntimeAcceptance) PIRI_PHASE02_PACKET {"type":"SPIN_START","payload":{"sessionId":"c92d624d-975d-44e9-b8bf-d93111cd9e30","machineId":1,"spinId":"ab74d6e0-a1ac-4fb2-85d5-c4e807086d41","mode":"NORMAL","animation":"RESUME_NORMAL","startPhase":{"left":3.0,"center":1.0,"right":0.0},"stopEnableAfterMs":200}}
[15:32:08] [Render thread/INFO] (PiriRuntimeAcceptance) PIRI_PHASE02_PACKET {"type":"ACTION_ACCEPTED","payload":{"clientSequence":205,"action":"STOP_CENTER"}}
[15:32:08] [Render thread/INFO] (PiriRuntimeAcceptance) PIRI_PHASE02_PACKET {"type":"REEL_STOP","payload":{"spinId":"ab74d6e0-a1ac-4fb2-85d5-c4e807086d41","reel":"CENTER","pressedIndex":10,"stopIndex":0,"slip":11,"durationMs":630}}
[15:32:09] [Render thread/INFO] (PiriRuntimeAcceptance) PIRI_PHASE02_PACKET {"type":"ACTION_ACCEPTED","payload":{"clientSequence":206,"action":"STOP_LEFT"}}
[15:32:09] [Render thread/INFO] (PiriRuntimeAcceptance) PIRI_PHASE02_PACKET {"type":"REEL_STOP","payload":{"spinId":"ab74d6e0-a1ac-4fb2-85d5-c4e807086d41","reel":"LEFT","pressedIndex":0,"stopIndex":3,"slip":3,"durationMs":230}}
[15:32:09] [Render thread/INFO] (PiriRuntimeAcceptance) PIRI_PHASE02_PACKET {"type":"TENPAI_SOUND","payload":{"spinId":"ab74d6e0-a1ac-4fb2-85d5-c4e807086d41"}}
[15:32:09] [Render thread/INFO] (PiriRuntimeAcceptance) PIRI_PHASE02_PACKET {"type":"ACTION_ACCEPTED","payload":{"clientSequence":207,"action":"STOP_RIGHT"}}
[15:32:09] [Render thread/INFO] (PiriRuntimeAcceptance) PIRI_PHASE02_PACKET {"type":"REEL_STOP","payload":{"spinId":"ab74d6e0-a1ac-4fb2-85d5-c4e807086d41","reel":"RIGHT","pressedIndex":6,"stopIndex":7,"slip":1,"durationMs":130}}
[15:32:09] [Render thread/INFO] (PiriRuntimeAcceptance) PIRI_PHASE02_PACKET {"type":"PUBLIC_STATE","payload":{"sessionId":"c92d624d-975d-44e9-b8bf-d93111cd9e30","machineId":1,"expectedNextClientSequence":208,"gameState":"SEATED_READY","lifecycle":"ACTIVE","credit":0,"heldMedals":0,"bet":0,"pay":0,"bonusCount":0,"lampOn":false,"displayStops":{"left":3,"center":0,"right":7},"stoppedMask":7}}
[15:32:10] [Render thread/INFO] (PiriRuntimeAcceptance) PIRI_PHASE02_PACKET {"type":"PUBLIC_STATE","payload":{"sessionId":"c92d624d-975d-44e9-b8bf-d93111cd9e30","machineId":1,"expectedNextClientSequence":208,"gameState":"NORMAL_SPINNING","lifecycle":"ACTIVE","credit":0,"heldMedals":0,"bet":0,"pay":0,"bonusCount":0,"lampOn":false,"displayStops":{"left":3,"center":0,"right":7},"stoppedMask":0}}
[15:32:10] [Render thread/INFO] (PiriRuntimeAcceptance) PIRI_PHASE02_PACKET {"type":"SPIN_START","payload":{"sessionId":"c92d624d-975d-44e9-b8bf-d93111cd9e30","machineId":1,"spinId":"0667f73c-db68-4c5e-9fcc-d6dc0fc540bd","mode":"NORMAL","animation":"NORMAL","startPhase":{"left":3.0,"center":0.0,"right":7.0},"stopEnableAfterMs":400}}
[15:32:11] [Render thread/INFO] (PiriRuntimeAcceptance) PIRI_PHASE02_PACKET {"type":"ACTION_ACCEPTED","payload":{"clientSequence":208,"action":"STOP_CENTER"}}
[15:32:11] [Render thread/INFO] (PiriRuntimeAcceptance) PIRI_PHASE02_PACKET {"type":"REEL_STOP","payload":{"spinId":"0667f73c-db68-4c5e-9fcc-d6dc0fc540bd","reel":"CENTER","pressedIndex":7,"stopIndex":0,"slip":14,"durationMs":780}}
[15:32:11] [Render thread/INFO] (PiriRuntimeAcceptance) PIRI_PHASE02_PACKET {"type":"ACTION_ACCEPTED","payload":{"clientSequence":209,"action":"STOP_RIGHT"}}
[15:32:11] [Render thread/INFO] (PiriRuntimeAcceptance) PIRI_PHASE02_PACKET {"type":"REEL_STOP","payload":{"spinId":"0667f73c-db68-4c5e-9fcc-d6dc0fc540bd","reel":"RIGHT","pressedIndex":2,"stopIndex":7,"slip":5,"durationMs":330}}
[15:32:11] [Render thread/INFO] (PiriRuntimeAcceptance) PIRI_PHASE02_PACKET {"type":"TENPAI_SOUND","payload":{"spinId":"0667f73c-db68-4c5e-9fcc-d6dc0fc540bd"}}
[15:32:12] [Render thread/INFO] (PiriRuntimeAcceptance) PIRI_PHASE02_PACKET {"type":"ACTION_ACCEPTED","payload":{"clientSequence":210,"action":"STOP_LEFT"}}
[15:32:12] [Render thread/INFO] (PiriRuntimeAcceptance) PIRI_PHASE02_PACKET {"type":"REEL_STOP","payload":{"spinId":"0667f73c-db68-4c5e-9fcc-d6dc0fc540bd","reel":"LEFT","pressedIndex":12,"stopIndex":3,"slip":12,"durationMs":680}}
[15:32:12] [Render thread/INFO] (PiriRuntimeAcceptance) PIRI_PHASE02_PACKET {"type":"PUBLIC_STATE","payload":{"sessionId":"c92d624d-975d-44e9-b8bf-d93111cd9e30","machineId":1,"expectedNextClientSequence":211,"gameState":"SEATED_READY","lifecycle":"ACTIVE","credit":0,"heldMedals":0,"bet":0,"pay":0,"bonusCount":0,"lampOn":false,"displayStops":{"left":3,"center":0,"right":7},"stoppedMask":7}}
[15:32:13] [Render thread/INFO] (PiriRuntimeAcceptance) PIRI_PHASE02_PACKET {"type":"PUBLIC_STATE","payload":{"sessionId":"c92d624d-975d-44e9-b8bf-d93111cd9e30","machineId":1,"expectedNextClientSequence":211,"gameState":"NORMAL_SPINNING","lifecycle":"ACTIVE","credit":0,"heldMedals":0,"bet":0,"pay":0,"bonusCount":0,"lampOn":false,"displayStops":{"left":3,"center":0,"right":7},"stoppedMask":0}}
[15:32:13] [Render thread/INFO] (PiriRuntimeAcceptance) PIRI_PHASE02_PACKET {"type":"SPIN_START","payload":{"sessionId":"c92d624d-975d-44e9-b8bf-d93111cd9e30","machineId":1,"spinId":"0e3ad244-35be-4ddd-b82b-b4d3be9c99fd","mode":"NORMAL","animation":"REVERSE_500MS","startPhase":{"left":3.0,"center":0.0,"right":7.0},"stopEnableAfterMs":800}}
[15:32:14] [Render thread/INFO] (PiriRuntimeAcceptance) PIRI_PHASE02_PACKET {"type":"ACTION_ACCEPTED","payload":{"clientSequence":211,"action":"STOP_RIGHT"}}
[15:32:14] [Render thread/INFO] (PiriRuntimeAcceptance) PIRI_PHASE02_PACKET {"type":"REEL_STOP","payload":{"spinId":"0e3ad244-35be-4ddd-b82b-b4d3be9c99fd","reel":"RIGHT","pressedIndex":11,"stopIndex":11,"slip":0,"durationMs":80}}
[15:32:15] [Render thread/INFO] (PiriRuntimeAcceptance) PIRI_PHASE02_PACKET {"type":"ACTION_ACCEPTED","payload":{"clientSequence":212,"action":"STOP_LEFT"}}
[15:32:15] [Render thread/INFO] (PiriRuntimeAcceptance) PIRI_PHASE02_PACKET {"type":"REEL_STOP","payload":{"spinId":"0e3ad244-35be-4ddd-b82b-b4d3be9c99fd","reel":"LEFT","pressedIndex":16,"stopIndex":3,"slip":8,"durationMs":480}}
[15:32:15] [Render thread/INFO] (PiriRuntimeAcceptance) PIRI_PHASE02_PACKET {"type":"TENPAI_SOUND","payload":{"spinId":"0e3ad244-35be-4ddd-b82b-b4d3be9c99fd"}}
[15:32:15] [Render thread/INFO] (PiriRuntimeAcceptance) PIRI_PHASE02_PACKET {"type":"ACTION_ACCEPTED","payload":{"clientSequence":213,"action":"STOP_CENTER"}}
[15:32:15] [Render thread/INFO] (PiriRuntimeAcceptance) PIRI_PHASE02_PACKET {"type":"REEL_STOP","payload":{"spinId":"0e3ad244-35be-4ddd-b82b-b4d3be9c99fd","reel":"CENTER","pressedIndex":1,"stopIndex":0,"slip":20,"durationMs":1080}}
[15:32:15] [Render thread/INFO] (PiriRuntimeAcceptance) PIRI_PHASE02_PACKET {"type":"PUBLIC_STATE","payload":{"sessionId":"c92d624d-975d-44e9-b8bf-d93111cd9e30","machineId":1,"expectedNextClientSequence":214,"gameState":"SEATED_READY","lifecycle":"ACTIVE","credit":0,"heldMedals":0,"bet":0,"pay":0,"bonusCount":0,"lampOn":false,"displayStops":{"left":3,"center":0,"right":11},"stoppedMask":7}}
[15:32:17] [Render thread/INFO] (PiriRuntimeAcceptance) PIRI_PHASE02_PACKET {"type":"PUBLIC_STATE","payload":{"sessionId":"c92d624d-975d-44e9-b8bf-d93111cd9e30","machineId":1,"expectedNextClientSequence":214,"gameState":"NORMAL_SPINNING","lifecycle":"ACTIVE","credit":0,"heldMedals":0,"bet":0,"pay":0,"bonusCount":0,"lampOn":false,"displayStops":{"left":3,"center":0,"right":11},"stoppedMask":0}}
[15:32:17] [Render thread/INFO] (PiriRuntimeAcceptance) PIRI_PHASE02_PACKET {"type":"SPIN_START","payload":{"sessionId":"c92d624d-975d-44e9-b8bf-d93111cd9e30","machineId":1,"spinId":"382e2812-4350-482e-8c7c-cdc7168df7de","mode":"NORMAL","animation":"RESUME_NORMAL","startPhase":{"left":3.0,"center":0.0,"right":11.0},"stopEnableAfterMs":200}}
[15:32:17] [Render thread/INFO] (PiriRuntimeAcceptance) PIRI_PHASE02_PACKET {"type":"ACTION_ACCEPTED","payload":{"clientSequence":214,"action":"STOP_RIGHT"}}
[15:32:17] [Render thread/INFO] (PiriRuntimeAcceptance) PIRI_PHASE02_PACKET {"type":"REEL_STOP","payload":{"spinId":"382e2812-4350-482e-8c7c-cdc7168df7de","reel":"RIGHT","pressedIndex":19,"stopIndex":19,"slip":0,"durationMs":80}}
[15:32:18] [Render thread/INFO] (PiriRuntimeAcceptance) PIRI_PHASE02_PACKET {"type":"ACTION_ACCEPTED","payload":{"clientSequence":215,"action":"STOP_CENTER"}}
[15:32:18] [Render thread/INFO] (PiriRuntimeAcceptance) PIRI_PHASE02_PACKET {"type":"REEL_STOP","payload":{"spinId":"382e2812-4350-482e-8c7c-cdc7168df7de","reel":"CENTER","pressedIndex":17,"stopIndex":0,"slip":4,"durationMs":280}}
[15:32:18] [Render thread/INFO] (PiriRuntimeAcceptance) PIRI_PHASE02_PACKET {"type":"TENPAI_SOUND","payload":{"spinId":"382e2812-4350-482e-8c7c-cdc7168df7de"}}
[15:32:18] [Render thread/INFO] (PiriRuntimeAcceptance) PIRI_PHASE02_PACKET {"type":"ACTION_ACCEPTED","payload":{"clientSequence":216,"action":"STOP_LEFT"}}
[15:32:18] [Render thread/INFO] (PiriRuntimeAcceptance) PIRI_PHASE02_PACKET {"type":"REEL_STOP","payload":{"spinId":"382e2812-4350-482e-8c7c-cdc7168df7de","reel":"LEFT","pressedIndex":8,"stopIndex":3,"slip":16,"durationMs":880}}
[15:32:18] [Render thread/INFO] (PiriRuntimeAcceptance) PIRI_PHASE02_PACKET {"type":"PUBLIC_STATE","payload":{"sessionId":"c92d624d-975d-44e9-b8bf-d93111cd9e30","machineId":1,"expectedNextClientSequence":217,"gameState":"SEATED_READY","lifecycle":"ACTIVE","credit":0,"heldMedals":0,"bet":0,"pay":0,"bonusCount":0,"lampOn":false,"displayStops":{"left":3,"center":0,"right":19},"stoppedMask":7}}
[15:32:20] [Render thread/INFO] (PiriRuntimeAcceptance) PIRI_PHASE02_PACKET {"type":"SESSION_END","payload":{"sessionId":"c92d624d-975d-44e9-b8bf-d93111cd9e30"}}
[15:32:21] [Render thread/INFO] (Minecraft) Stopping!

BUILD SUCCESSFUL in 3m 53s
15 actionable tasks: 4 executed, 11 up-to-date
