
> Configure project :fabric
Fabric Loom: 1.10.5

> Configure project :runtime-test-client
Fabric Loom: 1.10.5

> Task :common:compileJava UP-TO-DATE
> Task :fabric:compileJava UP-TO-DATE
> Task :fabric:processResources UP-TO-DATE
> Task :fabric:classes UP-TO-DATE
> Task :paper:compileJava UP-TO-DATE
> Task :fabric:compileTestJava UP-TO-DATE
> Task :common:processResources NO-SOURCE
> Task :common:classes UP-TO-DATE
> Task :fabric:jar UP-TO-DATE
> Task :fabric:processIncludeJars UP-TO-DATE
> Task :runtime-test-client:compileJava UP-TO-DATE
> Task :runtime-test-client:processResources UP-TO-DATE
> Task :runtime-test-client:classes UP-TO-DATE
> Task :runtime-test-client:generateLog4jConfig UP-TO-DATE
> Task :runtime-test-client:downloadAssets
> Task :fabric:remapJar
> Task :runtime-test-client:generateRemapClasspath
> Task :runtime-test-client:generateDLIConfig UP-TO-DATE
> Task :runtime-test-client:configureLaunch
> Task :runtime-test-client:configureClientLaunch

> Task :runtime-test-client:runClient
[20:58:41] [main/INFO] (FabricLoader/GameProvider) Loading Minecraft 1.21 with Fabric Loader 0.16.14
[20:58:41] [main/INFO] (FabricLoader) Loading 56 mods:
	- fabric-api 0.102.0+1.21
	- fabric-api-base 0.4.42+6573ed8cd1
	- fabric-api-lookup-api-v1 1.6.68+b5597344d1
	- fabric-biome-api-v1 13.0.29+5bd9f1bcd1
	- fabric-block-api-v1 1.0.22+0af3f5a7d1
	- fabric-block-view-api-v2 1.0.10+6573ed8cd1
	- fabric-blockrenderlayer-v1 1.1.52+0af3f5a7d1
	- fabric-client-tags-api-v1 1.1.15+6573ed8cd1
	- fabric-command-api-v1 1.2.49+f71b366fd1
	- fabric-command-api-v2 2.2.28+6ced4dd9d1
	- fabric-commands-v0 0.2.66+df3654b3d1
	- fabric-content-registries-v0 8.0.16+b5597344d1
	- fabric-convention-tags-v1 2.0.19+7f945d5bd1
	- fabric-convention-tags-v2 2.5.0+c5e2b5c6d1
	- fabric-crash-report-info-v1 0.2.29+0af3f5a7d1
	- fabric-data-attachment-api-v1 1.1.27+6a6dfa19d1
	- fabric-data-generation-api-v1 20.2.16+16c4ae25d1
	- fabric-dimensions-v1 4.0.0+6fc22b99d1
	- fabric-entity-events-v1 1.6.12+6fc22b99d1
	- fabric-events-interaction-v0 0.7.12+ba9dae06d1
	- fabric-game-rule-api-v1 1.0.53+6ced4dd9d1
	- fabric-gametest-api-v1 2.0.4+6fc22b99d1
	- fabric-item-api-v1 11.0.0+afdfc921d1
	- fabric-item-group-api-v1 4.1.4+78017270d1
	- fabric-key-binding-api-v1 1.0.47+0af3f5a7d1
	- fabric-keybindings-v0 0.2.45+df3654b3d1
	- fabric-lifecycle-events-v1 2.3.12+6c1df360d1
	- fabric-loot-api-v2 3.0.14+3f89f5a5d1
	- fabric-loot-api-v3 1.0.2+3f89f5a5d1
	- fabric-message-api-v1 6.0.13+6573ed8cd1
	- fabric-model-loading-api-v1 2.0.0+fe474d6bd1
	- fabric-networking-api-v1 4.2.2+60c3209bd1
	- fabric-object-builder-api-v1 15.2.0+a551f7a4d1
	- fabric-particles-v1 4.0.2+6573ed8cd1
	- fabric-recipe-api-v1 5.0.12+65089712d1
	- fabric-registry-sync-v0 5.1.2+60c3209bd1
	- fabric-renderer-api-v1 3.4.0+c705a49cd1
	- fabric-renderer-indigo 1.7.0+c705a49cd1
	- fabric-renderer-registries-v1 3.2.68+df3654b3d1
	- fabric-rendering-data-attachment-v1 0.3.48+73761d2ed1
	- fabric-rendering-fluids-v1 3.1.6+b5597344d1
	- fabric-rendering-v0 1.1.71+df3654b3d1
	- fabric-rendering-v1 5.0.5+df16efd0d1
	- fabric-resource-conditions-api-v1 4.3.0+8dc279b1d1
	- fabric-resource-loader-v0 1.3.0+56599129d1
	- fabric-screen-api-v1 2.0.24+b5597344d1
	- fabric-screen-handler-api-v1 1.3.86+b5597344d1
	- fabric-sound-api-v1 1.0.23+6573ed8cd1
	- fabric-transfer-api-v1 5.1.16+3dccd343d1
	- fabric-transitive-access-wideners-v1 6.1.0+176f9036d1
	- fabricloader 0.16.14
	- java 21
	- minecraft 1.21
	- mixinextras 0.4.1
	- piri_juggler 1.0.0
	- piri_runtime_acceptance 1.0.0
[20:58:41] [main/INFO] (FabricLoader/Mixin) SpongePowered MIXIN Subsystem Version=0.8.7 Source=file:/C:/Users/PC_user/.gradle/caches/modules-2/files-2.1/net.fabricmc/sponge-mixin/0.15.5+mixin.0.8.7/22f9eb729e216a091673a574a5906dc1b9027fb3/sponge-mixin-0.15.5+mixin.0.8.7.jar Service=Knot/Fabric Env=CLIENT
[20:58:41] [main/INFO] (FabricLoader/Mixin) Loaded Fabric development mappings for mixin remapper!
[20:58:41] [main/INFO] (FabricLoader/Mixin) Compatibility level set to JAVA_17
[20:58:41] [main/INFO] (FabricLoader/Mixin) Compatibility level set to JAVA_21
[20:58:43] [main/INFO] (FabricLoader/MixinExtras|Service) Initializing MixinExtras via com.llamalad7.mixinextras.service.MixinExtrasServiceImpl(version=0.4.1).
[20:58:44] [Datafixer Bootstrap/INFO] (Minecraft) 226 Datafixer optimizations took 313 milliseconds
[20:58:44] [main/WARN] (PerfmonDisabled) Invalid registry value type detected for PerfOS counters. Should be REG_DWORD. Ignoring: HKEY_LOCAL_MACHINE\SYSTEM\CurrentControlSet\Services\PerfOS\Performance\Disable Performance Counters.
[20:58:49] [Render thread/INFO] (Minecraft) Environment: Environment[sessionHost=https://sessionserver.mojang.com, servicesHost=https://api.minecraftservices.com, name=PROD]
[20:58:49] [Render thread/INFO] (Minecraft) Setting user: PiriRuntimeTest
[20:58:49] [Render thread/INFO] (PiriRuntimeAcceptance) PIRI_RUNTIME_CLIENT_READY Minecraft=1.21 FabricLoader=0.16.14 scenario=phase05-game
[20:58:49] [Render thread/INFO] (Indigo) [Indigo] Registering Indigo renderer!
[20:58:50] [Render thread/INFO] (Minecraft) Backend library: LWJGL version 3.3.3-snapshot
[20:58:51] [Render thread/INFO] (Minecraft) Reloading ResourceManager: vanilla, fabric, fabric-api, fabric-api-base, fabric-api-lookup-api-v1, fabric-biome-api-v1, fabric-block-api-v1, fabric-block-view-api-v2, fabric-blockrenderlayer-v1, fabric-client-tags-api-v1, fabric-command-api-v1, fabric-command-api-v2, fabric-commands-v0, fabric-content-registries-v0, fabric-convention-tags-v1, fabric-convention-tags-v2, fabric-crash-report-info-v1, fabric-data-attachment-api-v1, fabric-data-generation-api-v1, fabric-dimensions-v1, fabric-entity-events-v1, fabric-events-interaction-v0, fabric-game-rule-api-v1, fabric-gametest-api-v1, fabric-item-api-v1, fabric-item-group-api-v1, fabric-key-binding-api-v1, fabric-keybindings-v0, fabric-lifecycle-events-v1, fabric-loot-api-v2, fabric-loot-api-v3, fabric-message-api-v1, fabric-model-loading-api-v1, fabric-networking-api-v1, fabric-object-builder-api-v1, fabric-particles-v1, fabric-recipe-api-v1, fabric-registry-sync-v0, fabric-renderer-api-v1, fabric-renderer-indigo, fabric-renderer-registries-v1, fabric-rendering-data-attachment-v1, fabric-rendering-fluids-v1, fabric-rendering-v0, fabric-rendering-v1, fabric-resource-conditions-api-v1, fabric-resource-loader-v0, fabric-screen-api-v1, fabric-screen-handler-api-v1, fabric-sound-api-v1, fabric-transfer-api-v1, fabric-transitive-access-wideners-v1, fabricloader, piri_juggler
[20:58:51] [Worker-Main-2/WARN] (Minecraft) File piri:sounds/bet.ogg does not exist, cannot add it to event piri:bet
[20:58:51] [Worker-Main-2/WARN] (Minecraft) File piri:sounds/bonus_end.ogg does not exist, cannot add it to event piri:bonus_end
[20:58:51] [Worker-Main-2/WARN] (Minecraft) File piri:sounds/bonus_start.ogg does not exist, cannot add it to event piri:bonus_start
[20:58:51] [Worker-Main-2/WARN] (Minecraft) File piri:sounds/error.ogg does not exist, cannot add it to event piri:error
[20:58:51] [Worker-Main-2/WARN] (Minecraft) File piri:sounds/lever.ogg does not exist, cannot add it to event piri:lever
[20:58:51] [Worker-Main-2/WARN] (Minecraft) File piri:sounds/notice.ogg does not exist, cannot add it to event piri:notice
[20:58:51] [Worker-Main-2/WARN] (Minecraft) File piri:sounds/notice_strong.ogg does not exist, cannot add it to event piri:notice_strong
[20:58:51] [Worker-Main-2/WARN] (Minecraft) File piri:sounds/payout.ogg does not exist, cannot add it to event piri:payout
[20:58:51] [Worker-Main-2/WARN] (Minecraft) File piri:sounds/stop.ogg does not exist, cannot add it to event piri:stop
[20:58:51] [Worker-Main-2/WARN] (Minecraft) File piri:sounds/tenpai.ogg does not exist, cannot add it to event piri:tenpai
[20:58:51] [Worker-Main-12/INFO] (Minecraft) Found unifont_all_no_pua-15.1.05.hex, loading
[20:58:51] [Worker-Main-9/INFO] (Minecraft) Found unifont_jp_patch-15.1.05.hex, loading
[20:58:53] [Render thread/WARN] (Minecraft) Missing sound for event: minecraft:item.goat_horn.play
[20:58:53] [Render thread/WARN] (Minecraft) Missing sound for event: minecraft:entity.goat.screaming.horn_break
[20:58:53] [Render thread/INFO] (Minecraft) OpenAL initialized on device OpenAL Soft on Headphones (High Definition Audio Device)
[20:58:53] [Render thread/INFO] (Minecraft) Sound engine started
[20:58:53] [Render thread/INFO] (Minecraft) Created: 1024x512x4 minecraft:textures/atlas/blocks.png-atlas
[20:58:53] [Render thread/INFO] (Minecraft) Created: 256x256x4 minecraft:textures/atlas/signs.png-atlas
[20:58:53] [Render thread/INFO] (Minecraft) Created: 512x512x4 minecraft:textures/atlas/banner_patterns.png-atlas
[20:58:53] [Render thread/INFO] (Minecraft) Created: 512x512x4 minecraft:textures/atlas/shield_patterns.png-atlas
[20:58:53] [Render thread/INFO] (Minecraft) Created: 1024x1024x4 minecraft:textures/atlas/armor_trims.png-atlas
[20:58:53] [Render thread/INFO] (Minecraft) Created: 256x256x4 minecraft:textures/atlas/chest.png-atlas
[20:58:53] [Render thread/INFO] (Minecraft) Created: 128x64x4 minecraft:textures/atlas/decorated_pot.png-atlas
[20:58:53] [Render thread/INFO] (Minecraft) Created: 512x256x4 minecraft:textures/atlas/beds.png-atlas
[20:58:53] [Render thread/INFO] (Minecraft) Created: 512x256x4 minecraft:textures/atlas/shulker_boxes.png-atlas
[20:58:53] [Render thread/INFO] (Minecraft) Created: 512x256x0 minecraft:textures/atlas/particles.png-atlas
[20:58:53] [Render thread/INFO] (Minecraft) Created: 512x256x0 minecraft:textures/atlas/paintings.png-atlas
[20:58:53] [Render thread/INFO] (Minecraft) Created: 256x128x0 minecraft:textures/atlas/mob_effects.png-atlas
[20:58:53] [Render thread/INFO] (Minecraft) Created: 64x64x0 minecraft:textures/atlas/map_decorations.png-atlas
[20:58:53] [Render thread/INFO] (Minecraft) Created: 1024x512x0 minecraft:textures/atlas/gui.png-atlas
[20:58:53] [Render thread/WARN] (Minecraft) Shader rendertype_entity_translucent_emissive could not find sampler named Sampler2 in the specified shader program.
[20:58:53] [Render thread/INFO] (Minecraft) Connecting to 127.0.0.1, 25589
[20:58:55] [Render thread/WARN] (Minecraft) Ignoring player info update for unknown player 2b9a0e28-4a8f-3fe1-a65b-c41ad05e8077 ([UPDATE_GAME_MODE])
[20:58:55] [Render thread/INFO] (Minecraft) [System] [CHAT] PiriRuntimeTest joined the game
[20:58:55] [Render thread/INFO] (Minecraft) Loaded 2 advancements
[20:58:55] [Render thread/INFO] (PiriRuntimeAcceptance) PIRI_RUNTIME_HELLO protocol=1 payload={"protocol":1,"modVersion":"1.0.0"}
[20:58:55] [Render thread/INFO] (PiriRuntimeAcceptance) PIRI_PHASE02_PACKET {"type":"HELLO_ACK","payload":{"protocol":1,"serverVersion":"1.0.0"}}
[20:58:55] [Render thread/INFO] (Minecraft) [System] [CHAT] MACHINE_CREATED 1
[20:58:56] [Render thread/INFO] (PiriRuntimeAcceptance) PIRI_PHASE02_REAL_CLICK block=BlockPos{x=0, y=66, z=0} result=SUCCESS
[20:58:56] [Render thread/INFO] (PiriRuntimeAcceptance) PIRI_PHASE02_PACKET {"type":"OPEN_MACHINE","payload":{"sessionId":"af0b55a1-65ac-4f46-8884-c95d7e3b002d","machineId":1,"expectedNextClientSequence":1}}
[20:58:56] [Render thread/INFO] (PiriRuntimeAcceptance) PIRI_PHASE02_PACKET {"type":"PUBLIC_STATE","payload":{"sessionId":"af0b55a1-65ac-4f46-8884-c95d7e3b002d","machineId":1,"expectedNextClientSequence":1,"gameState":"SEATED_READY","lifecycle":"ACTIVE","credit":0,"heldMedals":0,"bet":0,"pay":0,"bonusCount":0,"lampOn":false,"displayStops":{"left":0,"center":0,"right":0},"stoppedMask":0}}
[20:58:57] [Render thread/INFO] (PiriRuntimeAcceptance) PIRI_PHASE02_PACKET {"type":"ACTION_REJECTED","payload":{"clientSequence":1,"errorCode":"NOT_ENOUGH_CREDIT"}}
[20:58:57] [Render thread/INFO] (PiriRuntimeAcceptance) PIRI_PHASE02_PACKET {"type":"PUBLIC_STATE","payload":{"sessionId":"af0b55a1-65ac-4f46-8884-c95d7e3b002d","machineId":1,"expectedNextClientSequence":2,"gameState":"SEATED_READY","lifecycle":"ACTIVE","credit":0,"heldMedals":0,"bet":0,"pay":0,"bonusCount":0,"lampOn":false,"displayStops":{"left":0,"center":0,"right":0},"stoppedMask":0}}
[20:58:58] [Render thread/INFO] (PiriRuntimeAcceptance) PIRI_PHASE02_REAL_CLICK block=BlockPos{x=0, y=66, z=0} result=SUCCESS
[20:58:59] [Render thread/INFO] (PiriRuntimeAcceptance) PIRI_PHASE02_PACKET {"type":"OPEN_MACHINE","payload":{"sessionId":"af0b55a1-65ac-4f46-8884-c95d7e3b002d","machineId":1,"expectedNextClientSequence":2}}
[20:58:59] [Render thread/INFO] (PiriRuntimeAcceptance) PIRI_PHASE02_PACKET {"type":"PUBLIC_STATE","payload":{"sessionId":"af0b55a1-65ac-4f46-8884-c95d7e3b002d","machineId":1,"expectedNextClientSequence":2,"gameState":"SEATED_READY","lifecycle":"ACTIVE","credit":2,"heldMedals":800,"bet":0,"pay":0,"bonusCount":0,"lampOn":false,"displayStops":{"left":0,"center":0,"right":0},"stoppedMask":0}}
[20:58:59] [Render thread/INFO] (PiriRuntimeAcceptance) PIRI_PHASE02_PACKET {"type":"ACTION_REJECTED","payload":{"clientSequence":3,"errorCode":"BUSY"}}
[20:58:59] [Render thread/INFO] (PiriRuntimeAcceptance) PIRI_PHASE02_PACKET {"type":"ACTION_ACCEPTED","payload":{"clientSequence":2,"action":"SPACE_ACTION"}}
[20:58:59] [Render thread/INFO] (PiriRuntimeAcceptance) PIRI_PHASE02_PACKET {"type":"PUBLIC_STATE","payload":{"sessionId":"af0b55a1-65ac-4f46-8884-c95d7e3b002d","machineId":1,"expectedNextClientSequence":3,"gameState":"NORMAL_BETTED","lifecycle":"ACTIVE","credit":0,"heldMedals":799,"bet":3,"pay":0,"bonusCount":0,"lampOn":false,"displayStops":{"left":0,"center":0,"right":0},"stoppedMask":0}}
[20:59:00] [Render thread/INFO] (PiriRuntimeAcceptance) PIRI_PHASE02_PACKET {"type":"ACTION_ACCEPTED","payload":{"clientSequence":4,"action":"SPACE_ACTION"}}
[20:59:00] [Render thread/INFO] (PiriRuntimeAcceptance) PIRI_PHASE02_PACKET {"type":"PUBLIC_STATE","payload":{"sessionId":"af0b55a1-65ac-4f46-8884-c95d7e3b002d","machineId":1,"expectedNextClientSequence":5,"gameState":"NORMAL_SPINNING","lifecycle":"ACTIVE","credit":0,"heldMedals":799,"bet":3,"pay":0,"bonusCount":0,"lampOn":false,"displayStops":{"left":0,"center":0,"right":0},"stoppedMask":0}}
[20:59:00] [Render thread/INFO] (PiriRuntimeAcceptance) PIRI_PHASE02_PACKET {"type":"SPIN_START","payload":{"sessionId":"af0b55a1-65ac-4f46-8884-c95d7e3b002d","machineId":1,"spinId":"7351489e-f38a-4818-82bf-331eecd3bc7e","mode":"NORMAL","animation":"NORMAL","startPhase":{"left":0.0,"center":0.0,"right":0.0},"stopEnableAfterMs":400}}
[20:59:01] [Render thread/INFO] (PiriRuntimeAcceptance) PIRI_PHASE02_PACKET {"type":"ACTION_ACCEPTED","payload":{"clientSequence":5,"action":"STOP_LEFT"}}
[20:59:01] [Render thread/INFO] (PiriRuntimeAcceptance) PIRI_PHASE02_PACKET {"type":"REEL_STOP","payload":{"spinId":"7351489e-f38a-4818-82bf-331eecd3bc7e","reel":"LEFT","pressedIndex":10,"stopIndex":10,"slip":0,"durationMs":80}}
[20:59:01] [Render thread/INFO] (PiriRuntimeAcceptance) PIRI_PHASE02_PACKET {"type":"PUBLIC_STATE","payload":{"sessionId":"af0b55a1-65ac-4f46-8884-c95d7e3b002d","machineId":1,"expectedNextClientSequence":6,"gameState":"NORMAL_SPINNING","lifecycle":"ACTIVE","credit":0,"heldMedals":799,"bet":3,"pay":0,"bonusCount":0,"lampOn":false,"displayStops":{"left":10,"center":0,"right":0},"stoppedMask":1}}
[20:59:01] [Render thread/INFO] (PiriRuntimeAcceptance) PIRI_PHASE02_PACKET {"type":"ACTION_ACCEPTED","payload":{"clientSequence":6,"action":"STOP_CENTER"}}
[20:59:01] [Render thread/INFO] (PiriRuntimeAcceptance) PIRI_PHASE02_PACKET {"type":"REEL_STOP","payload":{"spinId":"7351489e-f38a-4818-82bf-331eecd3bc7e","reel":"CENTER","pressedIndex":19,"stopIndex":19,"slip":0,"durationMs":80}}
[20:59:01] [Render thread/INFO] (PiriRuntimeAcceptance) PIRI_PHASE02_PACKET {"type":"PUBLIC_STATE","payload":{"sessionId":"af0b55a1-65ac-4f46-8884-c95d7e3b002d","machineId":1,"expectedNextClientSequence":7,"gameState":"NORMAL_SPINNING","lifecycle":"ACTIVE","credit":0,"heldMedals":799,"bet":3,"pay":0,"bonusCount":0,"lampOn":false,"displayStops":{"left":10,"center":19,"right":0},"stoppedMask":3}}
[20:59:01] [Render thread/INFO] (PiriRuntimeAcceptance) PIRI_PHASE02_PACKET {"type":"ACTION_ACCEPTED","payload":{"clientSequence":7,"action":"STOP_RIGHT"}}
[20:59:01] [Render thread/INFO] (PiriRuntimeAcceptance) PIRI_PHASE02_PACKET {"type":"REEL_STOP","payload":{"spinId":"7351489e-f38a-4818-82bf-331eecd3bc7e","reel":"RIGHT","pressedIndex":7,"stopIndex":7,"slip":0,"durationMs":80}}
[20:59:01] [Render thread/INFO] (PiriRuntimeAcceptance) PIRI_PHASE02_PACKET {"type":"PUBLIC_STATE","payload":{"sessionId":"af0b55a1-65ac-4f46-8884-c95d7e3b002d","machineId":1,"expectedNextClientSequence":8,"gameState":"SEATED_READY","lifecycle":"ACTIVE","credit":0,"heldMedals":799,"bet":0,"pay":0,"bonusCount":0,"lampOn":false,"displayStops":{"left":10,"center":19,"right":7},"stoppedMask":7}}
[20:59:03] [Render thread/INFO] (PiriRuntimeAcceptance) PIRI_PHASE02_PACKET {"type":"ACTION_ACCEPTED","payload":{"clientSequence":8,"action":"SPACE_ACTION"}}
[20:59:03] [Render thread/INFO] (PiriRuntimeAcceptance) PIRI_PHASE02_PACKET {"type":"PUBLIC_STATE","payload":{"sessionId":"af0b55a1-65ac-4f46-8884-c95d7e3b002d","machineId":1,"expectedNextClientSequence":9,"gameState":"NORMAL_BETTED","lifecycle":"ACTIVE","credit":0,"heldMedals":796,"bet":3,"pay":0,"bonusCount":0,"lampOn":false,"displayStops":{"left":10,"center":19,"right":7},"stoppedMask":7}}
[20:59:03] [Render thread/INFO] (PiriRuntimeAcceptance) PIRI_PHASE02_PACKET {"type":"ACTION_ACCEPTED","payload":{"clientSequence":9,"action":"SPACE_ACTION"}}
[20:59:03] [Render thread/INFO] (PiriRuntimeAcceptance) PIRI_PHASE02_PACKET {"type":"PUBLIC_STATE","payload":{"sessionId":"af0b55a1-65ac-4f46-8884-c95d7e3b002d","machineId":1,"expectedNextClientSequence":10,"gameState":"NORMAL_SPINNING","lifecycle":"ACTIVE","credit":0,"heldMedals":796,"bet":3,"pay":0,"bonusCount":0,"lampOn":false,"displayStops":{"left":10,"center":19,"right":7},"stoppedMask":0}}
[20:59:03] [Render thread/INFO] (PiriRuntimeAcceptance) PIRI_PHASE02_PACKET {"type":"SPIN_START","payload":{"sessionId":"af0b55a1-65ac-4f46-8884-c95d7e3b002d","machineId":1,"spinId":"dc24bbee-b549-49dc-8d8c-3d864667f673","mode":"NORMAL","animation":"NORMAL","startPhase":{"left":10.0,"center":19.0,"right":7.0},"stopEnableAfterMs":400}}
[20:59:04] [Render thread/INFO] (PiriRuntimeAcceptance) PIRI_PHASE02_PACKET {"type":"ACTION_ACCEPTED","payload":{"clientSequence":10,"action":"STOP_LEFT"}}
[20:59:04] [Render thread/INFO] (PiriRuntimeAcceptance) PIRI_PHASE02_PACKET {"type":"REEL_STOP","payload":{"spinId":"dc24bbee-b549-49dc-8d8c-3d864667f673","reel":"LEFT","pressedIndex":16,"stopIndex":16,"slip":0,"durationMs":80}}
[20:59:04] [Render thread/INFO] (PiriRuntimeAcceptance) PIRI_PHASE02_PACKET {"type":"PUBLIC_STATE","payload":{"sessionId":"af0b55a1-65ac-4f46-8884-c95d7e3b002d","machineId":1,"expectedNextClientSequence":11,"gameState":"NORMAL_SPINNING","lifecycle":"ACTIVE","credit":0,"heldMedals":796,"bet":3,"pay":0,"bonusCount":0,"lampOn":false,"displayStops":{"left":16,"center":19,"right":7},"stoppedMask":1}}
[20:59:04] [Render thread/INFO] (PiriRuntimeAcceptance) PIRI_PHASE02_PACKET {"type":"ACTION_ACCEPTED","payload":{"clientSequence":11,"action":"STOP_RIGHT"}}
[20:59:04] [Render thread/INFO] (PiriRuntimeAcceptance) PIRI_PHASE02_PACKET {"type":"REEL_STOP","payload":{"spinId":"dc24bbee-b549-49dc-8d8c-3d864667f673","reel":"RIGHT","pressedIndex":1,"stopIndex":1,"slip":0,"durationMs":80}}
[20:59:04] [Render thread/INFO] (PiriRuntimeAcceptance) PIRI_PHASE02_PACKET {"type":"PUBLIC_STATE","payload":{"sessionId":"af0b55a1-65ac-4f46-8884-c95d7e3b002d","machineId":1,"expectedNextClientSequence":12,"gameState":"NORMAL_SPINNING","lifecycle":"ACTIVE","credit":0,"heldMedals":796,"bet":3,"pay":0,"bonusCount":0,"lampOn":false,"displayStops":{"left":16,"center":19,"right":1},"stoppedMask":5}}
[20:59:05] [Render thread/INFO] (PiriRuntimeAcceptance) PIRI_PHASE02_PACKET {"type":"ACTION_ACCEPTED","payload":{"clientSequence":12,"action":"STOP_CENTER"}}
[20:59:05] [Render thread/INFO] (PiriRuntimeAcceptance) PIRI_PHASE02_PACKET {"type":"REEL_STOP","payload":{"spinId":"dc24bbee-b549-49dc-8d8c-3d864667f673","reel":"CENTER","pressedIndex":1,"stopIndex":1,"slip":0,"durationMs":80}}
[20:59:05] [Render thread/INFO] (PiriRuntimeAcceptance) PIRI_PHASE02_PACKET {"type":"PUBLIC_STATE","payload":{"sessionId":"af0b55a1-65ac-4f46-8884-c95d7e3b002d","machineId":1,"expectedNextClientSequence":13,"gameState":"SEATED_READY","lifecycle":"ACTIVE","credit":0,"heldMedals":796,"bet":0,"pay":0,"bonusCount":0,"lampOn":false,"displayStops":{"left":16,"center":1,"right":1},"stoppedMask":7}}
[20:59:05] [Render thread/INFO] (PiriRuntimeAcceptance) PIRI_PHASE02_PACKET {"type":"ACTION_ACCEPTED","payload":{"clientSequence":13,"action":"SPACE_ACTION"}}
[20:59:05] [Render thread/INFO] (PiriRuntimeAcceptance) PIRI_PHASE02_PACKET {"type":"PUBLIC_STATE","payload":{"sessionId":"af0b55a1-65ac-4f46-8884-c95d7e3b002d","machineId":1,"expectedNextClientSequence":14,"gameState":"NORMAL_BETTED","lifecycle":"ACTIVE","credit":0,"heldMedals":793,"bet":3,"pay":0,"bonusCount":0,"lampOn":false,"displayStops":{"left":16,"center":1,"right":1},"stoppedMask":7}}
[20:59:06] [Render thread/INFO] (PiriRuntimeAcceptance) PIRI_PHASE02_PACKET {"type":"ACTION_ACCEPTED","payload":{"clientSequence":14,"action":"SPACE_ACTION"}}
[20:59:06] [Render thread/INFO] (PiriRuntimeAcceptance) PIRI_PHASE02_PACKET {"type":"PUBLIC_STATE","payload":{"sessionId":"af0b55a1-65ac-4f46-8884-c95d7e3b002d","machineId":1,"expectedNextClientSequence":15,"gameState":"NORMAL_SPINNING","lifecycle":"ACTIVE","credit":0,"heldMedals":793,"bet":3,"pay":0,"bonusCount":0,"lampOn":false,"displayStops":{"left":16,"center":1,"right":1},"stoppedMask":0}}
[20:59:06] [Render thread/INFO] (PiriRuntimeAcceptance) PIRI_PHASE02_PACKET {"type":"SPIN_START","payload":{"sessionId":"af0b55a1-65ac-4f46-8884-c95d7e3b002d","machineId":1,"spinId":"2155edca-d11e-4970-9479-77a45f58875a","mode":"NORMAL","animation":"NORMAL","startPhase":{"left":16.0,"center":1.0,"right":1.0},"stopEnableAfterMs":400}}
[20:59:07] [Render thread/INFO] (PiriRuntimeAcceptance) PIRI_PHASE02_PACKET {"type":"ACTION_ACCEPTED","payload":{"clientSequence":15,"action":"STOP_CENTER"}}
[20:59:07] [Render thread/INFO] (PiriRuntimeAcceptance) PIRI_PHASE02_PACKET {"type":"REEL_STOP","payload":{"spinId":"2155edca-d11e-4970-9479-77a45f58875a","reel":"CENTER","pressedIndex":8,"stopIndex":8,"slip":0,"durationMs":80}}
[20:59:07] [Render thread/INFO] (PiriRuntimeAcceptance) PIRI_PHASE02_PACKET {"type":"PUBLIC_STATE","payload":{"sessionId":"af0b55a1-65ac-4f46-8884-c95d7e3b002d","machineId":1,"expectedNextClientSequence":16,"gameState":"NORMAL_SPINNING","lifecycle":"ACTIVE","credit":0,"heldMedals":793,"bet":3,"pay":0,"bonusCount":0,"lampOn":false,"displayStops":{"left":16,"center":8,"right":1},"stoppedMask":2}}
[20:59:07] [Render thread/INFO] (PiriRuntimeAcceptance) PIRI_PHASE02_PACKET {"type":"ACTION_ACCEPTED","payload":{"clientSequence":16,"action":"STOP_LEFT"}}
[20:59:07] [Render thread/INFO] (PiriRuntimeAcceptance) PIRI_PHASE02_PACKET {"type":"REEL_STOP","payload":{"spinId":"2155edca-d11e-4970-9479-77a45f58875a","reel":"LEFT","pressedIndex":11,"stopIndex":11,"slip":0,"durationMs":80}}
[20:59:07] [Render thread/INFO] (PiriRuntimeAcceptance) PIRI_PHASE02_PACKET {"type":"PUBLIC_STATE","payload":{"sessionId":"af0b55a1-65ac-4f46-8884-c95d7e3b002d","machineId":1,"expectedNextClientSequence":17,"gameState":"NORMAL_SPINNING","lifecycle":"ACTIVE","credit":0,"heldMedals":793,"bet":3,"pay":0,"bonusCount":0,"lampOn":false,"displayStops":{"left":11,"center":8,"right":1},"stoppedMask":3}}
[20:59:08] [Render thread/INFO] (PiriRuntimeAcceptance) PIRI_PHASE02_PACKET {"type":"ACTION_ACCEPTED","payload":{"clientSequence":17,"action":"STOP_RIGHT"}}
[20:59:08] [Render thread/INFO] (PiriRuntimeAcceptance) PIRI_PHASE02_PACKET {"type":"REEL_STOP","payload":{"spinId":"2155edca-d11e-4970-9479-77a45f58875a","reel":"RIGHT","pressedIndex":5,"stopIndex":5,"slip":0,"durationMs":80}}
[20:59:08] [Render thread/INFO] (PiriRuntimeAcceptance) PIRI_PHASE02_PACKET {"type":"PUBLIC_STATE","payload":{"sessionId":"af0b55a1-65ac-4f46-8884-c95d7e3b002d","machineId":1,"expectedNextClientSequence":18,"gameState":"SEATED_READY","lifecycle":"ACTIVE","credit":0,"heldMedals":793,"bet":0,"pay":0,"bonusCount":0,"lampOn":false,"displayStops":{"left":11,"center":8,"right":5},"stoppedMask":7}}
[20:59:09] [Render thread/INFO] (PiriRuntimeAcceptance) PIRI_PHASE02_PACKET {"type":"ACTION_ACCEPTED","payload":{"clientSequence":18,"action":"SPACE_ACTION"}}
[20:59:09] [Render thread/INFO] (PiriRuntimeAcceptance) PIRI_PHASE02_PACKET {"type":"PUBLIC_STATE","payload":{"sessionId":"af0b55a1-65ac-4f46-8884-c95d7e3b002d","machineId":1,"expectedNextClientSequence":19,"gameState":"NORMAL_BETTED","lifecycle":"ACTIVE","credit":0,"heldMedals":790,"bet":3,"pay":0,"bonusCount":0,"lampOn":false,"displayStops":{"left":11,"center":8,"right":5},"stoppedMask":7}}
[20:59:09] [Render thread/INFO] (PiriRuntimeAcceptance) PIRI_PHASE02_PACKET {"type":"ACTION_ACCEPTED","payload":{"clientSequence":19,"action":"SPACE_ACTION"}}
[20:59:09] [Render thread/INFO] (PiriRuntimeAcceptance) PIRI_PHASE02_PACKET {"type":"PUBLIC_STATE","payload":{"sessionId":"af0b55a1-65ac-4f46-8884-c95d7e3b002d","machineId":1,"expectedNextClientSequence":20,"gameState":"NORMAL_SPINNING","lifecycle":"ACTIVE","credit":0,"heldMedals":790,"bet":3,"pay":0,"bonusCount":0,"lampOn":false,"displayStops":{"left":11,"center":8,"right":5},"stoppedMask":0}}
[20:59:09] [Render thread/INFO] (PiriRuntimeAcceptance) PIRI_PHASE02_PACKET {"type":"SPIN_START","payload":{"sessionId":"af0b55a1-65ac-4f46-8884-c95d7e3b002d","machineId":1,"spinId":"29c9e91a-0446-43be-8600-e4303b7201aa","mode":"NORMAL","animation":"NORMAL","startPhase":{"left":11.0,"center":8.0,"right":5.0},"stopEnableAfterMs":400}}
[20:59:10] [Render thread/INFO] (PiriRuntimeAcceptance) PIRI_PHASE02_PACKET {"type":"ACTION_ACCEPTED","payload":{"clientSequence":20,"action":"STOP_CENTER"}}
[20:59:10] [Render thread/INFO] (PiriRuntimeAcceptance) PIRI_PHASE02_PACKET {"type":"REEL_STOP","payload":{"spinId":"29c9e91a-0446-43be-8600-e4303b7201aa","reel":"CENTER","pressedIndex":15,"stopIndex":15,"slip":0,"durationMs":80}}
[20:59:10] [Render thread/INFO] (PiriRuntimeAcceptance) PIRI_PHASE02_PACKET {"type":"PUBLIC_STATE","payload":{"sessionId":"af0b55a1-65ac-4f46-8884-c95d7e3b002d","machineId":1,"expectedNextClientSequence":21,"gameState":"NORMAL_SPINNING","lifecycle":"ACTIVE","credit":0,"heldMedals":790,"bet":3,"pay":0,"bonusCount":0,"lampOn":false,"displayStops":{"left":11,"center":15,"right":5},"stoppedMask":2}}
[20:59:10] [Render thread/INFO] (PiriRuntimeAcceptance) PIRI_PHASE02_PACKET {"type":"ACTION_ACCEPTED","payload":{"clientSequence":21,"action":"STOP_RIGHT"}}
[20:59:10] [Render thread/INFO] (PiriRuntimeAcceptance) PIRI_PHASE02_PACKET {"type":"REEL_STOP","payload":{"spinId":"29c9e91a-0446-43be-8600-e4303b7201aa","reel":"RIGHT","pressedIndex":0,"stopIndex":2,"slip":2,"durationMs":180}}
[20:59:10] [Render thread/INFO] (PiriRuntimeAcceptance) PIRI_PHASE02_PACKET {"type":"PUBLIC_STATE","payload":{"sessionId":"af0b55a1-65ac-4f46-8884-c95d7e3b002d","machineId":1,"expectedNextClientSequence":22,"gameState":"NORMAL_SPINNING","lifecycle":"ACTIVE","credit":0,"heldMedals":790,"bet":3,"pay":0,"bonusCount":0,"lampOn":false,"displayStops":{"left":11,"center":15,"right":2},"stoppedMask":6}}
[20:59:11] [Render thread/INFO] (PiriRuntimeAcceptance) PIRI_PHASE02_PACKET {"type":"ACTION_ACCEPTED","payload":{"clientSequence":22,"action":"STOP_LEFT"}}
[20:59:11] [Render thread/INFO] (PiriRuntimeAcceptance) PIRI_PHASE02_PACKET {"type":"REEL_STOP","payload":{"spinId":"29c9e91a-0446-43be-8600-e4303b7201aa","reel":"LEFT","pressedIndex":15,"stopIndex":16,"slip":1,"durationMs":130}}
[20:59:11] [Render thread/INFO] (PiriRuntimeAcceptance) PIRI_PHASE02_PACKET {"type":"PUBLIC_STATE","payload":{"sessionId":"af0b55a1-65ac-4f46-8884-c95d7e3b002d","machineId":1,"expectedNextClientSequence":23,"gameState":"REPLAY_READY","lifecycle":"ACTIVE","credit":0,"heldMedals":790,"bet":3,"pay":0,"bonusCount":0,"lampOn":false,"displayStops":{"left":16,"center":15,"right":2},"stoppedMask":7}}
[20:59:12] [Render thread/INFO] (PiriRuntimeAcceptance) PIRI_PHASE02_PACKET {"type":"ACTION_ACCEPTED","payload":{"clientSequence":23,"action":"SPACE_ACTION"}}
[20:59:12] [Render thread/INFO] (PiriRuntimeAcceptance) PIRI_PHASE02_PACKET {"type":"PUBLIC_STATE","payload":{"sessionId":"af0b55a1-65ac-4f46-8884-c95d7e3b002d","machineId":1,"expectedNextClientSequence":24,"gameState":"NORMAL_SPINNING","lifecycle":"ACTIVE","credit":0,"heldMedals":790,"bet":3,"pay":0,"bonusCount":0,"lampOn":false,"displayStops":{"left":16,"center":15,"right":2},"stoppedMask":0}}
[20:59:12] [Render thread/INFO] (PiriRuntimeAcceptance) PIRI_PHASE02_PACKET {"type":"SPIN_START","payload":{"sessionId":"af0b55a1-65ac-4f46-8884-c95d7e3b002d","machineId":1,"spinId":"aa033505-6cb2-4175-a33f-508b2eb6ce6e","mode":"NORMAL","animation":"NORMAL","startPhase":{"left":16.0,"center":15.0,"right":2.0},"stopEnableAfterMs":400}}
[20:59:13] [Render thread/INFO] (PiriRuntimeAcceptance) PIRI_PHASE02_PACKET {"type":"ACTION_ACCEPTED","payload":{"clientSequence":24,"action":"STOP_RIGHT"}}
[20:59:13] [Render thread/INFO] (PiriRuntimeAcceptance) PIRI_PHASE02_PACKET {"type":"REEL_STOP","payload":{"spinId":"aa033505-6cb2-4175-a33f-508b2eb6ce6e","reel":"RIGHT","pressedIndex":9,"stopIndex":9,"slip":0,"durationMs":80}}
[20:59:13] [Render thread/INFO] (PiriRuntimeAcceptance) PIRI_PHASE02_PACKET {"type":"PUBLIC_STATE","payload":{"sessionId":"af0b55a1-65ac-4f46-8884-c95d7e3b002d","machineId":1,"expectedNextClientSequence":25,"gameState":"NORMAL_SPINNING","lifecycle":"ACTIVE","credit":0,"heldMedals":790,"bet":3,"pay":0,"bonusCount":0,"lampOn":false,"displayStops":{"left":16,"center":15,"right":9},"stoppedMask":4}}
[20:59:14] [Render thread/INFO] (PiriRuntimeAcceptance) PIRI_PHASE02_PACKET {"type":"ACTION_ACCEPTED","payload":{"clientSequence":25,"action":"STOP_LEFT"}}
[20:59:14] [Render thread/INFO] (PiriRuntimeAcceptance) PIRI_PHASE02_PACKET {"type":"REEL_STOP","payload":{"spinId":"aa033505-6cb2-4175-a33f-508b2eb6ce6e","reel":"LEFT","pressedIndex":16,"stopIndex":16,"slip":0,"durationMs":80}}
[20:59:14] [Render thread/INFO] (PiriRuntimeAcceptance) PIRI_PHASE02_PACKET {"type":"PUBLIC_STATE","payload":{"sessionId":"af0b55a1-65ac-4f46-8884-c95d7e3b002d","machineId":1,"expectedNextClientSequence":26,"gameState":"NORMAL_SPINNING","lifecycle":"ACTIVE","credit":0,"heldMedals":790,"bet":3,"pay":0,"bonusCount":0,"lampOn":false,"displayStops":{"left":16,"center":15,"right":9},"stoppedMask":5}}
[20:59:14] [Render thread/INFO] (PiriRuntimeAcceptance) PIRI_PHASE02_PACKET {"type":"ACTION_ACCEPTED","payload":{"clientSequence":26,"action":"STOP_CENTER"}}
[20:59:14] [Render thread/INFO] (PiriRuntimeAcceptance) PIRI_PHASE02_PACKET {"type":"REEL_STOP","payload":{"spinId":"aa033505-6cb2-4175-a33f-508b2eb6ce6e","reel":"CENTER","pressedIndex":2,"stopIndex":3,"slip":1,"durationMs":130}}
[20:59:14] [Render thread/INFO] (PiriRuntimeAcceptance) PIRI_PHASE02_PACKET {"type":"PUBLIC_STATE","payload":{"sessionId":"af0b55a1-65ac-4f46-8884-c95d7e3b002d","machineId":1,"expectedNextClientSequence":27,"gameState":"SEATED_READY","lifecycle":"ACTIVE","credit":0,"heldMedals":790,"bet":0,"pay":0,"bonusCount":0,"lampOn":false,"displayStops":{"left":16,"center":3,"right":9},"stoppedMask":7}}
[20:59:14] [Render thread/INFO] (PiriRuntimeAcceptance) PIRI_PHASE02_PACKET {"type":"ACTION_ACCEPTED","payload":{"clientSequence":27,"action":"SPACE_ACTION"}}
[20:59:14] [Render thread/INFO] (PiriRuntimeAcceptance) PIRI_PHASE02_PACKET {"type":"PUBLIC_STATE","payload":{"sessionId":"af0b55a1-65ac-4f46-8884-c95d7e3b002d","machineId":1,"expectedNextClientSequence":28,"gameState":"NORMAL_BETTED","lifecycle":"ACTIVE","credit":0,"heldMedals":787,"bet":3,"pay":0,"bonusCount":0,"lampOn":false,"displayStops":{"left":16,"center":3,"right":9},"stoppedMask":7}}
[20:59:15] [Render thread/INFO] (PiriRuntimeAcceptance) PIRI_PHASE02_PACKET {"type":"ACTION_ACCEPTED","payload":{"clientSequence":28,"action":"SPACE_ACTION"}}
[20:59:15] [Render thread/INFO] (PiriRuntimeAcceptance) PIRI_PHASE02_PACKET {"type":"PUBLIC_STATE","payload":{"sessionId":"af0b55a1-65ac-4f46-8884-c95d7e3b002d","machineId":1,"expectedNextClientSequence":29,"gameState":"NORMAL_SPINNING","lifecycle":"ACTIVE","credit":0,"heldMedals":787,"bet":3,"pay":0,"bonusCount":0,"lampOn":false,"displayStops":{"left":16,"center":3,"right":9},"stoppedMask":0}}
[20:59:15] [Render thread/INFO] (PiriRuntimeAcceptance) PIRI_PHASE02_PACKET {"type":"SPIN_START","payload":{"sessionId":"af0b55a1-65ac-4f46-8884-c95d7e3b002d","machineId":1,"spinId":"3671446e-22e9-41bc-8bc8-8bc5a4bb14a0","mode":"NORMAL","animation":"NORMAL","startPhase":{"left":16.0,"center":3.0,"right":9.0},"stopEnableAfterMs":400}}
[20:59:16] [Render thread/INFO] (PiriRuntimeAcceptance) PIRI_PHASE02_PACKET {"type":"ACTION_ACCEPTED","payload":{"clientSequence":29,"action":"STOP_RIGHT"}}
[20:59:16] [Render thread/INFO] (PiriRuntimeAcceptance) PIRI_PHASE02_PACKET {"type":"REEL_STOP","payload":{"spinId":"3671446e-22e9-41bc-8bc8-8bc5a4bb14a0","reel":"RIGHT","pressedIndex":16,"stopIndex":16,"slip":0,"durationMs":80}}
[20:59:16] [Render thread/INFO] (PiriRuntimeAcceptance) PIRI_PHASE02_PACKET {"type":"PUBLIC_STATE","payload":{"sessionId":"af0b55a1-65ac-4f46-8884-c95d7e3b002d","machineId":1,"expectedNextClientSequence":30,"gameState":"NORMAL_SPINNING","lifecycle":"ACTIVE","credit":0,"heldMedals":787,"bet":3,"pay":0,"bonusCount":0,"lampOn":false,"displayStops":{"left":16,"center":3,"right":16},"stoppedMask":4}}
[20:59:16] [Render thread/INFO] (PiriRuntimeAcceptance) PIRI_PHASE02_PACKET {"type":"ACTION_ACCEPTED","payload":{"clientSequence":30,"action":"STOP_CENTER"}}
[20:59:16] [Render thread/INFO] (PiriRuntimeAcceptance) PIRI_PHASE02_PACKET {"type":"REEL_STOP","payload":{"spinId":"3671446e-22e9-41bc-8bc8-8bc5a4bb14a0","reel":"CENTER","pressedIndex":19,"stopIndex":19,"slip":0,"durationMs":80}}
[20:59:16] [Render thread/INFO] (PiriRuntimeAcceptance) PIRI_PHASE02_PACKET {"type":"PUBLIC_STATE","payload":{"sessionId":"af0b55a1-65ac-4f46-8884-c95d7e3b002d","machineId":1,"expectedNextClientSequence":31,"gameState":"NORMAL_SPINNING","lifecycle":"ACTIVE","credit":0,"heldMedals":787,"bet":3,"pay":0,"bonusCount":0,"lampOn":false,"displayStops":{"left":16,"center":19,"right":16},"stoppedMask":6}}
[20:59:17] [Render thread/INFO] (PiriRuntimeAcceptance) PIRI_PHASE02_PACKET {"type":"ACTION_ACCEPTED","payload":{"clientSequence":31,"action":"STOP_LEFT"}}
[20:59:17] [Render thread/INFO] (PiriRuntimeAcceptance) PIRI_PHASE02_PACKET {"type":"REEL_STOP","payload":{"spinId":"3671446e-22e9-41bc-8bc8-8bc5a4bb14a0","reel":"LEFT","pressedIndex":20,"stopIndex":1,"slip":2,"durationMs":180}}
[20:59:17] [Render thread/INFO] (PiriRuntimeAcceptance) PIRI_PHASE02_PACKET {"type":"PUBLIC_STATE","payload":{"sessionId":"af0b55a1-65ac-4f46-8884-c95d7e3b002d","machineId":1,"expectedNextClientSequence":32,"gameState":"SEATED_READY","lifecycle":"ACTIVE","credit":0,"heldMedals":787,"bet":0,"pay":0,"bonusCount":0,"lampOn":false,"displayStops":{"left":1,"center":19,"right":16},"stoppedMask":7}}
[20:59:17] [Render thread/INFO] (PiriRuntimeAcceptance) PIRI_PHASE02_PACKET {"type":"ACTION_ACCEPTED","payload":{"clientSequence":32,"action":"SPACE_ACTION"}}
[20:59:17] [Render thread/INFO] (PiriRuntimeAcceptance) PIRI_PHASE02_PACKET {"type":"PUBLIC_STATE","payload":{"sessionId":"af0b55a1-65ac-4f46-8884-c95d7e3b002d","machineId":1,"expectedNextClientSequence":33,"gameState":"NORMAL_BETTED","lifecycle":"ACTIVE","credit":0,"heldMedals":784,"bet":3,"pay":0,"bonusCount":0,"lampOn":false,"displayStops":{"left":1,"center":19,"right":16},"stoppedMask":7}}
[20:59:18] [Render thread/INFO] (PiriRuntimeAcceptance) PIRI_PHASE02_PACKET {"type":"ACTION_ACCEPTED","payload":{"clientSequence":33,"action":"SPACE_ACTION"}}
[20:59:18] [Render thread/INFO] (PiriRuntimeAcceptance) PIRI_PHASE02_PACKET {"type":"PUBLIC_STATE","payload":{"sessionId":"af0b55a1-65ac-4f46-8884-c95d7e3b002d","machineId":1,"expectedNextClientSequence":34,"gameState":"NORMAL_SPINNING","lifecycle":"ACTIVE","credit":0,"heldMedals":784,"bet":3,"pay":0,"bonusCount":0,"lampOn":false,"displayStops":{"left":1,"center":19,"right":16},"stoppedMask":0}}
[20:59:18] [Render thread/INFO] (PiriRuntimeAcceptance) PIRI_PHASE02_PACKET {"type":"SPIN_START","payload":{"sessionId":"af0b55a1-65ac-4f46-8884-c95d7e3b002d","machineId":1,"spinId":"154ba5c2-f465-4f29-b394-7014b3bb0daf","mode":"NORMAL","animation":"NORMAL","startPhase":{"left":1.0,"center":19.0,"right":16.0},"stopEnableAfterMs":400}}
[20:59:18] [Render thread/INFO] (PiriRuntimeAcceptance) PIRI_PHASE02_PACKET {"type":"ACTION_ACCEPTED","payload":{"clientSequence":34,"action":"STOP_LEFT"}}
[20:59:18] [Render thread/INFO] (PiriRuntimeAcceptance) PIRI_PHASE02_PACKET {"type":"REEL_STOP","payload":{"spinId":"154ba5c2-f465-4f29-b394-7014b3bb0daf","reel":"LEFT","pressedIndex":8,"stopIndex":10,"slip":2,"durationMs":180}}
[20:59:18] [Render thread/INFO] (PiriRuntimeAcceptance) PIRI_PHASE02_PACKET {"type":"PUBLIC_STATE","payload":{"sessionId":"af0b55a1-65ac-4f46-8884-c95d7e3b002d","machineId":1,"expectedNextClientSequence":35,"gameState":"NORMAL_SPINNING","lifecycle":"ACTIVE","credit":0,"heldMedals":784,"bet":3,"pay":0,"bonusCount":0,"lampOn":false,"displayStops":{"left":10,"center":19,"right":16},"stoppedMask":1}}
[20:59:19] [Render thread/INFO] (PiriRuntimeAcceptance) PIRI_PHASE02_PACKET {"type":"ACTION_ACCEPTED","payload":{"clientSequence":35,"action":"STOP_CENTER"}}
[20:59:19] [Render thread/INFO] (PiriRuntimeAcceptance) PIRI_PHASE02_PACKET {"type":"REEL_STOP","payload":{"spinId":"154ba5c2-f465-4f29-b394-7014b3bb0daf","reel":"CENTER","pressedIndex":14,"stopIndex":14,"slip":0,"durationMs":80}}
[20:59:19] [Render thread/INFO] (PiriRuntimeAcceptance) PIRI_PHASE02_PACKET {"type":"PUBLIC_STATE","payload":{"sessionId":"af0b55a1-65ac-4f46-8884-c95d7e3b002d","machineId":1,"expectedNextClientSequence":36,"gameState":"NORMAL_SPINNING","lifecycle":"ACTIVE","credit":0,"heldMedals":784,"bet":3,"pay":0,"bonusCount":0,"lampOn":false,"displayStops":{"left":10,"center":14,"right":16},"stoppedMask":3}}
[20:59:19] [Render thread/INFO] (PiriRuntimeAcceptance) PIRI_PHASE02_PACKET {"type":"ACTION_ACCEPTED","payload":{"clientSequence":36,"action":"STOP_RIGHT"}}
[20:59:19] [Render thread/INFO] (PiriRuntimeAcceptance) PIRI_PHASE02_PACKET {"type":"REEL_STOP","payload":{"spinId":"154ba5c2-f465-4f29-b394-7014b3bb0daf","reel":"RIGHT","pressedIndex":20,"stopIndex":20,"slip":0,"durationMs":80}}
[20:59:19] [Render thread/INFO] (PiriRuntimeAcceptance) PIRI_PHASE02_PACKET {"type":"PUBLIC_STATE","payload":{"sessionId":"af0b55a1-65ac-4f46-8884-c95d7e3b002d","machineId":1,"expectedNextClientSequence":37,"gameState":"SEATED_READY","lifecycle":"ACTIVE","credit":0,"heldMedals":784,"bet":0,"pay":0,"bonusCount":0,"lampOn":false,"displayStops":{"left":10,"center":14,"right":20},"stoppedMask":7}}
[20:59:20] [Render thread/INFO] (PiriRuntimeAcceptance) PIRI_PHASE02_PACKET {"type":"ACTION_ACCEPTED","payload":{"clientSequence":37,"action":"SPACE_ACTION"}}
[20:59:20] [Render thread/INFO] (PiriRuntimeAcceptance) PIRI_PHASE02_PACKET {"type":"PUBLIC_STATE","payload":{"sessionId":"af0b55a1-65ac-4f46-8884-c95d7e3b002d","machineId":1,"expectedNextClientSequence":38,"gameState":"NORMAL_BETTED","lifecycle":"ACTIVE","credit":0,"heldMedals":781,"bet":3,"pay":0,"bonusCount":0,"lampOn":false,"displayStops":{"left":10,"center":14,"right":20},"stoppedMask":7}}
[20:59:20] [Render thread/INFO] (PiriRuntimeAcceptance) PIRI_PHASE02_PACKET {"type":"ACTION_ACCEPTED","payload":{"clientSequence":38,"action":"SPACE_ACTION"}}
[20:59:20] [Render thread/INFO] (PiriRuntimeAcceptance) PIRI_PHASE02_PACKET {"type":"PUBLIC_STATE","payload":{"sessionId":"af0b55a1-65ac-4f46-8884-c95d7e3b002d","machineId":1,"expectedNextClientSequence":39,"gameState":"NORMAL_SPINNING","lifecycle":"ACTIVE","credit":0,"heldMedals":781,"bet":3,"pay":0,"bonusCount":0,"lampOn":false,"displayStops":{"left":10,"center":14,"right":20},"stoppedMask":0}}
[20:59:20] [Render thread/INFO] (PiriRuntimeAcceptance) PIRI_PHASE02_PACKET {"type":"SPIN_START","payload":{"sessionId":"af0b55a1-65ac-4f46-8884-c95d7e3b002d","machineId":1,"spinId":"31e47083-855f-4d9e-9ef4-5c17729e8f1a","mode":"NORMAL","animation":"NORMAL","startPhase":{"left":10.0,"center":14.0,"right":20.0},"stopEnableAfterMs":400}}
[20:59:21] [Render thread/INFO] (PiriRuntimeAcceptance) PIRI_PHASE02_PACKET {"type":"ACTION_ACCEPTED","payload":{"clientSequence":39,"action":"STOP_LEFT"}}
[20:59:21] [Render thread/INFO] (PiriRuntimeAcceptance) PIRI_PHASE02_PACKET {"type":"REEL_STOP","payload":{"spinId":"31e47083-855f-4d9e-9ef4-5c17729e8f1a","reel":"LEFT","pressedIndex":17,"stopIndex":17,"slip":0,"durationMs":80}}
[20:59:21] [Render thread/INFO] (PiriRuntimeAcceptance) PIRI_PHASE02_PACKET {"type":"PUBLIC_STATE","payload":{"sessionId":"af0b55a1-65ac-4f46-8884-c95d7e3b002d","machineId":1,"expectedNextClientSequence":40,"gameState":"NORMAL_SPINNING","lifecycle":"ACTIVE","credit":0,"heldMedals":781,"bet":3,"pay":0,"bonusCount":0,"lampOn":false,"displayStops":{"left":17,"center":14,"right":20},"stoppedMask":1}}
[20:59:22] [Render thread/INFO] (PiriRuntimeAcceptance) PIRI_PHASE02_PACKET {"type":"ACTION_ACCEPTED","payload":{"clientSequence":40,"action":"STOP_RIGHT"}}
[20:59:22] [Render thread/INFO] (PiriRuntimeAcceptance) PIRI_PHASE02_PACKET {"type":"REEL_STOP","payload":{"spinId":"31e47083-855f-4d9e-9ef4-5c17729e8f1a","reel":"RIGHT","pressedIndex":15,"stopIndex":16,"slip":1,"durationMs":130}}
[20:59:22] [Render thread/INFO] (PiriRuntimeAcceptance) PIRI_PHASE02_PACKET {"type":"PUBLIC_STATE","payload":{"sessionId":"af0b55a1-65ac-4f46-8884-c95d7e3b002d","machineId":1,"expectedNextClientSequence":41,"gameState":"NORMAL_SPINNING","lifecycle":"ACTIVE","credit":0,"heldMedals":781,"bet":3,"pay":0,"bonusCount":0,"lampOn":false,"displayStops":{"left":17,"center":14,"right":16},"stoppedMask":5}}
[20:59:22] [Render thread/INFO] (PiriRuntimeAcceptance) PIRI_PHASE02_PACKET {"type":"ACTION_ACCEPTED","payload":{"clientSequence":41,"action":"STOP_CENTER"}}
[20:59:22] [Render thread/INFO] (PiriRuntimeAcceptance) PIRI_PHASE02_PACKET {"type":"REEL_STOP","payload":{"spinId":"31e47083-855f-4d9e-9ef4-5c17729e8f1a","reel":"CENTER","pressedIndex":18,"stopIndex":20,"slip":2,"durationMs":180}}
[20:59:22] [Render thread/INFO] (PiriRuntimeAcceptance) PIRI_PHASE02_PACKET {"type":"PAYOUT","payload":{}}
[20:59:22] [Render thread/INFO] (PiriRuntimeAcceptance) PIRI_PHASE02_PACKET {"type":"PUBLIC_STATE","payload":{"sessionId":"af0b55a1-65ac-4f46-8884-c95d7e3b002d","machineId":1,"expectedNextClientSequence":42,"gameState":"SEATED_READY","lifecycle":"ACTIVE","credit":8,"heldMedals":781,"bet":0,"pay":8,"bonusCount":0,"lampOn":false,"displayStops":{"left":17,"center":20,"right":16},"stoppedMask":7}}
[20:59:23] [Render thread/INFO] (PiriRuntimeAcceptance) PIRI_PHASE02_PACKET {"type":"ACTION_ACCEPTED","payload":{"clientSequence":42,"action":"SPACE_ACTION"}}
[20:59:23] [Render thread/INFO] (PiriRuntimeAcceptance) PIRI_PHASE02_PACKET {"type":"PUBLIC_STATE","payload":{"sessionId":"af0b55a1-65ac-4f46-8884-c95d7e3b002d","machineId":1,"expectedNextClientSequence":43,"gameState":"NORMAL_BETTED","lifecycle":"ACTIVE","credit":5,"heldMedals":781,"bet":3,"pay":0,"bonusCount":0,"lampOn":false,"displayStops":{"left":17,"center":20,"right":16},"stoppedMask":7}}
[20:59:23] [Render thread/INFO] (PiriRuntimeAcceptance) PIRI_PHASE02_PACKET {"type":"ACTION_ACCEPTED","payload":{"clientSequence":43,"action":"SPACE_ACTION"}}
[20:59:23] [Render thread/INFO] (PiriRuntimeAcceptance) PIRI_PHASE02_PACKET {"type":"PUBLIC_STATE","payload":{"sessionId":"af0b55a1-65ac-4f46-8884-c95d7e3b002d","machineId":1,"expectedNextClientSequence":44,"gameState":"NORMAL_SPINNING","lifecycle":"ACTIVE","credit":5,"heldMedals":781,"bet":3,"pay":0,"bonusCount":0,"lampOn":false,"displayStops":{"left":17,"center":20,"right":16},"stoppedMask":0}}
[20:59:23] [Render thread/INFO] (PiriRuntimeAcceptance) PIRI_PHASE02_PACKET {"type":"SPIN_START","payload":{"sessionId":"af0b55a1-65ac-4f46-8884-c95d7e3b002d","machineId":1,"spinId":"d26fa7ba-904b-42c0-a62d-d838a385d64c","mode":"NORMAL","animation":"NORMAL","startPhase":{"left":17.0,"center":20.0,"right":16.0},"stopEnableAfterMs":400}}
[20:59:24] [Render thread/INFO] (PiriRuntimeAcceptance) PIRI_PHASE02_PACKET {"type":"ACTION_ACCEPTED","payload":{"clientSequence":44,"action":"STOP_CENTER"}}
[20:59:24] [Render thread/INFO] (PiriRuntimeAcceptance) PIRI_PHASE02_PACKET {"type":"REEL_STOP","payload":{"spinId":"d26fa7ba-904b-42c0-a62d-d838a385d64c","reel":"CENTER","pressedIndex":6,"stopIndex":6,"slip":0,"durationMs":80}}
[20:59:24] [Render thread/INFO] (PiriRuntimeAcceptance) PIRI_PHASE02_PACKET {"type":"PUBLIC_STATE","payload":{"sessionId":"af0b55a1-65ac-4f46-8884-c95d7e3b002d","machineId":1,"expectedNextClientSequence":45,"gameState":"NORMAL_SPINNING","lifecycle":"ACTIVE","credit":5,"heldMedals":781,"bet":3,"pay":0,"bonusCount":0,"lampOn":false,"displayStops":{"left":17,"center":6,"right":16},"stoppedMask":2}}
[20:59:25] [Render thread/INFO] (PiriRuntimeAcceptance) PIRI_PHASE02_PACKET {"type":"ACTION_ACCEPTED","payload":{"clientSequence":45,"action":"STOP_LEFT"}}
[20:59:25] [Render thread/INFO] (PiriRuntimeAcceptance) PIRI_PHASE02_PACKET {"type":"REEL_STOP","payload":{"spinId":"d26fa7ba-904b-42c0-a62d-d838a385d64c","reel":"LEFT","pressedIndex":12,"stopIndex":12,"slip":0,"durationMs":80}}
[20:59:25] [Render thread/INFO] (PiriRuntimeAcceptance) PIRI_PHASE02_PACKET {"type":"PUBLIC_STATE","payload":{"sessionId":"af0b55a1-65ac-4f46-8884-c95d7e3b002d","machineId":1,"expectedNextClientSequence":46,"gameState":"NORMAL_SPINNING","lifecycle":"ACTIVE","credit":5,"heldMedals":781,"bet":3,"pay":0,"bonusCount":0,"lampOn":false,"displayStops":{"left":12,"center":6,"right":16},"stoppedMask":3}}
[20:59:25] [Render thread/INFO] (PiriRuntimeAcceptance) PIRI_PHASE02_PACKET {"type":"ACTION_ACCEPTED","payload":{"clientSequence":46,"action":"STOP_RIGHT"}}
[20:59:25] [Render thread/INFO] (PiriRuntimeAcceptance) PIRI_PHASE02_PACKET {"type":"REEL_STOP","payload":{"spinId":"d26fa7ba-904b-42c0-a62d-d838a385d64c","reel":"RIGHT","pressedIndex":20,"stopIndex":1,"slip":2,"durationMs":180}}
[20:59:25] [Render thread/INFO] (PiriRuntimeAcceptance) PIRI_PHASE02_PACKET {"type":"PUBLIC_STATE","payload":{"sessionId":"af0b55a1-65ac-4f46-8884-c95d7e3b002d","machineId":1,"expectedNextClientSequence":47,"gameState":"SEATED_READY","lifecycle":"ACTIVE","credit":5,"heldMedals":781,"bet":0,"pay":0,"bonusCount":0,"lampOn":false,"displayStops":{"left":12,"center":6,"right":1},"stoppedMask":7}}
[20:59:26] [Render thread/INFO] (PiriRuntimeAcceptance) PIRI_PHASE02_PACKET {"type":"ACTION_ACCEPTED","payload":{"clientSequence":47,"action":"SPACE_ACTION"}}
[20:59:26] [Render thread/INFO] (PiriRuntimeAcceptance) PIRI_PHASE02_PACKET {"type":"PUBLIC_STATE","payload":{"sessionId":"af0b55a1-65ac-4f46-8884-c95d7e3b002d","machineId":1,"expectedNextClientSequence":48,"gameState":"NORMAL_BETTED","lifecycle":"ACTIVE","credit":2,"heldMedals":781,"bet":3,"pay":0,"bonusCount":0,"lampOn":false,"displayStops":{"left":12,"center":6,"right":1},"stoppedMask":7}}
[20:59:26] [Render thread/INFO] (PiriRuntimeAcceptance) PIRI_PHASE02_PACKET {"type":"ACTION_ACCEPTED","payload":{"clientSequence":48,"action":"SPACE_ACTION"}}
[20:59:26] [Render thread/INFO] (PiriRuntimeAcceptance) PIRI_PHASE02_PACKET {"type":"PUBLIC_STATE","payload":{"sessionId":"af0b55a1-65ac-4f46-8884-c95d7e3b002d","machineId":1,"expectedNextClientSequence":49,"gameState":"NORMAL_SPINNING","lifecycle":"ACTIVE","credit":2,"heldMedals":781,"bet":3,"pay":0,"bonusCount":0,"lampOn":false,"displayStops":{"left":12,"center":6,"right":1},"stoppedMask":0}}
[20:59:26] [Render thread/INFO] (PiriRuntimeAcceptance) PIRI_PHASE02_PACKET {"type":"SPIN_START","payload":{"sessionId":"af0b55a1-65ac-4f46-8884-c95d7e3b002d","machineId":1,"spinId":"ab32893f-24a9-4a71-8541-763aef3e9b2f","mode":"NORMAL","animation":"NORMAL","startPhase":{"left":12.0,"center":6.0,"right":1.0},"stopEnableAfterMs":400}}
[20:59:27] [Render thread/INFO] (PiriRuntimeAcceptance) PIRI_PHASE02_PACKET {"type":"ACTION_ACCEPTED","payload":{"clientSequence":49,"action":"STOP_CENTER"}}
[20:59:27] [Render thread/INFO] (PiriRuntimeAcceptance) PIRI_PHASE02_PACKET {"type":"REEL_STOP","payload":{"spinId":"ab32893f-24a9-4a71-8541-763aef3e9b2f","reel":"CENTER","pressedIndex":13,"stopIndex":13,"slip":0,"durationMs":80}}
[20:59:27] [Render thread/INFO] (PiriRuntimeAcceptance) PIRI_PHASE02_PACKET {"type":"PUBLIC_STATE","payload":{"sessionId":"af0b55a1-65ac-4f46-8884-c95d7e3b002d","machineId":1,"expectedNextClientSequence":50,"gameState":"NORMAL_SPINNING","lifecycle":"ACTIVE","credit":2,"heldMedals":781,"bet":3,"pay":0,"bonusCount":0,"lampOn":false,"displayStops":{"left":12,"center":13,"right":1},"stoppedMask":2}}
[20:59:27] [Render thread/INFO] (PiriRuntimeAcceptance) PIRI_PHASE02_PACKET {"type":"ACTION_ACCEPTED","payload":{"clientSequence":50,"action":"STOP_RIGHT"}}
[20:59:27] [Render thread/INFO] (PiriRuntimeAcceptance) PIRI_PHASE02_PACKET {"type":"REEL_STOP","payload":{"spinId":"ab32893f-24a9-4a71-8541-763aef3e9b2f","reel":"RIGHT","pressedIndex":17,"stopIndex":17,"slip":0,"durationMs":80}}
[20:59:27] [Render thread/INFO] (PiriRuntimeAcceptance) PIRI_PHASE02_PACKET {"type":"PUBLIC_STATE","payload":{"sessionId":"af0b55a1-65ac-4f46-8884-c95d7e3b002d","machineId":1,"expectedNextClientSequence":51,"gameState":"NORMAL_SPINNING","lifecycle":"ACTIVE","credit":2,"heldMedals":781,"bet":3,"pay":0,"bonusCount":0,"lampOn":false,"displayStops":{"left":12,"center":13,"right":17},"stoppedMask":6}}
[20:59:28] [Render thread/INFO] (PiriRuntimeAcceptance) PIRI_PHASE02_PACKET {"type":"ACTION_ACCEPTED","payload":{"clientSequence":51,"action":"STOP_LEFT"}}
[20:59:28] [Render thread/INFO] (PiriRuntimeAcceptance) PIRI_PHASE02_PACKET {"type":"REEL_STOP","payload":{"spinId":"ab32893f-24a9-4a71-8541-763aef3e9b2f","reel":"LEFT","pressedIndex":20,"stopIndex":1,"slip":2,"durationMs":180}}
[20:59:28] [Render thread/INFO] (PiriRuntimeAcceptance) PIRI_PHASE02_PACKET {"type":"PUBLIC_STATE","payload":{"sessionId":"af0b55a1-65ac-4f46-8884-c95d7e3b002d","machineId":1,"expectedNextClientSequence":52,"gameState":"SEATED_READY","lifecycle":"ACTIVE","credit":2,"heldMedals":781,"bet":0,"pay":0,"bonusCount":0,"lampOn":false,"displayStops":{"left":1,"center":13,"right":17},"stoppedMask":7}}
[20:59:29] [Render thread/INFO] (PiriRuntimeAcceptance) PIRI_PHASE02_PACKET {"type":"ACTION_ACCEPTED","payload":{"clientSequence":52,"action":"SPACE_ACTION"}}
[20:59:29] [Render thread/INFO] (PiriRuntimeAcceptance) PIRI_PHASE02_PACKET {"type":"PUBLIC_STATE","payload":{"sessionId":"af0b55a1-65ac-4f46-8884-c95d7e3b002d","machineId":1,"expectedNextClientSequence":53,"gameState":"NORMAL_BETTED","lifecycle":"ACTIVE","credit":0,"heldMedals":780,"bet":3,"pay":0,"bonusCount":0,"lampOn":false,"displayStops":{"left":1,"center":13,"right":17},"stoppedMask":7}}
[20:59:29] [Render thread/INFO] (PiriRuntimeAcceptance) PIRI_PHASE02_PACKET {"type":"ACTION_ACCEPTED","payload":{"clientSequence":53,"action":"SPACE_ACTION"}}
[20:59:29] [Render thread/INFO] (PiriRuntimeAcceptance) PIRI_PHASE02_PACKET {"type":"PUBLIC_STATE","payload":{"sessionId":"af0b55a1-65ac-4f46-8884-c95d7e3b002d","machineId":1,"expectedNextClientSequence":54,"gameState":"NORMAL_SPINNING","lifecycle":"ACTIVE","credit":0,"heldMedals":780,"bet":3,"pay":0,"bonusCount":0,"lampOn":false,"displayStops":{"left":1,"center":13,"right":17},"stoppedMask":0}}
[20:59:29] [Render thread/INFO] (PiriRuntimeAcceptance) PIRI_PHASE02_PACKET {"type":"SPIN_START","payload":{"sessionId":"af0b55a1-65ac-4f46-8884-c95d7e3b002d","machineId":1,"spinId":"ed146131-2700-4374-8334-d539b6a1f79f","mode":"NORMAL","animation":"NORMAL","startPhase":{"left":1.0,"center":13.0,"right":17.0},"stopEnableAfterMs":400}}
[20:59:30] [Render thread/INFO] (PiriRuntimeAcceptance) PIRI_PHASE02_PACKET {"type":"ACTION_ACCEPTED","payload":{"clientSequence":54,"action":"STOP_RIGHT"}}
[20:59:30] [Render thread/INFO] (PiriRuntimeAcceptance) PIRI_PHASE02_PACKET {"type":"REEL_STOP","payload":{"spinId":"ed146131-2700-4374-8334-d539b6a1f79f","reel":"RIGHT","pressedIndex":3,"stopIndex":3,"slip":0,"durationMs":80}}
[20:59:30] [Render thread/INFO] (PiriRuntimeAcceptance) PIRI_PHASE02_PACKET {"type":"PUBLIC_STATE","payload":{"sessionId":"af0b55a1-65ac-4f46-8884-c95d7e3b002d","machineId":1,"expectedNextClientSequence":55,"gameState":"NORMAL_SPINNING","lifecycle":"ACTIVE","credit":0,"heldMedals":780,"bet":3,"pay":0,"bonusCount":0,"lampOn":false,"displayStops":{"left":1,"center":13,"right":3},"stoppedMask":4}}
[20:59:30] [Render thread/INFO] (PiriRuntimeAcceptance) PIRI_PHASE02_PACKET {"type":"ACTION_ACCEPTED","payload":{"clientSequence":55,"action":"STOP_LEFT"}}
[20:59:30] [Render thread/INFO] (PiriRuntimeAcceptance) PIRI_PHASE02_PACKET {"type":"REEL_STOP","payload":{"spinId":"ed146131-2700-4374-8334-d539b6a1f79f","reel":"LEFT","pressedIndex":17,"stopIndex":17,"slip":0,"durationMs":80}}
[20:59:30] [Render thread/INFO] (PiriRuntimeAcceptance) PIRI_PHASE02_PACKET {"type":"PUBLIC_STATE","payload":{"sessionId":"af0b55a1-65ac-4f46-8884-c95d7e3b002d","machineId":1,"expectedNextClientSequence":56,"gameState":"NORMAL_SPINNING","lifecycle":"ACTIVE","credit":0,"heldMedals":780,"bet":3,"pay":0,"bonusCount":0,"lampOn":false,"displayStops":{"left":17,"center":13,"right":3},"stoppedMask":5}}
[20:59:31] [Render thread/INFO] (PiriRuntimeAcceptance) PIRI_PHASE02_PACKET {"type":"ACTION_ACCEPTED","payload":{"clientSequence":56,"action":"STOP_CENTER"}}
[20:59:31] [Render thread/INFO] (PiriRuntimeAcceptance) PIRI_PHASE02_PACKET {"type":"REEL_STOP","payload":{"spinId":"ed146131-2700-4374-8334-d539b6a1f79f","reel":"CENTER","pressedIndex":17,"stopIndex":18,"slip":1,"durationMs":130}}
[20:59:31] [Render thread/INFO] (PiriRuntimeAcceptance) PIRI_PHASE02_PACKET {"type":"PUBLIC_STATE","payload":{"sessionId":"af0b55a1-65ac-4f46-8884-c95d7e3b002d","machineId":1,"expectedNextClientSequence":57,"gameState":"SEATED_READY","lifecycle":"ACTIVE","credit":0,"heldMedals":780,"bet":0,"pay":0,"bonusCount":0,"lampOn":false,"displayStops":{"left":17,"center":18,"right":3},"stoppedMask":7}}
[20:59:31] [Render thread/INFO] (PiriRuntimeAcceptance) PIRI_PHASE02_PACKET {"type":"ACTION_ACCEPTED","payload":{"clientSequence":57,"action":"SPACE_ACTION"}}
[20:59:31] [Render thread/INFO] (PiriRuntimeAcceptance) PIRI_PHASE02_PACKET {"type":"PUBLIC_STATE","payload":{"sessionId":"af0b55a1-65ac-4f46-8884-c95d7e3b002d","machineId":1,"expectedNextClientSequence":58,"gameState":"NORMAL_BETTED","lifecycle":"ACTIVE","credit":0,"heldMedals":777,"bet":3,"pay":0,"bonusCount":0,"lampOn":false,"displayStops":{"left":17,"center":18,"right":3},"stoppedMask":7}}
[20:59:32] [Render thread/INFO] (PiriRuntimeAcceptance) PIRI_PHASE02_PACKET {"type":"ACTION_ACCEPTED","payload":{"clientSequence":58,"action":"SPACE_ACTION"}}
[20:59:32] [Render thread/INFO] (PiriRuntimeAcceptance) PIRI_PHASE02_PACKET {"type":"PUBLIC_STATE","payload":{"sessionId":"af0b55a1-65ac-4f46-8884-c95d7e3b002d","machineId":1,"expectedNextClientSequence":59,"gameState":"NORMAL_SPINNING","lifecycle":"ACTIVE","credit":0,"heldMedals":777,"bet":3,"pay":0,"bonusCount":0,"lampOn":false,"displayStops":{"left":17,"center":18,"right":3},"stoppedMask":0}}
[20:59:32] [Render thread/INFO] (PiriRuntimeAcceptance) PIRI_PHASE02_PACKET {"type":"SPIN_START","payload":{"sessionId":"af0b55a1-65ac-4f46-8884-c95d7e3b002d","machineId":1,"spinId":"39f8d9ff-3347-4960-aeba-96d3384859e0","mode":"NORMAL","animation":"NORMAL","startPhase":{"left":17.0,"center":18.0,"right":3.0},"stopEnableAfterMs":400}}
[20:59:33] [Render thread/INFO] (PiriRuntimeAcceptance) PIRI_PHASE02_PACKET {"type":"ACTION_ACCEPTED","payload":{"clientSequence":59,"action":"STOP_RIGHT"}}
[20:59:33] [Render thread/INFO] (PiriRuntimeAcceptance) PIRI_PHASE02_PACKET {"type":"REEL_STOP","payload":{"spinId":"39f8d9ff-3347-4960-aeba-96d3384859e0","reel":"RIGHT","pressedIndex":14,"stopIndex":14,"slip":0,"durationMs":80}}
[20:59:33] [Render thread/INFO] (PiriRuntimeAcceptance) PIRI_PHASE02_PACKET {"type":"PUBLIC_STATE","payload":{"sessionId":"af0b55a1-65ac-4f46-8884-c95d7e3b002d","machineId":1,"expectedNextClientSequence":60,"gameState":"NORMAL_SPINNING","lifecycle":"ACTIVE","credit":0,"heldMedals":777,"bet":3,"pay":0,"bonusCount":0,"lampOn":false,"displayStops":{"left":17,"center":18,"right":14},"stoppedMask":4}}
[20:59:33] [Render thread/INFO] (PiriRuntimeAcceptance) PIRI_PHASE02_PACKET {"type":"ACTION_ACCEPTED","payload":{"clientSequence":60,"action":"STOP_CENTER"}}
[20:59:33] [Render thread/INFO] (PiriRuntimeAcceptance) PIRI_PHASE02_PACKET {"type":"REEL_STOP","payload":{"spinId":"39f8d9ff-3347-4960-aeba-96d3384859e0","reel":"CENTER","pressedIndex":17,"stopIndex":17,"slip":0,"durationMs":80}}
[20:59:33] [Render thread/INFO] (PiriRuntimeAcceptance) PIRI_PHASE02_PACKET {"type":"PUBLIC_STATE","payload":{"sessionId":"af0b55a1-65ac-4f46-8884-c95d7e3b002d","machineId":1,"expectedNextClientSequence":61,"gameState":"NORMAL_SPINNING","lifecycle":"ACTIVE","credit":0,"heldMedals":777,"bet":3,"pay":0,"bonusCount":0,"lampOn":false,"displayStops":{"left":17,"center":17,"right":14},"stoppedMask":6}}
[20:59:34] [Render thread/INFO] (PiriRuntimeAcceptance) PIRI_PHASE02_PACKET {"type":"ACTION_ACCEPTED","payload":{"clientSequence":61,"action":"STOP_LEFT"}}
[20:59:34] [Render thread/INFO] (PiriRuntimeAcceptance) PIRI_PHASE02_PACKET {"type":"REEL_STOP","payload":{"spinId":"39f8d9ff-3347-4960-aeba-96d3384859e0","reel":"LEFT","pressedIndex":4,"stopIndex":4,"slip":0,"durationMs":80}}
[20:59:34] [Render thread/INFO] (PiriRuntimeAcceptance) PIRI_PHASE02_PACKET {"type":"PUBLIC_STATE","payload":{"sessionId":"af0b55a1-65ac-4f46-8884-c95d7e3b002d","machineId":1,"expectedNextClientSequence":62,"gameState":"SEATED_READY","lifecycle":"ACTIVE","credit":0,"heldMedals":777,"bet":0,"pay":0,"bonusCount":0,"lampOn":false,"displayStops":{"left":4,"center":17,"right":14},"stoppedMask":7}}
[20:59:34] [Render thread/INFO] (PiriRuntimeAcceptance) PIRI_PHASE02_PACKET {"type":"ACTION_ACCEPTED","payload":{"clientSequence":62,"action":"SPACE_ACTION"}}
[20:59:34] [Render thread/INFO] (PiriRuntimeAcceptance) PIRI_PHASE02_PACKET {"type":"PUBLIC_STATE","payload":{"sessionId":"af0b55a1-65ac-4f46-8884-c95d7e3b002d","machineId":1,"expectedNextClientSequence":63,"gameState":"NORMAL_BETTED","lifecycle":"ACTIVE","credit":0,"heldMedals":774,"bet":3,"pay":0,"bonusCount":0,"lampOn":false,"displayStops":{"left":4,"center":17,"right":14},"stoppedMask":7}}
[20:59:35] [Render thread/INFO] (PiriRuntimeAcceptance) PIRI_PHASE02_PACKET {"type":"ACTION_ACCEPTED","payload":{"clientSequence":63,"action":"SPACE_ACTION"}}
[20:59:35] [Render thread/INFO] (PiriRuntimeAcceptance) PIRI_PHASE02_PACKET {"type":"PUBLIC_STATE","payload":{"sessionId":"af0b55a1-65ac-4f46-8884-c95d7e3b002d","machineId":1,"expectedNextClientSequence":64,"gameState":"NORMAL_SPINNING","lifecycle":"ACTIVE","credit":0,"heldMedals":774,"bet":3,"pay":0,"bonusCount":0,"lampOn":false,"displayStops":{"left":4,"center":17,"right":14},"stoppedMask":0}}
[20:59:35] [Render thread/INFO] (PiriRuntimeAcceptance) PIRI_PHASE02_PACKET {"type":"SPIN_START","payload":{"sessionId":"af0b55a1-65ac-4f46-8884-c95d7e3b002d","machineId":1,"spinId":"fc90a83d-2c30-4e68-9659-8a652d977f77","mode":"NORMAL","animation":"NORMAL","startPhase":{"left":4.0,"center":17.0,"right":14.0},"stopEnableAfterMs":400}}
[20:59:36] [Render thread/INFO] (PiriRuntimeAcceptance) PIRI_PHASE02_PACKET {"type":"ACTION_ACCEPTED","payload":{"clientSequence":64,"action":"STOP_LEFT"}}
[20:59:36] [Render thread/INFO] (PiriRuntimeAcceptance) PIRI_PHASE02_PACKET {"type":"REEL_STOP","payload":{"spinId":"fc90a83d-2c30-4e68-9659-8a652d977f77","reel":"LEFT","pressedIndex":11,"stopIndex":11,"slip":0,"durationMs":80}}
[20:59:36] [Render thread/INFO] (PiriRuntimeAcceptance) PIRI_PHASE02_PACKET {"type":"PUBLIC_STATE","payload":{"sessionId":"af0b55a1-65ac-4f46-8884-c95d7e3b002d","machineId":1,"expectedNextClientSequence":65,"gameState":"NORMAL_SPINNING","lifecycle":"ACTIVE","credit":0,"heldMedals":774,"bet":3,"pay":0,"bonusCount":0,"lampOn":false,"displayStops":{"left":11,"center":17,"right":14},"stoppedMask":1}}
[20:59:36] [Render thread/INFO] (PiriRuntimeAcceptance) PIRI_PHASE02_PACKET {"type":"ACTION_ACCEPTED","payload":{"clientSequence":65,"action":"STOP_CENTER"}}
[20:59:36] [Render thread/INFO] (PiriRuntimeAcceptance) PIRI_PHASE02_PACKET {"type":"REEL_STOP","payload":{"spinId":"fc90a83d-2c30-4e68-9659-8a652d977f77","reel":"CENTER","pressedIndex":12,"stopIndex":12,"slip":0,"durationMs":80}}
[20:59:36] [Render thread/INFO] (PiriRuntimeAcceptance) PIRI_PHASE02_PACKET {"type":"PUBLIC_STATE","payload":{"sessionId":"af0b55a1-65ac-4f46-8884-c95d7e3b002d","machineId":1,"expectedNextClientSequence":66,"gameState":"NORMAL_SPINNING","lifecycle":"ACTIVE","credit":0,"heldMedals":774,"bet":3,"pay":0,"bonusCount":0,"lampOn":false,"displayStops":{"left":11,"center":12,"right":14},"stoppedMask":3}}
[20:59:37] [Render thread/INFO] (PiriRuntimeAcceptance) PIRI_PHASE02_PACKET {"type":"ACTION_ACCEPTED","payload":{"clientSequence":66,"action":"STOP_RIGHT"}}
[20:59:37] [Render thread/INFO] (PiriRuntimeAcceptance) PIRI_PHASE02_PACKET {"type":"REEL_STOP","payload":{"spinId":"fc90a83d-2c30-4e68-9659-8a652d977f77","reel":"RIGHT","pressedIndex":18,"stopIndex":19,"slip":1,"durationMs":130}}
[20:59:37] [Render thread/INFO] (PiriRuntimeAcceptance) PIRI_PHASE02_PACKET {"type":"PUBLIC_STATE","payload":{"sessionId":"af0b55a1-65ac-4f46-8884-c95d7e3b002d","machineId":1,"expectedNextClientSequence":67,"gameState":"SEATED_READY","lifecycle":"ACTIVE","credit":0,"heldMedals":774,"bet":0,"pay":0,"bonusCount":0,"lampOn":false,"displayStops":{"left":11,"center":12,"right":19},"stoppedMask":7}}
[20:59:37] [Render thread/INFO] (PiriRuntimeAcceptance) PIRI_PHASE02_PACKET {"type":"ACTION_ACCEPTED","payload":{"clientSequence":67,"action":"SPACE_ACTION"}}
[20:59:37] [Render thread/INFO] (PiriRuntimeAcceptance) PIRI_PHASE02_PACKET {"type":"PUBLIC_STATE","payload":{"sessionId":"af0b55a1-65ac-4f46-8884-c95d7e3b002d","machineId":1,"expectedNextClientSequence":68,"gameState":"NORMAL_BETTED","lifecycle":"ACTIVE","credit":0,"heldMedals":771,"bet":3,"pay":0,"bonusCount":0,"lampOn":false,"displayStops":{"left":11,"center":12,"right":19},"stoppedMask":7}}
[20:59:38] [Render thread/INFO] (PiriRuntimeAcceptance) PIRI_PHASE02_PACKET {"type":"ACTION_ACCEPTED","payload":{"clientSequence":68,"action":"SPACE_ACTION"}}
[20:59:38] [Render thread/INFO] (PiriRuntimeAcceptance) PIRI_PHASE02_PACKET {"type":"PUBLIC_STATE","payload":{"sessionId":"af0b55a1-65ac-4f46-8884-c95d7e3b002d","machineId":1,"expectedNextClientSequence":69,"gameState":"NORMAL_SPINNING","lifecycle":"ACTIVE","credit":0,"heldMedals":771,"bet":3,"pay":0,"bonusCount":0,"lampOn":false,"displayStops":{"left":11,"center":12,"right":19},"stoppedMask":0}}
[20:59:38] [Render thread/INFO] (PiriRuntimeAcceptance) PIRI_PHASE02_PACKET {"type":"SPIN_START","payload":{"sessionId":"af0b55a1-65ac-4f46-8884-c95d7e3b002d","machineId":1,"spinId":"3ed5b106-e6fd-41a5-bde0-7eb542aac4b2","mode":"NORMAL","animation":"NORMAL","startPhase":{"left":11.0,"center":12.0,"right":19.0},"stopEnableAfterMs":400}}
[20:59:38] [Render thread/INFO] (PiriRuntimeAcceptance) PIRI_PHASE02_PACKET {"type":"ACTION_ACCEPTED","payload":{"clientSequence":69,"action":"STOP_LEFT"}}
[20:59:38] [Render thread/INFO] (PiriRuntimeAcceptance) PIRI_PHASE02_PACKET {"type":"REEL_STOP","payload":{"spinId":"3ed5b106-e6fd-41a5-bde0-7eb542aac4b2","reel":"LEFT","pressedIndex":18,"stopIndex":18,"slip":0,"durationMs":80}}
[20:59:38] [Render thread/INFO] (PiriRuntimeAcceptance) PIRI_PHASE02_PACKET {"type":"PUBLIC_STATE","payload":{"sessionId":"af0b55a1-65ac-4f46-8884-c95d7e3b002d","machineId":1,"expectedNextClientSequence":70,"gameState":"NORMAL_SPINNING","lifecycle":"ACTIVE","credit":0,"heldMedals":771,"bet":3,"pay":0,"bonusCount":0,"lampOn":false,"displayStops":{"left":18,"center":12,"right":19},"stoppedMask":1}}
[20:59:39] [Render thread/INFO] (PiriRuntimeAcceptance) PIRI_PHASE02_PACKET {"type":"ACTION_ACCEPTED","payload":{"clientSequence":70,"action":"STOP_RIGHT"}}
[20:59:39] [Render thread/INFO] (PiriRuntimeAcceptance) PIRI_PHASE02_PACKET {"type":"REEL_STOP","payload":{"spinId":"3ed5b106-e6fd-41a5-bde0-7eb542aac4b2","reel":"RIGHT","pressedIndex":14,"stopIndex":14,"slip":0,"durationMs":80}}
[20:59:39] [Render thread/INFO] (PiriRuntimeAcceptance) PIRI_PHASE02_PACKET {"type":"PUBLIC_STATE","payload":{"sessionId":"af0b55a1-65ac-4f46-8884-c95d7e3b002d","machineId":1,"expectedNextClientSequence":71,"gameState":"NORMAL_SPINNING","lifecycle":"ACTIVE","credit":0,"heldMedals":771,"bet":3,"pay":0,"bonusCount":0,"lampOn":false,"displayStops":{"left":18,"center":12,"right":14},"stoppedMask":5}}
[20:59:39] [Render thread/INFO] (PiriRuntimeAcceptance) PIRI_PHASE02_PACKET {"type":"ACTION_ACCEPTED","payload":{"clientSequence":71,"action":"STOP_CENTER"}}
[20:59:39] [Render thread/INFO] (PiriRuntimeAcceptance) PIRI_PHASE02_PACKET {"type":"REEL_STOP","payload":{"spinId":"3ed5b106-e6fd-41a5-bde0-7eb542aac4b2","reel":"CENTER","pressedIndex":16,"stopIndex":16,"slip":0,"durationMs":80}}
[20:59:39] [Render thread/INFO] (PiriRuntimeAcceptance) PIRI_PHASE02_PACKET {"type":"PUBLIC_STATE","payload":{"sessionId":"af0b55a1-65ac-4f46-8884-c95d7e3b002d","machineId":1,"expectedNextClientSequence":72,"gameState":"SEATED_READY","lifecycle":"ACTIVE","credit":0,"heldMedals":771,"bet":0,"pay":0,"bonusCount":0,"lampOn":false,"displayStops":{"left":18,"center":16,"right":14},"stoppedMask":7}}
[20:59:40] [Render thread/INFO] (PiriRuntimeAcceptance) PIRI_PHASE02_PACKET {"type":"ACTION_ACCEPTED","payload":{"clientSequence":72,"action":"SPACE_ACTION"}}
[20:59:40] [Render thread/INFO] (PiriRuntimeAcceptance) PIRI_PHASE02_PACKET {"type":"PUBLIC_STATE","payload":{"sessionId":"af0b55a1-65ac-4f46-8884-c95d7e3b002d","machineId":1,"expectedNextClientSequence":73,"gameState":"NORMAL_BETTED","lifecycle":"ACTIVE","credit":0,"heldMedals":768,"bet":3,"pay":0,"bonusCount":0,"lampOn":false,"displayStops":{"left":18,"center":16,"right":14},"stoppedMask":7}}
[20:59:40] [Render thread/INFO] (PiriRuntimeAcceptance) PIRI_PHASE02_PACKET {"type":"ACTION_ACCEPTED","payload":{"clientSequence":73,"action":"SPACE_ACTION"}}
[20:59:40] [Render thread/INFO] (PiriRuntimeAcceptance) PIRI_PHASE02_PACKET {"type":"PUBLIC_STATE","payload":{"sessionId":"af0b55a1-65ac-4f46-8884-c95d7e3b002d","machineId":1,"expectedNextClientSequence":74,"gameState":"NORMAL_SPINNING","lifecycle":"ACTIVE","credit":0,"heldMedals":768,"bet":3,"pay":0,"bonusCount":0,"lampOn":false,"displayStops":{"left":18,"center":16,"right":14},"stoppedMask":0}}
[20:59:40] [Render thread/INFO] (PiriRuntimeAcceptance) PIRI_PHASE02_PACKET {"type":"SPIN_START","payload":{"sessionId":"af0b55a1-65ac-4f46-8884-c95d7e3b002d","machineId":1,"spinId":"00cac736-5eb0-450d-8d62-6b73ca78faeb","mode":"NORMAL","animation":"NORMAL","startPhase":{"left":18.0,"center":16.0,"right":14.0},"stopEnableAfterMs":400}}
[20:59:41] [Render thread/INFO] (PiriRuntimeAcceptance) PIRI_PHASE02_PACKET {"type":"ACTION_ACCEPTED","payload":{"clientSequence":74,"action":"STOP_CENTER"}}
[20:59:41] [Render thread/INFO] (PiriRuntimeAcceptance) PIRI_PHASE02_PACKET {"type":"REEL_STOP","payload":{"spinId":"00cac736-5eb0-450d-8d62-6b73ca78faeb","reel":"CENTER","pressedIndex":2,"stopIndex":2,"slip":0,"durationMs":80}}
[20:59:41] [Render thread/INFO] (PiriRuntimeAcceptance) PIRI_PHASE02_PACKET {"type":"PUBLIC_STATE","payload":{"sessionId":"af0b55a1-65ac-4f46-8884-c95d7e3b002d","machineId":1,"expectedNextClientSequence":75,"gameState":"NORMAL_SPINNING","lifecycle":"ACTIVE","credit":0,"heldMedals":768,"bet":3,"pay":0,"bonusCount":0,"lampOn":false,"displayStops":{"left":18,"center":2,"right":14},"stoppedMask":2}}
[20:59:42] [Render thread/INFO] (PiriRuntimeAcceptance) PIRI_PHASE02_PACKET {"type":"ACTION_ACCEPTED","payload":{"clientSequence":75,"action":"STOP_LEFT"}}
[20:59:42] [Render thread/INFO] (PiriRuntimeAcceptance) PIRI_PHASE02_PACKET {"type":"REEL_STOP","payload":{"spinId":"00cac736-5eb0-450d-8d62-6b73ca78faeb","reel":"LEFT","pressedIndex":17,"stopIndex":17,"slip":0,"durationMs":80}}
[20:59:42] [Render thread/INFO] (PiriRuntimeAcceptance) PIRI_PHASE02_PACKET {"type":"PUBLIC_STATE","payload":{"sessionId":"af0b55a1-65ac-4f46-8884-c95d7e3b002d","machineId":1,"expectedNextClientSequence":76,"gameState":"NORMAL_SPINNING","lifecycle":"ACTIVE","credit":0,"heldMedals":768,"bet":3,"pay":0,"bonusCount":0,"lampOn":false,"displayStops":{"left":17,"center":2,"right":14},"stoppedMask":3}}
[20:59:42] [Render thread/INFO] (PiriRuntimeAcceptance) PIRI_PHASE02_PACKET {"type":"ACTION_ACCEPTED","payload":{"clientSequence":76,"action":"STOP_RIGHT"}}
[20:59:42] [Render thread/INFO] (PiriRuntimeAcceptance) PIRI_PHASE02_PACKET {"type":"REEL_STOP","payload":{"spinId":"00cac736-5eb0-450d-8d62-6b73ca78faeb","reel":"RIGHT","pressedIndex":2,"stopIndex":6,"slip":4,"durationMs":280}}
[20:59:42] [Render thread/INFO] (PiriRuntimeAcceptance) PIRI_PHASE02_PACKET {"type":"PUBLIC_STATE","payload":{"sessionId":"af0b55a1-65ac-4f46-8884-c95d7e3b002d","machineId":1,"expectedNextClientSequence":77,"gameState":"REPLAY_READY","lifecycle":"ACTIVE","credit":0,"heldMedals":768,"bet":3,"pay":0,"bonusCount":0,"lampOn":false,"displayStops":{"left":17,"center":2,"right":6},"stoppedMask":7}}
[20:59:43] [Render thread/INFO] (PiriRuntimeAcceptance) PIRI_PHASE02_PACKET {"type":"ACTION_ACCEPTED","payload":{"clientSequence":77,"action":"SPACE_ACTION"}}
[20:59:43] [Render thread/INFO] (PiriRuntimeAcceptance) PIRI_PHASE02_PACKET {"type":"PUBLIC_STATE","payload":{"sessionId":"af0b55a1-65ac-4f46-8884-c95d7e3b002d","machineId":1,"expectedNextClientSequence":78,"gameState":"NORMAL_SPINNING","lifecycle":"ACTIVE","credit":0,"heldMedals":768,"bet":3,"pay":0,"bonusCount":0,"lampOn":false,"displayStops":{"left":17,"center":2,"right":6},"stoppedMask":0}}
[20:59:43] [Render thread/INFO] (PiriRuntimeAcceptance) PIRI_PHASE02_PACKET {"type":"SPIN_START","payload":{"sessionId":"af0b55a1-65ac-4f46-8884-c95d7e3b002d","machineId":1,"spinId":"f688cff0-58a4-4c1b-864b-c565465fc0c6","mode":"NORMAL","animation":"NORMAL","startPhase":{"left":17.0,"center":2.0,"right":6.0},"stopEnableAfterMs":400}}
[20:59:44] [Render thread/INFO] (PiriRuntimeAcceptance) PIRI_PHASE02_PACKET {"type":"ACTION_ACCEPTED","payload":{"clientSequence":78,"action":"STOP_CENTER"}}
[20:59:44] [Render thread/INFO] (PiriRuntimeAcceptance) PIRI_PHASE02_PACKET {"type":"REEL_STOP","payload":{"spinId":"f688cff0-58a4-4c1b-864b-c565465fc0c6","reel":"CENTER","pressedIndex":9,"stopIndex":9,"slip":0,"durationMs":80}}
[20:59:44] [Render thread/INFO] (PiriRuntimeAcceptance) PIRI_PHASE02_PACKET {"type":"PUBLIC_STATE","payload":{"sessionId":"af0b55a1-65ac-4f46-8884-c95d7e3b002d","machineId":1,"expectedNextClientSequence":79,"gameState":"NORMAL_SPINNING","lifecycle":"ACTIVE","credit":0,"heldMedals":768,"bet":3,"pay":0,"bonusCount":0,"lampOn":false,"displayStops":{"left":17,"center":9,"right":6},"stoppedMask":2}}
[20:59:45] [Render thread/INFO] (PiriRuntimeAcceptance) PIRI_PHASE02_PACKET {"type":"ACTION_ACCEPTED","payload":{"clientSequence":79,"action":"STOP_RIGHT"}}
[20:59:45] [Render thread/INFO] (PiriRuntimeAcceptance) PIRI_PHASE02_PACKET {"type":"REEL_STOP","payload":{"spinId":"f688cff0-58a4-4c1b-864b-c565465fc0c6","reel":"RIGHT","pressedIndex":1,"stopIndex":1,"slip":0,"durationMs":80}}
[20:59:45] [Render thread/INFO] (PiriRuntimeAcceptance) PIRI_PHASE02_PACKET {"type":"PUBLIC_STATE","payload":{"sessionId":"af0b55a1-65ac-4f46-8884-c95d7e3b002d","machineId":1,"expectedNextClientSequence":80,"gameState":"NORMAL_SPINNING","lifecycle":"ACTIVE","credit":0,"heldMedals":768,"bet":3,"pay":0,"bonusCount":0,"lampOn":false,"displayStops":{"left":17,"center":9,"right":1},"stoppedMask":6}}
[20:59:45] [Render thread/INFO] (PiriRuntimeAcceptance) PIRI_PHASE02_PACKET {"type":"ACTION_ACCEPTED","payload":{"clientSequence":80,"action":"STOP_LEFT"}}
[20:59:45] [Render thread/INFO] (PiriRuntimeAcceptance) PIRI_PHASE02_PACKET {"type":"REEL_STOP","payload":{"spinId":"f688cff0-58a4-4c1b-864b-c565465fc0c6","reel":"LEFT","pressedIndex":0,"stopIndex":1,"slip":1,"durationMs":130}}
[20:59:45] [Render thread/INFO] (PiriRuntimeAcceptance) PIRI_PHASE02_PACKET {"type":"PUBLIC_STATE","payload":{"sessionId":"af0b55a1-65ac-4f46-8884-c95d7e3b002d","machineId":1,"expectedNextClientSequence":81,"gameState":"SEATED_READY","lifecycle":"ACTIVE","credit":0,"heldMedals":768,"bet":0,"pay":0,"bonusCount":0,"lampOn":false,"displayStops":{"left":1,"center":9,"right":1},"stoppedMask":7}}
[20:59:46] [Render thread/INFO] (PiriRuntimeAcceptance) PIRI_PHASE02_PACKET {"type":"ACTION_ACCEPTED","payload":{"clientSequence":81,"action":"SPACE_ACTION"}}
[20:59:46] [Render thread/INFO] (PiriRuntimeAcceptance) PIRI_PHASE02_PACKET {"type":"PUBLIC_STATE","payload":{"sessionId":"af0b55a1-65ac-4f46-8884-c95d7e3b002d","machineId":1,"expectedNextClientSequence":82,"gameState":"NORMAL_BETTED","lifecycle":"ACTIVE","credit":0,"heldMedals":765,"bet":3,"pay":0,"bonusCount":0,"lampOn":false,"displayStops":{"left":1,"center":9,"right":1},"stoppedMask":7}}
[20:59:46] [Render thread/INFO] (PiriRuntimeAcceptance) PIRI_PHASE02_PACKET {"type":"ACTION_ACCEPTED","payload":{"clientSequence":82,"action":"SPACE_ACTION"}}
[20:59:46] [Render thread/INFO] (PiriRuntimeAcceptance) PIRI_PHASE02_PACKET {"type":"PUBLIC_STATE","payload":{"sessionId":"af0b55a1-65ac-4f46-8884-c95d7e3b002d","machineId":1,"expectedNextClientSequence":83,"gameState":"NORMAL_SPINNING","lifecycle":"ACTIVE","credit":0,"heldMedals":765,"bet":3,"pay":0,"bonusCount":0,"lampOn":false,"displayStops":{"left":1,"center":9,"right":1},"stoppedMask":0}}
[20:59:46] [Render thread/INFO] (PiriRuntimeAcceptance) PIRI_PHASE02_PACKET {"type":"SPIN_START","payload":{"sessionId":"af0b55a1-65ac-4f46-8884-c95d7e3b002d","machineId":1,"spinId":"b63f5d83-b345-46c0-bda9-e309d09414e1","mode":"NORMAL","animation":"NORMAL","startPhase":{"left":1.0,"center":9.0,"right":1.0},"stopEnableAfterMs":400}}
[20:59:47] [Render thread/INFO] (PiriRuntimeAcceptance) PIRI_PHASE02_PACKET {"type":"ACTION_ACCEPTED","payload":{"clientSequence":83,"action":"STOP_RIGHT"}}
[20:59:47] [Render thread/INFO] (PiriRuntimeAcceptance) PIRI_PHASE02_PACKET {"type":"REEL_STOP","payload":{"spinId":"b63f5d83-b345-46c0-bda9-e309d09414e1","reel":"RIGHT","pressedIndex":8,"stopIndex":9,"slip":1,"durationMs":130}}
[20:59:47] [Render thread/INFO] (PiriRuntimeAcceptance) PIRI_PHASE02_PACKET {"type":"PUBLIC_STATE","payload":{"sessionId":"af0b55a1-65ac-4f46-8884-c95d7e3b002d","machineId":1,"expectedNextClientSequence":84,"gameState":"NORMAL_SPINNING","lifecycle":"ACTIVE","credit":0,"heldMedals":765,"bet":3,"pay":0,"bonusCount":0,"lampOn":false,"displayStops":{"left":1,"center":9,"right":9},"stoppedMask":4}}
[20:59:47] [Render thread/INFO] (PiriRuntimeAcceptance) PIRI_PHASE02_PACKET {"type":"ACTION_ACCEPTED","payload":{"clientSequence":84,"action":"STOP_LEFT"}}
[20:59:47] [Render thread/INFO] (PiriRuntimeAcceptance) PIRI_PHASE02_PACKET {"type":"REEL_STOP","payload":{"spinId":"b63f5d83-b345-46c0-bda9-e309d09414e1","reel":"LEFT","pressedIndex":17,"stopIndex":18,"slip":1,"durationMs":130}}
[20:59:47] [Render thread/INFO] (PiriRuntimeAcceptance) PIRI_PHASE02_PACKET {"type":"PUBLIC_STATE","payload":{"sessionId":"af0b55a1-65ac-4f46-8884-c95d7e3b002d","machineId":1,"expectedNextClientSequence":85,"gameState":"NORMAL_SPINNING","lifecycle":"ACTIVE","credit":0,"heldMedals":765,"bet":3,"pay":0,"bonusCount":0,"lampOn":false,"displayStops":{"left":18,"center":9,"right":9},"stoppedMask":5}}
[20:59:48] [Render thread/INFO] (PiriRuntimeAcceptance) PIRI_PHASE02_PACKET {"type":"ACTION_ACCEPTED","payload":{"clientSequence":85,"action":"STOP_CENTER"}}
[20:59:48] [Render thread/INFO] (PiriRuntimeAcceptance) PIRI_PHASE02_PACKET {"type":"REEL_STOP","payload":{"spinId":"b63f5d83-b345-46c0-bda9-e309d09414e1","reel":"CENTER","pressedIndex":13,"stopIndex":14,"slip":1,"durationMs":130}}
[20:59:48] [Render thread/INFO] (PiriRuntimeAcceptance) PIRI_PHASE02_PACKET {"type":"PUBLIC_STATE","payload":{"sessionId":"af0b55a1-65ac-4f46-8884-c95d7e3b002d","machineId":1,"expectedNextClientSequence":86,"gameState":"REPLAY_READY","lifecycle":"ACTIVE","credit":0,"heldMedals":765,"bet":3,"pay":0,"bonusCount":0,"lampOn":false,"displayStops":{"left":18,"center":14,"right":9},"stoppedMask":7}}
[20:59:48] [Render thread/INFO] (PiriRuntimeAcceptance) PIRI_PHASE02_PACKET {"type":"ACTION_ACCEPTED","payload":{"clientSequence":86,"action":"SPACE_ACTION"}}
[20:59:48] [Render thread/INFO] (PiriRuntimeAcceptance) PIRI_PHASE02_PACKET {"type":"PUBLIC_STATE","payload":{"sessionId":"af0b55a1-65ac-4f46-8884-c95d7e3b002d","machineId":1,"expectedNextClientSequence":87,"gameState":"NORMAL_SPINNING","lifecycle":"ACTIVE","credit":0,"heldMedals":765,"bet":3,"pay":0,"bonusCount":0,"lampOn":false,"displayStops":{"left":18,"center":14,"right":9},"stoppedMask":0}}
[20:59:48] [Render thread/INFO] (PiriRuntimeAcceptance) PIRI_PHASE02_PACKET {"type":"SPIN_START","payload":{"sessionId":"af0b55a1-65ac-4f46-8884-c95d7e3b002d","machineId":1,"spinId":"4b770c34-0e65-4e0c-aa2f-fc88e71376b6","mode":"NORMAL","animation":"NORMAL","startPhase":{"left":18.0,"center":14.0,"right":9.0},"stopEnableAfterMs":400}}
[20:59:49] [Render thread/INFO] (PiriRuntimeAcceptance) PIRI_PHASE02_PACKET {"type":"ACTION_ACCEPTED","payload":{"clientSequence":87,"action":"STOP_RIGHT"}}
[20:59:49] [Render thread/INFO] (PiriRuntimeAcceptance) PIRI_PHASE02_PACKET {"type":"REEL_STOP","payload":{"spinId":"4b770c34-0e65-4e0c-aa2f-fc88e71376b6","reel":"RIGHT","pressedIndex":16,"stopIndex":16,"slip":0,"durationMs":80}}
[20:59:49] [Render thread/INFO] (PiriRuntimeAcceptance) PIRI_PHASE02_PACKET {"type":"PUBLIC_STATE","payload":{"sessionId":"af0b55a1-65ac-4f46-8884-c95d7e3b002d","machineId":1,"expectedNextClientSequence":88,"gameState":"NORMAL_SPINNING","lifecycle":"ACTIVE","credit":0,"heldMedals":765,"bet":3,"pay":0,"bonusCount":0,"lampOn":false,"displayStops":{"left":18,"center":14,"right":16},"stoppedMask":4}}
[20:59:49] [Render thread/INFO] (PiriRuntimeAcceptance) PIRI_PHASE02_PACKET {"type":"ACTION_ACCEPTED","payload":{"clientSequence":88,"action":"STOP_CENTER"}}
[20:59:49] [Render thread/INFO] (PiriRuntimeAcceptance) PIRI_PHASE02_PACKET {"type":"REEL_STOP","payload":{"spinId":"4b770c34-0e65-4e0c-aa2f-fc88e71376b6","reel":"CENTER","pressedIndex":9,"stopIndex":9,"slip":0,"durationMs":80}}
[20:59:49] [Render thread/INFO] (PiriRuntimeAcceptance) PIRI_PHASE02_PACKET {"type":"PUBLIC_STATE","payload":{"sessionId":"af0b55a1-65ac-4f46-8884-c95d7e3b002d","machineId":1,"expectedNextClientSequence":89,"gameState":"NORMAL_SPINNING","lifecycle":"ACTIVE","credit":0,"heldMedals":765,"bet":3,"pay":0,"bonusCount":0,"lampOn":false,"displayStops":{"left":18,"center":9,"right":16},"stoppedMask":6}}
[20:59:50] [Render thread/INFO] (PiriRuntimeAcceptance) PIRI_PHASE02_PACKET {"type":"ACTION_ACCEPTED","payload":{"clientSequence":89,"action":"STOP_LEFT"}}
[20:59:50] [Render thread/INFO] (PiriRuntimeAcceptance) PIRI_PHASE02_PACKET {"type":"REEL_STOP","payload":{"spinId":"4b770c34-0e65-4e0c-aa2f-fc88e71376b6","reel":"LEFT","pressedIndex":6,"stopIndex":10,"slip":4,"durationMs":280}}
[20:59:50] [Render thread/INFO] (PiriRuntimeAcceptance) PIRI_PHASE02_PACKET {"type":"PUBLIC_STATE","payload":{"sessionId":"af0b55a1-65ac-4f46-8884-c95d7e3b002d","machineId":1,"expectedNextClientSequence":90,"gameState":"SEATED_READY","lifecycle":"ACTIVE","credit":0,"heldMedals":765,"bet":0,"pay":0,"bonusCount":0,"lampOn":false,"displayStops":{"left":10,"center":9,"right":16},"stoppedMask":7}}
[20:59:51] [Render thread/INFO] (PiriRuntimeAcceptance) PIRI_PHASE02_PACKET {"type":"ACTION_ACCEPTED","payload":{"clientSequence":90,"action":"SPACE_ACTION"}}
[20:59:51] [Render thread/INFO] (PiriRuntimeAcceptance) PIRI_PHASE02_PACKET {"type":"PUBLIC_STATE","payload":{"sessionId":"af0b55a1-65ac-4f46-8884-c95d7e3b002d","machineId":1,"expectedNextClientSequence":91,"gameState":"NORMAL_BETTED","lifecycle":"ACTIVE","credit":0,"heldMedals":762,"bet":3,"pay":0,"bonusCount":0,"lampOn":false,"displayStops":{"left":10,"center":9,"right":16},"stoppedMask":7}}
[20:59:51] [Render thread/INFO] (PiriRuntimeAcceptance) PIRI_PHASE02_PACKET {"type":"ACTION_ACCEPTED","payload":{"clientSequence":91,"action":"SPACE_ACTION"}}
[20:59:51] [Render thread/INFO] (PiriRuntimeAcceptance) PIRI_PHASE02_PACKET {"type":"PUBLIC_STATE","payload":{"sessionId":"af0b55a1-65ac-4f46-8884-c95d7e3b002d","machineId":1,"expectedNextClientSequence":92,"gameState":"NORMAL_SPINNING","lifecycle":"ACTIVE","credit":0,"heldMedals":762,"bet":3,"pay":0,"bonusCount":0,"lampOn":false,"displayStops":{"left":10,"center":9,"right":16},"stoppedMask":0}}
[20:59:51] [Render thread/INFO] (PiriRuntimeAcceptance) PIRI_PHASE02_PACKET {"type":"SPIN_START","payload":{"sessionId":"af0b55a1-65ac-4f46-8884-c95d7e3b002d","machineId":1,"spinId":"3fd992eb-8279-4df7-bb20-f5291fff5add","mode":"NORMAL","animation":"NORMAL","startPhase":{"left":10.0,"center":9.0,"right":16.0},"stopEnableAfterMs":400}}
[20:59:52] [Render thread/INFO] (PiriRuntimeAcceptance) PIRI_PHASE02_PACKET {"type":"ACTION_ACCEPTED","payload":{"clientSequence":92,"action":"STOP_LEFT"}}
[20:59:52] [Render thread/INFO] (PiriRuntimeAcceptance) PIRI_PHASE02_PACKET {"type":"REEL_STOP","payload":{"spinId":"3fd992eb-8279-4df7-bb20-f5291fff5add","reel":"LEFT","pressedIndex":17,"stopIndex":17,"slip":0,"durationMs":80}}
[20:59:52] [Render thread/INFO] (PiriRuntimeAcceptance) PIRI_PHASE02_PACKET {"type":"PUBLIC_STATE","payload":{"sessionId":"af0b55a1-65ac-4f46-8884-c95d7e3b002d","machineId":1,"expectedNextClientSequence":93,"gameState":"NORMAL_SPINNING","lifecycle":"ACTIVE","credit":0,"heldMedals":762,"bet":3,"pay":0,"bonusCount":0,"lampOn":false,"displayStops":{"left":17,"center":9,"right":16},"stoppedMask":1}}
[20:59:53] [Render thread/INFO] (PiriRuntimeAcceptance) PIRI_PHASE02_PACKET {"type":"ACTION_ACCEPTED","payload":{"clientSequence":93,"action":"STOP_CENTER"}}
[20:59:53] [Render thread/INFO] (PiriRuntimeAcceptance) PIRI_PHASE02_PACKET {"type":"REEL_STOP","payload":{"spinId":"3fd992eb-8279-4df7-bb20-f5291fff5add","reel":"CENTER","pressedIndex":4,"stopIndex":4,"slip":0,"durationMs":80}}
[20:59:53] [Render thread/INFO] (PiriRuntimeAcceptance) PIRI_PHASE02_PACKET {"type":"PUBLIC_STATE","payload":{"sessionId":"af0b55a1-65ac-4f46-8884-c95d7e3b002d","machineId":1,"expectedNextClientSequence":94,"gameState":"NORMAL_SPINNING","lifecycle":"ACTIVE","credit":0,"heldMedals":762,"bet":3,"pay":0,"bonusCount":0,"lampOn":false,"displayStops":{"left":17,"center":4,"right":16},"stoppedMask":3}}
[20:59:53] [Render thread/INFO] (PiriRuntimeAcceptance) PIRI_PHASE02_PACKET {"type":"ACTION_ACCEPTED","payload":{"clientSequence":94,"action":"STOP_RIGHT"}}
[20:59:53] [Render thread/INFO] (PiriRuntimeAcceptance) PIRI_PHASE02_PACKET {"type":"REEL_STOP","payload":{"spinId":"3fd992eb-8279-4df7-bb20-f5291fff5add","reel":"RIGHT","pressedIndex":20,"stopIndex":20,"slip":0,"durationMs":80}}
[20:59:53] [Render thread/INFO] (PiriRuntimeAcceptance) PIRI_PHASE02_PACKET {"type":"PAYOUT","payload":{}}
[20:59:53] [Render thread/INFO] (PiriRuntimeAcceptance) PIRI_PHASE02_PACKET {"type":"PUBLIC_STATE","payload":{"sessionId":"af0b55a1-65ac-4f46-8884-c95d7e3b002d","machineId":1,"expectedNextClientSequence":95,"gameState":"SEATED_READY","lifecycle":"ACTIVE","credit":8,"heldMedals":762,"bet":0,"pay":8,"bonusCount":0,"lampOn":false,"displayStops":{"left":17,"center":4,"right":20},"stoppedMask":7}}
[20:59:54] [Render thread/INFO] (PiriRuntimeAcceptance) PIRI_PHASE02_PACKET {"type":"ACTION_ACCEPTED","payload":{"clientSequence":95,"action":"SPACE_ACTION"}}
[20:59:54] [Render thread/INFO] (PiriRuntimeAcceptance) PIRI_PHASE02_PACKET {"type":"PUBLIC_STATE","payload":{"sessionId":"af0b55a1-65ac-4f46-8884-c95d7e3b002d","machineId":1,"expectedNextClientSequence":96,"gameState":"NORMAL_BETTED","lifecycle":"ACTIVE","credit":5,"heldMedals":762,"bet":3,"pay":0,"bonusCount":0,"lampOn":false,"displayStops":{"left":17,"center":4,"right":20},"stoppedMask":7}}
[20:59:54] [Render thread/INFO] (PiriRuntimeAcceptance) PIRI_PHASE02_PACKET {"type":"ACTION_ACCEPTED","payload":{"clientSequence":96,"action":"SPACE_ACTION"}}
[20:59:54] [Render thread/INFO] (PiriRuntimeAcceptance) PIRI_PHASE02_PACKET {"type":"PUBLIC_STATE","payload":{"sessionId":"af0b55a1-65ac-4f46-8884-c95d7e3b002d","machineId":1,"expectedNextClientSequence":97,"gameState":"NORMAL_SPINNING","lifecycle":"ACTIVE","credit":5,"heldMedals":762,"bet":3,"pay":0,"bonusCount":0,"lampOn":false,"displayStops":{"left":17,"center":4,"right":20},"stoppedMask":0}}
[20:59:54] [Render thread/INFO] (PiriRuntimeAcceptance) PIRI_PHASE02_PACKET {"type":"SPIN_START","payload":{"sessionId":"af0b55a1-65ac-4f46-8884-c95d7e3b002d","machineId":1,"spinId":"948f4855-370b-4e5e-b9a1-481ab43b6d4b","mode":"NORMAL","animation":"NORMAL","startPhase":{"left":17.0,"center":4.0,"right":20.0},"stopEnableAfterMs":400}}
[20:59:55] [Render thread/INFO] (PiriRuntimeAcceptance) PIRI_PHASE02_PACKET {"type":"ACTION_ACCEPTED","payload":{"clientSequence":97,"action":"STOP_LEFT"}}
[20:59:55] [Render thread/INFO] (PiriRuntimeAcceptance) PIRI_PHASE02_PACKET {"type":"REEL_STOP","payload":{"spinId":"948f4855-370b-4e5e-b9a1-481ab43b6d4b","reel":"LEFT","pressedIndex":3,"stopIndex":3,"slip":0,"durationMs":80}}
[20:59:55] [Render thread/INFO] (PiriRuntimeAcceptance) PIRI_PHASE02_PACKET {"type":"PUBLIC_STATE","payload":{"sessionId":"af0b55a1-65ac-4f46-8884-c95d7e3b002d","machineId":1,"expectedNextClientSequence":98,"gameState":"NORMAL_SPINNING","lifecycle":"ACTIVE","credit":5,"heldMedals":762,"bet":3,"pay":0,"bonusCount":0,"lampOn":false,"displayStops":{"left":3,"center":4,"right":20},"stoppedMask":1}}
[20:59:56] [Render thread/INFO] (PiriRuntimeAcceptance) PIRI_PHASE02_PACKET {"type":"ACTION_ACCEPTED","payload":{"clientSequence":98,"action":"STOP_RIGHT"}}
[20:59:56] [Render thread/INFO] (PiriRuntimeAcceptance) PIRI_PHASE02_PACKET {"type":"REEL_STOP","payload":{"spinId":"948f4855-370b-4e5e-b9a1-481ab43b6d4b","reel":"RIGHT","pressedIndex":15,"stopIndex":16,"slip":1,"durationMs":130}}
[20:59:56] [Render thread/INFO] (PiriRuntimeAcceptance) PIRI_PHASE02_PACKET {"type":"PUBLIC_STATE","payload":{"sessionId":"af0b55a1-65ac-4f46-8884-c95d7e3b002d","machineId":1,"expectedNextClientSequence":99,"gameState":"NORMAL_SPINNING","lifecycle":"ACTIVE","credit":5,"heldMedals":762,"bet":3,"pay":0,"bonusCount":0,"lampOn":false,"displayStops":{"left":3,"center":4,"right":16},"stoppedMask":5}}
[20:59:56] [Render thread/INFO] (PiriRuntimeAcceptance) PIRI_PHASE02_PACKET {"type":"ACTION_ACCEPTED","payload":{"clientSequence":99,"action":"STOP_CENTER"}}
[20:59:56] [Render thread/INFO] (PiriRuntimeAcceptance) PIRI_PHASE02_PACKET {"type":"REEL_STOP","payload":{"spinId":"948f4855-370b-4e5e-b9a1-481ab43b6d4b","reel":"CENTER","pressedIndex":8,"stopIndex":9,"slip":1,"durationMs":130}}
[20:59:56] [Render thread/INFO] (PiriRuntimeAcceptance) PIRI_PHASE02_PACKET {"type":"PAYOUT","payload":{}}
[20:59:56] [Render thread/INFO] (PiriRuntimeAcceptance) PIRI_PHASE02_PACKET {"type":"PUBLIC_STATE","payload":{"sessionId":"af0b55a1-65ac-4f46-8884-c95d7e3b002d","machineId":1,"expectedNextClientSequence":100,"gameState":"SEATED_READY","lifecycle":"ACTIVE","credit":13,"heldMedals":762,"bet":0,"pay":8,"bonusCount":0,"lampOn":false,"displayStops":{"left":3,"center":9,"right":16},"stoppedMask":7}}
[20:59:57] [Render thread/INFO] (PiriRuntimeAcceptance) PIRI_PHASE02_PACKET {"type":"ACTION_ACCEPTED","payload":{"clientSequence":100,"action":"SPACE_ACTION"}}
[20:59:57] [Render thread/INFO] (PiriRuntimeAcceptance) PIRI_PHASE02_PACKET {"type":"PUBLIC_STATE","payload":{"sessionId":"af0b55a1-65ac-4f46-8884-c95d7e3b002d","machineId":1,"expectedNextClientSequence":101,"gameState":"NORMAL_BETTED","lifecycle":"ACTIVE","credit":10,"heldMedals":762,"bet":3,"pay":0,"bonusCount":0,"lampOn":false,"displayStops":{"left":3,"center":9,"right":16},"stoppedMask":7}}
[20:59:57] [Render thread/INFO] (PiriRuntimeAcceptance) PIRI_PHASE02_PACKET {"type":"ACTION_ACCEPTED","payload":{"clientSequence":101,"action":"SPACE_ACTION"}}
[20:59:57] [Render thread/INFO] (PiriRuntimeAcceptance) PIRI_PHASE02_PACKET {"type":"PUBLIC_STATE","payload":{"sessionId":"af0b55a1-65ac-4f46-8884-c95d7e3b002d","machineId":1,"expectedNextClientSequence":102,"gameState":"NORMAL_SPINNING","lifecycle":"ACTIVE","credit":10,"heldMedals":762,"bet":3,"pay":0,"bonusCount":0,"lampOn":false,"displayStops":{"left":3,"center":9,"right":16},"stoppedMask":0}}
[20:59:57] [Render thread/INFO] (PiriRuntimeAcceptance) PIRI_PHASE02_PACKET {"type":"SPIN_START","payload":{"sessionId":"af0b55a1-65ac-4f46-8884-c95d7e3b002d","machineId":1,"spinId":"b7e7540f-1adf-43f0-97d5-cb4641a3eb4a","mode":"NORMAL","animation":"NORMAL","startPhase":{"left":3.0,"center":9.0,"right":16.0},"stopEnableAfterMs":400}}
[20:59:58] [Render thread/INFO] (PiriRuntimeAcceptance) PIRI_PHASE02_PACKET {"type":"ACTION_ACCEPTED","payload":{"clientSequence":102,"action":"STOP_CENTER"}}
[20:59:58] [Render thread/INFO] (PiriRuntimeAcceptance) PIRI_PHASE02_PACKET {"type":"REEL_STOP","payload":{"spinId":"b7e7540f-1adf-43f0-97d5-cb4641a3eb4a","reel":"CENTER","pressedIndex":16,"stopIndex":16,"slip":0,"durationMs":80}}
[20:59:58] [Render thread/INFO] (PiriRuntimeAcceptance) PIRI_PHASE02_PACKET {"type":"PUBLIC_STATE","payload":{"sessionId":"af0b55a1-65ac-4f46-8884-c95d7e3b002d","machineId":1,"expectedNextClientSequence":103,"gameState":"NORMAL_SPINNING","lifecycle":"ACTIVE","credit":10,"heldMedals":762,"bet":3,"pay":0,"bonusCount":0,"lampOn":false,"displayStops":{"left":3,"center":16,"right":16},"stoppedMask":2}}
[20:59:58] [Render thread/INFO] (PiriRuntimeAcceptance) PIRI_PHASE02_PACKET {"type":"ACTION_ACCEPTED","payload":{"clientSequence":103,"action":"STOP_LEFT"}}
[20:59:58] [Render thread/INFO] (PiriRuntimeAcceptance) PIRI_PHASE02_PACKET {"type":"REEL_STOP","payload":{"spinId":"b7e7540f-1adf-43f0-97d5-cb4641a3eb4a","reel":"LEFT","pressedIndex":15,"stopIndex":15,"slip":0,"durationMs":80}}
[20:59:58] [Render thread/INFO] (PiriRuntimeAcceptance) PIRI_PHASE02_PACKET {"type":"PUBLIC_STATE","payload":{"sessionId":"af0b55a1-65ac-4f46-8884-c95d7e3b002d","machineId":1,"expectedNextClientSequence":104,"gameState":"NORMAL_SPINNING","lifecycle":"ACTIVE","credit":10,"heldMedals":762,"bet":3,"pay":0,"bonusCount":0,"lampOn":false,"displayStops":{"left":15,"center":16,"right":16},"stoppedMask":3}}
[20:59:59] [Render thread/INFO] (PiriRuntimeAcceptance) PIRI_PHASE02_PACKET {"type":"ACTION_ACCEPTED","payload":{"clientSequence":104,"action":"STOP_RIGHT"}}
[20:59:59] [Render thread/INFO] (PiriRuntimeAcceptance) PIRI_PHASE02_PACKET {"type":"REEL_STOP","payload":{"spinId":"b7e7540f-1adf-43f0-97d5-cb4641a3eb4a","reel":"RIGHT","pressedIndex":16,"stopIndex":17,"slip":1,"durationMs":130}}
[20:59:59] [Render thread/INFO] (PiriRuntimeAcceptance) PIRI_PHASE02_PACKET {"type":"PUBLIC_STATE","payload":{"sessionId":"af0b55a1-65ac-4f46-8884-c95d7e3b002d","machineId":1,"expectedNextClientSequence":105,"gameState":"SEATED_READY","lifecycle":"ACTIVE","credit":10,"heldMedals":762,"bet":0,"pay":0,"bonusCount":0,"lampOn":false,"displayStops":{"left":15,"center":16,"right":17},"stoppedMask":7}}
[20:59:59] [Render thread/INFO] (PiriRuntimeAcceptance) PIRI_PHASE02_PACKET {"type":"ACTION_ACCEPTED","payload":{"clientSequence":105,"action":"SPACE_ACTION"}}
[20:59:59] [Render thread/INFO] (PiriRuntimeAcceptance) PIRI_PHASE02_PACKET {"type":"PUBLIC_STATE","payload":{"sessionId":"af0b55a1-65ac-4f46-8884-c95d7e3b002d","machineId":1,"expectedNextClientSequence":106,"gameState":"NORMAL_BETTED","lifecycle":"ACTIVE","credit":7,"heldMedals":762,"bet":3,"pay":0,"bonusCount":0,"lampOn":false,"displayStops":{"left":15,"center":16,"right":17},"stoppedMask":7}}
[21:00:00] [Render thread/INFO] (PiriRuntimeAcceptance) PIRI_PHASE02_PACKET {"type":"ACTION_ACCEPTED","payload":{"clientSequence":106,"action":"SPACE_ACTION"}}
[21:00:00] [Render thread/INFO] (PiriRuntimeAcceptance) PIRI_PHASE02_PACKET {"type":"PUBLIC_STATE","payload":{"sessionId":"af0b55a1-65ac-4f46-8884-c95d7e3b002d","machineId":1,"expectedNextClientSequence":107,"gameState":"NORMAL_SPINNING","lifecycle":"ACTIVE","credit":7,"heldMedals":762,"bet":3,"pay":0,"bonusCount":0,"lampOn":false,"displayStops":{"left":15,"center":16,"right":17},"stoppedMask":0}}
[21:00:00] [Render thread/INFO] (PiriRuntimeAcceptance) PIRI_PHASE02_PACKET {"type":"SPIN_START","payload":{"sessionId":"af0b55a1-65ac-4f46-8884-c95d7e3b002d","machineId":1,"spinId":"93dd61e2-fbb5-442f-9053-795f523725a5","mode":"NORMAL","animation":"NORMAL","startPhase":{"left":15.0,"center":16.0,"right":17.0},"stopEnableAfterMs":400}}
[21:00:00] [Render thread/INFO] (PiriRuntimeAcceptance) PIRI_PHASE02_PACKET {"type":"ACTION_ACCEPTED","payload":{"clientSequence":107,"action":"STOP_CENTER"}}
[21:00:00] [Render thread/INFO] (PiriRuntimeAcceptance) PIRI_PHASE02_PACKET {"type":"REEL_STOP","payload":{"spinId":"93dd61e2-fbb5-442f-9053-795f523725a5","reel":"CENTER","pressedIndex":1,"stopIndex":1,"slip":0,"durationMs":80}}
[21:00:00] [Render thread/INFO] (PiriRuntimeAcceptance) PIRI_PHASE02_PACKET {"type":"PUBLIC_STATE","payload":{"sessionId":"af0b55a1-65ac-4f46-8884-c95d7e3b002d","machineId":1,"expectedNextClientSequence":108,"gameState":"NORMAL_SPINNING","lifecycle":"ACTIVE","credit":7,"heldMedals":762,"bet":3,"pay":0,"bonusCount":0,"lampOn":false,"displayStops":{"left":15,"center":1,"right":17},"stoppedMask":2}}
[21:00:01] [Render thread/INFO] (PiriRuntimeAcceptance) PIRI_PHASE02_PACKET {"type":"ACTION_ACCEPTED","payload":{"clientSequence":108,"action":"STOP_RIGHT"}}
[21:00:01] [Render thread/INFO] (PiriRuntimeAcceptance) PIRI_PHASE02_PACKET {"type":"REEL_STOP","payload":{"spinId":"93dd61e2-fbb5-442f-9053-795f523725a5","reel":"RIGHT","pressedIndex":11,"stopIndex":11,"slip":0,"durationMs":80}}
[21:00:01] [Render thread/INFO] (PiriRuntimeAcceptance) PIRI_PHASE02_PACKET {"type":"PUBLIC_STATE","payload":{"sessionId":"af0b55a1-65ac-4f46-8884-c95d7e3b002d","machineId":1,"expectedNextClientSequence":109,"gameState":"NORMAL_SPINNING","lifecycle":"ACTIVE","credit":7,"heldMedals":762,"bet":3,"pay":0,"bonusCount":0,"lampOn":false,"displayStops":{"left":15,"center":1,"right":11},"stoppedMask":6}}
[21:00:01] [Render thread/INFO] (PiriRuntimeAcceptance) PIRI_PHASE02_PACKET {"type":"ACTION_ACCEPTED","payload":{"clientSequence":109,"action":"STOP_LEFT"}}
[21:00:01] [Render thread/INFO] (PiriRuntimeAcceptance) PIRI_PHASE02_PACKET {"type":"REEL_STOP","payload":{"spinId":"93dd61e2-fbb5-442f-9053-795f523725a5","reel":"LEFT","pressedIndex":18,"stopIndex":18,"slip":0,"durationMs":80}}
[21:00:01] [Render thread/INFO] (PiriRuntimeAcceptance) PIRI_PHASE02_PACKET {"type":"PUBLIC_STATE","payload":{"sessionId":"af0b55a1-65ac-4f46-8884-c95d7e3b002d","machineId":1,"expectedNextClientSequence":110,"gameState":"SEATED_READY","lifecycle":"ACTIVE","credit":7,"heldMedals":762,"bet":0,"pay":0,"bonusCount":0,"lampOn":false,"displayStops":{"left":18,"center":1,"right":11},"stoppedMask":7}}
[21:00:02] [Render thread/INFO] (PiriRuntimeAcceptance) PIRI_PHASE02_PACKET {"type":"ACTION_ACCEPTED","payload":{"clientSequence":110,"action":"SPACE_ACTION"}}
[21:00:02] [Render thread/INFO] (PiriRuntimeAcceptance) PIRI_PHASE02_PACKET {"type":"PUBLIC_STATE","payload":{"sessionId":"af0b55a1-65ac-4f46-8884-c95d7e3b002d","machineId":1,"expectedNextClientSequence":111,"gameState":"NORMAL_BETTED","lifecycle":"ACTIVE","credit":4,"heldMedals":762,"bet":3,"pay":0,"bonusCount":0,"lampOn":false,"displayStops":{"left":18,"center":1,"right":11},"stoppedMask":7}}
[21:00:02] [Render thread/INFO] (PiriRuntimeAcceptance) PIRI_PHASE02_PACKET {"type":"ACTION_ACCEPTED","payload":{"clientSequence":111,"action":"SPACE_ACTION"}}
[21:00:02] [Render thread/INFO] (PiriRuntimeAcceptance) PIRI_PHASE02_PACKET {"type":"PUBLIC_STATE","payload":{"sessionId":"af0b55a1-65ac-4f46-8884-c95d7e3b002d","machineId":1,"expectedNextClientSequence":112,"gameState":"NORMAL_SPINNING","lifecycle":"ACTIVE","credit":4,"heldMedals":762,"bet":3,"pay":0,"bonusCount":0,"lampOn":false,"displayStops":{"left":18,"center":1,"right":11},"stoppedMask":0}}
[21:00:02] [Render thread/INFO] (PiriRuntimeAcceptance) PIRI_PHASE02_PACKET {"type":"SPIN_START","payload":{"sessionId":"af0b55a1-65ac-4f46-8884-c95d7e3b002d","machineId":1,"spinId":"e46fda09-d9d5-4aff-ad7d-97f2f596b324","mode":"NORMAL","animation":"NORMAL","startPhase":{"left":18.0,"center":1.0,"right":11.0},"stopEnableAfterMs":400}}
[21:00:03] [Render thread/INFO] (PiriRuntimeAcceptance) PIRI_PHASE02_PACKET {"type":"ACTION_ACCEPTED","payload":{"clientSequence":112,"action":"STOP_RIGHT"}}
[21:00:03] [Render thread/INFO] (PiriRuntimeAcceptance) PIRI_PHASE02_PACKET {"type":"REEL_STOP","payload":{"spinId":"e46fda09-d9d5-4aff-ad7d-97f2f596b324","reel":"RIGHT","pressedIndex":18,"stopIndex":18,"slip":0,"durationMs":80}}
[21:00:03] [Render thread/INFO] (PiriRuntimeAcceptance) PIRI_PHASE02_PACKET {"type":"PUBLIC_STATE","payload":{"sessionId":"af0b55a1-65ac-4f46-8884-c95d7e3b002d","machineId":1,"expectedNextClientSequence":113,"gameState":"NORMAL_SPINNING","lifecycle":"ACTIVE","credit":4,"heldMedals":762,"bet":3,"pay":0,"bonusCount":0,"lampOn":false,"displayStops":{"left":18,"center":1,"right":18},"stoppedMask":4}}
[21:00:04] [Render thread/INFO] (PiriRuntimeAcceptance) PIRI_PHASE02_PACKET {"type":"ACTION_ACCEPTED","payload":{"clientSequence":113,"action":"STOP_LEFT"}}
[21:00:04] [Render thread/INFO] (PiriRuntimeAcceptance) PIRI_PHASE02_PACKET {"type":"REEL_STOP","payload":{"spinId":"e46fda09-d9d5-4aff-ad7d-97f2f596b324","reel":"LEFT","pressedIndex":13,"stopIndex":15,"slip":2,"durationMs":180}}
[21:00:04] [Render thread/INFO] (PiriRuntimeAcceptance) PIRI_PHASE02_PACKET {"type":"PUBLIC_STATE","payload":{"sessionId":"af0b55a1-65ac-4f46-8884-c95d7e3b002d","machineId":1,"expectedNextClientSequence":114,"gameState":"NORMAL_SPINNING","lifecycle":"ACTIVE","credit":4,"heldMedals":762,"bet":3,"pay":0,"bonusCount":0,"lampOn":false,"displayStops":{"left":15,"center":1,"right":18},"stoppedMask":5}}
[21:00:04] [Render thread/INFO] (PiriRuntimeAcceptance) PIRI_PHASE02_PACKET {"type":"ACTION_ACCEPTED","payload":{"clientSequence":114,"action":"STOP_CENTER"}}
[21:00:04] [Render thread/INFO] (PiriRuntimeAcceptance) PIRI_PHASE02_PACKET {"type":"REEL_STOP","payload":{"spinId":"e46fda09-d9d5-4aff-ad7d-97f2f596b324","reel":"CENTER","pressedIndex":5,"stopIndex":6,"slip":1,"durationMs":130}}
[21:00:04] [Render thread/INFO] (PiriRuntimeAcceptance) PIRI_PHASE02_PACKET {"type":"PUBLIC_STATE","payload":{"sessionId":"af0b55a1-65ac-4f46-8884-c95d7e3b002d","machineId":1,"expectedNextClientSequence":115,"gameState":"REPLAY_READY","lifecycle":"ACTIVE","credit":4,"heldMedals":762,"bet":3,"pay":0,"bonusCount":0,"lampOn":false,"displayStops":{"left":15,"center":6,"right":18},"stoppedMask":7}}
[21:00:05] [Render thread/INFO] (PiriRuntimeAcceptance) PIRI_PHASE02_PACKET {"type":"ACTION_ACCEPTED","payload":{"clientSequence":115,"action":"SPACE_ACTION"}}
[21:00:05] [Render thread/INFO] (PiriRuntimeAcceptance) PIRI_PHASE02_PACKET {"type":"PUBLIC_STATE","payload":{"sessionId":"af0b55a1-65ac-4f46-8884-c95d7e3b002d","machineId":1,"expectedNextClientSequence":116,"gameState":"NORMAL_SPINNING","lifecycle":"ACTIVE","credit":4,"heldMedals":762,"bet":3,"pay":0,"bonusCount":0,"lampOn":false,"displayStops":{"left":15,"center":6,"right":18},"stoppedMask":0}}
[21:00:05] [Render thread/INFO] (PiriRuntimeAcceptance) PIRI_PHASE02_PACKET {"type":"SPIN_START","payload":{"sessionId":"af0b55a1-65ac-4f46-8884-c95d7e3b002d","machineId":1,"spinId":"c394a25a-4af5-4708-a904-5e67e00bb63c","mode":"NORMAL","animation":"NORMAL","startPhase":{"left":15.0,"center":6.0,"right":18.0},"stopEnableAfterMs":400}}
[21:00:06] [Render thread/INFO] (PiriRuntimeAcceptance) PIRI_PHASE02_PACKET {"type":"ACTION_ACCEPTED","payload":{"clientSequence":116,"action":"STOP_RIGHT"}}
[21:00:06] [Render thread/INFO] (PiriRuntimeAcceptance) PIRI_PHASE02_PACKET {"type":"REEL_STOP","payload":{"spinId":"c394a25a-4af5-4708-a904-5e67e00bb63c","reel":"RIGHT","pressedIndex":4,"stopIndex":5,"slip":1,"durationMs":130}}
[21:00:06] [Render thread/INFO] (PiriRuntimeAcceptance) PIRI_PHASE02_PACKET {"type":"PUBLIC_STATE","payload":{"sessionId":"af0b55a1-65ac-4f46-8884-c95d7e3b002d","machineId":1,"expectedNextClientSequence":117,"gameState":"NORMAL_SPINNING","lifecycle":"ACTIVE","credit":4,"heldMedals":762,"bet":3,"pay":0,"bonusCount":0,"lampOn":false,"displayStops":{"left":15,"center":6,"right":5},"stoppedMask":4}}
[21:00:06] [Render thread/INFO] (PiriRuntimeAcceptance) PIRI_PHASE02_PACKET {"type":"ACTION_ACCEPTED","payload":{"clientSequence":117,"action":"STOP_CENTER"}}
[21:00:06] [Render thread/INFO] (PiriRuntimeAcceptance) PIRI_PHASE02_PACKET {"type":"REEL_STOP","payload":{"spinId":"c394a25a-4af5-4708-a904-5e67e00bb63c","reel":"CENTER","pressedIndex":1,"stopIndex":1,"slip":0,"durationMs":80}}
[21:00:06] [Render thread/INFO] (PiriRuntimeAcceptance) PIRI_PHASE02_PACKET {"type":"PUBLIC_STATE","payload":{"sessionId":"af0b55a1-65ac-4f46-8884-c95d7e3b002d","machineId":1,"expectedNextClientSequence":118,"gameState":"NORMAL_SPINNING","lifecycle":"ACTIVE","credit":4,"heldMedals":762,"bet":3,"pay":0,"bonusCount":0,"lampOn":false,"displayStops":{"left":15,"center":1,"right":5},"stoppedMask":6}}
[21:00:07] [Render thread/INFO] (PiriRuntimeAcceptance) PIRI_PHASE02_PACKET {"type":"ACTION_ACCEPTED","payload":{"clientSequence":118,"action":"STOP_LEFT"}}
[21:00:07] [Render thread/INFO] (PiriRuntimeAcceptance) PIRI_PHASE02_PACKET {"type":"REEL_STOP","payload":{"spinId":"c394a25a-4af5-4708-a904-5e67e00bb63c","reel":"LEFT","pressedIndex":19,"stopIndex":5,"slip":7,"durationMs":430}}
[21:00:07] [Render thread/INFO] (PiriRuntimeAcceptance) PIRI_PHASE02_PACKET {"type":"PUBLIC_STATE","payload":{"sessionId":"af0b55a1-65ac-4f46-8884-c95d7e3b002d","machineId":1,"expectedNextClientSequence":119,"gameState":"REPLAY_READY","lifecycle":"ACTIVE","credit":4,"heldMedals":762,"bet":3,"pay":0,"bonusCount":0,"lampOn":false,"displayStops":{"left":5,"center":1,"right":5},"stoppedMask":7}}
[21:00:07] [Render thread/INFO] (PiriRuntimeAcceptance) PIRI_PHASE02_PACKET {"type":"ACTION_ACCEPTED","payload":{"clientSequence":119,"action":"SPACE_ACTION"}}
[21:00:07] [Render thread/INFO] (PiriRuntimeAcceptance) PIRI_PHASE02_PACKET {"type":"PUBLIC_STATE","payload":{"sessionId":"af0b55a1-65ac-4f46-8884-c95d7e3b002d","machineId":1,"expectedNextClientSequence":120,"gameState":"NORMAL_SPINNING","lifecycle":"ACTIVE","credit":4,"heldMedals":762,"bet":3,"pay":0,"bonusCount":0,"lampOn":false,"displayStops":{"left":5,"center":1,"right":5},"stoppedMask":0}}
[21:00:07] [Render thread/INFO] (PiriRuntimeAcceptance) PIRI_PHASE02_PACKET {"type":"SPIN_START","payload":{"sessionId":"af0b55a1-65ac-4f46-8884-c95d7e3b002d","machineId":1,"spinId":"cba721e2-ee42-499a-8d1e-abddfa424220","mode":"NORMAL","animation":"NORMAL","startPhase":{"left":5.0,"center":1.0,"right":5.0},"stopEnableAfterMs":400}}
[21:00:08] [Render thread/INFO] (PiriRuntimeAcceptance) PIRI_PHASE02_PACKET {"type":"ACTION_ACCEPTED","payload":{"clientSequence":120,"action":"STOP_LEFT"}}
[21:00:08] [Render thread/INFO] (PiriRuntimeAcceptance) PIRI_PHASE02_PACKET {"type":"REEL_STOP","payload":{"spinId":"cba721e2-ee42-499a-8d1e-abddfa424220","reel":"LEFT","pressedIndex":12,"stopIndex":12,"slip":0,"durationMs":80}}
[21:00:08] [Render thread/INFO] (PiriRuntimeAcceptance) PIRI_PHASE02_PACKET {"type":"PUBLIC_STATE","payload":{"sessionId":"af0b55a1-65ac-4f46-8884-c95d7e3b002d","machineId":1,"expectedNextClientSequence":121,"gameState":"NORMAL_SPINNING","lifecycle":"ACTIVE","credit":4,"heldMedals":762,"bet":3,"pay":0,"bonusCount":0,"lampOn":false,"displayStops":{"left":12,"center":1,"right":5},"stoppedMask":1}}
[21:00:09] [Render thread/INFO] (PiriRuntimeAcceptance) PIRI_PHASE02_PACKET {"type":"ACTION_ACCEPTED","payload":{"clientSequence":121,"action":"STOP_CENTER"}}
[21:00:09] [Render thread/INFO] (PiriRuntimeAcceptance) PIRI_PHASE02_PACKET {"type":"REEL_STOP","payload":{"spinId":"cba721e2-ee42-499a-8d1e-abddfa424220","reel":"CENTER","pressedIndex":17,"stopIndex":17,"slip":0,"durationMs":80}}
[21:00:09] [Render thread/INFO] (PiriRuntimeAcceptance) PIRI_PHASE02_PACKET {"type":"PUBLIC_STATE","payload":{"sessionId":"af0b55a1-65ac-4f46-8884-c95d7e3b002d","machineId":1,"expectedNextClientSequence":122,"gameState":"NORMAL_SPINNING","lifecycle":"ACTIVE","credit":4,"heldMedals":762,"bet":3,"pay":0,"bonusCount":0,"lampOn":false,"displayStops":{"left":12,"center":17,"right":5},"stoppedMask":3}}
[21:00:09] [Render thread/INFO] (PiriRuntimeAcceptance) PIRI_PHASE02_PACKET {"type":"ACTION_ACCEPTED","payload":{"clientSequence":122,"action":"STOP_RIGHT"}}
[21:00:09] [Render thread/INFO] (PiriRuntimeAcceptance) PIRI_PHASE02_PACKET {"type":"REEL_STOP","payload":{"spinId":"cba721e2-ee42-499a-8d1e-abddfa424220","reel":"RIGHT","pressedIndex":9,"stopIndex":9,"slip":0,"durationMs":80}}
[21:00:09] [Render thread/INFO] (PiriRuntimeAcceptance) PIRI_PHASE02_PACKET {"type":"PUBLIC_STATE","payload":{"sessionId":"af0b55a1-65ac-4f46-8884-c95d7e3b002d","machineId":1,"expectedNextClientSequence":123,"gameState":"SEATED_READY","lifecycle":"ACTIVE","credit":4,"heldMedals":762,"bet":0,"pay":0,"bonusCount":0,"lampOn":false,"displayStops":{"left":12,"center":17,"right":9},"stoppedMask":7}}
[21:00:10] [Render thread/INFO] (PiriRuntimeAcceptance) PIRI_PHASE02_PACKET {"type":"ACTION_ACCEPTED","payload":{"clientSequence":123,"action":"SPACE_ACTION"}}
[21:00:10] [Render thread/INFO] (PiriRuntimeAcceptance) PIRI_PHASE02_PACKET {"type":"PUBLIC_STATE","payload":{"sessionId":"af0b55a1-65ac-4f46-8884-c95d7e3b002d","machineId":1,"expectedNextClientSequence":124,"gameState":"NORMAL_BETTED","lifecycle":"ACTIVE","credit":1,"heldMedals":762,"bet":3,"pay":0,"bonusCount":0,"lampOn":false,"displayStops":{"left":12,"center":17,"right":9},"stoppedMask":7}}
[21:00:10] [Render thread/INFO] (PiriRuntimeAcceptance) PIRI_PHASE02_PACKET {"type":"ACTION_ACCEPTED","payload":{"clientSequence":124,"action":"SPACE_ACTION"}}
[21:00:10] [Render thread/INFO] (PiriRuntimeAcceptance) PIRI_PHASE02_PACKET {"type":"PUBLIC_STATE","payload":{"sessionId":"af0b55a1-65ac-4f46-8884-c95d7e3b002d","machineId":1,"expectedNextClientSequence":125,"gameState":"NORMAL_SPINNING","lifecycle":"ACTIVE","credit":1,"heldMedals":762,"bet":3,"pay":0,"bonusCount":0,"lampOn":false,"displayStops":{"left":12,"center":17,"right":9},"stoppedMask":0}}
[21:00:10] [Render thread/INFO] (PiriRuntimeAcceptance) PIRI_PHASE02_PACKET {"type":"SPIN_START","payload":{"sessionId":"af0b55a1-65ac-4f46-8884-c95d7e3b002d","machineId":1,"spinId":"ff4f4be3-97c0-4768-a13b-419a6d2b7d73","mode":"NORMAL","animation":"NORMAL","startPhase":{"left":12.0,"center":17.0,"right":9.0},"stopEnableAfterMs":400}}
[21:00:11] [Render thread/INFO] (PiriRuntimeAcceptance) PIRI_PHASE02_PACKET {"type":"ACTION_ACCEPTED","payload":{"clientSequence":125,"action":"STOP_LEFT"}}
[21:00:11] [Render thread/INFO] (PiriRuntimeAcceptance) PIRI_PHASE02_PACKET {"type":"REEL_STOP","payload":{"spinId":"ff4f4be3-97c0-4768-a13b-419a6d2b7d73","reel":"LEFT","pressedIndex":18,"stopIndex":18,"slip":0,"durationMs":80}}
[21:00:11] [Render thread/INFO] (PiriRuntimeAcceptance) PIRI_PHASE02_PACKET {"type":"PUBLIC_STATE","payload":{"sessionId":"af0b55a1-65ac-4f46-8884-c95d7e3b002d","machineId":1,"expectedNextClientSequence":126,"gameState":"NORMAL_SPINNING","lifecycle":"ACTIVE","credit":1,"heldMedals":762,"bet":3,"pay":0,"bonusCount":0,"lampOn":false,"displayStops":{"left":18,"center":17,"right":9},"stoppedMask":1}}
[21:00:11] [Render thread/INFO] (PiriRuntimeAcceptance) PIRI_PHASE02_PACKET {"type":"ACTION_ACCEPTED","payload":{"clientSequence":126,"action":"STOP_RIGHT"}}
[21:00:11] [Render thread/INFO] (PiriRuntimeAcceptance) PIRI_PHASE02_PACKET {"type":"REEL_STOP","payload":{"spinId":"ff4f4be3-97c0-4768-a13b-419a6d2b7d73","reel":"RIGHT","pressedIndex":3,"stopIndex":7,"slip":4,"durationMs":280}}
[21:00:11] [Render thread/INFO] (PiriRuntimeAcceptance) PIRI_PHASE02_PACKET {"type":"PUBLIC_STATE","payload":{"sessionId":"af0b55a1-65ac-4f46-8884-c95d7e3b002d","machineId":1,"expectedNextClientSequence":127,"gameState":"NORMAL_SPINNING","lifecycle":"ACTIVE","credit":1,"heldMedals":762,"bet":3,"pay":0,"bonusCount":0,"lampOn":false,"displayStops":{"left":18,"center":17,"right":7},"stoppedMask":5}}
[21:00:12] [Render thread/INFO] (PiriRuntimeAcceptance) PIRI_PHASE02_PACKET {"type":"ACTION_ACCEPTED","payload":{"clientSequence":127,"action":"STOP_CENTER"}}
[21:00:12] [Render thread/INFO] (PiriRuntimeAcceptance) PIRI_PHASE02_PACKET {"type":"REEL_STOP","payload":{"spinId":"ff4f4be3-97c0-4768-a13b-419a6d2b7d73","reel":"CENTER","pressedIndex":20,"stopIndex":20,"slip":0,"durationMs":80}}
[21:00:12] [Render thread/INFO] (PiriRuntimeAcceptance) PIRI_PHASE02_PACKET {"type":"PAYOUT","payload":{}}
[21:00:12] [Render thread/INFO] (PiriRuntimeAcceptance) PIRI_PHASE02_PACKET {"type":"PUBLIC_STATE","payload":{"sessionId":"af0b55a1-65ac-4f46-8884-c95d7e3b002d","machineId":1,"expectedNextClientSequence":128,"gameState":"SEATED_READY","lifecycle":"ACTIVE","credit":9,"heldMedals":762,"bet":0,"pay":8,"bonusCount":0,"lampOn":false,"displayStops":{"left":18,"center":20,"right":7},"stoppedMask":7}}
[21:00:12] [Render thread/INFO] (PiriRuntimeAcceptance) PIRI_PHASE02_PACKET {"type":"ACTION_ACCEPTED","payload":{"clientSequence":128,"action":"SPACE_ACTION"}}
[21:00:12] [Render thread/INFO] (PiriRuntimeAcceptance) PIRI_PHASE02_PACKET {"type":"PUBLIC_STATE","payload":{"sessionId":"af0b55a1-65ac-4f46-8884-c95d7e3b002d","machineId":1,"expectedNextClientSequence":129,"gameState":"NORMAL_BETTED","lifecycle":"ACTIVE","credit":6,"heldMedals":762,"bet":3,"pay":0,"bonusCount":0,"lampOn":false,"displayStops":{"left":18,"center":20,"right":7},"stoppedMask":7}}
[21:00:13] [Render thread/INFO] (PiriRuntimeAcceptance) PIRI_PHASE02_PACKET {"type":"ACTION_ACCEPTED","payload":{"clientSequence":129,"action":"SPACE_ACTION"}}
[21:00:13] [Render thread/INFO] (PiriRuntimeAcceptance) PIRI_PHASE02_PACKET {"type":"PUBLIC_STATE","payload":{"sessionId":"af0b55a1-65ac-4f46-8884-c95d7e3b002d","machineId":1,"expectedNextClientSequence":130,"gameState":"NORMAL_SPINNING","lifecycle":"ACTIVE","credit":6,"heldMedals":762,"bet":3,"pay":0,"bonusCount":0,"lampOn":false,"displayStops":{"left":18,"center":20,"right":7},"stoppedMask":0}}
[21:00:13] [Render thread/INFO] (PiriRuntimeAcceptance) PIRI_PHASE02_PACKET {"type":"SPIN_START","payload":{"sessionId":"af0b55a1-65ac-4f46-8884-c95d7e3b002d","machineId":1,"spinId":"209de520-4698-4c77-be3e-77b544e0c70f","mode":"NORMAL","animation":"NORMAL","startPhase":{"left":18.0,"center":20.0,"right":7.0},"stopEnableAfterMs":400}}
[21:00:14] [Render thread/INFO] (PiriRuntimeAcceptance) PIRI_PHASE02_PACKET {"type":"ACTION_ACCEPTED","payload":{"clientSequence":130,"action":"STOP_CENTER"}}
[21:00:14] [Render thread/INFO] (PiriRuntimeAcceptance) PIRI_PHASE02_PACKET {"type":"REEL_STOP","payload":{"spinId":"209de520-4698-4c77-be3e-77b544e0c70f","reel":"CENTER","pressedIndex":6,"stopIndex":6,"slip":0,"durationMs":80}}
[21:00:14] [Render thread/INFO] (PiriRuntimeAcceptance) PIRI_PHASE02_PACKET {"type":"PUBLIC_STATE","payload":{"sessionId":"af0b55a1-65ac-4f46-8884-c95d7e3b002d","machineId":1,"expectedNextClientSequence":131,"gameState":"NORMAL_SPINNING","lifecycle":"ACTIVE","credit":6,"heldMedals":762,"bet":3,"pay":0,"bonusCount":0,"lampOn":false,"displayStops":{"left":18,"center":6,"right":7},"stoppedMask":2}}
[21:00:14] [Render thread/INFO] (PiriRuntimeAcceptance) PIRI_PHASE02_PACKET {"type":"ACTION_ACCEPTED","payload":{"clientSequence":131,"action":"STOP_LEFT"}}
[21:00:14] [Render thread/INFO] (PiriRuntimeAcceptance) PIRI_PHASE02_PACKET {"type":"REEL_STOP","payload":{"spinId":"209de520-4698-4c77-be3e-77b544e0c70f","reel":"LEFT","pressedIndex":13,"stopIndex":13,"slip":0,"durationMs":80}}
[21:00:14] [Render thread/INFO] (PiriRuntimeAcceptance) PIRI_PHASE02_PACKET {"type":"PUBLIC_STATE","payload":{"sessionId":"af0b55a1-65ac-4f46-8884-c95d7e3b002d","machineId":1,"expectedNextClientSequence":132,"gameState":"NORMAL_SPINNING","lifecycle":"ACTIVE","credit":6,"heldMedals":762,"bet":3,"pay":0,"bonusCount":0,"lampOn":false,"displayStops":{"left":13,"center":6,"right":7},"stoppedMask":3}}
[21:00:15] [Render thread/INFO] (PiriRuntimeAcceptance) PIRI_PHASE02_PACKET {"type":"ACTION_ACCEPTED","payload":{"clientSequence":132,"action":"STOP_RIGHT"}}
[21:00:15] [Render thread/INFO] (PiriRuntimeAcceptance) PIRI_PHASE02_PACKET {"type":"REEL_STOP","payload":{"spinId":"209de520-4698-4c77-be3e-77b544e0c70f","reel":"RIGHT","pressedIndex":11,"stopIndex":11,"slip":0,"durationMs":80}}
[21:00:15] [Render thread/INFO] (PiriRuntimeAcceptance) PIRI_PHASE02_PACKET {"type":"PUBLIC_STATE","payload":{"sessionId":"af0b55a1-65ac-4f46-8884-c95d7e3b002d","machineId":1,"expectedNextClientSequence":133,"gameState":"SEATED_READY","lifecycle":"ACTIVE","credit":6,"heldMedals":762,"bet":0,"pay":0,"bonusCount":0,"lampOn":false,"displayStops":{"left":13,"center":6,"right":11},"stoppedMask":7}}
[21:00:15] [Render thread/INFO] (PiriRuntimeAcceptance) PIRI_PHASE02_PACKET {"type":"ACTION_ACCEPTED","payload":{"clientSequence":133,"action":"SPACE_ACTION"}}
[21:00:15] [Render thread/INFO] (PiriRuntimeAcceptance) PIRI_PHASE02_PACKET {"type":"PUBLIC_STATE","payload":{"sessionId":"af0b55a1-65ac-4f46-8884-c95d7e3b002d","machineId":1,"expectedNextClientSequence":134,"gameState":"NORMAL_BETTED","lifecycle":"ACTIVE","credit":3,"heldMedals":762,"bet":3,"pay":0,"bonusCount":0,"lampOn":false,"displayStops":{"left":13,"center":6,"right":11},"stoppedMask":7}}
[21:00:16] [Render thread/INFO] (PiriRuntimeAcceptance) PIRI_PHASE02_PACKET {"type":"ACTION_ACCEPTED","payload":{"clientSequence":134,"action":"SPACE_ACTION"}}
[21:00:16] [Render thread/INFO] (PiriRuntimeAcceptance) PIRI_PHASE02_PACKET {"type":"PUBLIC_STATE","payload":{"sessionId":"af0b55a1-65ac-4f46-8884-c95d7e3b002d","machineId":1,"expectedNextClientSequence":135,"gameState":"NORMAL_SPINNING","lifecycle":"ACTIVE","credit":3,"heldMedals":762,"bet":3,"pay":0,"bonusCount":0,"lampOn":false,"displayStops":{"left":13,"center":6,"right":11},"stoppedMask":0}}
[21:00:16] [Render thread/INFO] (PiriRuntimeAcceptance) PIRI_PHASE02_PACKET {"type":"SPIN_START","payload":{"sessionId":"af0b55a1-65ac-4f46-8884-c95d7e3b002d","machineId":1,"spinId":"cb0596de-4039-4e77-8ce7-5037a20a4283","mode":"NORMAL","animation":"NORMAL","startPhase":{"left":13.0,"center":6.0,"right":11.0},"stopEnableAfterMs":400}}
[21:00:17] [Render thread/INFO] (PiriRuntimeAcceptance) PIRI_PHASE02_PACKET {"type":"ACTION_ACCEPTED","payload":{"clientSequence":135,"action":"STOP_CENTER"}}
[21:00:17] [Render thread/INFO] (PiriRuntimeAcceptance) PIRI_PHASE02_PACKET {"type":"REEL_STOP","payload":{"spinId":"cb0596de-4039-4e77-8ce7-5037a20a4283","reel":"CENTER","pressedIndex":13,"stopIndex":13,"slip":0,"durationMs":80}}
[21:00:17] [Render thread/INFO] (PiriRuntimeAcceptance) PIRI_PHASE02_PACKET {"type":"PUBLIC_STATE","payload":{"sessionId":"af0b55a1-65ac-4f46-8884-c95d7e3b002d","machineId":1,"expectedNextClientSequence":136,"gameState":"NORMAL_SPINNING","lifecycle":"ACTIVE","credit":3,"heldMedals":762,"bet":3,"pay":0,"bonusCount":0,"lampOn":false,"displayStops":{"left":13,"center":13,"right":11},"stoppedMask":2}}
[21:00:17] [Render thread/INFO] (PiriRuntimeAcceptance) PIRI_PHASE02_PACKET {"type":"ACTION_ACCEPTED","payload":{"clientSequence":136,"action":"STOP_RIGHT"}}
[21:00:17] [Render thread/INFO] (PiriRuntimeAcceptance) PIRI_PHASE02_PACKET {"type":"REEL_STOP","payload":{"spinId":"cb0596de-4039-4e77-8ce7-5037a20a4283","reel":"RIGHT","pressedIndex":6,"stopIndex":8,"slip":2,"durationMs":180}}
[21:00:17] [Render thread/INFO] (PiriRuntimeAcceptance) PIRI_PHASE02_PACKET {"type":"PUBLIC_STATE","payload":{"sessionId":"af0b55a1-65ac-4f46-8884-c95d7e3b002d","machineId":1,"expectedNextClientSequence":137,"gameState":"NORMAL_SPINNING","lifecycle":"ACTIVE","credit":3,"heldMedals":762,"bet":3,"pay":0,"bonusCount":0,"lampOn":false,"displayStops":{"left":13,"center":13,"right":8},"stoppedMask":6}}
[21:00:18] [Render thread/INFO] (PiriRuntimeAcceptance) PIRI_PHASE02_PACKET {"type":"ACTION_ACCEPTED","payload":{"clientSequence":137,"action":"STOP_LEFT"}}
[21:00:18] [Render thread/INFO] (PiriRuntimeAcceptance) PIRI_PHASE02_PACKET {"type":"REEL_STOP","payload":{"spinId":"cb0596de-4039-4e77-8ce7-5037a20a4283","reel":"LEFT","pressedIndex":17,"stopIndex":17,"slip":0,"durationMs":80}}
[21:00:18] [Render thread/INFO] (PiriRuntimeAcceptance) PIRI_PHASE02_PACKET {"type":"PAYOUT","payload":{}}
[21:00:18] [Render thread/INFO] (PiriRuntimeAcceptance) PIRI_PHASE02_PACKET {"type":"PUBLIC_STATE","payload":{"sessionId":"af0b55a1-65ac-4f46-8884-c95d7e3b002d","machineId":1,"expectedNextClientSequence":138,"gameState":"SEATED_READY","lifecycle":"ACTIVE","credit":11,"heldMedals":762,"bet":0,"pay":8,"bonusCount":0,"lampOn":false,"displayStops":{"left":17,"center":13,"right":8},"stoppedMask":7}}
[21:00:18] [Render thread/INFO] (PiriRuntimeAcceptance) PIRI_PHASE02_PACKET {"type":"ACTION_ACCEPTED","payload":{"clientSequence":138,"action":"SPACE_ACTION"}}
[21:00:18] [Render thread/INFO] (PiriRuntimeAcceptance) PIRI_PHASE02_PACKET {"type":"PUBLIC_STATE","payload":{"sessionId":"af0b55a1-65ac-4f46-8884-c95d7e3b002d","machineId":1,"expectedNextClientSequence":139,"gameState":"NORMAL_BETTED","lifecycle":"ACTIVE","credit":8,"heldMedals":762,"bet":3,"pay":0,"bonusCount":0,"lampOn":false,"displayStops":{"left":17,"center":13,"right":8},"stoppedMask":7}}
[21:00:19] [Render thread/INFO] (PiriRuntimeAcceptance) PIRI_PHASE02_PACKET {"type":"ACTION_ACCEPTED","payload":{"clientSequence":139,"action":"SPACE_ACTION"}}
[21:00:19] [Render thread/INFO] (PiriRuntimeAcceptance) PIRI_PHASE02_PACKET {"type":"PUBLIC_STATE","payload":{"sessionId":"af0b55a1-65ac-4f46-8884-c95d7e3b002d","machineId":1,"expectedNextClientSequence":140,"gameState":"NORMAL_SPINNING","lifecycle":"ACTIVE","credit":8,"heldMedals":762,"bet":3,"pay":0,"bonusCount":0,"lampOn":false,"displayStops":{"left":17,"center":13,"right":8},"stoppedMask":0}}
[21:00:19] [Render thread/INFO] (PiriRuntimeAcceptance) PIRI_PHASE02_PACKET {"type":"SPIN_START","payload":{"sessionId":"af0b55a1-65ac-4f46-8884-c95d7e3b002d","machineId":1,"spinId":"33c1ed88-7fb7-46ed-9530-359597faf2b8","mode":"NORMAL","animation":"NORMAL","startPhase":{"left":17.0,"center":13.0,"right":8.0},"stopEnableAfterMs":400}}
[21:00:19] [Render thread/INFO] (PiriRuntimeAcceptance) PIRI_PHASE02_PACKET {"type":"ACTION_ACCEPTED","payload":{"clientSequence":140,"action":"STOP_RIGHT"}}
[21:00:19] [Render thread/INFO] (PiriRuntimeAcceptance) PIRI_PHASE02_PACKET {"type":"REEL_STOP","payload":{"spinId":"33c1ed88-7fb7-46ed-9530-359597faf2b8","reel":"RIGHT","pressedIndex":15,"stopIndex":15,"slip":0,"durationMs":80}}
[21:00:19] [Render thread/INFO] (PiriRuntimeAcceptance) PIRI_PHASE02_PACKET {"type":"PUBLIC_STATE","payload":{"sessionId":"af0b55a1-65ac-4f46-8884-c95d7e3b002d","machineId":1,"expectedNextClientSequence":141,"gameState":"NORMAL_SPINNING","lifecycle":"ACTIVE","credit":8,"heldMedals":762,"bet":3,"pay":0,"bonusCount":0,"lampOn":false,"displayStops":{"left":17,"center":13,"right":15},"stoppedMask":4}}
[21:00:20] [Render thread/INFO] (PiriRuntimeAcceptance) PIRI_PHASE02_PACKET {"type":"ACTION_ACCEPTED","payload":{"clientSequence":141,"action":"STOP_LEFT"}}
[21:00:20] [Render thread/INFO] (PiriRuntimeAcceptance) PIRI_PHASE02_PACKET {"type":"REEL_STOP","payload":{"spinId":"33c1ed88-7fb7-46ed-9530-359597faf2b8","reel":"LEFT","pressedIndex":12,"stopIndex":12,"slip":0,"durationMs":80}}
[21:00:20] [Render thread/INFO] (PiriRuntimeAcceptance) PIRI_PHASE02_PACKET {"type":"PUBLIC_STATE","payload":{"sessionId":"af0b55a1-65ac-4f46-8884-c95d7e3b002d","machineId":1,"expectedNextClientSequence":142,"gameState":"NORMAL_SPINNING","lifecycle":"ACTIVE","credit":8,"heldMedals":762,"bet":3,"pay":0,"bonusCount":0,"lampOn":false,"displayStops":{"left":12,"center":13,"right":15},"stoppedMask":5}}
[21:00:20] [Render thread/INFO] (PiriRuntimeAcceptance) PIRI_PHASE02_PACKET {"type":"ACTION_ACCEPTED","payload":{"clientSequence":142,"action":"STOP_CENTER"}}
[21:00:20] [Render thread/INFO] (PiriRuntimeAcceptance) PIRI_PHASE02_PACKET {"type":"REEL_STOP","payload":{"spinId":"33c1ed88-7fb7-46ed-9530-359597faf2b8","reel":"CENTER","pressedIndex":17,"stopIndex":17,"slip":0,"durationMs":80}}
[21:00:20] [Render thread/INFO] (PiriRuntimeAcceptance) PIRI_PHASE02_PACKET {"type":"PUBLIC_STATE","payload":{"sessionId":"af0b55a1-65ac-4f46-8884-c95d7e3b002d","machineId":1,"expectedNextClientSequence":143,"gameState":"SEATED_READY","lifecycle":"ACTIVE","credit":8,"heldMedals":762,"bet":0,"pay":0,"bonusCount":0,"lampOn":false,"displayStops":{"left":12,"center":17,"right":15},"stoppedMask":7}}
[21:00:21] [Render thread/INFO] (PiriRuntimeAcceptance) PIRI_PHASE02_PACKET {"type":"ACTION_ACCEPTED","payload":{"clientSequence":143,"action":"SPACE_ACTION"}}
[21:00:21] [Render thread/INFO] (PiriRuntimeAcceptance) PIRI_PHASE02_PACKET {"type":"PUBLIC_STATE","payload":{"sessionId":"af0b55a1-65ac-4f46-8884-c95d7e3b002d","machineId":1,"expectedNextClientSequence":144,"gameState":"NORMAL_BETTED","lifecycle":"ACTIVE","credit":5,"heldMedals":762,"bet":3,"pay":0,"bonusCount":0,"lampOn":false,"displayStops":{"left":12,"center":17,"right":15},"stoppedMask":7}}
[21:00:21] [Render thread/INFO] (PiriRuntimeAcceptance) PIRI_PHASE02_PACKET {"type":"ACTION_ACCEPTED","payload":{"clientSequence":144,"action":"SPACE_ACTION"}}
[21:00:21] [Render thread/INFO] (PiriRuntimeAcceptance) PIRI_PHASE02_PACKET {"type":"PUBLIC_STATE","payload":{"sessionId":"af0b55a1-65ac-4f46-8884-c95d7e3b002d","machineId":1,"expectedNextClientSequence":145,"gameState":"NORMAL_SPINNING","lifecycle":"ACTIVE","credit":5,"heldMedals":762,"bet":3,"pay":0,"bonusCount":0,"lampOn":false,"displayStops":{"left":12,"center":17,"right":15},"stoppedMask":0}}
[21:00:21] [Render thread/INFO] (PiriRuntimeAcceptance) PIRI_PHASE02_PACKET {"type":"SPIN_START","payload":{"sessionId":"af0b55a1-65ac-4f46-8884-c95d7e3b002d","machineId":1,"spinId":"cd1c6e22-c968-4221-89ad-19529fbce9b9","mode":"NORMAL","animation":"NORMAL","startPhase":{"left":12.0,"center":17.0,"right":15.0},"stopEnableAfterMs":400}}
[21:00:22] [Render thread/INFO] (PiriRuntimeAcceptance) PIRI_PHASE02_PACKET {"type":"ACTION_ACCEPTED","payload":{"clientSequence":145,"action":"STOP_RIGHT"}}
[21:00:22] [Render thread/INFO] (PiriRuntimeAcceptance) PIRI_PHASE02_PACKET {"type":"REEL_STOP","payload":{"spinId":"cd1c6e22-c968-4221-89ad-19529fbce9b9","reel":"RIGHT","pressedIndex":1,"stopIndex":1,"slip":0,"durationMs":80}}
[21:00:22] [Render thread/INFO] (PiriRuntimeAcceptance) PIRI_PHASE02_PACKET {"type":"PUBLIC_STATE","payload":{"sessionId":"af0b55a1-65ac-4f46-8884-c95d7e3b002d","machineId":1,"expectedNextClientSequence":146,"gameState":"NORMAL_SPINNING","lifecycle":"ACTIVE","credit":5,"heldMedals":762,"bet":3,"pay":0,"bonusCount":0,"lampOn":false,"displayStops":{"left":12,"center":17,"right":1},"stoppedMask":4}}
[21:00:22] [Render thread/INFO] (PiriRuntimeAcceptance) PIRI_PHASE02_PACKET {"type":"ACTION_ACCEPTED","payload":{"clientSequence":146,"action":"STOP_CENTER"}}
[21:00:22] [Render thread/INFO] (PiriRuntimeAcceptance) PIRI_PHASE02_PACKET {"type":"REEL_STOP","payload":{"spinId":"cd1c6e22-c968-4221-89ad-19529fbce9b9","reel":"CENTER","pressedIndex":7,"stopIndex":10,"slip":3,"durationMs":230}}
[21:00:22] [Render thread/INFO] (PiriRuntimeAcceptance) PIRI_PHASE02_PACKET {"type":"PUBLIC_STATE","payload":{"sessionId":"af0b55a1-65ac-4f46-8884-c95d7e3b002d","machineId":1,"expectedNextClientSequence":147,"gameState":"NORMAL_SPINNING","lifecycle":"ACTIVE","credit":5,"heldMedals":762,"bet":3,"pay":0,"bonusCount":0,"lampOn":false,"displayStops":{"left":12,"center":10,"right":1},"stoppedMask":6}}
[21:00:23] [Render thread/INFO] (PiriRuntimeAcceptance) PIRI_PHASE02_PACKET {"type":"ACTION_ACCEPTED","payload":{"clientSequence":147,"action":"STOP_LEFT"}}
[21:00:23] [Render thread/INFO] (PiriRuntimeAcceptance) PIRI_PHASE02_PACKET {"type":"REEL_STOP","payload":{"spinId":"cd1c6e22-c968-4221-89ad-19529fbce9b9","reel":"LEFT","pressedIndex":11,"stopIndex":11,"slip":0,"durationMs":80}}
[21:00:23] [Render thread/INFO] (PiriRuntimeAcceptance) PIRI_PHASE02_PACKET {"type":"PUBLIC_STATE","payload":{"sessionId":"af0b55a1-65ac-4f46-8884-c95d7e3b002d","machineId":1,"expectedNextClientSequence":148,"gameState":"REPLAY_READY","lifecycle":"ACTIVE","credit":5,"heldMedals":762,"bet":3,"pay":0,"bonusCount":0,"lampOn":false,"displayStops":{"left":11,"center":10,"right":1},"stoppedMask":7}}
[21:00:23] [Render thread/INFO] (PiriRuntimeAcceptance) PIRI_PHASE02_PACKET {"type":"ACTION_ACCEPTED","payload":{"clientSequence":148,"action":"SPACE_ACTION"}}
[21:00:23] [Render thread/INFO] (PiriRuntimeAcceptance) PIRI_PHASE02_PACKET {"type":"PUBLIC_STATE","payload":{"sessionId":"af0b55a1-65ac-4f46-8884-c95d7e3b002d","machineId":1,"expectedNextClientSequence":149,"gameState":"NORMAL_SPINNING","lifecycle":"ACTIVE","credit":5,"heldMedals":762,"bet":3,"pay":0,"bonusCount":0,"lampOn":false,"displayStops":{"left":11,"center":10,"right":1},"stoppedMask":0}}
[21:00:23] [Render thread/INFO] (PiriRuntimeAcceptance) PIRI_PHASE02_PACKET {"type":"SPIN_START","payload":{"sessionId":"af0b55a1-65ac-4f46-8884-c95d7e3b002d","machineId":1,"spinId":"66c3b809-cdd8-4f98-ba24-279969afdc61","mode":"NORMAL","animation":"NORMAL","startPhase":{"left":11.0,"center":10.0,"right":1.0},"stopEnableAfterMs":400}}
[21:00:24] [Render thread/INFO] (PiriRuntimeAcceptance) PIRI_PHASE02_PACKET {"type":"ACTION_ACCEPTED","payload":{"clientSequence":149,"action":"STOP_LEFT"}}
[21:00:24] [Render thread/INFO] (PiriRuntimeAcceptance) PIRI_PHASE02_PACKET {"type":"REEL_STOP","payload":{"spinId":"66c3b809-cdd8-4f98-ba24-279969afdc61","reel":"LEFT","pressedIndex":18,"stopIndex":18,"slip":0,"durationMs":80}}
[21:00:24] [Render thread/INFO] (PiriRuntimeAcceptance) PIRI_PHASE02_PACKET {"type":"PUBLIC_STATE","payload":{"sessionId":"af0b55a1-65ac-4f46-8884-c95d7e3b002d","machineId":1,"expectedNextClientSequence":150,"gameState":"NORMAL_SPINNING","lifecycle":"ACTIVE","credit":5,"heldMedals":762,"bet":3,"pay":0,"bonusCount":0,"lampOn":false,"displayStops":{"left":18,"center":10,"right":1},"stoppedMask":1}}
[21:00:25] [Render thread/INFO] (PiriRuntimeAcceptance) PIRI_PHASE02_PACKET {"type":"ACTION_ACCEPTED","payload":{"clientSequence":150,"action":"STOP_CENTER"}}
[21:00:25] [Render thread/INFO] (PiriRuntimeAcceptance) PIRI_PHASE02_PACKET {"type":"REEL_STOP","payload":{"spinId":"66c3b809-cdd8-4f98-ba24-279969afdc61","reel":"CENTER","pressedIndex":5,"stopIndex":6,"slip":1,"durationMs":130}}
[21:00:25] [Render thread/INFO] (PiriRuntimeAcceptance) PIRI_PHASE02_PACKET {"type":"PUBLIC_STATE","payload":{"sessionId":"af0b55a1-65ac-4f46-8884-c95d7e3b002d","machineId":1,"expectedNextClientSequence":151,"gameState":"NORMAL_SPINNING","lifecycle":"ACTIVE","credit":5,"heldMedals":762,"bet":3,"pay":0,"bonusCount":0,"lampOn":false,"displayStops":{"left":18,"center":6,"right":1},"stoppedMask":3}}
[21:00:25] [Render thread/INFO] (PiriRuntimeAcceptance) PIRI_PHASE02_PACKET {"type":"ACTION_ACCEPTED","payload":{"clientSequence":151,"action":"STOP_RIGHT"}}
[21:00:25] [Render thread/INFO] (PiriRuntimeAcceptance) PIRI_PHASE02_PACKET {"type":"REEL_STOP","payload":{"spinId":"66c3b809-cdd8-4f98-ba24-279969afdc61","reel":"RIGHT","pressedIndex":5,"stopIndex":5,"slip":0,"durationMs":80}}
[21:00:25] [Render thread/INFO] (PiriRuntimeAcceptance) PIRI_PHASE02_PACKET {"type":"PUBLIC_STATE","payload":{"sessionId":"af0b55a1-65ac-4f46-8884-c95d7e3b002d","machineId":1,"expectedNextClientSequence":152,"gameState":"REPLAY_READY","lifecycle":"ACTIVE","credit":5,"heldMedals":762,"bet":3,"pay":0,"bonusCount":0,"lampOn":false,"displayStops":{"left":18,"center":6,"right":5},"stoppedMask":7}}
[21:00:26] [Render thread/INFO] (PiriRuntimeAcceptance) PIRI_PHASE02_PACKET {"type":"ACTION_ACCEPTED","payload":{"clientSequence":152,"action":"SPACE_ACTION"}}
[21:00:26] [Render thread/INFO] (PiriRuntimeAcceptance) PIRI_PHASE02_PACKET {"type":"PUBLIC_STATE","payload":{"sessionId":"af0b55a1-65ac-4f46-8884-c95d7e3b002d","machineId":1,"expectedNextClientSequence":153,"gameState":"NORMAL_SPINNING","lifecycle":"ACTIVE","credit":5,"heldMedals":762,"bet":3,"pay":0,"bonusCount":0,"lampOn":false,"displayStops":{"left":18,"center":6,"right":5},"stoppedMask":0}}
[21:00:26] [Render thread/INFO] (PiriRuntimeAcceptance) PIRI_PHASE02_PACKET {"type":"SPIN_START","payload":{"sessionId":"af0b55a1-65ac-4f46-8884-c95d7e3b002d","machineId":1,"spinId":"ba09cc32-bf7a-4348-9c77-41b4f1130dd2","mode":"NORMAL","animation":"NORMAL","startPhase":{"left":18.0,"center":6.0,"right":5.0},"stopEnableAfterMs":400}}
[21:00:27] [Render thread/INFO] (PiriRuntimeAcceptance) PIRI_PHASE02_PACKET {"type":"ACTION_ACCEPTED","payload":{"clientSequence":153,"action":"STOP_LEFT"}}
[21:00:27] [Render thread/INFO] (PiriRuntimeAcceptance) PIRI_PHASE02_PACKET {"type":"REEL_STOP","payload":{"spinId":"ba09cc32-bf7a-4348-9c77-41b4f1130dd2","reel":"LEFT","pressedIndex":4,"stopIndex":4,"slip":0,"durationMs":80}}
[21:00:27] [Render thread/INFO] (PiriRuntimeAcceptance) PIRI_PHASE02_PACKET {"type":"PUBLIC_STATE","payload":{"sessionId":"af0b55a1-65ac-4f46-8884-c95d7e3b002d","machineId":1,"expectedNextClientSequence":154,"gameState":"NORMAL_SPINNING","lifecycle":"ACTIVE","credit":5,"heldMedals":762,"bet":3,"pay":0,"bonusCount":0,"lampOn":false,"displayStops":{"left":4,"center":6,"right":5},"stoppedMask":1}}
[21:00:27] [Render thread/INFO] (PiriRuntimeAcceptance) PIRI_PHASE02_PACKET {"type":"ACTION_ACCEPTED","payload":{"clientSequence":154,"action":"STOP_RIGHT"}}
[21:00:27] [Render thread/INFO] (PiriRuntimeAcceptance) PIRI_PHASE02_PACKET {"type":"REEL_STOP","payload":{"spinId":"ba09cc32-bf7a-4348-9c77-41b4f1130dd2","reel":"RIGHT","pressedIndex":4,"stopIndex":4,"slip":0,"durationMs":80}}
[21:00:27] [Render thread/INFO] (PiriRuntimeAcceptance) PIRI_PHASE02_PACKET {"type":"TENPAI_SOUND","payload":{"spinId":"ba09cc32-bf7a-4348-9c77-41b4f1130dd2"}}
[21:00:27] [Render thread/INFO] (PiriRuntimeAcceptance) PIRI_PHASE02_PACKET {"type":"PUBLIC_STATE","payload":{"sessionId":"af0b55a1-65ac-4f46-8884-c95d7e3b002d","machineId":1,"expectedNextClientSequence":155,"gameState":"NORMAL_SPINNING","lifecycle":"ACTIVE","credit":5,"heldMedals":762,"bet":3,"pay":0,"bonusCount":0,"lampOn":false,"displayStops":{"left":4,"center":6,"right":4},"stoppedMask":5}}
[21:00:28] [Render thread/INFO] (PiriRuntimeAcceptance) PIRI_PHASE02_PACKET {"type":"ACTION_ACCEPTED","payload":{"clientSequence":155,"action":"STOP_CENTER"}}
[21:00:28] [Render thread/INFO] (PiriRuntimeAcceptance) PIRI_PHASE02_PACKET {"type":"REEL_STOP","payload":{"spinId":"ba09cc32-bf7a-4348-9c77-41b4f1130dd2","reel":"CENTER","pressedIndex":14,"stopIndex":14,"slip":0,"durationMs":80}}
[21:00:28] [Render thread/INFO] (PiriRuntimeAcceptance) PIRI_PHASE02_PACKET {"type":"PUBLIC_STATE","payload":{"sessionId":"af0b55a1-65ac-4f46-8884-c95d7e3b002d","machineId":1,"expectedNextClientSequence":156,"gameState":"SEATED_READY","lifecycle":"ACTIVE","credit":5,"heldMedals":762,"bet":0,"pay":0,"bonusCount":0,"lampOn":false,"displayStops":{"left":4,"center":14,"right":4},"stoppedMask":7}}
[21:00:28] [Render thread/INFO] (PiriRuntimeAcceptance) PIRI_PHASE02_PACKET {"type":"ACTION_ACCEPTED","payload":{"clientSequence":156,"action":"SPACE_ACTION"}}
[21:00:28] [Render thread/INFO] (PiriRuntimeAcceptance) PIRI_PHASE02_PACKET {"type":"PUBLIC_STATE","payload":{"sessionId":"af0b55a1-65ac-4f46-8884-c95d7e3b002d","machineId":1,"expectedNextClientSequence":157,"gameState":"NORMAL_BETTED","lifecycle":"ACTIVE","credit":2,"heldMedals":762,"bet":3,"pay":0,"bonusCount":0,"lampOn":false,"displayStops":{"left":4,"center":14,"right":4},"stoppedMask":7}}
[21:00:29] [Render thread/INFO] (PiriRuntimeAcceptance) PIRI_PHASE02_PACKET {"type":"ACTION_ACCEPTED","payload":{"clientSequence":157,"action":"SPACE_ACTION"}}
[21:00:29] [Render thread/INFO] (PiriRuntimeAcceptance) PIRI_PHASE02_PACKET {"type":"PUBLIC_STATE","payload":{"sessionId":"af0b55a1-65ac-4f46-8884-c95d7e3b002d","machineId":1,"expectedNextClientSequence":158,"gameState":"NORMAL_SPINNING","lifecycle":"ACTIVE","credit":2,"heldMedals":762,"bet":3,"pay":0,"bonusCount":0,"lampOn":false,"displayStops":{"left":4,"center":14,"right":4},"stoppedMask":0}}
[21:00:29] [Render thread/INFO] (PiriRuntimeAcceptance) PIRI_PHASE02_PACKET {"type":"SPIN_START","payload":{"sessionId":"af0b55a1-65ac-4f46-8884-c95d7e3b002d","machineId":1,"spinId":"1dc57808-bc0d-4be6-81a1-a00d508a4d92","mode":"NORMAL","animation":"NORMAL","startPhase":{"left":4.0,"center":14.0,"right":4.0},"stopEnableAfterMs":400}}
[21:00:29] [Render thread/INFO] (PiriRuntimeAcceptance) PIRI_PHASE02_PACKET {"type":"ACTION_ACCEPTED","payload":{"clientSequence":158,"action":"STOP_CENTER"}}
[21:00:29] [Render thread/INFO] (PiriRuntimeAcceptance) PIRI_PHASE02_PACKET {"type":"REEL_STOP","payload":{"spinId":"1dc57808-bc0d-4be6-81a1-a00d508a4d92","reel":"CENTER","pressedIndex":0,"stopIndex":0,"slip":0,"durationMs":80}}
[21:00:29] [Render thread/INFO] (PiriRuntimeAcceptance) PIRI_PHASE02_PACKET {"type":"PUBLIC_STATE","payload":{"sessionId":"af0b55a1-65ac-4f46-8884-c95d7e3b002d","machineId":1,"expectedNextClientSequence":159,"gameState":"NORMAL_SPINNING","lifecycle":"ACTIVE","credit":2,"heldMedals":762,"bet":3,"pay":0,"bonusCount":0,"lampOn":false,"displayStops":{"left":4,"center":0,"right":4},"stoppedMask":2}}
[21:00:30] [Render thread/INFO] (PiriRuntimeAcceptance) PIRI_PHASE02_PACKET {"type":"ACTION_ACCEPTED","payload":{"clientSequence":159,"action":"STOP_LEFT"}}
[21:00:30] [Render thread/INFO] (PiriRuntimeAcceptance) PIRI_PHASE02_PACKET {"type":"REEL_STOP","payload":{"spinId":"1dc57808-bc0d-4be6-81a1-a00d508a4d92","reel":"LEFT","pressedIndex":20,"stopIndex":1,"slip":2,"durationMs":180}}
[21:00:30] [Render thread/INFO] (PiriRuntimeAcceptance) PIRI_PHASE02_PACKET {"type":"PUBLIC_STATE","payload":{"sessionId":"af0b55a1-65ac-4f46-8884-c95d7e3b002d","machineId":1,"expectedNextClientSequence":160,"gameState":"NORMAL_SPINNING","lifecycle":"ACTIVE","credit":2,"heldMedals":762,"bet":3,"pay":0,"bonusCount":0,"lampOn":false,"displayStops":{"left":1,"center":0,"right":4},"stoppedMask":3}}
[21:00:30] [Render thread/INFO] (PiriRuntimeAcceptance) PIRI_PHASE02_PACKET {"type":"ACTION_ACCEPTED","payload":{"clientSequence":160,"action":"STOP_RIGHT"}}
[21:00:30] [Render thread/INFO] (PiriRuntimeAcceptance) PIRI_PHASE02_PACKET {"type":"REEL_STOP","payload":{"spinId":"1dc57808-bc0d-4be6-81a1-a00d508a4d92","reel":"RIGHT","pressedIndex":8,"stopIndex":8,"slip":0,"durationMs":80}}
[21:00:30] [Render thread/INFO] (PiriRuntimeAcceptance) PIRI_PHASE02_PACKET {"type":"PAYOUT","payload":{}}
[21:00:30] [Render thread/INFO] (PiriRuntimeAcceptance) PIRI_PHASE02_PACKET {"type":"PUBLIC_STATE","payload":{"sessionId":"af0b55a1-65ac-4f46-8884-c95d7e3b002d","machineId":1,"expectedNextClientSequence":161,"gameState":"SEATED_READY","lifecycle":"ACTIVE","credit":10,"heldMedals":762,"bet":0,"pay":8,"bonusCount":0,"lampOn":false,"displayStops":{"left":1,"center":0,"right":8},"stoppedMask":7}}
[21:00:31] [Render thread/INFO] (PiriRuntimeAcceptance) PIRI_PHASE02_PACKET {"type":"ACTION_ACCEPTED","payload":{"clientSequence":161,"action":"SPACE_ACTION"}}
[21:00:31] [Render thread/INFO] (PiriRuntimeAcceptance) PIRI_PHASE02_PACKET {"type":"PUBLIC_STATE","payload":{"sessionId":"af0b55a1-65ac-4f46-8884-c95d7e3b002d","machineId":1,"expectedNextClientSequence":162,"gameState":"NORMAL_BETTED","lifecycle":"ACTIVE","credit":7,"heldMedals":762,"bet":3,"pay":0,"bonusCount":0,"lampOn":false,"displayStops":{"left":1,"center":0,"right":8},"stoppedMask":7}}
[21:00:32] [Render thread/INFO] (PiriRuntimeAcceptance) PIRI_PHASE02_PACKET {"type":"ACTION_ACCEPTED","payload":{"clientSequence":162,"action":"SPACE_ACTION"}}
[21:00:32] [Render thread/INFO] (PiriRuntimeAcceptance) PIRI_PHASE02_PACKET {"type":"PUBLIC_STATE","payload":{"sessionId":"af0b55a1-65ac-4f46-8884-c95d7e3b002d","machineId":1,"expectedNextClientSequence":163,"gameState":"NORMAL_SPINNING","lifecycle":"ACTIVE","credit":7,"heldMedals":762,"bet":3,"pay":0,"bonusCount":0,"lampOn":false,"displayStops":{"left":1,"center":0,"right":8},"stoppedMask":0}}
[21:00:32] [Render thread/INFO] (PiriRuntimeAcceptance) PIRI_PHASE02_PACKET {"type":"SPIN_START","payload":{"sessionId":"af0b55a1-65ac-4f46-8884-c95d7e3b002d","machineId":1,"spinId":"131878e0-38f6-4d65-abb6-f03a19ecc686","mode":"NORMAL","animation":"NORMAL","startPhase":{"left":1.0,"center":0.0,"right":8.0},"stopEnableAfterMs":400}}
[21:00:32] [Render thread/INFO] (PiriRuntimeAcceptance) PIRI_PHASE02_PACKET {"type":"ACTION_ACCEPTED","payload":{"clientSequence":163,"action":"STOP_CENTER"}}
[21:00:32] [Render thread/INFO] (PiriRuntimeAcceptance) PIRI_PHASE02_PACKET {"type":"REEL_STOP","payload":{"spinId":"131878e0-38f6-4d65-abb6-f03a19ecc686","reel":"CENTER","pressedIndex":6,"stopIndex":6,"slip":0,"durationMs":80}}
[21:00:32] [Render thread/INFO] (PiriRuntimeAcceptance) PIRI_PHASE02_PACKET {"type":"PUBLIC_STATE","payload":{"sessionId":"af0b55a1-65ac-4f46-8884-c95d7e3b002d","machineId":1,"expectedNextClientSequence":164,"gameState":"NORMAL_SPINNING","lifecycle":"ACTIVE","credit":7,"heldMedals":762,"bet":3,"pay":0,"bonusCount":0,"lampOn":false,"displayStops":{"left":1,"center":6,"right":8},"stoppedMask":2}}
[21:00:33] [Render thread/INFO] (PiriRuntimeAcceptance) PIRI_PHASE02_PACKET {"type":"ACTION_ACCEPTED","payload":{"clientSequence":164,"action":"STOP_RIGHT"}}
[21:00:33] [Render thread/INFO] (PiriRuntimeAcceptance) PIRI_PHASE02_PACKET {"type":"REEL_STOP","payload":{"spinId":"131878e0-38f6-4d65-abb6-f03a19ecc686","reel":"RIGHT","pressedIndex":2,"stopIndex":2,"slip":0,"durationMs":80}}
[21:00:33] [Render thread/INFO] (PiriRuntimeAcceptance) PIRI_PHASE02_PACKET {"type":"PUBLIC_STATE","payload":{"sessionId":"af0b55a1-65ac-4f46-8884-c95d7e3b002d","machineId":1,"expectedNextClientSequence":165,"gameState":"NORMAL_SPINNING","lifecycle":"ACTIVE","credit":7,"heldMedals":762,"bet":3,"pay":0,"bonusCount":0,"lampOn":false,"displayStops":{"left":1,"center":6,"right":2},"stoppedMask":6}}
[21:00:33] [Render thread/INFO] (PiriRuntimeAcceptance) PIRI_PHASE02_PACKET {"type":"ACTION_ACCEPTED","payload":{"clientSequence":165,"action":"STOP_LEFT"}}
[21:00:33] [Render thread/INFO] (PiriRuntimeAcceptance) PIRI_PHASE02_PACKET {"type":"REEL_STOP","payload":{"spinId":"131878e0-38f6-4d65-abb6-f03a19ecc686","reel":"LEFT","pressedIndex":4,"stopIndex":4,"slip":0,"durationMs":80}}
[21:00:33] [Render thread/INFO] (PiriRuntimeAcceptance) PIRI_PHASE02_PACKET {"type":"PUBLIC_STATE","payload":{"sessionId":"af0b55a1-65ac-4f46-8884-c95d7e3b002d","machineId":1,"expectedNextClientSequence":166,"gameState":"SEATED_READY","lifecycle":"ACTIVE","credit":7,"heldMedals":762,"bet":0,"pay":0,"bonusCount":0,"lampOn":false,"displayStops":{"left":4,"center":6,"right":2},"stoppedMask":7}}
[21:00:34] [Render thread/INFO] (PiriRuntimeAcceptance) PIRI_PHASE02_PACKET {"type":"ACTION_ACCEPTED","payload":{"clientSequence":166,"action":"SPACE_ACTION"}}
[21:00:34] [Render thread/INFO] (PiriRuntimeAcceptance) PIRI_PHASE02_PACKET {"type":"PUBLIC_STATE","payload":{"sessionId":"af0b55a1-65ac-4f46-8884-c95d7e3b002d","machineId":1,"expectedNextClientSequence":167,"gameState":"NORMAL_BETTED","lifecycle":"ACTIVE","credit":4,"heldMedals":762,"bet":3,"pay":0,"bonusCount":0,"lampOn":false,"displayStops":{"left":4,"center":6,"right":2},"stoppedMask":7}}
[21:00:34] [Render thread/INFO] (PiriRuntimeAcceptance) PIRI_PHASE02_PACKET {"type":"ACTION_ACCEPTED","payload":{"clientSequence":167,"action":"SPACE_ACTION"}}
[21:00:34] [Render thread/INFO] (PiriRuntimeAcceptance) PIRI_PHASE02_PACKET {"type":"PUBLIC_STATE","payload":{"sessionId":"af0b55a1-65ac-4f46-8884-c95d7e3b002d","machineId":1,"expectedNextClientSequence":168,"gameState":"NORMAL_SPINNING","lifecycle":"ACTIVE","credit":4,"heldMedals":762,"bet":3,"pay":0,"bonusCount":0,"lampOn":false,"displayStops":{"left":4,"center":6,"right":2},"stoppedMask":0}}
[21:00:34] [Render thread/INFO] (PiriRuntimeAcceptance) PIRI_PHASE02_PACKET {"type":"SPIN_START","payload":{"sessionId":"af0b55a1-65ac-4f46-8884-c95d7e3b002d","machineId":1,"spinId":"d786a2c9-fd4b-4bea-be8a-0c0f611a39bb","mode":"NORMAL","animation":"NORMAL","startPhase":{"left":4.0,"center":6.0,"right":2.0},"stopEnableAfterMs":400}}
[21:00:35] [Render thread/INFO] (PiriRuntimeAcceptance) PIRI_PHASE02_PACKET {"type":"ACTION_ACCEPTED","payload":{"clientSequence":168,"action":"STOP_RIGHT"}}
[21:00:35] [Render thread/INFO] (PiriRuntimeAcceptance) PIRI_PHASE02_PACKET {"type":"REEL_STOP","payload":{"spinId":"d786a2c9-fd4b-4bea-be8a-0c0f611a39bb","reel":"RIGHT","pressedIndex":9,"stopIndex":9,"slip":0,"durationMs":80}}
[21:00:35] [Render thread/INFO] (PiriRuntimeAcceptance) PIRI_PHASE02_PACKET {"type":"PUBLIC_STATE","payload":{"sessionId":"af0b55a1-65ac-4f46-8884-c95d7e3b002d","machineId":1,"expectedNextClientSequence":169,"gameState":"NORMAL_SPINNING","lifecycle":"ACTIVE","credit":4,"heldMedals":762,"bet":3,"pay":0,"bonusCount":0,"lampOn":false,"displayStops":{"left":4,"center":6,"right":9},"stoppedMask":4}}
[21:00:36] [Render thread/INFO] (PiriRuntimeAcceptance) PIRI_PHASE02_PACKET {"type":"ACTION_ACCEPTED","payload":{"clientSequence":169,"action":"STOP_LEFT"}}
[21:00:36] [Render thread/INFO] (PiriRuntimeAcceptance) PIRI_PHASE02_PACKET {"type":"REEL_STOP","payload":{"spinId":"d786a2c9-fd4b-4bea-be8a-0c0f611a39bb","reel":"LEFT","pressedIndex":20,"stopIndex":1,"slip":2,"durationMs":180}}
[21:00:36] [Render thread/INFO] (PiriRuntimeAcceptance) PIRI_PHASE02_PACKET {"type":"PUBLIC_STATE","payload":{"sessionId":"af0b55a1-65ac-4f46-8884-c95d7e3b002d","machineId":1,"expectedNextClientSequence":170,"gameState":"NORMAL_SPINNING","lifecycle":"ACTIVE","credit":4,"heldMedals":762,"bet":3,"pay":0,"bonusCount":0,"lampOn":false,"displayStops":{"left":1,"center":6,"right":9},"stoppedMask":5}}
[21:00:36] [Render thread/INFO] (PiriRuntimeAcceptance) PIRI_PHASE02_PACKET {"type":"ACTION_ACCEPTED","payload":{"clientSequence":170,"action":"STOP_CENTER"}}
[21:00:36] [Render thread/INFO] (PiriRuntimeAcceptance) PIRI_PHASE02_PACKET {"type":"REEL_STOP","payload":{"spinId":"d786a2c9-fd4b-4bea-be8a-0c0f611a39bb","reel":"CENTER","pressedIndex":10,"stopIndex":10,"slip":0,"durationMs":80}}
[21:00:36] [Render thread/INFO] (PiriRuntimeAcceptance) PIRI_PHASE02_PACKET {"type":"PUBLIC_STATE","payload":{"sessionId":"af0b55a1-65ac-4f46-8884-c95d7e3b002d","machineId":1,"expectedNextClientSequence":171,"gameState":"SEATED_READY","lifecycle":"ACTIVE","credit":4,"heldMedals":762,"bet":0,"pay":0,"bonusCount":0,"lampOn":false,"displayStops":{"left":1,"center":10,"right":9},"stoppedMask":7}}
[21:00:37] [Render thread/INFO] (PiriRuntimeAcceptance) PIRI_PHASE02_PACKET {"type":"ACTION_ACCEPTED","payload":{"clientSequence":171,"action":"SPACE_ACTION"}}
[21:00:37] [Render thread/INFO] (PiriRuntimeAcceptance) PIRI_PHASE02_PACKET {"type":"PUBLIC_STATE","payload":{"sessionId":"af0b55a1-65ac-4f46-8884-c95d7e3b002d","machineId":1,"expectedNextClientSequence":172,"gameState":"NORMAL_BETTED","lifecycle":"ACTIVE","credit":1,"heldMedals":762,"bet":3,"pay":0,"bonusCount":0,"lampOn":false,"displayStops":{"left":1,"center":10,"right":9},"stoppedMask":7}}
[21:00:37] [Render thread/INFO] (PiriRuntimeAcceptance) PIRI_PHASE02_PACKET {"type":"ACTION_ACCEPTED","payload":{"clientSequence":172,"action":"SPACE_ACTION"}}
[21:00:37] [Render thread/INFO] (PiriRuntimeAcceptance) PIRI_PHASE02_PACKET {"type":"PUBLIC_STATE","payload":{"sessionId":"af0b55a1-65ac-4f46-8884-c95d7e3b002d","machineId":1,"expectedNextClientSequence":173,"gameState":"NORMAL_SPINNING","lifecycle":"ACTIVE","credit":1,"heldMedals":762,"bet":3,"pay":0,"bonusCount":0,"lampOn":false,"displayStops":{"left":1,"center":10,"right":9},"stoppedMask":0}}
[21:00:37] [Render thread/INFO] (PiriRuntimeAcceptance) PIRI_PHASE02_PACKET {"type":"SPIN_START","payload":{"sessionId":"af0b55a1-65ac-4f46-8884-c95d7e3b002d","machineId":1,"spinId":"66322e61-4d38-4633-8116-44e5bd01f092","mode":"NORMAL","animation":"NORMAL","startPhase":{"left":1.0,"center":10.0,"right":9.0},"stopEnableAfterMs":400}}
[21:00:38] [Render thread/INFO] (PiriRuntimeAcceptance) PIRI_PHASE02_PACKET {"type":"ACTION_ACCEPTED","payload":{"clientSequence":173,"action":"STOP_RIGHT"}}
[21:00:38] [Render thread/INFO] (PiriRuntimeAcceptance) PIRI_PHASE02_PACKET {"type":"REEL_STOP","payload":{"spinId":"66322e61-4d38-4633-8116-44e5bd01f092","reel":"RIGHT","pressedIndex":16,"stopIndex":16,"slip":0,"durationMs":80}}
[21:00:38] [Render thread/INFO] (PiriRuntimeAcceptance) PIRI_PHASE02_PACKET {"type":"PUBLIC_STATE","payload":{"sessionId":"af0b55a1-65ac-4f46-8884-c95d7e3b002d","machineId":1,"expectedNextClientSequence":174,"gameState":"NORMAL_SPINNING","lifecycle":"ACTIVE","credit":1,"heldMedals":762,"bet":3,"pay":0,"bonusCount":0,"lampOn":false,"displayStops":{"left":1,"center":10,"right":16},"stoppedMask":4}}
[21:00:39] [Render thread/INFO] (PiriRuntimeAcceptance) PIRI_PHASE02_PACKET {"type":"ACTION_ACCEPTED","payload":{"clientSequence":174,"action":"STOP_CENTER"}}
[21:00:39] [Render thread/INFO] (PiriRuntimeAcceptance) PIRI_PHASE02_PACKET {"type":"REEL_STOP","payload":{"spinId":"66322e61-4d38-4633-8116-44e5bd01f092","reel":"CENTER","pressedIndex":9,"stopIndex":9,"slip":0,"durationMs":80}}
[21:00:39] [Render thread/INFO] (PiriRuntimeAcceptance) PIRI_PHASE02_PACKET {"type":"PUBLIC_STATE","payload":{"sessionId":"af0b55a1-65ac-4f46-8884-c95d7e3b002d","machineId":1,"expectedNextClientSequence":175,"gameState":"NORMAL_SPINNING","lifecycle":"ACTIVE","credit":1,"heldMedals":762,"bet":3,"pay":0,"bonusCount":0,"lampOn":false,"displayStops":{"left":1,"center":9,"right":16},"stoppedMask":6}}
[21:00:39] [Render thread/INFO] (PiriRuntimeAcceptance) PIRI_PHASE02_PACKET {"type":"ACTION_ACCEPTED","payload":{"clientSequence":175,"action":"STOP_LEFT"}}
[21:00:39] [Render thread/INFO] (PiriRuntimeAcceptance) PIRI_PHASE02_PACKET {"type":"REEL_STOP","payload":{"spinId":"66322e61-4d38-4633-8116-44e5bd01f092","reel":"LEFT","pressedIndex":10,"stopIndex":11,"slip":1,"durationMs":130}}
[21:00:39] [Render thread/INFO] (PiriRuntimeAcceptance) PIRI_PHASE02_PACKET {"type":"PAYOUT","payload":{}}
[21:00:39] [Render thread/INFO] (PiriRuntimeAcceptance) PIRI_PHASE02_PACKET {"type":"PUBLIC_STATE","payload":{"sessionId":"af0b55a1-65ac-4f46-8884-c95d7e3b002d","machineId":1,"expectedNextClientSequence":176,"gameState":"SEATED_READY","lifecycle":"ACTIVE","credit":9,"heldMedals":762,"bet":0,"pay":8,"bonusCount":0,"lampOn":false,"displayStops":{"left":11,"center":9,"right":16},"stoppedMask":7}}
[21:00:40] [Render thread/INFO] (PiriRuntimeAcceptance) PIRI_PHASE02_PACKET {"type":"ACTION_ACCEPTED","payload":{"clientSequence":176,"action":"SPACE_ACTION"}}
[21:00:40] [Render thread/INFO] (PiriRuntimeAcceptance) PIRI_PHASE02_PACKET {"type":"PUBLIC_STATE","payload":{"sessionId":"af0b55a1-65ac-4f46-8884-c95d7e3b002d","machineId":1,"expectedNextClientSequence":177,"gameState":"NORMAL_BETTED","lifecycle":"ACTIVE","credit":6,"heldMedals":762,"bet":3,"pay":0,"bonusCount":0,"lampOn":false,"displayStops":{"left":11,"center":9,"right":16},"stoppedMask":7}}
[21:00:40] [Render thread/INFO] (PiriRuntimeAcceptance) PIRI_PHASE02_PACKET {"type":"ACTION_ACCEPTED","payload":{"clientSequence":177,"action":"SPACE_ACTION"}}
[21:00:40] [Render thread/INFO] (PiriRuntimeAcceptance) PIRI_PHASE02_PACKET {"type":"PUBLIC_STATE","payload":{"sessionId":"af0b55a1-65ac-4f46-8884-c95d7e3b002d","machineId":1,"expectedNextClientSequence":178,"gameState":"NORMAL_SPINNING","lifecycle":"ACTIVE","credit":6,"heldMedals":762,"bet":3,"pay":0,"bonusCount":0,"lampOn":false,"displayStops":{"left":11,"center":9,"right":16},"stoppedMask":0}}
[21:00:40] [Render thread/INFO] (PiriRuntimeAcceptance) PIRI_PHASE02_PACKET {"type":"SPIN_START","payload":{"sessionId":"af0b55a1-65ac-4f46-8884-c95d7e3b002d","machineId":1,"spinId":"506320d9-5557-48ef-aed7-202e9484672d","mode":"NORMAL","animation":"NORMAL","startPhase":{"left":11.0,"center":9.0,"right":16.0},"stopEnableAfterMs":400}}
[21:00:41] [Render thread/INFO] (PiriRuntimeAcceptance) PIRI_PHASE02_PACKET {"type":"ACTION_ACCEPTED","payload":{"clientSequence":178,"action":"STOP_LEFT"}}
[21:00:41] [Render thread/INFO] (PiriRuntimeAcceptance) PIRI_PHASE02_PACKET {"type":"REEL_STOP","payload":{"spinId":"506320d9-5557-48ef-aed7-202e9484672d","reel":"LEFT","pressedIndex":18,"stopIndex":18,"slip":0,"durationMs":80}}
[21:00:41] [Render thread/INFO] (PiriRuntimeAcceptance) PIRI_PHASE02_PACKET {"type":"PUBLIC_STATE","payload":{"sessionId":"af0b55a1-65ac-4f46-8884-c95d7e3b002d","machineId":1,"expectedNextClientSequence":179,"gameState":"NORMAL_SPINNING","lifecycle":"ACTIVE","credit":6,"heldMedals":762,"bet":3,"pay":0,"bonusCount":0,"lampOn":false,"displayStops":{"left":18,"center":9,"right":16},"stoppedMask":1}}
[21:00:41] [Render thread/INFO] (PiriRuntimeAcceptance) PIRI_PHASE02_PACKET {"type":"ACTION_ACCEPTED","payload":{"clientSequence":179,"action":"STOP_CENTER"}}
[21:00:41] [Render thread/INFO] (PiriRuntimeAcceptance) PIRI_PHASE02_PACKET {"type":"REEL_STOP","payload":{"spinId":"506320d9-5557-48ef-aed7-202e9484672d","reel":"CENTER","pressedIndex":4,"stopIndex":4,"slip":0,"durationMs":80}}
[21:00:41] [Render thread/INFO] (PiriRuntimeAcceptance) PIRI_PHASE02_PACKET {"type":"PUBLIC_STATE","payload":{"sessionId":"af0b55a1-65ac-4f46-8884-c95d7e3b002d","machineId":1,"expectedNextClientSequence":180,"gameState":"NORMAL_SPINNING","lifecycle":"ACTIVE","credit":6,"heldMedals":762,"bet":3,"pay":0,"bonusCount":0,"lampOn":false,"displayStops":{"left":18,"center":4,"right":16},"stoppedMask":3}}
[21:00:42] [Render thread/INFO] (PiriRuntimeAcceptance) PIRI_PHASE02_PACKET {"type":"ACTION_ACCEPTED","payload":{"clientSequence":180,"action":"STOP_RIGHT"}}
[21:00:42] [Render thread/INFO] (PiriRuntimeAcceptance) PIRI_PHASE02_PACKET {"type":"REEL_STOP","payload":{"spinId":"506320d9-5557-48ef-aed7-202e9484672d","reel":"RIGHT","pressedIndex":20,"stopIndex":20,"slip":0,"durationMs":80}}
[21:00:42] [Render thread/INFO] (PiriRuntimeAcceptance) PIRI_PHASE02_PACKET {"type":"PUBLIC_STATE","payload":{"sessionId":"af0b55a1-65ac-4f46-8884-c95d7e3b002d","machineId":1,"expectedNextClientSequence":181,"gameState":"SEATED_READY","lifecycle":"ACTIVE","credit":6,"heldMedals":762,"bet":0,"pay":0,"bonusCount":0,"lampOn":false,"displayStops":{"left":18,"center":4,"right":20},"stoppedMask":7}}
[21:00:43] [Render thread/INFO] (PiriRuntimeAcceptance) PIRI_PHASE02_PACKET {"type":"ACTION_ACCEPTED","payload":{"clientSequence":181,"action":"SPACE_ACTION"}}
[21:00:43] [Render thread/INFO] (PiriRuntimeAcceptance) PIRI_PHASE02_PACKET {"type":"PUBLIC_STATE","payload":{"sessionId":"af0b55a1-65ac-4f46-8884-c95d7e3b002d","machineId":1,"expectedNextClientSequence":182,"gameState":"NORMAL_BETTED","lifecycle":"ACTIVE","credit":3,"heldMedals":762,"bet":3,"pay":0,"bonusCount":0,"lampOn":false,"displayStops":{"left":18,"center":4,"right":20},"stoppedMask":7}}
[21:00:43] [Render thread/INFO] (PiriRuntimeAcceptance) PIRI_PHASE02_PACKET {"type":"ACTION_ACCEPTED","payload":{"clientSequence":182,"action":"SPACE_ACTION"}}
[21:00:43] [Render thread/INFO] (PiriRuntimeAcceptance) PIRI_PHASE02_PACKET {"type":"PUBLIC_STATE","payload":{"sessionId":"af0b55a1-65ac-4f46-8884-c95d7e3b002d","machineId":1,"expectedNextClientSequence":183,"gameState":"NORMAL_SPINNING","lifecycle":"ACTIVE","credit":3,"heldMedals":762,"bet":3,"pay":0,"bonusCount":0,"lampOn":false,"displayStops":{"left":18,"center":4,"right":20},"stoppedMask":0}}
[21:00:43] [Render thread/INFO] (PiriRuntimeAcceptance) PIRI_PHASE02_PACKET {"type":"SPIN_START","payload":{"sessionId":"af0b55a1-65ac-4f46-8884-c95d7e3b002d","machineId":1,"spinId":"2eb41a1d-2221-48ed-9fa9-51cc72d5b717","mode":"NORMAL","animation":"NORMAL","startPhase":{"left":18.0,"center":4.0,"right":20.0},"stopEnableAfterMs":400}}
[21:00:44] [Render thread/INFO] (PiriRuntimeAcceptance) PIRI_PHASE02_PACKET {"type":"ACTION_ACCEPTED","payload":{"clientSequence":183,"action":"STOP_LEFT"}}
[21:00:44] [Render thread/INFO] (PiriRuntimeAcceptance) PIRI_PHASE02_PACKET {"type":"REEL_STOP","payload":{"spinId":"2eb41a1d-2221-48ed-9fa9-51cc72d5b717","reel":"LEFT","pressedIndex":4,"stopIndex":5,"slip":1,"durationMs":130}}
[21:00:44] [Render thread/INFO] (PiriRuntimeAcceptance) PIRI_PHASE02_PACKET {"type":"PUBLIC_STATE","payload":{"sessionId":"af0b55a1-65ac-4f46-8884-c95d7e3b002d","machineId":1,"expectedNextClientSequence":184,"gameState":"NORMAL_SPINNING","lifecycle":"ACTIVE","credit":3,"heldMedals":762,"bet":3,"pay":0,"bonusCount":0,"lampOn":false,"displayStops":{"left":5,"center":4,"right":20},"stoppedMask":1}}
[21:00:44] [Render thread/INFO] (PiriRuntimeAcceptance) PIRI_PHASE02_PACKET {"type":"ACTION_ACCEPTED","payload":{"clientSequence":184,"action":"STOP_RIGHT"}}
[21:00:44] [Render thread/INFO] (PiriRuntimeAcceptance) PIRI_PHASE02_PACKET {"type":"REEL_STOP","payload":{"spinId":"2eb41a1d-2221-48ed-9fa9-51cc72d5b717","reel":"RIGHT","pressedIndex":15,"stopIndex":15,"slip":0,"durationMs":80}}
[21:00:44] [Render thread/INFO] (PiriRuntimeAcceptance) PIRI_PHASE02_PACKET {"type":"PUBLIC_STATE","payload":{"sessionId":"af0b55a1-65ac-4f46-8884-c95d7e3b002d","machineId":1,"expectedNextClientSequence":185,"gameState":"NORMAL_SPINNING","lifecycle":"ACTIVE","credit":3,"heldMedals":762,"bet":3,"pay":0,"bonusCount":0,"lampOn":false,"displayStops":{"left":5,"center":4,"right":15},"stoppedMask":5}}
[21:00:45] [Render thread/INFO] (PiriRuntimeAcceptance) PIRI_PHASE02_PACKET {"type":"ACTION_ACCEPTED","payload":{"clientSequence":185,"action":"STOP_CENTER"}}
[21:00:45] [Render thread/INFO] (PiriRuntimeAcceptance) PIRI_PHASE02_PACKET {"type":"REEL_STOP","payload":{"spinId":"2eb41a1d-2221-48ed-9fa9-51cc72d5b717","reel":"CENTER","pressedIndex":8,"stopIndex":10,"slip":2,"durationMs":180}}
[21:00:45] [Render thread/INFO] (PiriRuntimeAcceptance) PIRI_PHASE02_PACKET {"type":"PUBLIC_STATE","payload":{"sessionId":"af0b55a1-65ac-4f46-8884-c95d7e3b002d","machineId":1,"expectedNextClientSequence":186,"gameState":"REPLAY_READY","lifecycle":"ACTIVE","credit":3,"heldMedals":762,"bet":3,"pay":0,"bonusCount":0,"lampOn":false,"displayStops":{"left":5,"center":10,"right":15},"stoppedMask":7}}
[21:00:45] [Render thread/INFO] (PiriRuntimeAcceptance) PIRI_PHASE02_PACKET {"type":"ACTION_ACCEPTED","payload":{"clientSequence":186,"action":"SPACE_ACTION"}}
[21:00:45] [Render thread/INFO] (PiriRuntimeAcceptance) PIRI_PHASE02_PACKET {"type":"PUBLIC_STATE","payload":{"sessionId":"af0b55a1-65ac-4f46-8884-c95d7e3b002d","machineId":1,"expectedNextClientSequence":187,"gameState":"NORMAL_SPINNING","lifecycle":"ACTIVE","credit":3,"heldMedals":762,"bet":3,"pay":0,"bonusCount":0,"lampOn":false,"displayStops":{"left":5,"center":10,"right":15},"stoppedMask":0}}
[21:00:45] [Render thread/INFO] (PiriRuntimeAcceptance) PIRI_PHASE02_PACKET {"type":"SPIN_START","payload":{"sessionId":"af0b55a1-65ac-4f46-8884-c95d7e3b002d","machineId":1,"spinId":"098ecb56-0ab9-41f1-bff7-e56c1b063e76","mode":"NORMAL","animation":"NORMAL","startPhase":{"left":5.0,"center":10.0,"right":15.0},"stopEnableAfterMs":400}}
[21:00:47] [Render thread/INFO] (PiriRuntimeAcceptance) PIRI_PHASE02_PACKET {"type":"ACTION_ACCEPTED","payload":{"clientSequence":187,"action":"STOP_CENTER"}}
[21:00:47] [Render thread/INFO] (PiriRuntimeAcceptance) PIRI_PHASE02_PACKET {"type":"REEL_STOP","payload":{"spinId":"098ecb56-0ab9-41f1-bff7-e56c1b063e76","reel":"CENTER","pressedIndex":1,"stopIndex":3,"slip":2,"durationMs":180}}
[21:00:47] [Render thread/INFO] (PiriRuntimeAcceptance) PIRI_PHASE02_PACKET {"type":"PUBLIC_STATE","payload":{"sessionId":"af0b55a1-65ac-4f46-8884-c95d7e3b002d","machineId":1,"expectedNextClientSequence":188,"gameState":"NORMAL_SPINNING","lifecycle":"ACTIVE","credit":3,"heldMedals":762,"bet":3,"pay":0,"bonusCount":0,"lampOn":false,"displayStops":{"left":5,"center":3,"right":15},"stoppedMask":2}}
[21:00:47] [Render thread/INFO] (PiriRuntimeAcceptance) PIRI_PHASE02_PACKET {"type":"ACTION_ACCEPTED","payload":{"clientSequence":188,"action":"STOP_LEFT"}}
[21:00:47] [Render thread/INFO] (PiriRuntimeAcceptance) PIRI_PHASE02_PACKET {"type":"REEL_STOP","payload":{"spinId":"098ecb56-0ab9-41f1-bff7-e56c1b063e76","reel":"LEFT","pressedIndex":5,"stopIndex":6,"slip":1,"durationMs":130}}
[21:00:47] [Render thread/INFO] (PiriRuntimeAcceptance) PIRI_PHASE02_PACKET {"type":"PUBLIC_STATE","payload":{"sessionId":"af0b55a1-65ac-4f46-8884-c95d7e3b002d","machineId":1,"expectedNextClientSequence":189,"gameState":"NORMAL_SPINNING","lifecycle":"ACTIVE","credit":3,"heldMedals":762,"bet":3,"pay":0,"bonusCount":0,"lampOn":false,"displayStops":{"left":6,"center":3,"right":15},"stoppedMask":3}}
[21:00:47] [Render thread/INFO] (PiriRuntimeAcceptance) PIRI_PHASE02_PACKET {"type":"ACTION_ACCEPTED","payload":{"clientSequence":189,"action":"STOP_RIGHT"}}
[21:00:47] [Render thread/INFO] (PiriRuntimeAcceptance) PIRI_PHASE02_PACKET {"type":"REEL_STOP","payload":{"spinId":"098ecb56-0ab9-41f1-bff7-e56c1b063e76","reel":"RIGHT","pressedIndex":2,"stopIndex":6,"slip":4,"durationMs":280}}
[21:00:47] [Render thread/INFO] (PiriRuntimeAcceptance) PIRI_PHASE02_PACKET {"type":"PAYOUT","payload":{}}
[21:00:47] [Render thread/INFO] (PiriRuntimeAcceptance) PIRI_PHASE02_PACKET {"type":"PUBLIC_STATE","payload":{"sessionId":"af0b55a1-65ac-4f46-8884-c95d7e3b002d","machineId":1,"expectedNextClientSequence":190,"gameState":"SEATED_READY","lifecycle":"ACTIVE","credit":11,"heldMedals":762,"bet":0,"pay":8,"bonusCount":0,"lampOn":false,"displayStops":{"left":6,"center":3,"right":6},"stoppedMask":7}}
[21:00:48] [Render thread/INFO] (PiriRuntimeAcceptance) PIRI_PHASE02_PACKET {"type":"ACTION_ACCEPTED","payload":{"clientSequence":190,"action":"SPACE_ACTION"}}
[21:00:48] [Render thread/INFO] (PiriRuntimeAcceptance) PIRI_PHASE02_PACKET {"type":"PUBLIC_STATE","payload":{"sessionId":"af0b55a1-65ac-4f46-8884-c95d7e3b002d","machineId":1,"expectedNextClientSequence":191,"gameState":"NORMAL_BETTED","lifecycle":"ACTIVE","credit":8,"heldMedals":762,"bet":3,"pay":0,"bonusCount":0,"lampOn":false,"displayStops":{"left":6,"center":3,"right":6},"stoppedMask":7}}
[21:00:49] [Render thread/INFO] (PiriRuntimeAcceptance) PIRI_PHASE02_PACKET {"type":"ACTION_ACCEPTED","payload":{"clientSequence":191,"action":"SPACE_ACTION"}}
[21:00:49] [Render thread/INFO] (PiriRuntimeAcceptance) PIRI_PHASE02_PACKET {"type":"PUBLIC_STATE","payload":{"sessionId":"af0b55a1-65ac-4f46-8884-c95d7e3b002d","machineId":1,"expectedNextClientSequence":192,"gameState":"NORMAL_SPINNING","lifecycle":"ACTIVE","credit":8,"heldMedals":762,"bet":3,"pay":0,"bonusCount":0,"lampOn":false,"displayStops":{"left":6,"center":3,"right":6},"stoppedMask":0}}
[21:00:49] [Render thread/INFO] (PiriRuntimeAcceptance) PIRI_PHASE02_PACKET {"type":"SPIN_START","payload":{"sessionId":"af0b55a1-65ac-4f46-8884-c95d7e3b002d","machineId":1,"spinId":"d38b0626-5c05-4483-a13f-649eff697984","mode":"NORMAL","animation":"NORMAL","startPhase":{"left":6.0,"center":3.0,"right":6.0},"stopEnableAfterMs":400}}
[21:00:50] [Render thread/INFO] (PiriRuntimeAcceptance) PIRI_PHASE02_PACKET {"type":"ACTION_ACCEPTED","payload":{"clientSequence":192,"action":"STOP_CENTER"}}
[21:00:50] [Render thread/INFO] (PiriRuntimeAcceptance) PIRI_PHASE02_PACKET {"type":"REEL_STOP","payload":{"spinId":"d38b0626-5c05-4483-a13f-649eff697984","reel":"CENTER","pressedIndex":15,"stopIndex":15,"slip":0,"durationMs":80}}
[21:00:50] [Render thread/INFO] (PiriRuntimeAcceptance) PIRI_PHASE02_PACKET {"type":"PUBLIC_STATE","payload":{"sessionId":"af0b55a1-65ac-4f46-8884-c95d7e3b002d","machineId":1,"expectedNextClientSequence":193,"gameState":"NORMAL_SPINNING","lifecycle":"ACTIVE","credit":8,"heldMedals":762,"bet":3,"pay":0,"bonusCount":0,"lampOn":false,"displayStops":{"left":6,"center":15,"right":6},"stoppedMask":2}}
[21:00:50] [Render thread/INFO] (PiriRuntimeAcceptance) PIRI_PHASE02_PACKET {"type":"ACTION_ACCEPTED","payload":{"clientSequence":193,"action":"STOP_RIGHT"}}
[21:00:50] [Render thread/INFO] (PiriRuntimeAcceptance) PIRI_PHASE02_PACKET {"type":"REEL_STOP","payload":{"spinId":"d38b0626-5c05-4483-a13f-649eff697984","reel":"RIGHT","pressedIndex":6,"stopIndex":6,"slip":0,"durationMs":80}}
[21:00:50] [Render thread/INFO] (PiriRuntimeAcceptance) PIRI_PHASE02_PACKET {"type":"PUBLIC_STATE","payload":{"sessionId":"af0b55a1-65ac-4f46-8884-c95d7e3b002d","machineId":1,"expectedNextClientSequence":194,"gameState":"NORMAL_SPINNING","lifecycle":"ACTIVE","credit":8,"heldMedals":762,"bet":3,"pay":0,"bonusCount":0,"lampOn":false,"displayStops":{"left":6,"center":15,"right":6},"stoppedMask":6}}
[21:00:51] [Render thread/INFO] (PiriRuntimeAcceptance) PIRI_PHASE02_PACKET {"type":"ACTION_ACCEPTED","payload":{"clientSequence":194,"action":"STOP_LEFT"}}
[21:00:51] [Render thread/INFO] (PiriRuntimeAcceptance) PIRI_PHASE02_PACKET {"type":"REEL_STOP","payload":{"spinId":"d38b0626-5c05-4483-a13f-649eff697984","reel":"LEFT","pressedIndex":15,"stopIndex":19,"slip":4,"durationMs":280}}
[21:00:51] [Render thread/INFO] (PiriRuntimeAcceptance) PIRI_PHASE02_PACKET {"type":"PAYOUT","payload":{}}
[21:00:51] [Render thread/INFO] (PiriRuntimeAcceptance) PIRI_PHASE02_PACKET {"type":"PUBLIC_STATE","payload":{"sessionId":"af0b55a1-65ac-4f46-8884-c95d7e3b002d","machineId":1,"expectedNextClientSequence":195,"gameState":"SEATED_READY","lifecycle":"ACTIVE","credit":10,"heldMedals":762,"bet":0,"pay":2,"bonusCount":0,"lampOn":false,"displayStops":{"left":19,"center":15,"right":6},"stoppedMask":7}}
[21:00:51] [Render thread/INFO] (PiriRuntimeAcceptance) PIRI_PHASE02_PACKET {"type":"ACTION_ACCEPTED","payload":{"clientSequence":195,"action":"SPACE_ACTION"}}
[21:00:51] [Render thread/INFO] (PiriRuntimeAcceptance) PIRI_PHASE02_PACKET {"type":"PUBLIC_STATE","payload":{"sessionId":"af0b55a1-65ac-4f46-8884-c95d7e3b002d","machineId":1,"expectedNextClientSequence":196,"gameState":"NORMAL_BETTED","lifecycle":"ACTIVE","credit":7,"heldMedals":762,"bet":3,"pay":0,"bonusCount":0,"lampOn":false,"displayStops":{"left":19,"center":15,"right":6},"stoppedMask":7}}
[21:00:52] [Render thread/INFO] (PiriRuntimeAcceptance) PIRI_PHASE02_PACKET {"type":"ACTION_ACCEPTED","payload":{"clientSequence":196,"action":"SPACE_ACTION"}}
[21:00:52] [Render thread/INFO] (PiriRuntimeAcceptance) PIRI_PHASE02_PACKET {"type":"PUBLIC_STATE","payload":{"sessionId":"af0b55a1-65ac-4f46-8884-c95d7e3b002d","machineId":1,"expectedNextClientSequence":197,"gameState":"NORMAL_SPINNING","lifecycle":"ACTIVE","credit":7,"heldMedals":762,"bet":3,"pay":0,"bonusCount":0,"lampOn":false,"displayStops":{"left":19,"center":15,"right":6},"stoppedMask":0}}
[21:00:52] [Render thread/INFO] (PiriRuntimeAcceptance) PIRI_PHASE02_PACKET {"type":"SPIN_START","payload":{"sessionId":"af0b55a1-65ac-4f46-8884-c95d7e3b002d","machineId":1,"spinId":"5ff91398-0ca5-453b-9e61-62927fac458d","mode":"NORMAL","animation":"NORMAL","startPhase":{"left":19.0,"center":15.0,"right":6.0},"stopEnableAfterMs":400}}
[21:00:53] [Render thread/INFO] (PiriRuntimeAcceptance) PIRI_PHASE02_PACKET {"type":"ACTION_ACCEPTED","payload":{"clientSequence":197,"action":"STOP_RIGHT"}}
[21:00:53] [Render thread/INFO] (PiriRuntimeAcceptance) PIRI_PHASE02_PACKET {"type":"REEL_STOP","payload":{"spinId":"5ff91398-0ca5-453b-9e61-62927fac458d","reel":"RIGHT","pressedIndex":13,"stopIndex":13,"slip":0,"durationMs":80}}
[21:00:53] [Render thread/INFO] (PiriRuntimeAcceptance) PIRI_PHASE02_PACKET {"type":"PUBLIC_STATE","payload":{"sessionId":"af0b55a1-65ac-4f46-8884-c95d7e3b002d","machineId":1,"expectedNextClientSequence":198,"gameState":"NORMAL_SPINNING","lifecycle":"ACTIVE","credit":7,"heldMedals":762,"bet":3,"pay":0,"bonusCount":0,"lampOn":false,"displayStops":{"left":19,"center":15,"right":13},"stoppedMask":4}}
[21:00:53] [Render thread/INFO] (PiriRuntimeAcceptance) PIRI_PHASE02_PACKET {"type":"ACTION_ACCEPTED","payload":{"clientSequence":198,"action":"STOP_LEFT"}}
[21:00:53] [Render thread/INFO] (PiriRuntimeAcceptance) PIRI_PHASE02_PACKET {"type":"REEL_STOP","payload":{"spinId":"5ff91398-0ca5-453b-9e61-62927fac458d","reel":"LEFT","pressedIndex":14,"stopIndex":14,"slip":0,"durationMs":80}}
[21:00:53] [Render thread/INFO] (PiriRuntimeAcceptance) PIRI_PHASE02_PACKET {"type":"PUBLIC_STATE","payload":{"sessionId":"af0b55a1-65ac-4f46-8884-c95d7e3b002d","machineId":1,"expectedNextClientSequence":199,"gameState":"NORMAL_SPINNING","lifecycle":"ACTIVE","credit":7,"heldMedals":762,"bet":3,"pay":0,"bonusCount":0,"lampOn":false,"displayStops":{"left":14,"center":15,"right":13},"stoppedMask":5}}
[21:00:54] [Render thread/INFO] (PiriRuntimeAcceptance) PIRI_PHASE02_PACKET {"type":"ACTION_ACCEPTED","payload":{"clientSequence":199,"action":"STOP_CENTER"}}
[21:00:54] [Render thread/INFO] (PiriRuntimeAcceptance) PIRI_PHASE02_PACKET {"type":"REEL_STOP","payload":{"spinId":"5ff91398-0ca5-453b-9e61-62927fac458d","reel":"CENTER","pressedIndex":3,"stopIndex":3,"slip":0,"durationMs":80}}
[21:00:54] [Render thread/INFO] (PiriRuntimeAcceptance) PIRI_PHASE02_PACKET {"type":"PUBLIC_STATE","payload":{"sessionId":"af0b55a1-65ac-4f46-8884-c95d7e3b002d","machineId":1,"expectedNextClientSequence":200,"gameState":"SEATED_READY","lifecycle":"ACTIVE","credit":7,"heldMedals":762,"bet":0,"pay":0,"bonusCount":0,"lampOn":false,"displayStops":{"left":14,"center":3,"right":13},"stoppedMask":7}}
[21:00:55] [Render thread/INFO] (PiriRuntimeAcceptance) PIRI_PHASE02_PACKET {"type":"ACTION_ACCEPTED","payload":{"clientSequence":200,"action":"SPACE_ACTION"}}
[21:00:55] [Render thread/INFO] (PiriRuntimeAcceptance) PIRI_PHASE02_PACKET {"type":"PUBLIC_STATE","payload":{"sessionId":"af0b55a1-65ac-4f46-8884-c95d7e3b002d","machineId":1,"expectedNextClientSequence":201,"gameState":"NORMAL_BETTED","lifecycle":"ACTIVE","credit":4,"heldMedals":762,"bet":3,"pay":0,"bonusCount":0,"lampOn":false,"displayStops":{"left":14,"center":3,"right":13},"stoppedMask":7}}
[21:00:55] [Render thread/INFO] (PiriRuntimeAcceptance) PIRI_PHASE02_PACKET {"type":"ACTION_ACCEPTED","payload":{"clientSequence":201,"action":"SPACE_ACTION"}}
[21:00:55] [Render thread/INFO] (PiriRuntimeAcceptance) PIRI_PHASE02_PACKET {"type":"PUBLIC_STATE","payload":{"sessionId":"af0b55a1-65ac-4f46-8884-c95d7e3b002d","machineId":1,"expectedNextClientSequence":202,"gameState":"NORMAL_SPINNING","lifecycle":"ACTIVE","credit":4,"heldMedals":762,"bet":3,"pay":0,"bonusCount":0,"lampOn":false,"displayStops":{"left":14,"center":3,"right":13},"stoppedMask":0}}
[21:00:55] [Render thread/INFO] (PiriRuntimeAcceptance) PIRI_PHASE02_PACKET {"type":"SPIN_START","payload":{"sessionId":"af0b55a1-65ac-4f46-8884-c95d7e3b002d","machineId":1,"spinId":"0d2f053b-181d-4a3e-aaa9-a273b9ffbe6b","mode":"NORMAL","animation":"NORMAL","startPhase":{"left":14.0,"center":3.0,"right":13.0},"stopEnableAfterMs":400}}
[21:00:56] [Render thread/INFO] (PiriRuntimeAcceptance) PIRI_PHASE02_PACKET {"type":"ACTION_ACCEPTED","payload":{"clientSequence":202,"action":"STOP_RIGHT"}}
[21:00:56] [Render thread/INFO] (PiriRuntimeAcceptance) PIRI_PHASE02_PACKET {"type":"REEL_STOP","payload":{"spinId":"0d2f053b-181d-4a3e-aaa9-a273b9ffbe6b","reel":"RIGHT","pressedIndex":19,"stopIndex":19,"slip":0,"durationMs":80}}
[21:00:56] [Render thread/INFO] (PiriRuntimeAcceptance) PIRI_PHASE02_PACKET {"type":"PUBLIC_STATE","payload":{"sessionId":"af0b55a1-65ac-4f46-8884-c95d7e3b002d","machineId":1,"expectedNextClientSequence":203,"gameState":"NORMAL_SPINNING","lifecycle":"ACTIVE","credit":4,"heldMedals":762,"bet":3,"pay":0,"bonusCount":0,"lampOn":false,"displayStops":{"left":14,"center":3,"right":19},"stoppedMask":4}}
[21:00:56] [Render thread/INFO] (PiriRuntimeAcceptance) PIRI_PHASE02_PACKET {"type":"ACTION_ACCEPTED","payload":{"clientSequence":203,"action":"STOP_CENTER"}}
[21:00:56] [Render thread/INFO] (PiriRuntimeAcceptance) PIRI_PHASE02_PACKET {"type":"REEL_STOP","payload":{"spinId":"0d2f053b-181d-4a3e-aaa9-a273b9ffbe6b","reel":"CENTER","pressedIndex":18,"stopIndex":18,"slip":0,"durationMs":80}}
[21:00:56] [Render thread/INFO] (PiriRuntimeAcceptance) PIRI_PHASE02_PACKET {"type":"PUBLIC_STATE","payload":{"sessionId":"af0b55a1-65ac-4f46-8884-c95d7e3b002d","machineId":1,"expectedNextClientSequence":204,"gameState":"NORMAL_SPINNING","lifecycle":"ACTIVE","credit":4,"heldMedals":762,"bet":3,"pay":0,"bonusCount":0,"lampOn":false,"displayStops":{"left":14,"center":18,"right":19},"stoppedMask":6}}
[21:00:57] [Render thread/INFO] (PiriRuntimeAcceptance) PIRI_PHASE02_PACKET {"type":"ACTION_ACCEPTED","payload":{"clientSequence":204,"action":"STOP_LEFT"}}
[21:00:57] [Render thread/INFO] (PiriRuntimeAcceptance) PIRI_PHASE02_PACKET {"type":"REEL_STOP","payload":{"spinId":"0d2f053b-181d-4a3e-aaa9-a273b9ffbe6b","reel":"LEFT","pressedIndex":17,"stopIndex":17,"slip":0,"durationMs":80}}
[21:00:57] [Render thread/INFO] (PiriRuntimeAcceptance) PIRI_PHASE02_PACKET {"type":"PUBLIC_STATE","payload":{"sessionId":"af0b55a1-65ac-4f46-8884-c95d7e3b002d","machineId":1,"expectedNextClientSequence":205,"gameState":"SEATED_READY","lifecycle":"ACTIVE","credit":4,"heldMedals":762,"bet":0,"pay":0,"bonusCount":0,"lampOn":false,"displayStops":{"left":17,"center":18,"right":19},"stoppedMask":7}}
[21:00:57] [Render thread/INFO] (PiriRuntimeAcceptance) PIRI_PHASE02_PACKET {"type":"ACTION_ACCEPTED","payload":{"clientSequence":205,"action":"SPACE_ACTION"}}
[21:00:57] [Render thread/INFO] (PiriRuntimeAcceptance) PIRI_PHASE02_PACKET {"type":"PUBLIC_STATE","payload":{"sessionId":"af0b55a1-65ac-4f46-8884-c95d7e3b002d","machineId":1,"expectedNextClientSequence":206,"gameState":"NORMAL_BETTED","lifecycle":"ACTIVE","credit":1,"heldMedals":762,"bet":3,"pay":0,"bonusCount":0,"lampOn":false,"displayStops":{"left":17,"center":18,"right":19},"stoppedMask":7}}
[21:00:58] [Render thread/INFO] (PiriRuntimeAcceptance) PIRI_PHASE02_PACKET {"type":"ACTION_ACCEPTED","payload":{"clientSequence":206,"action":"SPACE_ACTION"}}
[21:00:58] [Render thread/INFO] (PiriRuntimeAcceptance) PIRI_PHASE02_PACKET {"type":"PUBLIC_STATE","payload":{"sessionId":"af0b55a1-65ac-4f46-8884-c95d7e3b002d","machineId":1,"expectedNextClientSequence":207,"gameState":"NORMAL_SPINNING","lifecycle":"ACTIVE","credit":1,"heldMedals":762,"bet":3,"pay":0,"bonusCount":0,"lampOn":false,"displayStops":{"left":17,"center":18,"right":19},"stoppedMask":0}}
[21:00:58] [Render thread/INFO] (PiriRuntimeAcceptance) PIRI_PHASE02_PACKET {"type":"SPIN_START","payload":{"sessionId":"af0b55a1-65ac-4f46-8884-c95d7e3b002d","machineId":1,"spinId":"5eebfc48-3bfd-41ea-ac7e-82b5e68ba915","mode":"NORMAL","animation":"NORMAL","startPhase":{"left":17.0,"center":18.0,"right":19.0},"stopEnableAfterMs":400}}
[21:00:59] [Render thread/INFO] (PiriRuntimeAcceptance) PIRI_PHASE02_PACKET {"type":"ACTION_ACCEPTED","payload":{"clientSequence":207,"action":"STOP_LEFT"}}
[21:00:59] [Render thread/INFO] (PiriRuntimeAcceptance) PIRI_PHASE02_PACKET {"type":"REEL_STOP","payload":{"spinId":"5eebfc48-3bfd-41ea-ac7e-82b5e68ba915","reel":"LEFT","pressedIndex":3,"stopIndex":3,"slip":0,"durationMs":80}}
[21:00:59] [Render thread/INFO] (PiriRuntimeAcceptance) PIRI_PHASE02_PACKET {"type":"PUBLIC_STATE","payload":{"sessionId":"af0b55a1-65ac-4f46-8884-c95d7e3b002d","machineId":1,"expectedNextClientSequence":208,"gameState":"NORMAL_SPINNING","lifecycle":"ACTIVE","credit":1,"heldMedals":762,"bet":3,"pay":0,"bonusCount":0,"lampOn":false,"displayStops":{"left":3,"center":18,"right":19},"stoppedMask":1}}
[21:00:59] [Render thread/INFO] (PiriRuntimeAcceptance) PIRI_PHASE02_PACKET {"type":"ACTION_ACCEPTED","payload":{"clientSequence":208,"action":"STOP_CENTER"}}
[21:00:59] [Render thread/INFO] (PiriRuntimeAcceptance) PIRI_PHASE02_PACKET {"type":"REEL_STOP","payload":{"spinId":"5eebfc48-3bfd-41ea-ac7e-82b5e68ba915","reel":"CENTER","pressedIndex":13,"stopIndex":13,"slip":0,"durationMs":80}}
[21:00:59] [Render thread/INFO] (PiriRuntimeAcceptance) PIRI_PHASE02_PACKET {"type":"PUBLIC_STATE","payload":{"sessionId":"af0b55a1-65ac-4f46-8884-c95d7e3b002d","machineId":1,"expectedNextClientSequence":209,"gameState":"NORMAL_SPINNING","lifecycle":"ACTIVE","credit":1,"heldMedals":762,"bet":3,"pay":0,"bonusCount":0,"lampOn":false,"displayStops":{"left":3,"center":13,"right":19},"stoppedMask":3}}
[21:01:00] [Render thread/INFO] (PiriRuntimeAcceptance) PIRI_PHASE02_PACKET {"type":"ACTION_ACCEPTED","payload":{"clientSequence":209,"action":"STOP_RIGHT"}}
[21:01:00] [Render thread/INFO] (PiriRuntimeAcceptance) PIRI_PHASE02_PACKET {"type":"REEL_STOP","payload":{"spinId":"5eebfc48-3bfd-41ea-ac7e-82b5e68ba915","reel":"RIGHT","pressedIndex":2,"stopIndex":2,"slip":0,"durationMs":80}}
[21:01:00] [Render thread/INFO] (PiriRuntimeAcceptance) PIRI_PHASE02_PACKET {"type":"PUBLIC_STATE","payload":{"sessionId":"af0b55a1-65ac-4f46-8884-c95d7e3b002d","machineId":1,"expectedNextClientSequence":210,"gameState":"SEATED_READY","lifecycle":"ACTIVE","credit":1,"heldMedals":762,"bet":0,"pay":0,"bonusCount":0,"lampOn":false,"displayStops":{"left":3,"center":13,"right":2},"stoppedMask":7}}
[21:01:00] [Render thread/INFO] (PiriRuntimeAcceptance) PIRI_PHASE02_PACKET {"type":"ACTION_ACCEPTED","payload":{"clientSequence":210,"action":"SPACE_ACTION"}}
[21:01:00] [Render thread/INFO] (PiriRuntimeAcceptance) PIRI_PHASE02_PACKET {"type":"PUBLIC_STATE","payload":{"sessionId":"af0b55a1-65ac-4f46-8884-c95d7e3b002d","machineId":1,"expectedNextClientSequence":211,"gameState":"NORMAL_BETTED","lifecycle":"ACTIVE","credit":0,"heldMedals":760,"bet":3,"pay":0,"bonusCount":0,"lampOn":false,"displayStops":{"left":3,"center":13,"right":2},"stoppedMask":7}}
[21:01:01] [Render thread/INFO] (PiriRuntimeAcceptance) PIRI_PHASE02_PACKET {"type":"ACTION_ACCEPTED","payload":{"clientSequence":211,"action":"SPACE_ACTION"}}
[21:01:01] [Render thread/INFO] (PiriRuntimeAcceptance) PIRI_PHASE02_PACKET {"type":"PUBLIC_STATE","payload":{"sessionId":"af0b55a1-65ac-4f46-8884-c95d7e3b002d","machineId":1,"expectedNextClientSequence":212,"gameState":"NORMAL_SPINNING","lifecycle":"ACTIVE","credit":0,"heldMedals":760,"bet":3,"pay":0,"bonusCount":0,"lampOn":false,"displayStops":{"left":3,"center":13,"right":2},"stoppedMask":0}}
[21:01:01] [Render thread/INFO] (PiriRuntimeAcceptance) PIRI_PHASE02_PACKET {"type":"SPIN_START","payload":{"sessionId":"af0b55a1-65ac-4f46-8884-c95d7e3b002d","machineId":1,"spinId":"a92158aa-2c61-4ac3-b061-8fd0353e3e13","mode":"NORMAL","animation":"NORMAL","startPhase":{"left":3.0,"center":13.0,"right":2.0},"stopEnableAfterMs":400}}
[21:01:02] [Render thread/INFO] (PiriRuntimeAcceptance) PIRI_PHASE02_PACKET {"type":"ACTION_ACCEPTED","payload":{"clientSequence":212,"action":"STOP_LEFT"}}
[21:01:02] [Render thread/INFO] (PiriRuntimeAcceptance) PIRI_PHASE02_PACKET {"type":"REEL_STOP","payload":{"spinId":"a92158aa-2c61-4ac3-b061-8fd0353e3e13","reel":"LEFT","pressedIndex":10,"stopIndex":10,"slip":0,"durationMs":80}}
[21:01:02] [Render thread/INFO] (PiriRuntimeAcceptance) PIRI_PHASE02_PACKET {"type":"PUBLIC_STATE","payload":{"sessionId":"af0b55a1-65ac-4f46-8884-c95d7e3b002d","machineId":1,"expectedNextClientSequence":213,"gameState":"NORMAL_SPINNING","lifecycle":"ACTIVE","credit":0,"heldMedals":760,"bet":3,"pay":0,"bonusCount":0,"lampOn":false,"displayStops":{"left":10,"center":13,"right":2},"stoppedMask":1}}
[21:01:02] [Render thread/INFO] (PiriRuntimeAcceptance) PIRI_PHASE02_PACKET {"type":"ACTION_ACCEPTED","payload":{"clientSequence":213,"action":"STOP_RIGHT"}}
[21:01:02] [Render thread/INFO] (PiriRuntimeAcceptance) PIRI_PHASE02_PACKET {"type":"REEL_STOP","payload":{"spinId":"a92158aa-2c61-4ac3-b061-8fd0353e3e13","reel":"RIGHT","pressedIndex":18,"stopIndex":18,"slip":0,"durationMs":80}}
[21:01:02] [Render thread/INFO] (PiriRuntimeAcceptance) PIRI_PHASE02_PACKET {"type":"PUBLIC_STATE","payload":{"sessionId":"af0b55a1-65ac-4f46-8884-c95d7e3b002d","machineId":1,"expectedNextClientSequence":214,"gameState":"NORMAL_SPINNING","lifecycle":"ACTIVE","credit":0,"heldMedals":760,"bet":3,"pay":0,"bonusCount":0,"lampOn":false,"displayStops":{"left":10,"center":13,"right":18},"stoppedMask":5}}
[21:01:03] [Render thread/INFO] (PiriRuntimeAcceptance) PIRI_PHASE02_PACKET {"type":"ACTION_ACCEPTED","payload":{"clientSequence":214,"action":"STOP_CENTER"}}
[21:01:03] [Render thread/INFO] (PiriRuntimeAcceptance) PIRI_PHASE02_PACKET {"type":"REEL_STOP","payload":{"spinId":"a92158aa-2c61-4ac3-b061-8fd0353e3e13","reel":"CENTER","pressedIndex":17,"stopIndex":17,"slip":0,"durationMs":80}}
[21:01:03] [Render thread/INFO] (PiriRuntimeAcceptance) PIRI_PHASE02_PACKET {"type":"PUBLIC_STATE","payload":{"sessionId":"af0b55a1-65ac-4f46-8884-c95d7e3b002d","machineId":1,"expectedNextClientSequence":215,"gameState":"SEATED_READY","lifecycle":"ACTIVE","credit":0,"heldMedals":760,"bet":0,"pay":0,"bonusCount":0,"lampOn":false,"displayStops":{"left":10,"center":17,"right":18},"stoppedMask":7}}
[21:01:03] [Render thread/INFO] (PiriRuntimeAcceptance) PIRI_PHASE02_PACKET {"type":"ACTION_ACCEPTED","payload":{"clientSequence":215,"action":"SPACE_ACTION"}}
[21:01:03] [Render thread/INFO] (PiriRuntimeAcceptance) PIRI_PHASE02_PACKET {"type":"PUBLIC_STATE","payload":{"sessionId":"af0b55a1-65ac-4f46-8884-c95d7e3b002d","machineId":1,"expectedNextClientSequence":216,"gameState":"NORMAL_BETTED","lifecycle":"ACTIVE","credit":0,"heldMedals":757,"bet":3,"pay":0,"bonusCount":0,"lampOn":false,"displayStops":{"left":10,"center":17,"right":18},"stoppedMask":7}}
[21:01:04] [Render thread/INFO] (PiriRuntimeAcceptance) PIRI_PHASE02_PACKET {"type":"ACTION_ACCEPTED","payload":{"clientSequence":216,"action":"SPACE_ACTION"}}
[21:01:04] [Render thread/INFO] (PiriRuntimeAcceptance) PIRI_PHASE02_PACKET {"type":"PUBLIC_STATE","payload":{"sessionId":"af0b55a1-65ac-4f46-8884-c95d7e3b002d","machineId":1,"expectedNextClientSequence":217,"gameState":"NORMAL_SPINNING","lifecycle":"ACTIVE","credit":0,"heldMedals":757,"bet":3,"pay":0,"bonusCount":0,"lampOn":false,"displayStops":{"left":10,"center":17,"right":18},"stoppedMask":0}}
[21:01:04] [Render thread/INFO] (PiriRuntimeAcceptance) PIRI_PHASE02_PACKET {"type":"SPIN_START","payload":{"sessionId":"af0b55a1-65ac-4f46-8884-c95d7e3b002d","machineId":1,"spinId":"faed6d3d-d4e4-4a0e-89ab-064b235fe5f8","mode":"NORMAL","animation":"NORMAL","startPhase":{"left":10.0,"center":17.0,"right":18.0},"stopEnableAfterMs":400}}
[21:01:05] [Render thread/INFO] (PiriRuntimeAcceptance) PIRI_PHASE02_PACKET {"type":"ACTION_ACCEPTED","payload":{"clientSequence":217,"action":"STOP_CENTER"}}
[21:01:05] [Render thread/INFO] (PiriRuntimeAcceptance) PIRI_PHASE02_PACKET {"type":"REEL_STOP","payload":{"spinId":"faed6d3d-d4e4-4a0e-89ab-064b235fe5f8","reel":"CENTER","pressedIndex":3,"stopIndex":3,"slip":0,"durationMs":80}}
[21:01:05] [Render thread/INFO] (PiriRuntimeAcceptance) PIRI_PHASE02_PACKET {"type":"PUBLIC_STATE","payload":{"sessionId":"af0b55a1-65ac-4f46-8884-c95d7e3b002d","machineId":1,"expectedNextClientSequence":218,"gameState":"NORMAL_SPINNING","lifecycle":"ACTIVE","credit":0,"heldMedals":757,"bet":3,"pay":0,"bonusCount":0,"lampOn":false,"displayStops":{"left":10,"center":3,"right":18},"stoppedMask":2}}
[21:01:05] [Render thread/INFO] (PiriRuntimeAcceptance) PIRI_PHASE02_PACKET {"type":"ACTION_ACCEPTED","payload":{"clientSequence":218,"action":"STOP_LEFT"}}
[21:01:05] [Render thread/INFO] (PiriRuntimeAcceptance) PIRI_PHASE02_PACKET {"type":"REEL_STOP","payload":{"spinId":"faed6d3d-d4e4-4a0e-89ab-064b235fe5f8","reel":"LEFT","pressedIndex":5,"stopIndex":6,"slip":1,"durationMs":130}}
[21:01:05] [Render thread/INFO] (PiriRuntimeAcceptance) PIRI_PHASE02_PACKET {"type":"PUBLIC_STATE","payload":{"sessionId":"af0b55a1-65ac-4f46-8884-c95d7e3b002d","machineId":1,"expectedNextClientSequence":219,"gameState":"NORMAL_SPINNING","lifecycle":"ACTIVE","credit":0,"heldMedals":757,"bet":3,"pay":0,"bonusCount":0,"lampOn":false,"displayStops":{"left":6,"center":3,"right":18},"stoppedMask":3}}
[21:01:05] [Render thread/INFO] (PiriRuntimeAcceptance) PIRI_PHASE02_PACKET {"type":"ACTION_ACCEPTED","payload":{"clientSequence":219,"action":"STOP_RIGHT"}}
[21:01:05] [Render thread/INFO] (PiriRuntimeAcceptance) PIRI_PHASE02_PACKET {"type":"REEL_STOP","payload":{"spinId":"faed6d3d-d4e4-4a0e-89ab-064b235fe5f8","reel":"RIGHT","pressedIndex":1,"stopIndex":1,"slip":0,"durationMs":80}}
[21:01:05] [Render thread/INFO] (PiriRuntimeAcceptance) PIRI_PHASE02_PACKET {"type":"PAYOUT","payload":{}}
[21:01:05] [Render thread/INFO] (PiriRuntimeAcceptance) PIRI_PHASE02_PACKET {"type":"PUBLIC_STATE","payload":{"sessionId":"af0b55a1-65ac-4f46-8884-c95d7e3b002d","machineId":1,"expectedNextClientSequence":220,"gameState":"SEATED_READY","lifecycle":"ACTIVE","credit":8,"heldMedals":757,"bet":0,"pay":8,"bonusCount":0,"lampOn":false,"displayStops":{"left":6,"center":3,"right":1},"stoppedMask":7}}
[21:01:06] [Render thread/INFO] (PiriRuntimeAcceptance) PIRI_PHASE02_PACKET {"type":"ACTION_ACCEPTED","payload":{"clientSequence":220,"action":"SPACE_ACTION"}}
[21:01:06] [Render thread/INFO] (PiriRuntimeAcceptance) PIRI_PHASE02_PACKET {"type":"PUBLIC_STATE","payload":{"sessionId":"af0b55a1-65ac-4f46-8884-c95d7e3b002d","machineId":1,"expectedNextClientSequence":221,"gameState":"NORMAL_BETTED","lifecycle":"ACTIVE","credit":5,"heldMedals":757,"bet":3,"pay":0,"bonusCount":0,"lampOn":false,"displayStops":{"left":6,"center":3,"right":1},"stoppedMask":7}}
[21:01:06] [Render thread/INFO] (PiriRuntimeAcceptance) PIRI_PHASE02_PACKET {"type":"ACTION_ACCEPTED","payload":{"clientSequence":221,"action":"SPACE_ACTION"}}
[21:01:06] [Render thread/INFO] (PiriRuntimeAcceptance) PIRI_PHASE02_PACKET {"type":"PUBLIC_STATE","payload":{"sessionId":"af0b55a1-65ac-4f46-8884-c95d7e3b002d","machineId":1,"expectedNextClientSequence":222,"gameState":"NORMAL_SPINNING","lifecycle":"ACTIVE","credit":5,"heldMedals":757,"bet":3,"pay":0,"bonusCount":0,"lampOn":false,"displayStops":{"left":6,"center":3,"right":1},"stoppedMask":0}}
[21:01:06] [Render thread/INFO] (PiriRuntimeAcceptance) PIRI_PHASE02_PACKET {"type":"SPIN_START","payload":{"sessionId":"af0b55a1-65ac-4f46-8884-c95d7e3b002d","machineId":1,"spinId":"ceb7e49a-a649-483a-828d-e80d0e28bd32","mode":"NORMAL","animation":"NORMAL","startPhase":{"left":6.0,"center":3.0,"right":1.0},"stopEnableAfterMs":400}}
[21:01:07] [Render thread/INFO] (PiriRuntimeAcceptance) PIRI_PHASE02_PACKET {"type":"ACTION_ACCEPTED","payload":{"clientSequence":222,"action":"STOP_CENTER"}}
[21:01:07] [Render thread/INFO] (PiriRuntimeAcceptance) PIRI_PHASE02_PACKET {"type":"REEL_STOP","payload":{"spinId":"ceb7e49a-a649-483a-828d-e80d0e28bd32","reel":"CENTER","pressedIndex":10,"stopIndex":10,"slip":0,"durationMs":80}}
[21:01:07] [Render thread/INFO] (PiriRuntimeAcceptance) PIRI_PHASE02_PACKET {"type":"PUBLIC_STATE","payload":{"sessionId":"af0b55a1-65ac-4f46-8884-c95d7e3b002d","machineId":1,"expectedNextClientSequence":223,"gameState":"NORMAL_SPINNING","lifecycle":"ACTIVE","credit":5,"heldMedals":757,"bet":3,"pay":0,"bonusCount":0,"lampOn":false,"displayStops":{"left":6,"center":10,"right":1},"stoppedMask":2}}
[21:01:08] [Render thread/INFO] (PiriRuntimeAcceptance) PIRI_PHASE02_PACKET {"type":"ACTION_ACCEPTED","payload":{"clientSequence":223,"action":"STOP_RIGHT"}}
[21:01:08] [Render thread/INFO] (PiriRuntimeAcceptance) PIRI_PHASE02_PACKET {"type":"REEL_STOP","payload":{"spinId":"ceb7e49a-a649-483a-828d-e80d0e28bd32","reel":"RIGHT","pressedIndex":17,"stopIndex":17,"slip":0,"durationMs":80}}
[21:01:08] [Render thread/INFO] (PiriRuntimeAcceptance) PIRI_PHASE02_PACKET {"type":"PUBLIC_STATE","payload":{"sessionId":"af0b55a1-65ac-4f46-8884-c95d7e3b002d","machineId":1,"expectedNextClientSequence":224,"gameState":"NORMAL_SPINNING","lifecycle":"ACTIVE","credit":5,"heldMedals":757,"bet":3,"pay":0,"bonusCount":0,"lampOn":false,"displayStops":{"left":6,"center":10,"right":17},"stoppedMask":6}}
[21:01:08] [Render thread/INFO] (PiriRuntimeAcceptance) PIRI_PHASE02_PACKET {"type":"ACTION_ACCEPTED","payload":{"clientSequence":224,"action":"STOP_LEFT"}}
[21:01:08] [Render thread/INFO] (PiriRuntimeAcceptance) PIRI_PHASE02_PACKET {"type":"REEL_STOP","payload":{"spinId":"ceb7e49a-a649-483a-828d-e80d0e28bd32","reel":"LEFT","pressedIndex":10,"stopIndex":10,"slip":0,"durationMs":80}}
[21:01:08] [Render thread/INFO] (PiriRuntimeAcceptance) PIRI_PHASE02_PACKET {"type":"PUBLIC_STATE","payload":{"sessionId":"af0b55a1-65ac-4f46-8884-c95d7e3b002d","machineId":1,"expectedNextClientSequence":225,"gameState":"SEATED_READY","lifecycle":"ACTIVE","credit":5,"heldMedals":757,"bet":0,"pay":0,"bonusCount":0,"lampOn":false,"displayStops":{"left":10,"center":10,"right":17},"stoppedMask":7}}
[21:01:09] [Render thread/INFO] (PiriRuntimeAcceptance) PIRI_PHASE02_PACKET {"type":"ACTION_ACCEPTED","payload":{"clientSequence":225,"action":"SPACE_ACTION"}}
[21:01:09] [Render thread/INFO] (PiriRuntimeAcceptance) PIRI_PHASE02_PACKET {"type":"PUBLIC_STATE","payload":{"sessionId":"af0b55a1-65ac-4f46-8884-c95d7e3b002d","machineId":1,"expectedNextClientSequence":226,"gameState":"NORMAL_BETTED","lifecycle":"ACTIVE","credit":2,"heldMedals":757,"bet":3,"pay":0,"bonusCount":0,"lampOn":false,"displayStops":{"left":10,"center":10,"right":17},"stoppedMask":7}}
[21:01:09] [Render thread/INFO] (PiriRuntimeAcceptance) PIRI_PHASE02_PACKET {"type":"ACTION_ACCEPTED","payload":{"clientSequence":226,"action":"SPACE_ACTION"}}
[21:01:09] [Render thread/INFO] (PiriRuntimeAcceptance) PIRI_PHASE02_PACKET {"type":"PUBLIC_STATE","payload":{"sessionId":"af0b55a1-65ac-4f46-8884-c95d7e3b002d","machineId":1,"expectedNextClientSequence":227,"gameState":"NORMAL_SPINNING","lifecycle":"ACTIVE","credit":2,"heldMedals":757,"bet":3,"pay":0,"bonusCount":0,"lampOn":false,"displayStops":{"left":10,"center":10,"right":17},"stoppedMask":0}}
[21:01:09] [Render thread/INFO] (PiriRuntimeAcceptance) PIRI_PHASE02_PACKET {"type":"SPIN_START","payload":{"sessionId":"af0b55a1-65ac-4f46-8884-c95d7e3b002d","machineId":1,"spinId":"5de8880e-ef27-4087-b48c-3d1e1485d452","mode":"NORMAL","animation":"NORMAL","startPhase":{"left":10.0,"center":10.0,"right":17.0},"stopEnableAfterMs":400}}
[21:01:10] [Render thread/INFO] (PiriRuntimeAcceptance) PIRI_PHASE02_PACKET {"type":"ACTION_ACCEPTED","payload":{"clientSequence":227,"action":"STOP_RIGHT"}}
[21:01:10] [Render thread/INFO] (PiriRuntimeAcceptance) PIRI_PHASE02_PACKET {"type":"REEL_STOP","payload":{"spinId":"5de8880e-ef27-4087-b48c-3d1e1485d452","reel":"RIGHT","pressedIndex":3,"stopIndex":3,"slip":0,"durationMs":80}}
[21:01:10] [Render thread/INFO] (PiriRuntimeAcceptance) PIRI_PHASE02_PACKET {"type":"PUBLIC_STATE","payload":{"sessionId":"af0b55a1-65ac-4f46-8884-c95d7e3b002d","machineId":1,"expectedNextClientSequence":228,"gameState":"NORMAL_SPINNING","lifecycle":"ACTIVE","credit":2,"heldMedals":757,"bet":3,"pay":0,"bonusCount":0,"lampOn":false,"displayStops":{"left":10,"center":10,"right":3},"stoppedMask":4}}
[21:01:10] [Render thread/INFO] (PiriRuntimeAcceptance) PIRI_PHASE02_PACKET {"type":"ACTION_ACCEPTED","payload":{"clientSequence":228,"action":"STOP_LEFT"}}
[21:01:10] [Render thread/INFO] (PiriRuntimeAcceptance) PIRI_PHASE02_PACKET {"type":"REEL_STOP","payload":{"spinId":"5de8880e-ef27-4087-b48c-3d1e1485d452","reel":"LEFT","pressedIndex":5,"stopIndex":5,"slip":0,"durationMs":80}}
[21:01:10] [Render thread/INFO] (PiriRuntimeAcceptance) PIRI_PHASE02_PACKET {"type":"PUBLIC_STATE","payload":{"sessionId":"af0b55a1-65ac-4f46-8884-c95d7e3b002d","machineId":1,"expectedNextClientSequence":229,"gameState":"NORMAL_SPINNING","lifecycle":"ACTIVE","credit":2,"heldMedals":757,"bet":3,"pay":0,"bonusCount":0,"lampOn":false,"displayStops":{"left":5,"center":10,"right":3},"stoppedMask":5}}
[21:01:11] [Render thread/INFO] (PiriRuntimeAcceptance) PIRI_PHASE02_PACKET {"type":"ACTION_ACCEPTED","payload":{"clientSequence":229,"action":"STOP_CENTER"}}
[21:01:11] [Render thread/INFO] (PiriRuntimeAcceptance) PIRI_PHASE02_PACKET {"type":"REEL_STOP","payload":{"spinId":"5de8880e-ef27-4087-b48c-3d1e1485d452","reel":"CENTER","pressedIndex":14,"stopIndex":14,"slip":0,"durationMs":80}}
[21:01:11] [Render thread/INFO] (PiriRuntimeAcceptance) PIRI_PHASE02_PACKET {"type":"PUBLIC_STATE","payload":{"sessionId":"af0b55a1-65ac-4f46-8884-c95d7e3b002d","machineId":1,"expectedNextClientSequence":230,"gameState":"SEATED_READY","lifecycle":"ACTIVE","credit":2,"heldMedals":757,"bet":0,"pay":0,"bonusCount":0,"lampOn":false,"displayStops":{"left":5,"center":14,"right":3},"stoppedMask":7}}
[21:01:12] [Render thread/INFO] (PiriRuntimeAcceptance) PIRI_PHASE02_PACKET {"type":"ACTION_ACCEPTED","payload":{"clientSequence":230,"action":"SPACE_ACTION"}}
[21:01:12] [Render thread/INFO] (PiriRuntimeAcceptance) PIRI_PHASE02_PACKET {"type":"PUBLIC_STATE","payload":{"sessionId":"af0b55a1-65ac-4f46-8884-c95d7e3b002d","machineId":1,"expectedNextClientSequence":231,"gameState":"NORMAL_BETTED","lifecycle":"ACTIVE","credit":0,"heldMedals":756,"bet":3,"pay":0,"bonusCount":0,"lampOn":false,"displayStops":{"left":5,"center":14,"right":3},"stoppedMask":7}}
[21:01:12] [Render thread/INFO] (PiriRuntimeAcceptance) PIRI_PHASE02_PACKET {"type":"ACTION_ACCEPTED","payload":{"clientSequence":231,"action":"SPACE_ACTION"}}
[21:01:12] [Render thread/INFO] (PiriRuntimeAcceptance) PIRI_PHASE02_PACKET {"type":"PUBLIC_STATE","payload":{"sessionId":"af0b55a1-65ac-4f46-8884-c95d7e3b002d","machineId":1,"expectedNextClientSequence":232,"gameState":"NORMAL_SPINNING","lifecycle":"ACTIVE","credit":0,"heldMedals":756,"bet":3,"pay":0,"bonusCount":0,"lampOn":false,"displayStops":{"left":5,"center":14,"right":3},"stoppedMask":0}}
[21:01:12] [Render thread/INFO] (PiriRuntimeAcceptance) PIRI_PHASE02_PACKET {"type":"SPIN_START","payload":{"sessionId":"af0b55a1-65ac-4f46-8884-c95d7e3b002d","machineId":1,"spinId":"9cadc50b-e1ec-4eee-a831-6a1a23b1b99a","mode":"NORMAL","animation":"NORMAL","startPhase":{"left":5.0,"center":14.0,"right":3.0},"stopEnableAfterMs":400}}
[21:01:13] [Render thread/INFO] (PiriRuntimeAcceptance) PIRI_PHASE02_PACKET {"type":"ACTION_ACCEPTED","payload":{"clientSequence":232,"action":"STOP_RIGHT"}}
[21:01:13] [Render thread/INFO] (PiriRuntimeAcceptance) PIRI_PHASE02_PACKET {"type":"REEL_STOP","payload":{"spinId":"9cadc50b-e1ec-4eee-a831-6a1a23b1b99a","reel":"RIGHT","pressedIndex":10,"stopIndex":10,"slip":0,"durationMs":80}}
[21:01:13] [Render thread/INFO] (PiriRuntimeAcceptance) PIRI_PHASE02_PACKET {"type":"PUBLIC_STATE","payload":{"sessionId":"af0b55a1-65ac-4f46-8884-c95d7e3b002d","machineId":1,"expectedNextClientSequence":233,"gameState":"NORMAL_SPINNING","lifecycle":"ACTIVE","credit":0,"heldMedals":756,"bet":3,"pay":0,"bonusCount":0,"lampOn":false,"displayStops":{"left":5,"center":14,"right":10},"stoppedMask":4}}
[21:01:14] [Render thread/INFO] (PiriRuntimeAcceptance) PIRI_PHASE02_PACKET {"type":"ACTION_ACCEPTED","payload":{"clientSequence":233,"action":"STOP_CENTER"}}
[21:01:14] [Render thread/INFO] (PiriRuntimeAcceptance) PIRI_PHASE02_PACKET {"type":"REEL_STOP","payload":{"spinId":"9cadc50b-e1ec-4eee-a831-6a1a23b1b99a","reel":"CENTER","pressedIndex":9,"stopIndex":10,"slip":1,"durationMs":130}}
[21:01:14] [Render thread/INFO] (PiriRuntimeAcceptance) PIRI_PHASE02_PACKET {"type":"PUBLIC_STATE","payload":{"sessionId":"af0b55a1-65ac-4f46-8884-c95d7e3b002d","machineId":1,"expectedNextClientSequence":234,"gameState":"NORMAL_SPINNING","lifecycle":"ACTIVE","credit":0,"heldMedals":756,"bet":3,"pay":0,"bonusCount":0,"lampOn":false,"displayStops":{"left":5,"center":10,"right":10},"stoppedMask":6}}
[21:01:14] [Render thread/INFO] (PiriRuntimeAcceptance) PIRI_PHASE02_PACKET {"type":"ACTION_ACCEPTED","payload":{"clientSequence":234,"action":"STOP_LEFT"}}
[21:01:14] [Render thread/INFO] (PiriRuntimeAcceptance) PIRI_PHASE02_PACKET {"type":"REEL_STOP","payload":{"spinId":"9cadc50b-e1ec-4eee-a831-6a1a23b1b99a","reel":"LEFT","pressedIndex":9,"stopIndex":11,"slip":2,"durationMs":180}}
[21:01:14] [Render thread/INFO] (PiriRuntimeAcceptance) PIRI_PHASE02_PACKET {"type":"PUBLIC_STATE","payload":{"sessionId":"af0b55a1-65ac-4f46-8884-c95d7e3b002d","machineId":1,"expectedNextClientSequence":235,"gameState":"REPLAY_READY","lifecycle":"ACTIVE","credit":0,"heldMedals":756,"bet":3,"pay":0,"bonusCount":0,"lampOn":false,"displayStops":{"left":11,"center":10,"right":10},"stoppedMask":7}}
[21:01:15] [Render thread/INFO] (PiriRuntimeAcceptance) PIRI_PHASE02_PACKET {"type":"ACTION_ACCEPTED","payload":{"clientSequence":235,"action":"SPACE_ACTION"}}
[21:01:15] [Render thread/INFO] (PiriRuntimeAcceptance) PIRI_PHASE02_PACKET {"type":"PUBLIC_STATE","payload":{"sessionId":"af0b55a1-65ac-4f46-8884-c95d7e3b002d","machineId":1,"expectedNextClientSequence":236,"gameState":"NORMAL_SPINNING","lifecycle":"ACTIVE","credit":0,"heldMedals":756,"bet":3,"pay":0,"bonusCount":0,"lampOn":false,"displayStops":{"left":11,"center":10,"right":10},"stoppedMask":0}}
[21:01:15] [Render thread/INFO] (PiriRuntimeAcceptance) PIRI_PHASE02_PACKET {"type":"SPIN_START","payload":{"sessionId":"af0b55a1-65ac-4f46-8884-c95d7e3b002d","machineId":1,"spinId":"0851c1b2-5d30-46c9-8e8d-b6d954103019","mode":"NORMAL","animation":"NORMAL","startPhase":{"left":11.0,"center":10.0,"right":10.0},"stopEnableAfterMs":400}}
[21:01:15] [Render thread/INFO] (PiriRuntimeAcceptance) PIRI_PHASE02_PACKET {"type":"ACTION_ACCEPTED","payload":{"clientSequence":236,"action":"STOP_LEFT"}}
[21:01:15] [Render thread/INFO] (PiriRuntimeAcceptance) PIRI_PHASE02_PACKET {"type":"REEL_STOP","payload":{"spinId":"0851c1b2-5d30-46c9-8e8d-b6d954103019","reel":"LEFT","pressedIndex":18,"stopIndex":18,"slip":0,"durationMs":80}}
[21:01:15] [Render thread/INFO] (PiriRuntimeAcceptance) PIRI_PHASE02_PACKET {"type":"PUBLIC_STATE","payload":{"sessionId":"af0b55a1-65ac-4f46-8884-c95d7e3b002d","machineId":1,"expectedNextClientSequence":237,"gameState":"NORMAL_SPINNING","lifecycle":"ACTIVE","credit":0,"heldMedals":756,"bet":3,"pay":0,"bonusCount":0,"lampOn":false,"displayStops":{"left":18,"center":10,"right":10},"stoppedMask":1}}
[21:01:16] [Render thread/INFO] (PiriRuntimeAcceptance) PIRI_PHASE02_PACKET {"type":"ACTION_ACCEPTED","payload":{"clientSequence":237,"action":"STOP_CENTER"}}
[21:01:16] [Render thread/INFO] (PiriRuntimeAcceptance) PIRI_PHASE02_PACKET {"type":"REEL_STOP","payload":{"spinId":"0851c1b2-5d30-46c9-8e8d-b6d954103019","reel":"CENTER","pressedIndex":5,"stopIndex":5,"slip":0,"durationMs":80}}
[21:01:16] [Render thread/INFO] (PiriRuntimeAcceptance) PIRI_PHASE02_PACKET {"type":"PUBLIC_STATE","payload":{"sessionId":"af0b55a1-65ac-4f46-8884-c95d7e3b002d","machineId":1,"expectedNextClientSequence":238,"gameState":"NORMAL_SPINNING","lifecycle":"ACTIVE","credit":0,"heldMedals":756,"bet":3,"pay":0,"bonusCount":0,"lampOn":false,"displayStops":{"left":18,"center":5,"right":10},"stoppedMask":3}}
[21:01:16] [Render thread/INFO] (PiriRuntimeAcceptance) PIRI_PHASE02_PACKET {"type":"ACTION_ACCEPTED","payload":{"clientSequence":238,"action":"STOP_RIGHT"}}
[21:01:16] [Render thread/INFO] (PiriRuntimeAcceptance) PIRI_PHASE02_PACKET {"type":"REEL_STOP","payload":{"spinId":"0851c1b2-5d30-46c9-8e8d-b6d954103019","reel":"RIGHT","pressedIndex":14,"stopIndex":14,"slip":0,"durationMs":80}}
[21:01:16] [Render thread/INFO] (PiriRuntimeAcceptance) PIRI_PHASE02_PACKET {"type":"PUBLIC_STATE","payload":{"sessionId":"af0b55a1-65ac-4f46-8884-c95d7e3b002d","machineId":1,"expectedNextClientSequence":239,"gameState":"SEATED_READY","lifecycle":"ACTIVE","credit":0,"heldMedals":756,"bet":0,"pay":0,"bonusCount":0,"lampOn":false,"displayStops":{"left":18,"center":5,"right":14},"stoppedMask":7}}
[21:01:17] [Render thread/INFO] (PiriRuntimeAcceptance) PIRI_PHASE02_PACKET {"type":"ACTION_ACCEPTED","payload":{"clientSequence":239,"action":"SPACE_ACTION"}}
[21:01:17] [Render thread/INFO] (PiriRuntimeAcceptance) PIRI_PHASE02_PACKET {"type":"PUBLIC_STATE","payload":{"sessionId":"af0b55a1-65ac-4f46-8884-c95d7e3b002d","machineId":1,"expectedNextClientSequence":240,"gameState":"NORMAL_BETTED","lifecycle":"ACTIVE","credit":0,"heldMedals":753,"bet":3,"pay":0,"bonusCount":0,"lampOn":false,"displayStops":{"left":18,"center":5,"right":14},"stoppedMask":7}}
[21:01:17] [Render thread/INFO] (PiriRuntimeAcceptance) PIRI_PHASE02_PACKET {"type":"ACTION_ACCEPTED","payload":{"clientSequence":240,"action":"SPACE_ACTION"}}
[21:01:17] [Render thread/INFO] (PiriRuntimeAcceptance) PIRI_PHASE02_PACKET {"type":"PUBLIC_STATE","payload":{"sessionId":"af0b55a1-65ac-4f46-8884-c95d7e3b002d","machineId":1,"expectedNextClientSequence":241,"gameState":"NORMAL_SPINNING","lifecycle":"ACTIVE","credit":0,"heldMedals":753,"bet":3,"pay":0,"bonusCount":0,"lampOn":false,"displayStops":{"left":18,"center":5,"right":14},"stoppedMask":0}}
[21:01:17] [Render thread/INFO] (PiriRuntimeAcceptance) PIRI_PHASE02_PACKET {"type":"SPIN_START","payload":{"sessionId":"af0b55a1-65ac-4f46-8884-c95d7e3b002d","machineId":1,"spinId":"d5bfc9f5-1010-421f-a89d-2691bcfa2287","mode":"NORMAL","animation":"NORMAL","startPhase":{"left":18.0,"center":5.0,"right":14.0},"stopEnableAfterMs":400}}
[21:01:18] [Render thread/INFO] (PiriRuntimeAcceptance) PIRI_PHASE02_PACKET {"type":"ACTION_ACCEPTED","payload":{"clientSequence":241,"action":"STOP_LEFT"}}
[21:01:18] [Render thread/INFO] (PiriRuntimeAcceptance) PIRI_PHASE02_PACKET {"type":"REEL_STOP","payload":{"spinId":"d5bfc9f5-1010-421f-a89d-2691bcfa2287","reel":"LEFT","pressedIndex":4,"stopIndex":4,"slip":0,"durationMs":80}}
[21:01:18] [Render thread/INFO] (PiriRuntimeAcceptance) PIRI_PHASE02_PACKET {"type":"PUBLIC_STATE","payload":{"sessionId":"af0b55a1-65ac-4f46-8884-c95d7e3b002d","machineId":1,"expectedNextClientSequence":242,"gameState":"NORMAL_SPINNING","lifecycle":"ACTIVE","credit":0,"heldMedals":753,"bet":3,"pay":0,"bonusCount":0,"lampOn":false,"displayStops":{"left":4,"center":5,"right":14},"stoppedMask":1}}
[21:01:19] [Render thread/INFO] (PiriRuntimeAcceptance) PIRI_PHASE02_PACKET {"type":"ACTION_ACCEPTED","payload":{"clientSequence":242,"action":"STOP_RIGHT"}}
[21:01:19] [Render thread/INFO] (PiriRuntimeAcceptance) PIRI_PHASE02_PACKET {"type":"REEL_STOP","payload":{"spinId":"d5bfc9f5-1010-421f-a89d-2691bcfa2287","reel":"RIGHT","pressedIndex":9,"stopIndex":9,"slip":0,"durationMs":80}}
[21:01:19] [Render thread/INFO] (PiriRuntimeAcceptance) PIRI_PHASE02_PACKET {"type":"PUBLIC_STATE","payload":{"sessionId":"af0b55a1-65ac-4f46-8884-c95d7e3b002d","machineId":1,"expectedNextClientSequence":243,"gameState":"NORMAL_SPINNING","lifecycle":"ACTIVE","credit":0,"heldMedals":753,"bet":3,"pay":0,"bonusCount":0,"lampOn":false,"displayStops":{"left":4,"center":5,"right":9},"stoppedMask":5}}
[21:01:19] [Render thread/INFO] (PiriRuntimeAcceptance) PIRI_PHASE02_PACKET {"type":"ACTION_ACCEPTED","payload":{"clientSequence":243,"action":"STOP_CENTER"}}
[21:01:19] [Render thread/INFO] (PiriRuntimeAcceptance) PIRI_PHASE02_PACKET {"type":"REEL_STOP","payload":{"spinId":"d5bfc9f5-1010-421f-a89d-2691bcfa2287","reel":"CENTER","pressedIndex":9,"stopIndex":9,"slip":0,"durationMs":80}}
[21:01:19] [Render thread/INFO] (PiriRuntimeAcceptance) PIRI_PHASE02_PACKET {"type":"PUBLIC_STATE","payload":{"sessionId":"af0b55a1-65ac-4f46-8884-c95d7e3b002d","machineId":1,"expectedNextClientSequence":244,"gameState":"SEATED_READY","lifecycle":"ACTIVE","credit":0,"heldMedals":753,"bet":0,"pay":0,"bonusCount":0,"lampOn":false,"displayStops":{"left":4,"center":9,"right":9},"stoppedMask":7}}
[21:01:20] [Render thread/INFO] (PiriRuntimeAcceptance) PIRI_PHASE02_PACKET {"type":"ACTION_ACCEPTED","payload":{"clientSequence":244,"action":"SPACE_ACTION"}}
[21:01:20] [Render thread/INFO] (PiriRuntimeAcceptance) PIRI_PHASE02_PACKET {"type":"PUBLIC_STATE","payload":{"sessionId":"af0b55a1-65ac-4f46-8884-c95d7e3b002d","machineId":1,"expectedNextClientSequence":245,"gameState":"NORMAL_BETTED","lifecycle":"ACTIVE","credit":0,"heldMedals":750,"bet":3,"pay":0,"bonusCount":0,"lampOn":false,"displayStops":{"left":4,"center":9,"right":9},"stoppedMask":7}}
[21:01:20] [Render thread/INFO] (PiriRuntimeAcceptance) PIRI_PHASE02_PACKET {"type":"ACTION_ACCEPTED","payload":{"clientSequence":245,"action":"SPACE_ACTION"}}
[21:01:20] [Render thread/INFO] (PiriRuntimeAcceptance) PIRI_PHASE02_PACKET {"type":"PUBLIC_STATE","payload":{"sessionId":"af0b55a1-65ac-4f46-8884-c95d7e3b002d","machineId":1,"expectedNextClientSequence":246,"gameState":"NORMAL_SPINNING","lifecycle":"ACTIVE","credit":0,"heldMedals":750,"bet":3,"pay":0,"bonusCount":0,"lampOn":false,"displayStops":{"left":4,"center":9,"right":9},"stoppedMask":0}}
[21:01:20] [Render thread/INFO] (PiriRuntimeAcceptance) PIRI_PHASE02_PACKET {"type":"SPIN_START","payload":{"sessionId":"af0b55a1-65ac-4f46-8884-c95d7e3b002d","machineId":1,"spinId":"fe52504d-f5db-4842-bda8-a3bb39eca2fe","mode":"NORMAL","animation":"NORMAL","startPhase":{"left":4.0,"center":9.0,"right":9.0},"stopEnableAfterMs":400}}
[21:01:21] [Render thread/INFO] (PiriRuntimeAcceptance) PIRI_PHASE02_PACKET {"type":"ACTION_ACCEPTED","payload":{"clientSequence":246,"action":"STOP_CENTER"}}
[21:01:21] [Render thread/INFO] (PiriRuntimeAcceptance) PIRI_PHASE02_PACKET {"type":"REEL_STOP","payload":{"spinId":"fe52504d-f5db-4842-bda8-a3bb39eca2fe","reel":"CENTER","pressedIndex":16,"stopIndex":16,"slip":0,"durationMs":80}}
[21:01:21] [Render thread/INFO] (PiriRuntimeAcceptance) PIRI_PHASE02_PACKET {"type":"PUBLIC_STATE","payload":{"sessionId":"af0b55a1-65ac-4f46-8884-c95d7e3b002d","machineId":1,"expectedNextClientSequence":247,"gameState":"NORMAL_SPINNING","lifecycle":"ACTIVE","credit":0,"heldMedals":750,"bet":3,"pay":0,"bonusCount":0,"lampOn":false,"displayStops":{"left":4,"center":16,"right":9},"stoppedMask":2}}
[21:01:22] [Render thread/INFO] (PiriRuntimeAcceptance) PIRI_PHASE02_PACKET {"type":"ACTION_ACCEPTED","payload":{"clientSequence":247,"action":"STOP_LEFT"}}
[21:01:22] [Render thread/INFO] (PiriRuntimeAcceptance) PIRI_PHASE02_PACKET {"type":"REEL_STOP","payload":{"spinId":"fe52504d-f5db-4842-bda8-a3bb39eca2fe","reel":"LEFT","pressedIndex":8,"stopIndex":10,"slip":2,"durationMs":180}}
[21:01:22] [Render thread/INFO] (PiriRuntimeAcceptance) PIRI_PHASE02_PACKET {"type":"PUBLIC_STATE","payload":{"sessionId":"af0b55a1-65ac-4f46-8884-c95d7e3b002d","machineId":1,"expectedNextClientSequence":248,"gameState":"NORMAL_SPINNING","lifecycle":"ACTIVE","credit":0,"heldMedals":750,"bet":3,"pay":0,"bonusCount":0,"lampOn":false,"displayStops":{"left":10,"center":16,"right":9},"stoppedMask":3}}
[21:01:22] [Render thread/INFO] (PiriRuntimeAcceptance) PIRI_PHASE02_PACKET {"type":"ACTION_ACCEPTED","payload":{"clientSequence":248,"action":"STOP_RIGHT"}}
[21:01:22] [Render thread/INFO] (PiriRuntimeAcceptance) PIRI_PHASE02_PACKET {"type":"REEL_STOP","payload":{"spinId":"fe52504d-f5db-4842-bda8-a3bb39eca2fe","reel":"RIGHT","pressedIndex":1,"stopIndex":1,"slip":0,"durationMs":80}}
[21:01:22] [Render thread/INFO] (PiriRuntimeAcceptance) PIRI_PHASE02_PACKET {"type":"PUBLIC_STATE","payload":{"sessionId":"af0b55a1-65ac-4f46-8884-c95d7e3b002d","machineId":1,"expectedNextClientSequence":249,"gameState":"SEATED_READY","lifecycle":"ACTIVE","credit":0,"heldMedals":750,"bet":0,"pay":0,"bonusCount":0,"lampOn":false,"displayStops":{"left":10,"center":16,"right":1},"stoppedMask":7}}
[21:01:23] [Render thread/INFO] (PiriRuntimeAcceptance) PIRI_PHASE02_PACKET {"type":"ACTION_ACCEPTED","payload":{"clientSequence":249,"action":"SPACE_ACTION"}}
[21:01:23] [Render thread/INFO] (PiriRuntimeAcceptance) PIRI_PHASE02_PACKET {"type":"PUBLIC_STATE","payload":{"sessionId":"af0b55a1-65ac-4f46-8884-c95d7e3b002d","machineId":1,"expectedNextClientSequence":250,"gameState":"NORMAL_BETTED","lifecycle":"ACTIVE","credit":0,"heldMedals":747,"bet":3,"pay":0,"bonusCount":0,"lampOn":false,"displayStops":{"left":10,"center":16,"right":1},"stoppedMask":7}}
[21:01:24] [Render thread/INFO] (PiriRuntimeAcceptance) PIRI_PHASE02_PACKET {"type":"ACTION_ACCEPTED","payload":{"clientSequence":250,"action":"SPACE_ACTION"}}
[21:01:24] [Render thread/INFO] (PiriRuntimeAcceptance) PIRI_PHASE02_PACKET {"type":"PUBLIC_STATE","payload":{"sessionId":"af0b55a1-65ac-4f46-8884-c95d7e3b002d","machineId":1,"expectedNextClientSequence":251,"gameState":"NORMAL_SPINNING","lifecycle":"ACTIVE","credit":0,"heldMedals":747,"bet":3,"pay":0,"bonusCount":0,"lampOn":false,"displayStops":{"left":10,"center":16,"right":1},"stoppedMask":0}}
[21:01:24] [Render thread/INFO] (PiriRuntimeAcceptance) PIRI_PHASE02_PACKET {"type":"SPIN_START","payload":{"sessionId":"af0b55a1-65ac-4f46-8884-c95d7e3b002d","machineId":1,"spinId":"30bc8682-669e-4fc1-8dfa-7d8ce2e31a2b","mode":"NORMAL","animation":"NORMAL","startPhase":{"left":10.0,"center":16.0,"right":1.0},"stopEnableAfterMs":400}}
[21:01:24] [Render thread/INFO] (PiriRuntimeAcceptance) PIRI_PHASE02_PACKET {"type":"ACTION_ACCEPTED","payload":{"clientSequence":251,"action":"STOP_CENTER"}}
[21:01:24] [Render thread/INFO] (PiriRuntimeAcceptance) PIRI_PHASE02_PACKET {"type":"REEL_STOP","payload":{"spinId":"30bc8682-669e-4fc1-8dfa-7d8ce2e31a2b","reel":"CENTER","pressedIndex":1,"stopIndex":1,"slip":0,"durationMs":80}}
[21:01:24] [Render thread/INFO] (PiriRuntimeAcceptance) PIRI_PHASE02_PACKET {"type":"PUBLIC_STATE","payload":{"sessionId":"af0b55a1-65ac-4f46-8884-c95d7e3b002d","machineId":1,"expectedNextClientSequence":252,"gameState":"NORMAL_SPINNING","lifecycle":"ACTIVE","credit":0,"heldMedals":747,"bet":3,"pay":0,"bonusCount":0,"lampOn":false,"displayStops":{"left":10,"center":1,"right":1},"stoppedMask":2}}
[21:01:25] [Render thread/INFO] (PiriRuntimeAcceptance) PIRI_PHASE02_PACKET {"type":"ACTION_ACCEPTED","payload":{"clientSequence":252,"action":"STOP_RIGHT"}}
[21:01:25] [Render thread/INFO] (PiriRuntimeAcceptance) PIRI_PHASE02_PACKET {"type":"REEL_STOP","payload":{"spinId":"30bc8682-669e-4fc1-8dfa-7d8ce2e31a2b","reel":"RIGHT","pressedIndex":16,"stopIndex":16,"slip":0,"durationMs":80}}
[21:01:25] [Render thread/INFO] (PiriRuntimeAcceptance) PIRI_PHASE02_PACKET {"type":"PUBLIC_STATE","payload":{"sessionId":"af0b55a1-65ac-4f46-8884-c95d7e3b002d","machineId":1,"expectedNextClientSequence":253,"gameState":"NORMAL_SPINNING","lifecycle":"ACTIVE","credit":0,"heldMedals":747,"bet":3,"pay":0,"bonusCount":0,"lampOn":false,"displayStops":{"left":10,"center":1,"right":16},"stoppedMask":6}}
[21:01:25] [Render thread/INFO] (PiriRuntimeAcceptance) PIRI_PHASE02_PACKET {"type":"ACTION_ACCEPTED","payload":{"clientSequence":253,"action":"STOP_LEFT"}}
[21:01:25] [Render thread/INFO] (PiriRuntimeAcceptance) PIRI_PHASE02_PACKET {"type":"REEL_STOP","payload":{"spinId":"30bc8682-669e-4fc1-8dfa-7d8ce2e31a2b","reel":"LEFT","pressedIndex":8,"stopIndex":10,"slip":2,"durationMs":180}}
[21:01:25] [Render thread/INFO] (PiriRuntimeAcceptance) PIRI_PHASE02_PACKET {"type":"PUBLIC_STATE","payload":{"sessionId":"af0b55a1-65ac-4f46-8884-c95d7e3b002d","machineId":1,"expectedNextClientSequence":254,"gameState":"SEATED_READY","lifecycle":"ACTIVE","credit":0,"heldMedals":747,"bet":0,"pay":0,"bonusCount":0,"lampOn":false,"displayStops":{"left":10,"center":1,"right":16},"stoppedMask":7}}
[21:01:26] [Render thread/INFO] (PiriRuntimeAcceptance) PIRI_PHASE02_PACKET {"type":"ACTION_ACCEPTED","payload":{"clientSequence":254,"action":"SPACE_ACTION"}}
[21:01:26] [Render thread/INFO] (PiriRuntimeAcceptance) PIRI_PHASE02_PACKET {"type":"PUBLIC_STATE","payload":{"sessionId":"af0b55a1-65ac-4f46-8884-c95d7e3b002d","machineId":1,"expectedNextClientSequence":255,"gameState":"NORMAL_BETTED","lifecycle":"ACTIVE","credit":0,"heldMedals":744,"bet":3,"pay":0,"bonusCount":0,"lampOn":false,"displayStops":{"left":10,"center":1,"right":16},"stoppedMask":7}}
[21:01:26] [Render thread/INFO] (PiriRuntimeAcceptance) PIRI_PHASE02_PACKET {"type":"ACTION_ACCEPTED","payload":{"clientSequence":255,"action":"SPACE_ACTION"}}
[21:01:26] [Render thread/INFO] (PiriRuntimeAcceptance) PIRI_PHASE02_PACKET {"type":"PUBLIC_STATE","payload":{"sessionId":"af0b55a1-65ac-4f46-8884-c95d7e3b002d","machineId":1,"expectedNextClientSequence":256,"gameState":"NORMAL_SPINNING","lifecycle":"ACTIVE","credit":0,"heldMedals":744,"bet":3,"pay":0,"bonusCount":0,"lampOn":false,"displayStops":{"left":10,"center":1,"right":16},"stoppedMask":0}}
[21:01:26] [Render thread/INFO] (PiriRuntimeAcceptance) PIRI_PHASE02_PACKET {"type":"SPIN_START","payload":{"sessionId":"af0b55a1-65ac-4f46-8884-c95d7e3b002d","machineId":1,"spinId":"20b71e92-715c-413c-9fe8-09d25fafe2f9","mode":"NORMAL","animation":"NORMAL","startPhase":{"left":10.0,"center":1.0,"right":16.0},"stopEnableAfterMs":400}}
[21:01:27] [Render thread/INFO] (PiriRuntimeAcceptance) PIRI_PHASE02_PACKET {"type":"ACTION_ACCEPTED","payload":{"clientSequence":256,"action":"STOP_RIGHT"}}
[21:01:27] [Render thread/INFO] (PiriRuntimeAcceptance) PIRI_PHASE02_PACKET {"type":"REEL_STOP","payload":{"spinId":"20b71e92-715c-413c-9fe8-09d25fafe2f9","reel":"RIGHT","pressedIndex":2,"stopIndex":2,"slip":0,"durationMs":80}}
[21:01:27] [Render thread/INFO] (PiriRuntimeAcceptance) PIRI_PHASE02_PACKET {"type":"PUBLIC_STATE","payload":{"sessionId":"af0b55a1-65ac-4f46-8884-c95d7e3b002d","machineId":1,"expectedNextClientSequence":257,"gameState":"NORMAL_SPINNING","lifecycle":"ACTIVE","credit":0,"heldMedals":744,"bet":3,"pay":0,"bonusCount":0,"lampOn":false,"displayStops":{"left":10,"center":1,"right":2},"stoppedMask":4}}
[21:01:27] [Render thread/INFO] (PiriRuntimeAcceptance) PIRI_PHASE02_PACKET {"type":"ACTION_ACCEPTED","payload":{"clientSequence":257,"action":"STOP_LEFT"}}
[21:01:27] [Render thread/INFO] (PiriRuntimeAcceptance) PIRI_PHASE02_PACKET {"type":"REEL_STOP","payload":{"spinId":"20b71e92-715c-413c-9fe8-09d25fafe2f9","reel":"LEFT","pressedIndex":5,"stopIndex":5,"slip":0,"durationMs":80}}
[21:01:27] [Render thread/INFO] (PiriRuntimeAcceptance) PIRI_PHASE02_PACKET {"type":"PUBLIC_STATE","payload":{"sessionId":"af0b55a1-65ac-4f46-8884-c95d7e3b002d","machineId":1,"expectedNextClientSequence":258,"gameState":"NORMAL_SPINNING","lifecycle":"ACTIVE","credit":0,"heldMedals":744,"bet":3,"pay":0,"bonusCount":0,"lampOn":false,"displayStops":{"left":5,"center":1,"right":2},"stoppedMask":5}}
[21:01:28] [Render thread/INFO] (PiriRuntimeAcceptance) PIRI_PHASE02_PACKET {"type":"ACTION_ACCEPTED","payload":{"clientSequence":258,"action":"STOP_CENTER"}}
[21:01:28] [Render thread/INFO] (PiriRuntimeAcceptance) PIRI_PHASE02_PACKET {"type":"REEL_STOP","payload":{"spinId":"20b71e92-715c-413c-9fe8-09d25fafe2f9","reel":"CENTER","pressedIndex":5,"stopIndex":5,"slip":0,"durationMs":80}}
[21:01:28] [Render thread/INFO] (PiriRuntimeAcceptance) PIRI_PHASE02_PACKET {"type":"PUBLIC_STATE","payload":{"sessionId":"af0b55a1-65ac-4f46-8884-c95d7e3b002d","machineId":1,"expectedNextClientSequence":259,"gameState":"SEATED_READY","lifecycle":"ACTIVE","credit":0,"heldMedals":744,"bet":0,"pay":0,"bonusCount":0,"lampOn":false,"displayStops":{"left":5,"center":5,"right":2},"stoppedMask":7}}
[21:01:29] [Render thread/INFO] (PiriRuntimeAcceptance) PIRI_PHASE02_PACKET {"type":"ACTION_ACCEPTED","payload":{"clientSequence":259,"action":"SPACE_ACTION"}}
[21:01:29] [Render thread/INFO] (PiriRuntimeAcceptance) PIRI_PHASE02_PACKET {"type":"PUBLIC_STATE","payload":{"sessionId":"af0b55a1-65ac-4f46-8884-c95d7e3b002d","machineId":1,"expectedNextClientSequence":260,"gameState":"NORMAL_BETTED","lifecycle":"ACTIVE","credit":0,"heldMedals":741,"bet":3,"pay":0,"bonusCount":0,"lampOn":false,"displayStops":{"left":5,"center":5,"right":2},"stoppedMask":7}}
[21:01:29] [Render thread/INFO] (PiriRuntimeAcceptance) PIRI_PHASE02_PACKET {"type":"ACTION_ACCEPTED","payload":{"clientSequence":260,"action":"SPACE_ACTION"}}
[21:01:29] [Render thread/INFO] (PiriRuntimeAcceptance) PIRI_PHASE02_PACKET {"type":"PUBLIC_STATE","payload":{"sessionId":"af0b55a1-65ac-4f46-8884-c95d7e3b002d","machineId":1,"expectedNextClientSequence":261,"gameState":"NORMAL_SPINNING","lifecycle":"ACTIVE","credit":0,"heldMedals":741,"bet":3,"pay":0,"bonusCount":0,"lampOn":false,"displayStops":{"left":5,"center":5,"right":2},"stoppedMask":0}}
[21:01:29] [Render thread/INFO] (PiriRuntimeAcceptance) PIRI_PHASE02_PACKET {"type":"SPIN_START","payload":{"sessionId":"af0b55a1-65ac-4f46-8884-c95d7e3b002d","machineId":1,"spinId":"f90c1b13-2046-4db4-88e3-26532a8a18d3","mode":"NORMAL","animation":"NORMAL","startPhase":{"left":5.0,"center":5.0,"right":2.0},"stopEnableAfterMs":400}}
[21:01:30] [Render thread/INFO] (PiriRuntimeAcceptance) PIRI_PHASE02_PACKET {"type":"ACTION_ACCEPTED","payload":{"clientSequence":261,"action":"STOP_RIGHT"}}
[21:01:30] [Render thread/INFO] (PiriRuntimeAcceptance) PIRI_PHASE02_PACKET {"type":"REEL_STOP","payload":{"spinId":"f90c1b13-2046-4db4-88e3-26532a8a18d3","reel":"RIGHT","pressedIndex":8,"stopIndex":8,"slip":0,"durationMs":80}}
[21:01:30] [Render thread/INFO] (PiriRuntimeAcceptance) PIRI_PHASE02_PACKET {"type":"PUBLIC_STATE","payload":{"sessionId":"af0b55a1-65ac-4f46-8884-c95d7e3b002d","machineId":1,"expectedNextClientSequence":262,"gameState":"NORMAL_SPINNING","lifecycle":"ACTIVE","credit":0,"heldMedals":741,"bet":3,"pay":0,"bonusCount":0,"lampOn":false,"displayStops":{"left":5,"center":5,"right":8},"stoppedMask":4}}
[21:01:30] [Render thread/INFO] (PiriRuntimeAcceptance) PIRI_PHASE02_PACKET {"type":"ACTION_ACCEPTED","payload":{"clientSequence":262,"action":"STOP_CENTER"}}
[21:01:30] [Render thread/INFO] (PiriRuntimeAcceptance) PIRI_PHASE02_PACKET {"type":"REEL_STOP","payload":{"spinId":"f90c1b13-2046-4db4-88e3-26532a8a18d3","reel":"CENTER","pressedIndex":20,"stopIndex":20,"slip":0,"durationMs":80}}
[21:01:30] [Render thread/INFO] (PiriRuntimeAcceptance) PIRI_PHASE02_PACKET {"type":"PUBLIC_STATE","payload":{"sessionId":"af0b55a1-65ac-4f46-8884-c95d7e3b002d","machineId":1,"expectedNextClientSequence":263,"gameState":"NORMAL_SPINNING","lifecycle":"ACTIVE","credit":0,"heldMedals":741,"bet":3,"pay":0,"bonusCount":0,"lampOn":false,"displayStops":{"left":5,"center":20,"right":8},"stoppedMask":6}}
[21:01:31] [Render thread/INFO] (PiriRuntimeAcceptance) PIRI_PHASE02_PACKET {"type":"ACTION_ACCEPTED","payload":{"clientSequence":263,"action":"STOP_LEFT"}}
[21:01:31] [Render thread/INFO] (PiriRuntimeAcceptance) PIRI_PHASE02_PACKET {"type":"REEL_STOP","payload":{"spinId":"f90c1b13-2046-4db4-88e3-26532a8a18d3","reel":"LEFT","pressedIndex":8,"stopIndex":11,"slip":3,"durationMs":230}}
[21:01:31] [Render thread/INFO] (PiriRuntimeAcceptance) PIRI_PHASE02_PACKET {"type":"PAYOUT","payload":{}}
[21:01:31] [Render thread/INFO] (PiriRuntimeAcceptance) PIRI_PHASE02_PACKET {"type":"PUBLIC_STATE","payload":{"sessionId":"af0b55a1-65ac-4f46-8884-c95d7e3b002d","machineId":1,"expectedNextClientSequence":264,"gameState":"SEATED_READY","lifecycle":"ACTIVE","credit":8,"heldMedals":741,"bet":0,"pay":8,"bonusCount":0,"lampOn":false,"displayStops":{"left":11,"center":20,"right":8},"stoppedMask":7}}
[21:01:32] [Render thread/INFO] (PiriRuntimeAcceptance) PIRI_PHASE02_PACKET {"type":"ACTION_ACCEPTED","payload":{"clientSequence":264,"action":"SPACE_ACTION"}}
[21:01:32] [Render thread/INFO] (PiriRuntimeAcceptance) PIRI_PHASE02_PACKET {"type":"PUBLIC_STATE","payload":{"sessionId":"af0b55a1-65ac-4f46-8884-c95d7e3b002d","machineId":1,"expectedNextClientSequence":265,"gameState":"NORMAL_BETTED","lifecycle":"ACTIVE","credit":5,"heldMedals":741,"bet":3,"pay":0,"bonusCount":0,"lampOn":false,"displayStops":{"left":11,"center":20,"right":8},"stoppedMask":7}}
[21:01:32] [Render thread/INFO] (PiriRuntimeAcceptance) PIRI_PHASE02_PACKET {"type":"ACTION_ACCEPTED","payload":{"clientSequence":265,"action":"SPACE_ACTION"}}
[21:01:32] [Render thread/INFO] (PiriRuntimeAcceptance) PIRI_PHASE02_PACKET {"type":"PUBLIC_STATE","payload":{"sessionId":"af0b55a1-65ac-4f46-8884-c95d7e3b002d","machineId":1,"expectedNextClientSequence":266,"gameState":"NORMAL_SPINNING","lifecycle":"ACTIVE","credit":5,"heldMedals":741,"bet":3,"pay":0,"bonusCount":0,"lampOn":false,"displayStops":{"left":11,"center":20,"right":8},"stoppedMask":0}}
[21:01:32] [Render thread/INFO] (PiriRuntimeAcceptance) PIRI_PHASE02_PACKET {"type":"SPIN_START","payload":{"sessionId":"af0b55a1-65ac-4f46-8884-c95d7e3b002d","machineId":1,"spinId":"4b5d9f7c-cbe0-497f-bb94-c6ea48ad7ab1","mode":"NORMAL","animation":"NORMAL","startPhase":{"left":11.0,"center":20.0,"right":8.0},"stopEnableAfterMs":400}}
[21:01:33] [Render thread/INFO] (PiriRuntimeAcceptance) PIRI_PHASE02_PACKET {"type":"ACTION_ACCEPTED","payload":{"clientSequence":266,"action":"STOP_LEFT"}}
[21:01:33] [Render thread/INFO] (PiriRuntimeAcceptance) PIRI_PHASE02_PACKET {"type":"REEL_STOP","payload":{"spinId":"4b5d9f7c-cbe0-497f-bb94-c6ea48ad7ab1","reel":"LEFT","pressedIndex":18,"stopIndex":18,"slip":0,"durationMs":80}}
[21:01:33] [Render thread/INFO] (PiriRuntimeAcceptance) PIRI_PHASE02_PACKET {"type":"PUBLIC_STATE","payload":{"sessionId":"af0b55a1-65ac-4f46-8884-c95d7e3b002d","machineId":1,"expectedNextClientSequence":267,"gameState":"NORMAL_SPINNING","lifecycle":"ACTIVE","credit":5,"heldMedals":741,"bet":3,"pay":0,"bonusCount":0,"lampOn":false,"displayStops":{"left":18,"center":20,"right":8},"stoppedMask":1}}
[21:01:34] [Render thread/INFO] (PiriRuntimeAcceptance) PIRI_PHASE02_PACKET {"type":"ACTION_ACCEPTED","payload":{"clientSequence":267,"action":"STOP_CENTER"}}
[21:01:34] [Render thread/INFO] (PiriRuntimeAcceptance) PIRI_PHASE02_PACKET {"type":"REEL_STOP","payload":{"spinId":"4b5d9f7c-cbe0-497f-bb94-c6ea48ad7ab1","reel":"CENTER","pressedIndex":15,"stopIndex":15,"slip":0,"durationMs":80}}
[21:01:34] [Render thread/INFO] (PiriRuntimeAcceptance) PIRI_PHASE02_PACKET {"type":"PUBLIC_STATE","payload":{"sessionId":"af0b55a1-65ac-4f46-8884-c95d7e3b002d","machineId":1,"expectedNextClientSequence":268,"gameState":"NORMAL_SPINNING","lifecycle":"ACTIVE","credit":5,"heldMedals":741,"bet":3,"pay":0,"bonusCount":0,"lampOn":false,"displayStops":{"left":18,"center":15,"right":8},"stoppedMask":3}}
[21:01:34] [Render thread/INFO] (PiriRuntimeAcceptance) PIRI_PHASE02_PACKET {"type":"ACTION_ACCEPTED","payload":{"clientSequence":268,"action":"STOP_RIGHT"}}
[21:01:34] [Render thread/INFO] (PiriRuntimeAcceptance) PIRI_PHASE02_PACKET {"type":"REEL_STOP","payload":{"spinId":"4b5d9f7c-cbe0-497f-bb94-c6ea48ad7ab1","reel":"RIGHT","pressedIndex":12,"stopIndex":12,"slip":0,"durationMs":80}}
[21:01:34] [Render thread/INFO] (PiriRuntimeAcceptance) PIRI_PHASE02_PACKET {"type":"PUBLIC_STATE","payload":{"sessionId":"af0b55a1-65ac-4f46-8884-c95d7e3b002d","machineId":1,"expectedNextClientSequence":269,"gameState":"SEATED_READY","lifecycle":"ACTIVE","credit":5,"heldMedals":741,"bet":0,"pay":0,"bonusCount":0,"lampOn":false,"displayStops":{"left":18,"center":15,"right":12},"stoppedMask":7}}
[21:01:35] [Render thread/INFO] (PiriRuntimeAcceptance) PIRI_PHASE02_PACKET {"type":"ACTION_ACCEPTED","payload":{"clientSequence":269,"action":"SPACE_ACTION"}}
[21:01:35] [Render thread/INFO] (PiriRuntimeAcceptance) PIRI_PHASE02_PACKET {"type":"PUBLIC_STATE","payload":{"sessionId":"af0b55a1-65ac-4f46-8884-c95d7e3b002d","machineId":1,"expectedNextClientSequence":270,"gameState":"NORMAL_BETTED","lifecycle":"ACTIVE","credit":2,"heldMedals":741,"bet":3,"pay":0,"bonusCount":0,"lampOn":false,"displayStops":{"left":18,"center":15,"right":12},"stoppedMask":7}}
[21:01:35] [Render thread/INFO] (PiriRuntimeAcceptance) PIRI_PHASE02_PACKET {"type":"ACTION_ACCEPTED","payload":{"clientSequence":270,"action":"SPACE_ACTION"}}
[21:01:35] [Render thread/INFO] (PiriRuntimeAcceptance) PIRI_PHASE02_PACKET {"type":"PUBLIC_STATE","payload":{"sessionId":"af0b55a1-65ac-4f46-8884-c95d7e3b002d","machineId":1,"expectedNextClientSequence":271,"gameState":"NORMAL_SPINNING","lifecycle":"ACTIVE","credit":2,"heldMedals":741,"bet":3,"pay":0,"bonusCount":0,"lampOn":false,"displayStops":{"left":18,"center":15,"right":12},"stoppedMask":0}}
[21:01:35] [Render thread/INFO] (PiriRuntimeAcceptance) PIRI_PHASE02_PACKET {"type":"SPIN_START","payload":{"sessionId":"af0b55a1-65ac-4f46-8884-c95d7e3b002d","machineId":1,"spinId":"8149138e-6bad-4db8-a434-3cc3adffe253","mode":"NORMAL","animation":"NORMAL","startPhase":{"left":18.0,"center":15.0,"right":12.0},"stopEnableAfterMs":400}}
[21:01:36] [Render thread/INFO] (PiriRuntimeAcceptance) PIRI_PHASE02_PACKET {"type":"ACTION_ACCEPTED","payload":{"clientSequence":271,"action":"STOP_LEFT"}}
[21:01:36] [Render thread/INFO] (PiriRuntimeAcceptance) PIRI_PHASE02_PACKET {"type":"REEL_STOP","payload":{"spinId":"8149138e-6bad-4db8-a434-3cc3adffe253","reel":"LEFT","pressedIndex":8,"stopIndex":10,"slip":2,"durationMs":180}}
[21:01:36] [Render thread/INFO] (PiriRuntimeAcceptance) PIRI_PHASE02_PACKET {"type":"PUBLIC_STATE","payload":{"sessionId":"af0b55a1-65ac-4f46-8884-c95d7e3b002d","machineId":1,"expectedNextClientSequence":272,"gameState":"NORMAL_SPINNING","lifecycle":"ACTIVE","credit":2,"heldMedals":741,"bet":3,"pay":0,"bonusCount":0,"lampOn":false,"displayStops":{"left":10,"center":15,"right":12},"stoppedMask":1}}
[21:01:37] [Render thread/INFO] (PiriRuntimeAcceptance) PIRI_PHASE02_PACKET {"type":"ACTION_ACCEPTED","payload":{"clientSequence":272,"action":"STOP_RIGHT"}}
[21:01:37] [Render thread/INFO] (PiriRuntimeAcceptance) PIRI_PHASE02_PACKET {"type":"REEL_STOP","payload":{"spinId":"8149138e-6bad-4db8-a434-3cc3adffe253","reel":"RIGHT","pressedIndex":12,"stopIndex":15,"slip":3,"durationMs":230}}
[21:01:37] [Render thread/INFO] (PiriRuntimeAcceptance) PIRI_PHASE02_PACKET {"type":"PUBLIC_STATE","payload":{"sessionId":"af0b55a1-65ac-4f46-8884-c95d7e3b002d","machineId":1,"expectedNextClientSequence":273,"gameState":"NORMAL_SPINNING","lifecycle":"ACTIVE","credit":2,"heldMedals":741,"bet":3,"pay":0,"bonusCount":0,"lampOn":false,"displayStops":{"left":10,"center":15,"right":15},"stoppedMask":5}}
[21:01:37] [Render thread/INFO] (PiriRuntimeAcceptance) PIRI_PHASE02_PACKET {"type":"ACTION_ACCEPTED","payload":{"clientSequence":273,"action":"STOP_CENTER"}}
[21:01:37] [Render thread/INFO] (PiriRuntimeAcceptance) PIRI_PHASE02_PACKET {"type":"REEL_STOP","payload":{"spinId":"8149138e-6bad-4db8-a434-3cc3adffe253","reel":"CENTER","pressedIndex":3,"stopIndex":4,"slip":1,"durationMs":130}}
[21:01:37] [Render thread/INFO] (PiriRuntimeAcceptance) PIRI_PHASE02_PACKET {"type":"PAYOUT","payload":{}}
[21:01:37] [Render thread/INFO] (PiriRuntimeAcceptance) PIRI_PHASE02_PACKET {"type":"PUBLIC_STATE","payload":{"sessionId":"af0b55a1-65ac-4f46-8884-c95d7e3b002d","machineId":1,"expectedNextClientSequence":274,"gameState":"SEATED_READY","lifecycle":"ACTIVE","credit":10,"heldMedals":741,"bet":0,"pay":8,"bonusCount":0,"lampOn":false,"displayStops":{"left":10,"center":4,"right":15},"stoppedMask":7}}
[21:01:38] [Render thread/INFO] (PiriRuntimeAcceptance) PIRI_PHASE02_PACKET {"type":"ACTION_ACCEPTED","payload":{"clientSequence":274,"action":"SPACE_ACTION"}}
[21:01:38] [Render thread/INFO] (PiriRuntimeAcceptance) PIRI_PHASE02_PACKET {"type":"PUBLIC_STATE","payload":{"sessionId":"af0b55a1-65ac-4f46-8884-c95d7e3b002d","machineId":1,"expectedNextClientSequence":275,"gameState":"NORMAL_BETTED","lifecycle":"ACTIVE","credit":7,"heldMedals":741,"bet":3,"pay":0,"bonusCount":0,"lampOn":false,"displayStops":{"left":10,"center":4,"right":15},"stoppedMask":7}}
[21:01:38] [Render thread/INFO] (PiriRuntimeAcceptance) PIRI_PHASE02_PACKET {"type":"ACTION_ACCEPTED","payload":{"clientSequence":275,"action":"SPACE_ACTION"}}
[21:01:38] [Render thread/INFO] (PiriRuntimeAcceptance) PIRI_PHASE02_PACKET {"type":"PUBLIC_STATE","payload":{"sessionId":"af0b55a1-65ac-4f46-8884-c95d7e3b002d","machineId":1,"expectedNextClientSequence":276,"gameState":"NORMAL_SPINNING","lifecycle":"ACTIVE","credit":7,"heldMedals":741,"bet":3,"pay":0,"bonusCount":0,"lampOn":false,"displayStops":{"left":10,"center":4,"right":15},"stoppedMask":0}}
[21:01:38] [Render thread/INFO] (PiriRuntimeAcceptance) PIRI_PHASE02_PACKET {"type":"SPIN_START","payload":{"sessionId":"af0b55a1-65ac-4f46-8884-c95d7e3b002d","machineId":1,"spinId":"cd1de792-df47-459e-8569-c5be855b331c","mode":"NORMAL","animation":"NORMAL","startPhase":{"left":10.0,"center":4.0,"right":15.0},"stopEnableAfterMs":400}}
[21:01:39] [Render thread/INFO] (PiriRuntimeAcceptance) PIRI_PHASE02_PACKET {"type":"ACTION_ACCEPTED","payload":{"clientSequence":276,"action":"STOP_CENTER"}}
[21:01:39] [Render thread/INFO] (PiriRuntimeAcceptance) PIRI_PHASE02_PACKET {"type":"REEL_STOP","payload":{"spinId":"cd1de792-df47-459e-8569-c5be855b331c","reel":"CENTER","pressedIndex":11,"stopIndex":11,"slip":0,"durationMs":80}}
[21:01:39] [Render thread/INFO] (PiriRuntimeAcceptance) PIRI_PHASE02_PACKET {"type":"PUBLIC_STATE","payload":{"sessionId":"af0b55a1-65ac-4f46-8884-c95d7e3b002d","machineId":1,"expectedNextClientSequence":277,"gameState":"NORMAL_SPINNING","lifecycle":"ACTIVE","credit":7,"heldMedals":741,"bet":3,"pay":0,"bonusCount":0,"lampOn":false,"displayStops":{"left":10,"center":11,"right":15},"stoppedMask":2}}
[21:01:40] [Render thread/INFO] (PiriRuntimeAcceptance) PIRI_PHASE02_PACKET {"type":"ACTION_ACCEPTED","payload":{"clientSequence":277,"action":"STOP_LEFT"}}
[21:01:40] [Render thread/INFO] (PiriRuntimeAcceptance) PIRI_PHASE02_PACKET {"type":"REEL_STOP","payload":{"spinId":"cd1de792-df47-459e-8569-c5be855b331c","reel":"LEFT","pressedIndex":10,"stopIndex":10,"slip":0,"durationMs":80}}
[21:01:40] [Render thread/INFO] (PiriRuntimeAcceptance) PIRI_PHASE02_PACKET {"type":"PUBLIC_STATE","payload":{"sessionId":"af0b55a1-65ac-4f46-8884-c95d7e3b002d","machineId":1,"expectedNextClientSequence":278,"gameState":"NORMAL_SPINNING","lifecycle":"ACTIVE","credit":7,"heldMedals":741,"bet":3,"pay":0,"bonusCount":0,"lampOn":false,"displayStops":{"left":10,"center":11,"right":15},"stoppedMask":3}}
[21:01:40] [Render thread/INFO] (PiriRuntimeAcceptance) PIRI_PHASE02_PACKET {"type":"ACTION_ACCEPTED","payload":{"clientSequence":278,"action":"STOP_RIGHT"}}
[21:01:40] [Render thread/INFO] (PiriRuntimeAcceptance) PIRI_PHASE02_PACKET {"type":"REEL_STOP","payload":{"spinId":"cd1de792-df47-459e-8569-c5be855b331c","reel":"RIGHT","pressedIndex":3,"stopIndex":3,"slip":0,"durationMs":80}}
[21:01:40] [Render thread/INFO] (PiriRuntimeAcceptance) PIRI_PHASE02_PACKET {"type":"PUBLIC_STATE","payload":{"sessionId":"af0b55a1-65ac-4f46-8884-c95d7e3b002d","machineId":1,"expectedNextClientSequence":279,"gameState":"SEATED_READY","lifecycle":"ACTIVE","credit":7,"heldMedals":741,"bet":0,"pay":0,"bonusCount":0,"lampOn":false,"displayStops":{"left":10,"center":11,"right":3},"stoppedMask":7}}
[21:01:41] [Render thread/INFO] (PiriRuntimeAcceptance) PIRI_PHASE02_PACKET {"type":"ACTION_ACCEPTED","payload":{"clientSequence":279,"action":"SPACE_ACTION"}}
[21:01:41] [Render thread/INFO] (PiriRuntimeAcceptance) PIRI_PHASE02_PACKET {"type":"PUBLIC_STATE","payload":{"sessionId":"af0b55a1-65ac-4f46-8884-c95d7e3b002d","machineId":1,"expectedNextClientSequence":280,"gameState":"NORMAL_BETTED","lifecycle":"ACTIVE","credit":4,"heldMedals":741,"bet":3,"pay":0,"bonusCount":0,"lampOn":false,"displayStops":{"left":10,"center":11,"right":3},"stoppedMask":7}}
[21:01:41] [Render thread/INFO] (PiriRuntimeAcceptance) PIRI_PHASE02_PACKET {"type":"ACTION_ACCEPTED","payload":{"clientSequence":280,"action":"SPACE_ACTION"}}
[21:01:41] [Render thread/INFO] (PiriRuntimeAcceptance) PIRI_PHASE02_PACKET {"type":"PUBLIC_STATE","payload":{"sessionId":"af0b55a1-65ac-4f46-8884-c95d7e3b002d","machineId":1,"expectedNextClientSequence":281,"gameState":"NORMAL_SPINNING","lifecycle":"ACTIVE","credit":4,"heldMedals":741,"bet":3,"pay":0,"bonusCount":0,"lampOn":false,"displayStops":{"left":10,"center":11,"right":3},"stoppedMask":0}}
[21:01:41] [Render thread/INFO] (PiriRuntimeAcceptance) PIRI_PHASE02_PACKET {"type":"SPIN_START","payload":{"sessionId":"af0b55a1-65ac-4f46-8884-c95d7e3b002d","machineId":1,"spinId":"efb484a2-8380-40b2-b097-36fffc6a4b98","mode":"NORMAL","animation":"NORMAL","startPhase":{"left":10.0,"center":11.0,"right":3.0},"stopEnableAfterMs":400}}
[21:01:42] [Render thread/INFO] (PiriRuntimeAcceptance) PIRI_PHASE02_PACKET {"type":"ACTION_ACCEPTED","payload":{"clientSequence":281,"action":"STOP_CENTER"}}
[21:01:42] [Render thread/INFO] (PiriRuntimeAcceptance) PIRI_PHASE02_PACKET {"type":"REEL_STOP","payload":{"spinId":"efb484a2-8380-40b2-b097-36fffc6a4b98","reel":"CENTER","pressedIndex":18,"stopIndex":18,"slip":0,"durationMs":80}}
[21:01:42] [Render thread/INFO] (PiriRuntimeAcceptance) PIRI_PHASE02_PACKET {"type":"PUBLIC_STATE","payload":{"sessionId":"af0b55a1-65ac-4f46-8884-c95d7e3b002d","machineId":1,"expectedNextClientSequence":282,"gameState":"NORMAL_SPINNING","lifecycle":"ACTIVE","credit":4,"heldMedals":741,"bet":3,"pay":0,"bonusCount":0,"lampOn":false,"displayStops":{"left":10,"center":18,"right":3},"stoppedMask":2}}
[21:01:42] [Render thread/INFO] (PiriRuntimeAcceptance) PIRI_PHASE02_PACKET {"type":"ACTION_ACCEPTED","payload":{"clientSequence":282,"action":"STOP_RIGHT"}}
[21:01:42] [Render thread/INFO] (PiriRuntimeAcceptance) PIRI_PHASE02_PACKET {"type":"REEL_STOP","payload":{"spinId":"efb484a2-8380-40b2-b097-36fffc6a4b98","reel":"RIGHT","pressedIndex":19,"stopIndex":19,"slip":0,"durationMs":80}}
[21:01:42] [Render thread/INFO] (PiriRuntimeAcceptance) PIRI_PHASE02_PACKET {"type":"PUBLIC_STATE","payload":{"sessionId":"af0b55a1-65ac-4f46-8884-c95d7e3b002d","machineId":1,"expectedNextClientSequence":283,"gameState":"NORMAL_SPINNING","lifecycle":"ACTIVE","credit":4,"heldMedals":741,"bet":3,"pay":0,"bonusCount":0,"lampOn":false,"displayStops":{"left":10,"center":18,"right":19},"stoppedMask":6}}
[21:01:43] [Render thread/INFO] (PiriRuntimeAcceptance) PIRI_PHASE02_PACKET {"type":"ACTION_ACCEPTED","payload":{"clientSequence":283,"action":"STOP_LEFT"}}
[21:01:43] [Render thread/INFO] (PiriRuntimeAcceptance) PIRI_PHASE02_PACKET {"type":"REEL_STOP","payload":{"spinId":"efb484a2-8380-40b2-b097-36fffc6a4b98","reel":"LEFT","pressedIndex":14,"stopIndex":14,"slip":0,"durationMs":80}}
[21:01:43] [Render thread/INFO] (PiriRuntimeAcceptance) PIRI_PHASE02_PACKET {"type":"PUBLIC_STATE","payload":{"sessionId":"af0b55a1-65ac-4f46-8884-c95d7e3b002d","machineId":1,"expectedNextClientSequence":284,"gameState":"REPLAY_READY","lifecycle":"ACTIVE","credit":4,"heldMedals":741,"bet":3,"pay":0,"bonusCount":0,"lampOn":false,"displayStops":{"left":14,"center":18,"right":19},"stoppedMask":7}}
[21:01:43] [Render thread/INFO] (PiriRuntimeAcceptance) PIRI_PHASE02_PACKET {"type":"ACTION_ACCEPTED","payload":{"clientSequence":284,"action":"SPACE_ACTION"}}
[21:01:43] [Render thread/INFO] (PiriRuntimeAcceptance) PIRI_PHASE02_PACKET {"type":"PUBLIC_STATE","payload":{"sessionId":"af0b55a1-65ac-4f46-8884-c95d7e3b002d","machineId":1,"expectedNextClientSequence":285,"gameState":"NORMAL_SPINNING","lifecycle":"ACTIVE","credit":4,"heldMedals":741,"bet":3,"pay":0,"bonusCount":0,"lampOn":false,"displayStops":{"left":14,"center":18,"right":19},"stoppedMask":0}}
[21:01:43] [Render thread/INFO] (PiriRuntimeAcceptance) PIRI_PHASE02_PACKET {"type":"SPIN_START","payload":{"sessionId":"af0b55a1-65ac-4f46-8884-c95d7e3b002d","machineId":1,"spinId":"c7c38d51-6145-4655-a622-8dc31fbd4f3d","mode":"NORMAL","animation":"NORMAL","startPhase":{"left":14.0,"center":18.0,"right":19.0},"stopEnableAfterMs":400}}
[21:01:44] [Render thread/INFO] (PiriRuntimeAcceptance) PIRI_PHASE02_PACKET {"type":"ACTION_ACCEPTED","payload":{"clientSequence":285,"action":"STOP_RIGHT"}}
[21:01:44] [Render thread/INFO] (PiriRuntimeAcceptance) PIRI_PHASE02_PACKET {"type":"REEL_STOP","payload":{"spinId":"c7c38d51-6145-4655-a622-8dc31fbd4f3d","reel":"RIGHT","pressedIndex":5,"stopIndex":6,"slip":1,"durationMs":130}}
[21:01:44] [Render thread/INFO] (PiriRuntimeAcceptance) PIRI_PHASE02_PACKET {"type":"PUBLIC_STATE","payload":{"sessionId":"af0b55a1-65ac-4f46-8884-c95d7e3b002d","machineId":1,"expectedNextClientSequence":286,"gameState":"NORMAL_SPINNING","lifecycle":"ACTIVE","credit":4,"heldMedals":741,"bet":3,"pay":0,"bonusCount":0,"lampOn":false,"displayStops":{"left":14,"center":18,"right":6},"stoppedMask":4}}
[21:01:45] [Render thread/INFO] (PiriRuntimeAcceptance) PIRI_PHASE02_PACKET {"type":"ACTION_ACCEPTED","payload":{"clientSequence":286,"action":"STOP_LEFT"}}
[21:01:45] [Render thread/INFO] (PiriRuntimeAcceptance) PIRI_PHASE02_PACKET {"type":"REEL_STOP","payload":{"spinId":"c7c38d51-6145-4655-a622-8dc31fbd4f3d","reel":"LEFT","pressedIndex":9,"stopIndex":11,"slip":2,"durationMs":180}}
[21:01:45] [Render thread/INFO] (PiriRuntimeAcceptance) PIRI_PHASE02_PACKET {"type":"PUBLIC_STATE","payload":{"sessionId":"af0b55a1-65ac-4f46-8884-c95d7e3b002d","machineId":1,"expectedNextClientSequence":287,"gameState":"NORMAL_SPINNING","lifecycle":"ACTIVE","credit":4,"heldMedals":741,"bet":3,"pay":0,"bonusCount":0,"lampOn":false,"displayStops":{"left":11,"center":18,"right":6},"stoppedMask":5}}
[21:01:45] [Render thread/INFO] (PiriRuntimeAcceptance) PIRI_PHASE02_PACKET {"type":"ACTION_ACCEPTED","payload":{"clientSequence":287,"action":"STOP_CENTER"}}
[21:01:45] [Render thread/INFO] (PiriRuntimeAcceptance) PIRI_PHASE02_PACKET {"type":"REEL_STOP","payload":{"spinId":"c7c38d51-6145-4655-a622-8dc31fbd4f3d","reel":"CENTER","pressedIndex":1,"stopIndex":3,"slip":2,"durationMs":180}}
[21:01:45] [Render thread/INFO] (PiriRuntimeAcceptance) PIRI_PHASE02_PACKET {"type":"PAYOUT","payload":{}}
[21:01:45] [Render thread/INFO] (PiriRuntimeAcceptance) PIRI_PHASE02_PACKET {"type":"PUBLIC_STATE","payload":{"sessionId":"af0b55a1-65ac-4f46-8884-c95d7e3b002d","machineId":1,"expectedNextClientSequence":288,"gameState":"SEATED_READY","lifecycle":"ACTIVE","credit":12,"heldMedals":741,"bet":0,"pay":8,"bonusCount":0,"lampOn":false,"displayStops":{"left":11,"center":3,"right":6},"stoppedMask":7}}
[21:01:46] [Render thread/INFO] (PiriRuntimeAcceptance) PIRI_PHASE02_PACKET {"type":"ACTION_ACCEPTED","payload":{"clientSequence":288,"action":"SPACE_ACTION"}}
[21:01:46] [Render thread/INFO] (PiriRuntimeAcceptance) PIRI_PHASE02_PACKET {"type":"PUBLIC_STATE","payload":{"sessionId":"af0b55a1-65ac-4f46-8884-c95d7e3b002d","machineId":1,"expectedNextClientSequence":289,"gameState":"NORMAL_BETTED","lifecycle":"ACTIVE","credit":9,"heldMedals":741,"bet":3,"pay":0,"bonusCount":0,"lampOn":false,"displayStops":{"left":11,"center":3,"right":6},"stoppedMask":7}}
[21:01:47] [Render thread/INFO] (PiriRuntimeAcceptance) PIRI_PHASE02_PACKET {"type":"ACTION_ACCEPTED","payload":{"clientSequence":289,"action":"SPACE_ACTION"}}
[21:01:47] [Render thread/INFO] (PiriRuntimeAcceptance) PIRI_PHASE02_PACKET {"type":"PUBLIC_STATE","payload":{"sessionId":"af0b55a1-65ac-4f46-8884-c95d7e3b002d","machineId":1,"expectedNextClientSequence":290,"gameState":"NORMAL_SPINNING","lifecycle":"ACTIVE","credit":9,"heldMedals":741,"bet":3,"pay":0,"bonusCount":0,"lampOn":false,"displayStops":{"left":11,"center":3,"right":6},"stoppedMask":0}}
[21:01:47] [Render thread/INFO] (PiriRuntimeAcceptance) PIRI_PHASE02_PACKET {"type":"SPIN_START","payload":{"sessionId":"af0b55a1-65ac-4f46-8884-c95d7e3b002d","machineId":1,"spinId":"ec12760d-c05c-4b8c-b4f3-66cad05002e7","mode":"NORMAL","animation":"NORMAL","startPhase":{"left":11.0,"center":3.0,"right":6.0},"stopEnableAfterMs":400}}
[21:01:47] [Render thread/INFO] (PiriRuntimeAcceptance) PIRI_PHASE02_PACKET {"type":"ACTION_ACCEPTED","payload":{"clientSequence":290,"action":"STOP_RIGHT"}}
[21:01:47] [Render thread/INFO] (PiriRuntimeAcceptance) PIRI_PHASE02_PACKET {"type":"REEL_STOP","payload":{"spinId":"ec12760d-c05c-4b8c-b4f3-66cad05002e7","reel":"RIGHT","pressedIndex":12,"stopIndex":12,"slip":0,"durationMs":80}}
[21:01:47] [Render thread/INFO] (PiriRuntimeAcceptance) PIRI_PHASE02_PACKET {"type":"PUBLIC_STATE","payload":{"sessionId":"af0b55a1-65ac-4f46-8884-c95d7e3b002d","machineId":1,"expectedNextClientSequence":291,"gameState":"NORMAL_SPINNING","lifecycle":"ACTIVE","credit":9,"heldMedals":741,"bet":3,"pay":0,"bonusCount":0,"lampOn":false,"displayStops":{"left":11,"center":3,"right":12},"stoppedMask":4}}
[21:01:48] [Render thread/INFO] (PiriRuntimeAcceptance) PIRI_PHASE02_PACKET {"type":"ACTION_ACCEPTED","payload":{"clientSequence":291,"action":"STOP_CENTER"}}
[21:01:48] [Render thread/INFO] (PiriRuntimeAcceptance) PIRI_PHASE02_PACKET {"type":"REEL_STOP","payload":{"spinId":"ec12760d-c05c-4b8c-b4f3-66cad05002e7","reel":"CENTER","pressedIndex":18,"stopIndex":18,"slip":0,"durationMs":80}}
[21:01:48] [Render thread/INFO] (PiriRuntimeAcceptance) PIRI_PHASE02_PACKET {"type":"PUBLIC_STATE","payload":{"sessionId":"af0b55a1-65ac-4f46-8884-c95d7e3b002d","machineId":1,"expectedNextClientSequence":292,"gameState":"NORMAL_SPINNING","lifecycle":"ACTIVE","credit":9,"heldMedals":741,"bet":3,"pay":0,"bonusCount":0,"lampOn":false,"displayStops":{"left":11,"center":18,"right":12},"stoppedMask":6}}
[21:01:48] [Render thread/INFO] (PiriRuntimeAcceptance) PIRI_PHASE02_PACKET {"type":"ACTION_ACCEPTED","payload":{"clientSequence":292,"action":"STOP_LEFT"}}
[21:01:48] [Render thread/INFO] (PiriRuntimeAcceptance) PIRI_PHASE02_PACKET {"type":"REEL_STOP","payload":{"spinId":"ec12760d-c05c-4b8c-b4f3-66cad05002e7","reel":"LEFT","pressedIndex":14,"stopIndex":14,"slip":0,"durationMs":80}}
[21:01:48] [Render thread/INFO] (PiriRuntimeAcceptance) PIRI_PHASE02_PACKET {"type":"PUBLIC_STATE","payload":{"sessionId":"af0b55a1-65ac-4f46-8884-c95d7e3b002d","machineId":1,"expectedNextClientSequence":293,"gameState":"SEATED_READY","lifecycle":"ACTIVE","credit":9,"heldMedals":741,"bet":0,"pay":0,"bonusCount":0,"lampOn":false,"displayStops":{"left":14,"center":18,"right":12},"stoppedMask":7}}
[21:01:49] [Render thread/INFO] (PiriRuntimeAcceptance) PIRI_PHASE02_PACKET {"type":"ACTION_ACCEPTED","payload":{"clientSequence":293,"action":"SPACE_ACTION"}}
[21:01:49] [Render thread/INFO] (PiriRuntimeAcceptance) PIRI_PHASE02_PACKET {"type":"PUBLIC_STATE","payload":{"sessionId":"af0b55a1-65ac-4f46-8884-c95d7e3b002d","machineId":1,"expectedNextClientSequence":294,"gameState":"NORMAL_BETTED","lifecycle":"ACTIVE","credit":6,"heldMedals":741,"bet":3,"pay":0,"bonusCount":0,"lampOn":false,"displayStops":{"left":14,"center":18,"right":12},"stoppedMask":7}}
[21:01:49] [Render thread/INFO] (PiriRuntimeAcceptance) PIRI_PHASE02_PACKET {"type":"ACTION_ACCEPTED","payload":{"clientSequence":294,"action":"SPACE_ACTION"}}
[21:01:49] [Render thread/INFO] (PiriRuntimeAcceptance) PIRI_PHASE02_PACKET {"type":"PUBLIC_STATE","payload":{"sessionId":"af0b55a1-65ac-4f46-8884-c95d7e3b002d","machineId":1,"expectedNextClientSequence":295,"gameState":"NORMAL_SPINNING","lifecycle":"ACTIVE","credit":6,"heldMedals":741,"bet":3,"pay":0,"bonusCount":0,"lampOn":false,"displayStops":{"left":14,"center":18,"right":12},"stoppedMask":0}}
[21:01:49] [Render thread/INFO] (PiriRuntimeAcceptance) PIRI_PHASE02_PACKET {"type":"SPIN_START","payload":{"sessionId":"af0b55a1-65ac-4f46-8884-c95d7e3b002d","machineId":1,"spinId":"110f1621-5c69-4a10-8bb5-4e571aee6608","mode":"NORMAL","animation":"NORMAL","startPhase":{"left":14.0,"center":18.0,"right":12.0},"stopEnableAfterMs":400}}
[21:01:50] [Render thread/INFO] (PiriRuntimeAcceptance) PIRI_PHASE02_PACKET {"type":"ACTION_ACCEPTED","payload":{"clientSequence":295,"action":"STOP_LEFT"}}
[21:01:50] [Render thread/INFO] (PiriRuntimeAcceptance) PIRI_PHASE02_PACKET {"type":"REEL_STOP","payload":{"spinId":"110f1621-5c69-4a10-8bb5-4e571aee6608","reel":"LEFT","pressedIndex":4,"stopIndex":4,"slip":0,"durationMs":80}}
[21:01:50] [Render thread/INFO] (PiriRuntimeAcceptance) PIRI_PHASE02_PACKET {"type":"PUBLIC_STATE","payload":{"sessionId":"af0b55a1-65ac-4f46-8884-c95d7e3b002d","machineId":1,"expectedNextClientSequence":296,"gameState":"NORMAL_SPINNING","lifecycle":"ACTIVE","credit":6,"heldMedals":741,"bet":3,"pay":0,"bonusCount":0,"lampOn":false,"displayStops":{"left":4,"center":18,"right":12},"stoppedMask":1}}
[21:01:50] [Render thread/INFO] (PiriRuntimeAcceptance) PIRI_PHASE02_PACKET {"type":"ACTION_ACCEPTED","payload":{"clientSequence":296,"action":"STOP_CENTER"}}
[21:01:50] [Render thread/INFO] (PiriRuntimeAcceptance) PIRI_PHASE02_PACKET {"type":"REEL_STOP","payload":{"spinId":"110f1621-5c69-4a10-8bb5-4e571aee6608","reel":"CENTER","pressedIndex":17,"stopIndex":17,"slip":0,"durationMs":80}}
[21:01:50] [Render thread/INFO] (PiriRuntimeAcceptance) PIRI_PHASE02_PACKET {"type":"PUBLIC_STATE","payload":{"sessionId":"af0b55a1-65ac-4f46-8884-c95d7e3b002d","machineId":1,"expectedNextClientSequence":297,"gameState":"NORMAL_SPINNING","lifecycle":"ACTIVE","credit":6,"heldMedals":741,"bet":3,"pay":0,"bonusCount":0,"lampOn":false,"displayStops":{"left":4,"center":17,"right":12},"stoppedMask":3}}
[21:01:51] [Render thread/INFO] (PiriRuntimeAcceptance) PIRI_PHASE02_PACKET {"type":"ACTION_ACCEPTED","payload":{"clientSequence":297,"action":"STOP_RIGHT"}}
[21:01:51] [Render thread/INFO] (PiriRuntimeAcceptance) PIRI_PHASE02_PACKET {"type":"REEL_STOP","payload":{"spinId":"110f1621-5c69-4a10-8bb5-4e571aee6608","reel":"RIGHT","pressedIndex":20,"stopIndex":20,"slip":0,"durationMs":80}}
[21:01:51] [Render thread/INFO] (PiriRuntimeAcceptance) PIRI_PHASE02_PACKET {"type":"PUBLIC_STATE","payload":{"sessionId":"af0b55a1-65ac-4f46-8884-c95d7e3b002d","machineId":1,"expectedNextClientSequence":298,"gameState":"SEATED_READY","lifecycle":"ACTIVE","credit":6,"heldMedals":741,"bet":0,"pay":0,"bonusCount":0,"lampOn":false,"displayStops":{"left":4,"center":17,"right":20},"stoppedMask":7}}
[21:01:51] [Render thread/INFO] (PiriRuntimeAcceptance) PIRI_PHASE02_PACKET {"type":"ACTION_ACCEPTED","payload":{"clientSequence":298,"action":"SPACE_ACTION"}}
[21:01:51] [Render thread/INFO] (PiriRuntimeAcceptance) PIRI_PHASE02_PACKET {"type":"PUBLIC_STATE","payload":{"sessionId":"af0b55a1-65ac-4f46-8884-c95d7e3b002d","machineId":1,"expectedNextClientSequence":299,"gameState":"NORMAL_BETTED","lifecycle":"ACTIVE","credit":3,"heldMedals":741,"bet":3,"pay":0,"bonusCount":0,"lampOn":false,"displayStops":{"left":4,"center":17,"right":20},"stoppedMask":7}}
[21:01:52] [Render thread/INFO] (PiriRuntimeAcceptance) PIRI_PHASE02_PACKET {"type":"ACTION_ACCEPTED","payload":{"clientSequence":299,"action":"SPACE_ACTION"}}
[21:01:52] [Render thread/INFO] (PiriRuntimeAcceptance) PIRI_PHASE02_PACKET {"type":"PUBLIC_STATE","payload":{"sessionId":"af0b55a1-65ac-4f46-8884-c95d7e3b002d","machineId":1,"expectedNextClientSequence":300,"gameState":"NORMAL_SPINNING","lifecycle":"ACTIVE","credit":3,"heldMedals":741,"bet":3,"pay":0,"bonusCount":0,"lampOn":false,"displayStops":{"left":4,"center":17,"right":20},"stoppedMask":0}}
[21:01:52] [Render thread/INFO] (PiriRuntimeAcceptance) PIRI_PHASE02_PACKET {"type":"SPIN_START","payload":{"sessionId":"af0b55a1-65ac-4f46-8884-c95d7e3b002d","machineId":1,"spinId":"79815ff5-4c3c-46e1-8001-8e7a922976e5","mode":"NORMAL","animation":"NORMAL","startPhase":{"left":4.0,"center":17.0,"right":20.0},"stopEnableAfterMs":400}}
[21:01:53] [Render thread/INFO] (PiriRuntimeAcceptance) PIRI_PHASE02_PACKET {"type":"ACTION_ACCEPTED","payload":{"clientSequence":300,"action":"STOP_LEFT"}}
[21:01:53] [Render thread/INFO] (PiriRuntimeAcceptance) PIRI_PHASE02_PACKET {"type":"REEL_STOP","payload":{"spinId":"79815ff5-4c3c-46e1-8001-8e7a922976e5","reel":"LEFT","pressedIndex":15,"stopIndex":15,"slip":0,"durationMs":80}}
[21:01:53] [Render thread/INFO] (PiriRuntimeAcceptance) PIRI_PHASE02_PACKET {"type":"PUBLIC_STATE","payload":{"sessionId":"af0b55a1-65ac-4f46-8884-c95d7e3b002d","machineId":1,"expectedNextClientSequence":301,"gameState":"NORMAL_SPINNING","lifecycle":"ACTIVE","credit":3,"heldMedals":741,"bet":3,"pay":0,"bonusCount":0,"lampOn":false,"displayStops":{"left":15,"center":17,"right":20},"stoppedMask":1}}
[21:01:53] [Render thread/INFO] (PiriRuntimeAcceptance) PIRI_PHASE02_PACKET {"type":"ACTION_ACCEPTED","payload":{"clientSequence":301,"action":"STOP_RIGHT"}}
[21:01:53] [Render thread/INFO] (PiriRuntimeAcceptance) PIRI_PHASE02_PACKET {"type":"REEL_STOP","payload":{"spinId":"79815ff5-4c3c-46e1-8001-8e7a922976e5","reel":"RIGHT","pressedIndex":19,"stopIndex":20,"slip":1,"durationMs":130}}
[21:01:53] [Render thread/INFO] (PiriRuntimeAcceptance) PIRI_PHASE02_PACKET {"type":"PUBLIC_STATE","payload":{"sessionId":"af0b55a1-65ac-4f46-8884-c95d7e3b002d","machineId":1,"expectedNextClientSequence":302,"gameState":"NORMAL_SPINNING","lifecycle":"ACTIVE","credit":3,"heldMedals":741,"bet":3,"pay":0,"bonusCount":0,"lampOn":false,"displayStops":{"left":15,"center":17,"right":20},"stoppedMask":5}}
[21:01:54] [Render thread/INFO] (PiriRuntimeAcceptance) PIRI_PHASE02_PACKET {"type":"ACTION_ACCEPTED","payload":{"clientSequence":302,"action":"STOP_CENTER"}}
[21:01:54] [Render thread/INFO] (PiriRuntimeAcceptance) PIRI_PHASE02_PACKET {"type":"REEL_STOP","payload":{"spinId":"79815ff5-4c3c-46e1-8001-8e7a922976e5","reel":"CENTER","pressedIndex":5,"stopIndex":8,"slip":3,"durationMs":230}}
[21:01:54] [Render thread/INFO] (PiriRuntimeAcceptance) PIRI_PHASE02_PACKET {"type":"PAYOUT","payload":{}}
[21:01:54] [Render thread/INFO] (PiriRuntimeAcceptance) PIRI_PHASE02_PACKET {"type":"PUBLIC_STATE","payload":{"sessionId":"af0b55a1-65ac-4f46-8884-c95d7e3b002d","machineId":1,"expectedNextClientSequence":303,"gameState":"SEATED_READY","lifecycle":"ACTIVE","credit":11,"heldMedals":741,"bet":0,"pay":8,"bonusCount":0,"lampOn":false,"displayStops":{"left":15,"center":8,"right":20},"stoppedMask":7}}
[21:01:55] [Render thread/INFO] (PiriRuntimeAcceptance) PIRI_PHASE02_PACKET {"type":"ACTION_ACCEPTED","payload":{"clientSequence":303,"action":"SPACE_ACTION"}}
[21:01:55] [Render thread/INFO] (PiriRuntimeAcceptance) PIRI_PHASE02_PACKET {"type":"PUBLIC_STATE","payload":{"sessionId":"af0b55a1-65ac-4f46-8884-c95d7e3b002d","machineId":1,"expectedNextClientSequence":304,"gameState":"NORMAL_BETTED","lifecycle":"ACTIVE","credit":8,"heldMedals":741,"bet":3,"pay":0,"bonusCount":0,"lampOn":false,"displayStops":{"left":15,"center":8,"right":20},"stoppedMask":7}}
[21:01:55] [Render thread/INFO] (PiriRuntimeAcceptance) PIRI_PHASE02_PACKET {"type":"ACTION_ACCEPTED","payload":{"clientSequence":304,"action":"SPACE_ACTION"}}
[21:01:55] [Render thread/INFO] (PiriRuntimeAcceptance) PIRI_PHASE02_PACKET {"type":"PUBLIC_STATE","payload":{"sessionId":"af0b55a1-65ac-4f46-8884-c95d7e3b002d","machineId":1,"expectedNextClientSequence":305,"gameState":"NORMAL_SPINNING","lifecycle":"ACTIVE","credit":8,"heldMedals":741,"bet":3,"pay":0,"bonusCount":0,"lampOn":false,"displayStops":{"left":15,"center":8,"right":20},"stoppedMask":0}}
[21:01:55] [Render thread/INFO] (PiriRuntimeAcceptance) PIRI_PHASE02_PACKET {"type":"SPIN_START","payload":{"sessionId":"af0b55a1-65ac-4f46-8884-c95d7e3b002d","machineId":1,"spinId":"5ffbffa1-70f2-407f-a7ac-1f2cbb33bddb","mode":"NORMAL","animation":"NORMAL","startPhase":{"left":15.0,"center":8.0,"right":20.0},"stopEnableAfterMs":400}}
[21:01:56] [Render thread/INFO] (PiriRuntimeAcceptance) PIRI_PHASE02_PACKET {"type":"ACTION_ACCEPTED","payload":{"clientSequence":305,"action":"STOP_CENTER"}}
[21:01:56] [Render thread/INFO] (PiriRuntimeAcceptance) PIRI_PHASE02_PACKET {"type":"REEL_STOP","payload":{"spinId":"5ffbffa1-70f2-407f-a7ac-1f2cbb33bddb","reel":"CENTER","pressedIndex":15,"stopIndex":15,"slip":0,"durationMs":80}}
[21:01:56] [Render thread/INFO] (PiriRuntimeAcceptance) PIRI_PHASE02_PACKET {"type":"PUBLIC_STATE","payload":{"sessionId":"af0b55a1-65ac-4f46-8884-c95d7e3b002d","machineId":1,"expectedNextClientSequence":306,"gameState":"NORMAL_SPINNING","lifecycle":"ACTIVE","credit":8,"heldMedals":741,"bet":3,"pay":0,"bonusCount":0,"lampOn":false,"displayStops":{"left":15,"center":15,"right":20},"stoppedMask":2}}
[21:01:57] [Render thread/INFO] (PiriRuntimeAcceptance) PIRI_PHASE02_PACKET {"type":"ACTION_ACCEPTED","payload":{"clientSequence":306,"action":"STOP_LEFT"}}
[21:01:57] [Render thread/INFO] (PiriRuntimeAcceptance) PIRI_PHASE02_PACKET {"type":"REEL_STOP","payload":{"spinId":"5ffbffa1-70f2-407f-a7ac-1f2cbb33bddb","reel":"LEFT","pressedIndex":14,"stopIndex":14,"slip":0,"durationMs":80}}
[21:01:57] [Render thread/INFO] (PiriRuntimeAcceptance) PIRI_PHASE02_PACKET {"type":"PUBLIC_STATE","payload":{"sessionId":"af0b55a1-65ac-4f46-8884-c95d7e3b002d","machineId":1,"expectedNextClientSequence":307,"gameState":"NORMAL_SPINNING","lifecycle":"ACTIVE","credit":8,"heldMedals":741,"bet":3,"pay":0,"bonusCount":0,"lampOn":false,"displayStops":{"left":14,"center":15,"right":20},"stoppedMask":3}}
[21:01:57] [Render thread/INFO] (PiriRuntimeAcceptance) PIRI_PHASE02_PACKET {"type":"ACTION_ACCEPTED","payload":{"clientSequence":307,"action":"STOP_RIGHT"}}
[21:01:57] [Render thread/INFO] (PiriRuntimeAcceptance) PIRI_PHASE02_PACKET {"type":"REEL_STOP","payload":{"spinId":"5ffbffa1-70f2-407f-a7ac-1f2cbb33bddb","reel":"RIGHT","pressedIndex":7,"stopIndex":7,"slip":0,"durationMs":80}}
[21:01:57] [Render thread/INFO] (PiriRuntimeAcceptance) PIRI_PHASE02_PACKET {"type":"PUBLIC_STATE","payload":{"sessionId":"af0b55a1-65ac-4f46-8884-c95d7e3b002d","machineId":1,"expectedNextClientSequence":308,"gameState":"SEATED_READY","lifecycle":"ACTIVE","credit":8,"heldMedals":741,"bet":0,"pay":0,"bonusCount":0,"lampOn":false,"displayStops":{"left":14,"center":15,"right":7},"stoppedMask":7}}
[21:01:58] [Render thread/INFO] (PiriRuntimeAcceptance) PIRI_PHASE02_PACKET {"type":"ACTION_ACCEPTED","payload":{"clientSequence":308,"action":"SPACE_ACTION"}}
[21:01:58] [Render thread/INFO] (PiriRuntimeAcceptance) PIRI_PHASE02_PACKET {"type":"PUBLIC_STATE","payload":{"sessionId":"af0b55a1-65ac-4f46-8884-c95d7e3b002d","machineId":1,"expectedNextClientSequence":309,"gameState":"NORMAL_BETTED","lifecycle":"ACTIVE","credit":5,"heldMedals":741,"bet":3,"pay":0,"bonusCount":0,"lampOn":false,"displayStops":{"left":14,"center":15,"right":7},"stoppedMask":7}}
[21:01:58] [Render thread/INFO] (PiriRuntimeAcceptance) PIRI_PHASE02_PACKET {"type":"ACTION_ACCEPTED","payload":{"clientSequence":309,"action":"SPACE_ACTION"}}
[21:01:58] [Render thread/INFO] (PiriRuntimeAcceptance) PIRI_PHASE02_PACKET {"type":"PUBLIC_STATE","payload":{"sessionId":"af0b55a1-65ac-4f46-8884-c95d7e3b002d","machineId":1,"expectedNextClientSequence":310,"gameState":"NORMAL_SPINNING","lifecycle":"ACTIVE","credit":5,"heldMedals":741,"bet":3,"pay":0,"bonusCount":0,"lampOn":false,"displayStops":{"left":14,"center":15,"right":7},"stoppedMask":0}}
[21:01:58] [Render thread/INFO] (PiriRuntimeAcceptance) PIRI_PHASE02_PACKET {"type":"SPIN_START","payload":{"sessionId":"af0b55a1-65ac-4f46-8884-c95d7e3b002d","machineId":1,"spinId":"84f50ee3-ff9c-464d-8a63-ae58ac2370cc","mode":"NORMAL","animation":"NORMAL","startPhase":{"left":14.0,"center":15.0,"right":7.0},"stopEnableAfterMs":400}}
[21:01:59] [Render thread/INFO] (PiriRuntimeAcceptance) PIRI_PHASE02_PACKET {"type":"ACTION_ACCEPTED","payload":{"clientSequence":310,"action":"STOP_CENTER"}}
[21:01:59] [Render thread/INFO] (PiriRuntimeAcceptance) PIRI_PHASE02_PACKET {"type":"REEL_STOP","payload":{"spinId":"84f50ee3-ff9c-464d-8a63-ae58ac2370cc","reel":"CENTER","pressedIndex":1,"stopIndex":3,"slip":2,"durationMs":180}}
[21:01:59] [Render thread/INFO] (PiriRuntimeAcceptance) PIRI_PHASE02_PACKET {"type":"PUBLIC_STATE","payload":{"sessionId":"af0b55a1-65ac-4f46-8884-c95d7e3b002d","machineId":1,"expectedNextClientSequence":311,"gameState":"NORMAL_SPINNING","lifecycle":"ACTIVE","credit":5,"heldMedals":741,"bet":3,"pay":0,"bonusCount":0,"lampOn":false,"displayStops":{"left":14,"center":3,"right":7},"stoppedMask":2}}
[21:02:00] [Render thread/INFO] (PiriRuntimeAcceptance) PIRI_PHASE02_PACKET {"type":"ACTION_ACCEPTED","payload":{"clientSequence":311,"action":"STOP_RIGHT"}}
[21:02:00] [Render thread/INFO] (PiriRuntimeAcceptance) PIRI_PHASE02_PACKET {"type":"REEL_STOP","payload":{"spinId":"84f50ee3-ff9c-464d-8a63-ae58ac2370cc","reel":"RIGHT","pressedIndex":7,"stopIndex":10,"slip":3,"durationMs":230}}
[21:02:00] [Render thread/INFO] (PiriRuntimeAcceptance) PIRI_PHASE02_PACKET {"type":"PUBLIC_STATE","payload":{"sessionId":"af0b55a1-65ac-4f46-8884-c95d7e3b002d","machineId":1,"expectedNextClientSequence":312,"gameState":"NORMAL_SPINNING","lifecycle":"ACTIVE","credit":5,"heldMedals":741,"bet":3,"pay":0,"bonusCount":0,"lampOn":false,"displayStops":{"left":14,"center":3,"right":10},"stoppedMask":6}}
[21:02:00] [Render thread/INFO] (PiriRuntimeAcceptance) PIRI_PHASE02_PACKET {"type":"ACTION_ACCEPTED","payload":{"clientSequence":312,"action":"STOP_LEFT"}}
[21:02:00] [Render thread/INFO] (PiriRuntimeAcceptance) PIRI_PHASE02_PACKET {"type":"REEL_STOP","payload":{"spinId":"84f50ee3-ff9c-464d-8a63-ae58ac2370cc","reel":"LEFT","pressedIndex":2,"stopIndex":4,"slip":2,"durationMs":180}}
[21:02:00] [Render thread/INFO] (PiriRuntimeAcceptance) PIRI_PHASE02_PACKET {"type":"PAYOUT","payload":{}}
[21:02:00] [Render thread/INFO] (PiriRuntimeAcceptance) PIRI_PHASE02_PACKET {"type":"PUBLIC_STATE","payload":{"sessionId":"af0b55a1-65ac-4f46-8884-c95d7e3b002d","machineId":1,"expectedNextClientSequence":313,"gameState":"SEATED_READY","lifecycle":"ACTIVE","credit":13,"heldMedals":741,"bet":0,"pay":8,"bonusCount":0,"lampOn":false,"displayStops":{"left":4,"center":3,"right":10},"stoppedMask":7}}
[21:02:01] [Render thread/INFO] (PiriRuntimeAcceptance) PIRI_PHASE02_PACKET {"type":"ACTION_ACCEPTED","payload":{"clientSequence":313,"action":"SPACE_ACTION"}}
[21:02:01] [Render thread/INFO] (PiriRuntimeAcceptance) PIRI_PHASE02_PACKET {"type":"PUBLIC_STATE","payload":{"sessionId":"af0b55a1-65ac-4f46-8884-c95d7e3b002d","machineId":1,"expectedNextClientSequence":314,"gameState":"NORMAL_BETTED","lifecycle":"ACTIVE","credit":10,"heldMedals":741,"bet":3,"pay":0,"bonusCount":0,"lampOn":false,"displayStops":{"left":4,"center":3,"right":10},"stoppedMask":7}}
[21:02:01] [Render thread/INFO] (PiriRuntimeAcceptance) PIRI_PHASE02_PACKET {"type":"ACTION_ACCEPTED","payload":{"clientSequence":314,"action":"SPACE_ACTION"}}
[21:02:01] [Render thread/INFO] (PiriRuntimeAcceptance) PIRI_PHASE02_PACKET {"type":"PUBLIC_STATE","payload":{"sessionId":"af0b55a1-65ac-4f46-8884-c95d7e3b002d","machineId":1,"expectedNextClientSequence":315,"gameState":"NORMAL_SPINNING","lifecycle":"ACTIVE","credit":10,"heldMedals":741,"bet":3,"pay":0,"bonusCount":0,"lampOn":false,"displayStops":{"left":4,"center":3,"right":10},"stoppedMask":0}}
[21:02:01] [Render thread/INFO] (PiriRuntimeAcceptance) PIRI_PHASE02_PACKET {"type":"SPIN_START","payload":{"sessionId":"af0b55a1-65ac-4f46-8884-c95d7e3b002d","machineId":1,"spinId":"0a747883-fc05-47ad-a992-84646cb31bc6","mode":"NORMAL","animation":"NORMAL","startPhase":{"left":4.0,"center":3.0,"right":10.0},"stopEnableAfterMs":400}}
[21:02:02] [Render thread/INFO] (PiriRuntimeAcceptance) PIRI_PHASE02_PACKET {"type":"ACTION_ACCEPTED","payload":{"clientSequence":315,"action":"STOP_RIGHT"}}
[21:02:02] [Render thread/INFO] (PiriRuntimeAcceptance) PIRI_PHASE02_PACKET {"type":"REEL_STOP","payload":{"spinId":"0a747883-fc05-47ad-a992-84646cb31bc6","reel":"RIGHT","pressedIndex":17,"stopIndex":18,"slip":1,"durationMs":130}}
[21:02:02] [Render thread/INFO] (PiriRuntimeAcceptance) PIRI_PHASE02_PACKET {"type":"PUBLIC_STATE","payload":{"sessionId":"af0b55a1-65ac-4f46-8884-c95d7e3b002d","machineId":1,"expectedNextClientSequence":316,"gameState":"NORMAL_SPINNING","lifecycle":"ACTIVE","credit":10,"heldMedals":741,"bet":3,"pay":0,"bonusCount":0,"lampOn":false,"displayStops":{"left":4,"center":3,"right":18},"stoppedMask":4}}
[21:02:02] [Render thread/INFO] (PiriRuntimeAcceptance) PIRI_PHASE02_PACKET {"type":"ACTION_ACCEPTED","payload":{"clientSequence":316,"action":"STOP_LEFT"}}
[21:02:02] [Render thread/INFO] (PiriRuntimeAcceptance) PIRI_PHASE02_PACKET {"type":"REEL_STOP","payload":{"spinId":"0a747883-fc05-47ad-a992-84646cb31bc6","reel":"LEFT","pressedIndex":20,"stopIndex":1,"slip":2,"durationMs":180}}
[21:02:02] [Render thread/INFO] (PiriRuntimeAcceptance) PIRI_PHASE02_PACKET {"type":"PUBLIC_STATE","payload":{"sessionId":"af0b55a1-65ac-4f46-8884-c95d7e3b002d","machineId":1,"expectedNextClientSequence":317,"gameState":"NORMAL_SPINNING","lifecycle":"ACTIVE","credit":10,"heldMedals":741,"bet":3,"pay":0,"bonusCount":0,"lampOn":false,"displayStops":{"left":1,"center":3,"right":18},"stoppedMask":5}}
[21:02:03] [Render thread/INFO] (PiriRuntimeAcceptance) PIRI_PHASE02_PACKET {"type":"ACTION_ACCEPTED","payload":{"clientSequence":317,"action":"STOP_CENTER"}}
[21:02:03] [Render thread/INFO] (PiriRuntimeAcceptance) PIRI_PHASE02_PACKET {"type":"REEL_STOP","payload":{"spinId":"0a747883-fc05-47ad-a992-84646cb31bc6","reel":"CENTER","pressedIndex":7,"stopIndex":7,"slip":0,"durationMs":80}}
[21:02:03] [Render thread/INFO] (PiriRuntimeAcceptance) PIRI_PHASE02_PACKET {"type":"PAYOUT","payload":{}}
[21:02:03] [Render thread/INFO] (PiriRuntimeAcceptance) PIRI_PHASE02_PACKET {"type":"PUBLIC_STATE","payload":{"sessionId":"af0b55a1-65ac-4f46-8884-c95d7e3b002d","machineId":1,"expectedNextClientSequence":318,"gameState":"SEATED_READY","lifecycle":"ACTIVE","credit":18,"heldMedals":741,"bet":0,"pay":8,"bonusCount":0,"lampOn":false,"displayStops":{"left":1,"center":7,"right":18},"stoppedMask":7}}
[21:02:03] [Render thread/INFO] (PiriRuntimeAcceptance) PIRI_PHASE02_PACKET {"type":"ACTION_ACCEPTED","payload":{"clientSequence":318,"action":"SPACE_ACTION"}}
[21:02:03] [Render thread/INFO] (PiriRuntimeAcceptance) PIRI_PHASE02_PACKET {"type":"PUBLIC_STATE","payload":{"sessionId":"af0b55a1-65ac-4f46-8884-c95d7e3b002d","machineId":1,"expectedNextClientSequence":319,"gameState":"NORMAL_BETTED","lifecycle":"ACTIVE","credit":15,"heldMedals":741,"bet":3,"pay":0,"bonusCount":0,"lampOn":false,"displayStops":{"left":1,"center":7,"right":18},"stoppedMask":7}}
[21:02:04] [Render thread/INFO] (PiriRuntimeAcceptance) PIRI_PHASE02_PACKET {"type":"ACTION_ACCEPTED","payload":{"clientSequence":319,"action":"SPACE_ACTION"}}
[21:02:04] [Render thread/INFO] (PiriRuntimeAcceptance) PIRI_PHASE02_PACKET {"type":"PUBLIC_STATE","payload":{"sessionId":"af0b55a1-65ac-4f46-8884-c95d7e3b002d","machineId":1,"expectedNextClientSequence":320,"gameState":"NORMAL_SPINNING","lifecycle":"ACTIVE","credit":15,"heldMedals":741,"bet":3,"pay":0,"bonusCount":0,"lampOn":false,"displayStops":{"left":1,"center":7,"right":18},"stoppedMask":0}}
[21:02:04] [Render thread/INFO] (PiriRuntimeAcceptance) PIRI_PHASE02_PACKET {"type":"SPIN_START","payload":{"sessionId":"af0b55a1-65ac-4f46-8884-c95d7e3b002d","machineId":1,"spinId":"003f1156-0b03-4a7f-8a77-4c934045f615","mode":"NORMAL","animation":"NORMAL","startPhase":{"left":1.0,"center":7.0,"right":18.0},"stopEnableAfterMs":400}}
[21:02:05] [Render thread/INFO] (PiriRuntimeAcceptance) PIRI_PHASE02_PACKET {"type":"ACTION_ACCEPTED","payload":{"clientSequence":320,"action":"STOP_RIGHT"}}
[21:02:05] [Render thread/INFO] (PiriRuntimeAcceptance) PIRI_PHASE02_PACKET {"type":"REEL_STOP","payload":{"spinId":"003f1156-0b03-4a7f-8a77-4c934045f615","reel":"RIGHT","pressedIndex":4,"stopIndex":6,"slip":2,"durationMs":180}}
[21:02:05] [Render thread/INFO] (PiriRuntimeAcceptance) PIRI_PHASE02_PACKET {"type":"PUBLIC_STATE","payload":{"sessionId":"af0b55a1-65ac-4f46-8884-c95d7e3b002d","machineId":1,"expectedNextClientSequence":321,"gameState":"NORMAL_SPINNING","lifecycle":"ACTIVE","credit":15,"heldMedals":741,"bet":3,"pay":0,"bonusCount":0,"lampOn":false,"displayStops":{"left":1,"center":7,"right":6},"stoppedMask":4}}
[21:02:05] [Render thread/INFO] (PiriRuntimeAcceptance) PIRI_PHASE02_PACKET {"type":"ACTION_ACCEPTED","payload":{"clientSequence":321,"action":"STOP_CENTER"}}
[21:02:05] [Render thread/INFO] (PiriRuntimeAcceptance) PIRI_PHASE02_PACKET {"type":"REEL_STOP","payload":{"spinId":"003f1156-0b03-4a7f-8a77-4c934045f615","reel":"CENTER","pressedIndex":2,"stopIndex":3,"slip":1,"durationMs":130}}
[21:02:05] [Render thread/INFO] (PiriRuntimeAcceptance) PIRI_PHASE02_PACKET {"type":"PUBLIC_STATE","payload":{"sessionId":"af0b55a1-65ac-4f46-8884-c95d7e3b002d","machineId":1,"expectedNextClientSequence":322,"gameState":"NORMAL_SPINNING","lifecycle":"ACTIVE","credit":15,"heldMedals":741,"bet":3,"pay":0,"bonusCount":0,"lampOn":false,"displayStops":{"left":1,"center":3,"right":6},"stoppedMask":6}}
[21:02:06] [Render thread/INFO] (PiriRuntimeAcceptance) PIRI_PHASE02_PACKET {"type":"ACTION_ACCEPTED","payload":{"clientSequence":322,"action":"STOP_LEFT"}}
[21:02:06] [Render thread/INFO] (PiriRuntimeAcceptance) PIRI_PHASE02_PACKET {"type":"REEL_STOP","payload":{"spinId":"003f1156-0b03-4a7f-8a77-4c934045f615","reel":"LEFT","pressedIndex":5,"stopIndex":6,"slip":1,"durationMs":130}}
[21:02:06] [Render thread/INFO] (PiriRuntimeAcceptance) PIRI_PHASE02_PACKET {"type":"PAYOUT","payload":{}}
[21:02:06] [Render thread/INFO] (PiriRuntimeAcceptance) PIRI_PHASE02_PACKET {"type":"PUBLIC_STATE","payload":{"sessionId":"af0b55a1-65ac-4f46-8884-c95d7e3b002d","machineId":1,"expectedNextClientSequence":323,"gameState":"SEATED_READY","lifecycle":"ACTIVE","credit":23,"heldMedals":741,"bet":0,"pay":8,"bonusCount":0,"lampOn":false,"displayStops":{"left":6,"center":3,"right":6},"stoppedMask":7}}
[21:02:06] [Render thread/INFO] (PiriRuntimeAcceptance) PIRI_PHASE02_PACKET {"type":"ACTION_ACCEPTED","payload":{"clientSequence":323,"action":"SPACE_ACTION"}}
[21:02:06] [Render thread/INFO] (PiriRuntimeAcceptance) PIRI_PHASE02_PACKET {"type":"PUBLIC_STATE","payload":{"sessionId":"af0b55a1-65ac-4f46-8884-c95d7e3b002d","machineId":1,"expectedNextClientSequence":324,"gameState":"NORMAL_BETTED","lifecycle":"ACTIVE","credit":20,"heldMedals":741,"bet":3,"pay":0,"bonusCount":0,"lampOn":false,"displayStops":{"left":6,"center":3,"right":6},"stoppedMask":7}}
[21:02:07] [Render thread/INFO] (PiriRuntimeAcceptance) PIRI_PHASE02_PACKET {"type":"ACTION_ACCEPTED","payload":{"clientSequence":324,"action":"SPACE_ACTION"}}
[21:02:07] [Render thread/INFO] (PiriRuntimeAcceptance) PIRI_PHASE02_PACKET {"type":"PUBLIC_STATE","payload":{"sessionId":"af0b55a1-65ac-4f46-8884-c95d7e3b002d","machineId":1,"expectedNextClientSequence":325,"gameState":"NORMAL_SPINNING","lifecycle":"ACTIVE","credit":20,"heldMedals":741,"bet":3,"pay":0,"bonusCount":0,"lampOn":false,"displayStops":{"left":6,"center":3,"right":6},"stoppedMask":0}}
[21:02:07] [Render thread/INFO] (PiriRuntimeAcceptance) PIRI_PHASE02_PACKET {"type":"SPIN_START","payload":{"sessionId":"af0b55a1-65ac-4f46-8884-c95d7e3b002d","machineId":1,"spinId":"1d3b7b79-88ae-4b91-8c7a-e8e1c7dae101","mode":"NORMAL","animation":"NORMAL","startPhase":{"left":6.0,"center":3.0,"right":6.0},"stopEnableAfterMs":400}}
[21:02:08] [Render thread/INFO] (PiriRuntimeAcceptance) PIRI_PHASE02_PACKET {"type":"ACTION_ACCEPTED","payload":{"clientSequence":325,"action":"STOP_LEFT"}}
[21:02:08] [Render thread/INFO] (PiriRuntimeAcceptance) PIRI_PHASE02_PACKET {"type":"REEL_STOP","payload":{"spinId":"1d3b7b79-88ae-4b91-8c7a-e8e1c7dae101","reel":"LEFT","pressedIndex":13,"stopIndex":14,"slip":1,"durationMs":130}}
[21:02:08] [Render thread/INFO] (PiriRuntimeAcceptance) PIRI_PHASE02_PACKET {"type":"PUBLIC_STATE","payload":{"sessionId":"af0b55a1-65ac-4f46-8884-c95d7e3b002d","machineId":1,"expectedNextClientSequence":326,"gameState":"NORMAL_SPINNING","lifecycle":"ACTIVE","credit":20,"heldMedals":741,"bet":3,"pay":0,"bonusCount":0,"lampOn":false,"displayStops":{"left":14,"center":3,"right":6},"stoppedMask":1}}
[21:02:08] [Render thread/INFO] (PiriRuntimeAcceptance) PIRI_PHASE02_PACKET {"type":"ACTION_ACCEPTED","payload":{"clientSequence":326,"action":"STOP_CENTER"}}
[21:02:08] [Render thread/INFO] (PiriRuntimeAcceptance) PIRI_PHASE02_PACKET {"type":"REEL_STOP","payload":{"spinId":"1d3b7b79-88ae-4b91-8c7a-e8e1c7dae101","reel":"CENTER","pressedIndex":19,"stopIndex":1,"slip":3,"durationMs":230}}
[21:02:08] [Render thread/INFO] (PiriRuntimeAcceptance) PIRI_PHASE02_PACKET {"type":"PUBLIC_STATE","payload":{"sessionId":"af0b55a1-65ac-4f46-8884-c95d7e3b002d","machineId":1,"expectedNextClientSequence":327,"gameState":"NORMAL_SPINNING","lifecycle":"ACTIVE","credit":20,"heldMedals":741,"bet":3,"pay":0,"bonusCount":0,"lampOn":false,"displayStops":{"left":14,"center":1,"right":6},"stoppedMask":3}}
[21:02:09] [Render thread/INFO] (PiriRuntimeAcceptance) PIRI_PHASE02_PACKET {"type":"ACTION_ACCEPTED","payload":{"clientSequence":327,"action":"STOP_RIGHT"}}
[21:02:09] [Render thread/INFO] (PiriRuntimeAcceptance) PIRI_PHASE02_PACKET {"type":"REEL_STOP","payload":{"spinId":"1d3b7b79-88ae-4b91-8c7a-e8e1c7dae101","reel":"RIGHT","pressedIndex":10,"stopIndex":13,"slip":3,"durationMs":230}}
[21:02:09] [Render thread/INFO] (PiriRuntimeAcceptance) PIRI_PHASE02_PACKET {"type":"PUBLIC_STATE","payload":{"sessionId":"af0b55a1-65ac-4f46-8884-c95d7e3b002d","machineId":1,"expectedNextClientSequence":328,"gameState":"REPLAY_READY","lifecycle":"ACTIVE","credit":20,"heldMedals":741,"bet":3,"pay":0,"bonusCount":0,"lampOn":false,"displayStops":{"left":14,"center":1,"right":13},"stoppedMask":7}}
[21:02:09] [Render thread/INFO] (PiriRuntimeAcceptance) PIRI_PHASE02_PACKET {"type":"ACTION_ACCEPTED","payload":{"clientSequence":328,"action":"SPACE_ACTION"}}
[21:02:09] [Render thread/INFO] (PiriRuntimeAcceptance) PIRI_PHASE02_PACKET {"type":"PUBLIC_STATE","payload":{"sessionId":"af0b55a1-65ac-4f46-8884-c95d7e3b002d","machineId":1,"expectedNextClientSequence":329,"gameState":"NORMAL_SPINNING","lifecycle":"ACTIVE","credit":20,"heldMedals":741,"bet":3,"pay":0,"bonusCount":0,"lampOn":false,"displayStops":{"left":14,"center":1,"right":13},"stoppedMask":0}}
[21:02:09] [Render thread/INFO] (PiriRuntimeAcceptance) PIRI_PHASE02_PACKET {"type":"SPIN_START","payload":{"sessionId":"af0b55a1-65ac-4f46-8884-c95d7e3b002d","machineId":1,"spinId":"e84fa987-199a-4e5b-ab5c-4884b05bd1b2","mode":"NORMAL","animation":"NORMAL","startPhase":{"left":14.0,"center":1.0,"right":13.0},"stopEnableAfterMs":400}}
[21:02:10] [Render thread/INFO] (PiriRuntimeAcceptance) PIRI_PHASE02_PACKET {"type":"ACTION_ACCEPTED","payload":{"clientSequence":329,"action":"STOP_LEFT"}}
[21:02:10] [Render thread/INFO] (PiriRuntimeAcceptance) PIRI_PHASE02_PACKET {"type":"REEL_STOP","payload":{"spinId":"e84fa987-199a-4e5b-ab5c-4884b05bd1b2","reel":"LEFT","pressedIndex":0,"stopIndex":1,"slip":1,"durationMs":130}}
[21:02:10] [Render thread/INFO] (PiriRuntimeAcceptance) PIRI_PHASE02_PACKET {"type":"PUBLIC_STATE","payload":{"sessionId":"af0b55a1-65ac-4f46-8884-c95d7e3b002d","machineId":1,"expectedNextClientSequence":330,"gameState":"NORMAL_SPINNING","lifecycle":"ACTIVE","credit":20,"heldMedals":741,"bet":3,"pay":0,"bonusCount":0,"lampOn":false,"displayStops":{"left":1,"center":1,"right":13},"stoppedMask":1}}
[21:02:11] [Render thread/INFO] (PiriRuntimeAcceptance) PIRI_PHASE02_PACKET {"type":"ACTION_ACCEPTED","payload":{"clientSequence":330,"action":"STOP_RIGHT"}}
[21:02:11] [Render thread/INFO] (PiriRuntimeAcceptance) PIRI_PHASE02_PACKET {"type":"REEL_STOP","payload":{"spinId":"e84fa987-199a-4e5b-ab5c-4884b05bd1b2","reel":"RIGHT","pressedIndex":8,"stopIndex":10,"slip":2,"durationMs":180}}
[21:02:11] [Render thread/INFO] (PiriRuntimeAcceptance) PIRI_PHASE02_PACKET {"type":"PUBLIC_STATE","payload":{"sessionId":"af0b55a1-65ac-4f46-8884-c95d7e3b002d","machineId":1,"expectedNextClientSequence":331,"gameState":"NORMAL_SPINNING","lifecycle":"ACTIVE","credit":20,"heldMedals":741,"bet":3,"pay":0,"bonusCount":0,"lampOn":false,"displayStops":{"left":1,"center":1,"right":10},"stoppedMask":5}}
[21:02:11] [Render thread/INFO] (PiriRuntimeAcceptance) PIRI_PHASE02_PACKET {"type":"ACTION_ACCEPTED","payload":{"clientSequence":331,"action":"STOP_CENTER"}}
[21:02:11] [Render thread/INFO] (PiriRuntimeAcceptance) PIRI_PHASE02_PACKET {"type":"REEL_STOP","payload":{"spinId":"e84fa987-199a-4e5b-ab5c-4884b05bd1b2","reel":"CENTER","pressedIndex":5,"stopIndex":6,"slip":1,"durationMs":130}}
[21:02:11] [Render thread/INFO] (PiriRuntimeAcceptance) PIRI_PHASE02_PACKET {"type":"PUBLIC_STATE","payload":{"sessionId":"af0b55a1-65ac-4f46-8884-c95d7e3b002d","machineId":1,"expectedNextClientSequence":332,"gameState":"REPLAY_READY","lifecycle":"ACTIVE","credit":20,"heldMedals":741,"bet":3,"pay":0,"bonusCount":0,"lampOn":false,"displayStops":{"left":1,"center":6,"right":10},"stoppedMask":7}}
[21:02:12] [Render thread/INFO] (PiriRuntimeAcceptance) PIRI_PHASE02_PACKET {"type":"ACTION_ACCEPTED","payload":{"clientSequence":332,"action":"SPACE_ACTION"}}
[21:02:12] [Render thread/INFO] (PiriRuntimeAcceptance) PIRI_PHASE02_PACKET {"type":"PUBLIC_STATE","payload":{"sessionId":"af0b55a1-65ac-4f46-8884-c95d7e3b002d","machineId":1,"expectedNextClientSequence":333,"gameState":"NORMAL_SPINNING","lifecycle":"ACTIVE","credit":20,"heldMedals":741,"bet":3,"pay":0,"bonusCount":0,"lampOn":false,"displayStops":{"left":1,"center":6,"right":10},"stoppedMask":0}}
[21:02:12] [Render thread/INFO] (PiriRuntimeAcceptance) PIRI_PHASE02_PACKET {"type":"SPIN_START","payload":{"sessionId":"af0b55a1-65ac-4f46-8884-c95d7e3b002d","machineId":1,"spinId":"f89ecc73-eafb-4754-ab76-b59f8322412f","mode":"NORMAL","animation":"NORMAL","startPhase":{"left":1.0,"center":6.0,"right":10.0},"stopEnableAfterMs":400}}
[21:02:12] [Render thread/INFO] (PiriRuntimeAcceptance) PIRI_PHASE02_PACKET {"type":"ACTION_ACCEPTED","payload":{"clientSequence":333,"action":"STOP_CENTER"}}
[21:02:12] [Render thread/INFO] (PiriRuntimeAcceptance) PIRI_PHASE02_PACKET {"type":"REEL_STOP","payload":{"spinId":"f89ecc73-eafb-4754-ab76-b59f8322412f","reel":"CENTER","pressedIndex":13,"stopIndex":13,"slip":0,"durationMs":80}}
[21:02:12] [Render thread/INFO] (PiriRuntimeAcceptance) PIRI_PHASE02_PACKET {"type":"PUBLIC_STATE","payload":{"sessionId":"af0b55a1-65ac-4f46-8884-c95d7e3b002d","machineId":1,"expectedNextClientSequence":334,"gameState":"NORMAL_SPINNING","lifecycle":"ACTIVE","credit":20,"heldMedals":741,"bet":3,"pay":0,"bonusCount":0,"lampOn":false,"displayStops":{"left":1,"center":13,"right":10},"stoppedMask":2}}
[21:02:13] [Render thread/INFO] (PiriRuntimeAcceptance) PIRI_PHASE02_PACKET {"type":"ACTION_ACCEPTED","payload":{"clientSequence":334,"action":"STOP_LEFT"}}
[21:02:13] [Render thread/INFO] (PiriRuntimeAcceptance) PIRI_PHASE02_PACKET {"type":"REEL_STOP","payload":{"spinId":"f89ecc73-eafb-4754-ab76-b59f8322412f","reel":"LEFT","pressedIndex":17,"stopIndex":17,"slip":0,"durationMs":80}}
[21:02:13] [Render thread/INFO] (PiriRuntimeAcceptance) PIRI_PHASE02_PACKET {"type":"PUBLIC_STATE","payload":{"sessionId":"af0b55a1-65ac-4f46-8884-c95d7e3b002d","machineId":1,"expectedNextClientSequence":335,"gameState":"NORMAL_SPINNING","lifecycle":"ACTIVE","credit":20,"heldMedals":741,"bet":3,"pay":0,"bonusCount":0,"lampOn":false,"displayStops":{"left":17,"center":13,"right":10},"stoppedMask":3}}
[21:02:14] [Render thread/INFO] (PiriRuntimeAcceptance) PIRI_PHASE02_PACKET {"type":"ACTION_ACCEPTED","payload":{"clientSequence":335,"action":"STOP_RIGHT"}}
[21:02:14] [Render thread/INFO] (PiriRuntimeAcceptance) PIRI_PHASE02_PACKET {"type":"REEL_STOP","payload":{"spinId":"f89ecc73-eafb-4754-ab76-b59f8322412f","reel":"RIGHT","pressedIndex":18,"stopIndex":18,"slip":0,"durationMs":80}}
[21:02:14] [Render thread/INFO] (PiriRuntimeAcceptance) PIRI_PHASE02_PACKET {"type":"PUBLIC_STATE","payload":{"sessionId":"af0b55a1-65ac-4f46-8884-c95d7e3b002d","machineId":1,"expectedNextClientSequence":336,"gameState":"SEATED_READY","lifecycle":"ACTIVE","credit":20,"heldMedals":741,"bet":0,"pay":0,"bonusCount":0,"lampOn":false,"displayStops":{"left":17,"center":13,"right":18},"stoppedMask":7}}
[21:02:14] [Render thread/INFO] (PiriRuntimeAcceptance) PIRI_PHASE02_PACKET {"type":"ACTION_ACCEPTED","payload":{"clientSequence":336,"action":"SPACE_ACTION"}}
[21:02:14] [Render thread/INFO] (PiriRuntimeAcceptance) PIRI_PHASE02_PACKET {"type":"PUBLIC_STATE","payload":{"sessionId":"af0b55a1-65ac-4f46-8884-c95d7e3b002d","machineId":1,"expectedNextClientSequence":337,"gameState":"NORMAL_BETTED","lifecycle":"ACTIVE","credit":17,"heldMedals":741,"bet":3,"pay":0,"bonusCount":0,"lampOn":false,"displayStops":{"left":17,"center":13,"right":18},"stoppedMask":7}}
[21:02:15] [Render thread/INFO] (PiriRuntimeAcceptance) PIRI_PHASE02_PACKET {"type":"ACTION_ACCEPTED","payload":{"clientSequence":337,"action":"SPACE_ACTION"}}
[21:02:15] [Render thread/INFO] (PiriRuntimeAcceptance) PIRI_PHASE02_PACKET {"type":"PUBLIC_STATE","payload":{"sessionId":"af0b55a1-65ac-4f46-8884-c95d7e3b002d","machineId":1,"expectedNextClientSequence":338,"gameState":"NORMAL_SPINNING","lifecycle":"ACTIVE","credit":17,"heldMedals":741,"bet":3,"pay":0,"bonusCount":0,"lampOn":false,"displayStops":{"left":17,"center":13,"right":18},"stoppedMask":0}}
[21:02:15] [Render thread/INFO] (PiriRuntimeAcceptance) PIRI_PHASE02_PACKET {"type":"SPIN_START","payload":{"sessionId":"af0b55a1-65ac-4f46-8884-c95d7e3b002d","machineId":1,"spinId":"a7d3d9ac-1ce0-4de7-ae8c-481d99411e07","mode":"NORMAL","animation":"NORMAL","startPhase":{"left":17.0,"center":13.0,"right":18.0},"stopEnableAfterMs":400}}
[21:02:16] [Render thread/INFO] (PiriRuntimeAcceptance) PIRI_PHASE02_PACKET {"type":"ACTION_ACCEPTED","payload":{"clientSequence":338,"action":"STOP_CENTER"}}
[21:02:16] [Render thread/INFO] (PiriRuntimeAcceptance) PIRI_PHASE02_PACKET {"type":"REEL_STOP","payload":{"spinId":"a7d3d9ac-1ce0-4de7-ae8c-481d99411e07","reel":"CENTER","pressedIndex":20,"stopIndex":20,"slip":0,"durationMs":80}}
[21:02:16] [Render thread/INFO] (PiriRuntimeAcceptance) PIRI_PHASE02_PACKET {"type":"PUBLIC_STATE","payload":{"sessionId":"af0b55a1-65ac-4f46-8884-c95d7e3b002d","machineId":1,"expectedNextClientSequence":339,"gameState":"NORMAL_SPINNING","lifecycle":"ACTIVE","credit":17,"heldMedals":741,"bet":3,"pay":0,"bonusCount":0,"lampOn":false,"displayStops":{"left":17,"center":20,"right":18},"stoppedMask":2}}
[21:02:16] [Render thread/INFO] (PiriRuntimeAcceptance) PIRI_PHASE02_PACKET {"type":"ACTION_ACCEPTED","payload":{"clientSequence":339,"action":"STOP_RIGHT"}}
[21:02:16] [Render thread/INFO] (PiriRuntimeAcceptance) PIRI_PHASE02_PACKET {"type":"REEL_STOP","payload":{"spinId":"a7d3d9ac-1ce0-4de7-ae8c-481d99411e07","reel":"RIGHT","pressedIndex":13,"stopIndex":14,"slip":1,"durationMs":130}}
[21:02:16] [Render thread/INFO] (PiriRuntimeAcceptance) PIRI_PHASE02_PACKET {"type":"PUBLIC_STATE","payload":{"sessionId":"af0b55a1-65ac-4f46-8884-c95d7e3b002d","machineId":1,"expectedNextClientSequence":340,"gameState":"NORMAL_SPINNING","lifecycle":"ACTIVE","credit":17,"heldMedals":741,"bet":3,"pay":0,"bonusCount":0,"lampOn":false,"displayStops":{"left":17,"center":20,"right":14},"stoppedMask":6}}
[21:02:16] [Render thread/INFO] (PiriRuntimeAcceptance) PIRI_PHASE02_PACKET {"type":"ACTION_ACCEPTED","payload":{"clientSequence":340,"action":"STOP_LEFT"}}
[21:02:16] [Render thread/INFO] (PiriRuntimeAcceptance) PIRI_PHASE02_PACKET {"type":"REEL_STOP","payload":{"spinId":"a7d3d9ac-1ce0-4de7-ae8c-481d99411e07","reel":"LEFT","pressedIndex":16,"stopIndex":17,"slip":1,"durationMs":130}}
[21:02:16] [Render thread/INFO] (PiriRuntimeAcceptance) PIRI_PHASE02_PACKET {"type":"PAYOUT","payload":{}}
[21:02:16] [Render thread/INFO] (PiriRuntimeAcceptance) PIRI_PHASE02_PACKET {"type":"PUBLIC_STATE","payload":{"sessionId":"af0b55a1-65ac-4f46-8884-c95d7e3b002d","machineId":1,"expectedNextClientSequence":341,"gameState":"SEATED_READY","lifecycle":"ACTIVE","credit":25,"heldMedals":741,"bet":0,"pay":8,"bonusCount":0,"lampOn":false,"displayStops":{"left":17,"center":20,"right":14},"stoppedMask":7}}
[21:02:17] [Render thread/INFO] (PiriRuntimeAcceptance) PIRI_PHASE02_PACKET {"type":"ACTION_ACCEPTED","payload":{"clientSequence":341,"action":"SPACE_ACTION"}}
[21:02:17] [Render thread/INFO] (PiriRuntimeAcceptance) PIRI_PHASE02_PACKET {"type":"PUBLIC_STATE","payload":{"sessionId":"af0b55a1-65ac-4f46-8884-c95d7e3b002d","machineId":1,"expectedNextClientSequence":342,"gameState":"NORMAL_BETTED","lifecycle":"ACTIVE","credit":22,"heldMedals":741,"bet":3,"pay":0,"bonusCount":0,"lampOn":false,"displayStops":{"left":17,"center":20,"right":14},"stoppedMask":7}}
[21:02:17] [Render thread/INFO] (PiriRuntimeAcceptance) PIRI_PHASE02_PACKET {"type":"ACTION_ACCEPTED","payload":{"clientSequence":342,"action":"SPACE_ACTION"}}
[21:02:17] [Render thread/INFO] (PiriRuntimeAcceptance) PIRI_PHASE02_PACKET {"type":"PUBLIC_STATE","payload":{"sessionId":"af0b55a1-65ac-4f46-8884-c95d7e3b002d","machineId":1,"expectedNextClientSequence":343,"gameState":"NORMAL_SPINNING","lifecycle":"ACTIVE","credit":22,"heldMedals":741,"bet":3,"pay":0,"bonusCount":0,"lampOn":false,"displayStops":{"left":17,"center":20,"right":14},"stoppedMask":0}}
[21:02:17] [Render thread/INFO] (PiriRuntimeAcceptance) PIRI_PHASE02_PACKET {"type":"SPIN_START","payload":{"sessionId":"af0b55a1-65ac-4f46-8884-c95d7e3b002d","machineId":1,"spinId":"5652de9c-085b-4e33-bb48-99a779b502f6","mode":"NORMAL","animation":"NORMAL","startPhase":{"left":17.0,"center":20.0,"right":14.0},"stopEnableAfterMs":400}}
[21:02:18] [Render thread/INFO] (PiriRuntimeAcceptance) PIRI_PHASE02_PACKET {"type":"ACTION_ACCEPTED","payload":{"clientSequence":343,"action":"STOP_RIGHT"}}
[21:02:18] [Render thread/INFO] (PiriRuntimeAcceptance) PIRI_PHASE02_PACKET {"type":"REEL_STOP","payload":{"spinId":"5652de9c-085b-4e33-bb48-99a779b502f6","reel":"RIGHT","pressedIndex":0,"stopIndex":0,"slip":0,"durationMs":80}}
[21:02:18] [Render thread/INFO] (PiriRuntimeAcceptance) PIRI_PHASE02_PACKET {"type":"PUBLIC_STATE","payload":{"sessionId":"af0b55a1-65ac-4f46-8884-c95d7e3b002d","machineId":1,"expectedNextClientSequence":344,"gameState":"NORMAL_SPINNING","lifecycle":"ACTIVE","credit":22,"heldMedals":741,"bet":3,"pay":0,"bonusCount":0,"lampOn":false,"displayStops":{"left":17,"center":20,"right":0},"stoppedMask":4}}
[21:02:19] [Render thread/INFO] (PiriRuntimeAcceptance) PIRI_PHASE02_PACKET {"type":"ACTION_ACCEPTED","payload":{"clientSequence":344,"action":"STOP_LEFT"}}
[21:02:19] [Render thread/INFO] (PiriRuntimeAcceptance) PIRI_PHASE02_PACKET {"type":"REEL_STOP","payload":{"spinId":"5652de9c-085b-4e33-bb48-99a779b502f6","reel":"LEFT","pressedIndex":12,"stopIndex":12,"slip":0,"durationMs":80}}
[21:02:19] [Render thread/INFO] (PiriRuntimeAcceptance) PIRI_PHASE02_PACKET {"type":"PUBLIC_STATE","payload":{"sessionId":"af0b55a1-65ac-4f46-8884-c95d7e3b002d","machineId":1,"expectedNextClientSequence":345,"gameState":"NORMAL_SPINNING","lifecycle":"ACTIVE","credit":22,"heldMedals":741,"bet":3,"pay":0,"bonusCount":0,"lampOn":false,"displayStops":{"left":12,"center":20,"right":0},"stoppedMask":5}}
[21:02:19] [Render thread/INFO] (PiriRuntimeAcceptance) PIRI_PHASE02_PACKET {"type":"ACTION_ACCEPTED","payload":{"clientSequence":345,"action":"STOP_CENTER"}}
[21:02:19] [Render thread/INFO] (PiriRuntimeAcceptance) PIRI_PHASE02_PACKET {"type":"REEL_STOP","payload":{"spinId":"5652de9c-085b-4e33-bb48-99a779b502f6","reel":"CENTER","pressedIndex":3,"stopIndex":3,"slip":0,"durationMs":80}}
[21:02:19] [Render thread/INFO] (PiriRuntimeAcceptance) PIRI_PHASE02_PACKET {"type":"PUBLIC_STATE","payload":{"sessionId":"af0b55a1-65ac-4f46-8884-c95d7e3b002d","machineId":1,"expectedNextClientSequence":346,"gameState":"SEATED_READY","lifecycle":"ACTIVE","credit":22,"heldMedals":741,"bet":0,"pay":0,"bonusCount":0,"lampOn":false,"displayStops":{"left":12,"center":3,"right":0},"stoppedMask":7}}
[21:02:20] [Render thread/INFO] (PiriRuntimeAcceptance) PIRI_PHASE02_PACKET {"type":"ACTION_ACCEPTED","payload":{"clientSequence":346,"action":"SPACE_ACTION"}}
[21:02:20] [Render thread/INFO] (PiriRuntimeAcceptance) PIRI_PHASE02_PACKET {"type":"PUBLIC_STATE","payload":{"sessionId":"af0b55a1-65ac-4f46-8884-c95d7e3b002d","machineId":1,"expectedNextClientSequence":347,"gameState":"NORMAL_BETTED","lifecycle":"ACTIVE","credit":19,"heldMedals":741,"bet":3,"pay":0,"bonusCount":0,"lampOn":false,"displayStops":{"left":12,"center":3,"right":0},"stoppedMask":7}}
[21:02:20] [Render thread/INFO] (PiriRuntimeAcceptance) PIRI_PHASE02_PACKET {"type":"ACTION_ACCEPTED","payload":{"clientSequence":347,"action":"SPACE_ACTION"}}
[21:02:20] [Render thread/INFO] (PiriRuntimeAcceptance) PIRI_PHASE02_PACKET {"type":"PUBLIC_STATE","payload":{"sessionId":"af0b55a1-65ac-4f46-8884-c95d7e3b002d","machineId":1,"expectedNextClientSequence":348,"gameState":"NORMAL_SPINNING","lifecycle":"ACTIVE","credit":19,"heldMedals":741,"bet":3,"pay":0,"bonusCount":0,"lampOn":false,"displayStops":{"left":12,"center":3,"right":0},"stoppedMask":0}}
[21:02:20] [Render thread/INFO] (PiriRuntimeAcceptance) PIRI_PHASE02_PACKET {"type":"SPIN_START","payload":{"sessionId":"af0b55a1-65ac-4f46-8884-c95d7e3b002d","machineId":1,"spinId":"b87b50a4-2258-43a3-b694-a1e71e158864","mode":"NORMAL","animation":"NORMAL","startPhase":{"left":12.0,"center":3.0,"right":0.0},"stopEnableAfterMs":400}}
[21:02:21] [Render thread/INFO] (PiriRuntimeAcceptance) PIRI_PHASE02_PACKET {"type":"ACTION_ACCEPTED","payload":{"clientSequence":348,"action":"STOP_RIGHT"}}
[21:02:21] [Render thread/INFO] (PiriRuntimeAcceptance) PIRI_PHASE02_PACKET {"type":"REEL_STOP","payload":{"spinId":"b87b50a4-2258-43a3-b694-a1e71e158864","reel":"RIGHT","pressedIndex":7,"stopIndex":7,"slip":0,"durationMs":80}}
[21:02:21] [Render thread/INFO] (PiriRuntimeAcceptance) PIRI_PHASE02_PACKET {"type":"PUBLIC_STATE","payload":{"sessionId":"af0b55a1-65ac-4f46-8884-c95d7e3b002d","machineId":1,"expectedNextClientSequence":349,"gameState":"NORMAL_SPINNING","lifecycle":"ACTIVE","credit":19,"heldMedals":741,"bet":3,"pay":0,"bonusCount":0,"lampOn":false,"displayStops":{"left":12,"center":3,"right":7},"stoppedMask":4}}
[21:02:21] [Render thread/INFO] (PiriRuntimeAcceptance) PIRI_PHASE02_PACKET {"type":"ACTION_ACCEPTED","payload":{"clientSequence":349,"action":"STOP_CENTER"}}
[21:02:21] [Render thread/INFO] (PiriRuntimeAcceptance) PIRI_PHASE02_PACKET {"type":"REEL_STOP","payload":{"spinId":"b87b50a4-2258-43a3-b694-a1e71e158864","reel":"CENTER","pressedIndex":19,"stopIndex":19,"slip":0,"durationMs":80}}
[21:02:21] [Render thread/INFO] (PiriRuntimeAcceptance) PIRI_PHASE02_PACKET {"type":"PUBLIC_STATE","payload":{"sessionId":"af0b55a1-65ac-4f46-8884-c95d7e3b002d","machineId":1,"expectedNextClientSequence":350,"gameState":"NORMAL_SPINNING","lifecycle":"ACTIVE","credit":19,"heldMedals":741,"bet":3,"pay":0,"bonusCount":0,"lampOn":false,"displayStops":{"left":12,"center":19,"right":7},"stoppedMask":6}}
[21:02:22] [Render thread/INFO] (PiriRuntimeAcceptance) PIRI_PHASE02_PACKET {"type":"ACTION_ACCEPTED","payload":{"clientSequence":350,"action":"STOP_LEFT"}}
[21:02:22] [Render thread/INFO] (PiriRuntimeAcceptance) PIRI_PHASE02_PACKET {"type":"REEL_STOP","payload":{"spinId":"b87b50a4-2258-43a3-b694-a1e71e158864","reel":"LEFT","pressedIndex":16,"stopIndex":19,"slip":3,"durationMs":230}}
[21:02:22] [Render thread/INFO] (PiriRuntimeAcceptance) PIRI_PHASE02_PACKET {"type":"PAYOUT","payload":{}}
[21:02:22] [Render thread/INFO] (PiriRuntimeAcceptance) PIRI_PHASE02_PACKET {"type":"PUBLIC_STATE","payload":{"sessionId":"af0b55a1-65ac-4f46-8884-c95d7e3b002d","machineId":1,"expectedNextClientSequence":351,"gameState":"SEATED_READY","lifecycle":"ACTIVE","credit":21,"heldMedals":741,"bet":0,"pay":2,"bonusCount":0,"lampOn":false,"displayStops":{"left":19,"center":19,"right":7},"stoppedMask":7}}
[21:02:22] [Render thread/INFO] (PiriRuntimeAcceptance) PIRI_PHASE02_PACKET {"type":"ACTION_ACCEPTED","payload":{"clientSequence":351,"action":"SPACE_ACTION"}}
[21:02:22] [Render thread/INFO] (PiriRuntimeAcceptance) PIRI_PHASE02_PACKET {"type":"PUBLIC_STATE","payload":{"sessionId":"af0b55a1-65ac-4f46-8884-c95d7e3b002d","machineId":1,"expectedNextClientSequence":352,"gameState":"NORMAL_BETTED","lifecycle":"ACTIVE","credit":18,"heldMedals":741,"bet":3,"pay":0,"bonusCount":0,"lampOn":false,"displayStops":{"left":19,"center":19,"right":7},"stoppedMask":7}}
[21:02:23] [Render thread/INFO] (PiriRuntimeAcceptance) PIRI_PHASE02_PACKET {"type":"ACTION_ACCEPTED","payload":{"clientSequence":352,"action":"SPACE_ACTION"}}
[21:02:23] [Render thread/INFO] (PiriRuntimeAcceptance) PIRI_PHASE02_PACKET {"type":"PUBLIC_STATE","payload":{"sessionId":"af0b55a1-65ac-4f46-8884-c95d7e3b002d","machineId":1,"expectedNextClientSequence":353,"gameState":"NORMAL_SPINNING","lifecycle":"ACTIVE","credit":18,"heldMedals":741,"bet":3,"pay":0,"bonusCount":0,"lampOn":false,"displayStops":{"left":19,"center":19,"right":7},"stoppedMask":0}}
[21:02:23] [Render thread/INFO] (PiriRuntimeAcceptance) PIRI_PHASE02_PACKET {"type":"SPIN_START","payload":{"sessionId":"af0b55a1-65ac-4f46-8884-c95d7e3b002d","machineId":1,"spinId":"6c9a6376-261a-4ed8-9f99-53a02de30009","mode":"NORMAL","animation":"NORMAL","startPhase":{"left":19.0,"center":19.0,"right":7.0},"stopEnableAfterMs":400}}
[21:02:24] [Render thread/INFO] (PiriRuntimeAcceptance) PIRI_PHASE02_PACKET {"type":"ACTION_ACCEPTED","payload":{"clientSequence":353,"action":"STOP_LEFT"}}
[21:02:24] [Render thread/INFO] (PiriRuntimeAcceptance) PIRI_PHASE02_PACKET {"type":"REEL_STOP","payload":{"spinId":"6c9a6376-261a-4ed8-9f99-53a02de30009","reel":"LEFT","pressedIndex":5,"stopIndex":5,"slip":0,"durationMs":80}}
[21:02:24] [Render thread/INFO] (PiriRuntimeAcceptance) PIRI_PHASE02_PACKET {"type":"PUBLIC_STATE","payload":{"sessionId":"af0b55a1-65ac-4f46-8884-c95d7e3b002d","machineId":1,"expectedNextClientSequence":354,"gameState":"NORMAL_SPINNING","lifecycle":"ACTIVE","credit":18,"heldMedals":741,"bet":3,"pay":0,"bonusCount":0,"lampOn":false,"displayStops":{"left":5,"center":19,"right":7},"stoppedMask":1}}
[21:02:24] [Render thread/INFO] (PiriRuntimeAcceptance) PIRI_PHASE02_PACKET {"type":"ACTION_ACCEPTED","payload":{"clientSequence":354,"action":"STOP_CENTER"}}
[21:02:24] [Render thread/INFO] (PiriRuntimeAcceptance) PIRI_PHASE02_PACKET {"type":"REEL_STOP","payload":{"spinId":"6c9a6376-261a-4ed8-9f99-53a02de30009","reel":"CENTER","pressedIndex":14,"stopIndex":14,"slip":0,"durationMs":80}}
[21:02:24] [Render thread/INFO] (PiriRuntimeAcceptance) PIRI_PHASE02_PACKET {"type":"PUBLIC_STATE","payload":{"sessionId":"af0b55a1-65ac-4f46-8884-c95d7e3b002d","machineId":1,"expectedNextClientSequence":355,"gameState":"NORMAL_SPINNING","lifecycle":"ACTIVE","credit":18,"heldMedals":741,"bet":3,"pay":0,"bonusCount":0,"lampOn":false,"displayStops":{"left":5,"center":14,"right":7},"stoppedMask":3}}
[21:02:25] [Render thread/INFO] (PiriRuntimeAcceptance) PIRI_PHASE02_PACKET {"type":"ACTION_ACCEPTED","payload":{"clientSequence":355,"action":"STOP_RIGHT"}}
[21:02:25] [Render thread/INFO] (PiriRuntimeAcceptance) PIRI_PHASE02_PACKET {"type":"REEL_STOP","payload":{"spinId":"6c9a6376-261a-4ed8-9f99-53a02de30009","reel":"RIGHT","pressedIndex":11,"stopIndex":12,"slip":1,"durationMs":130}}
[21:02:25] [Render thread/INFO] (PiriRuntimeAcceptance) PIRI_PHASE02_PACKET {"type":"PUBLIC_STATE","payload":{"sessionId":"af0b55a1-65ac-4f46-8884-c95d7e3b002d","machineId":1,"expectedNextClientSequence":356,"gameState":"SEATED_READY","lifecycle":"ACTIVE","credit":18,"heldMedals":741,"bet":0,"pay":0,"bonusCount":0,"lampOn":false,"displayStops":{"left":5,"center":14,"right":12},"stoppedMask":7}}
[21:02:25] [Render thread/INFO] (PiriRuntimeAcceptance) PIRI_PHASE02_PACKET {"type":"ACTION_ACCEPTED","payload":{"clientSequence":356,"action":"SPACE_ACTION"}}
[21:02:25] [Render thread/INFO] (PiriRuntimeAcceptance) PIRI_PHASE02_PACKET {"type":"PUBLIC_STATE","payload":{"sessionId":"af0b55a1-65ac-4f46-8884-c95d7e3b002d","machineId":1,"expectedNextClientSequence":357,"gameState":"NORMAL_BETTED","lifecycle":"ACTIVE","credit":15,"heldMedals":741,"bet":3,"pay":0,"bonusCount":0,"lampOn":false,"displayStops":{"left":5,"center":14,"right":12},"stoppedMask":7}}
[21:02:26] [Render thread/INFO] (PiriRuntimeAcceptance) PIRI_PHASE02_PACKET {"type":"ACTION_ACCEPTED","payload":{"clientSequence":357,"action":"SPACE_ACTION"}}
[21:02:26] [Render thread/INFO] (PiriRuntimeAcceptance) PIRI_PHASE02_PACKET {"type":"PUBLIC_STATE","payload":{"sessionId":"af0b55a1-65ac-4f46-8884-c95d7e3b002d","machineId":1,"expectedNextClientSequence":358,"gameState":"NORMAL_SPINNING","lifecycle":"ACTIVE","credit":15,"heldMedals":741,"bet":3,"pay":0,"bonusCount":0,"lampOn":false,"displayStops":{"left":5,"center":14,"right":12},"stoppedMask":0}}
[21:02:26] [Render thread/INFO] (PiriRuntimeAcceptance) PIRI_PHASE02_PACKET {"type":"SPIN_START","payload":{"sessionId":"af0b55a1-65ac-4f46-8884-c95d7e3b002d","machineId":1,"spinId":"5378f1cf-2b74-4b83-add8-a7ccdde2bafb","mode":"NORMAL","animation":"NORMAL","startPhase":{"left":5.0,"center":14.0,"right":12.0},"stopEnableAfterMs":400}}
[21:02:27] [Render thread/INFO] (PiriRuntimeAcceptance) PIRI_PHASE02_PACKET {"type":"ACTION_ACCEPTED","payload":{"clientSequence":358,"action":"STOP_LEFT"}}
[21:02:27] [Render thread/INFO] (PiriRuntimeAcceptance) PIRI_PHASE02_PACKET {"type":"REEL_STOP","payload":{"spinId":"5378f1cf-2b74-4b83-add8-a7ccdde2bafb","reel":"LEFT","pressedIndex":16,"stopIndex":16,"slip":0,"durationMs":80}}
[21:02:27] [Render thread/INFO] (PiriRuntimeAcceptance) PIRI_PHASE02_PACKET {"type":"PUBLIC_STATE","payload":{"sessionId":"af0b55a1-65ac-4f46-8884-c95d7e3b002d","machineId":1,"expectedNextClientSequence":359,"gameState":"NORMAL_SPINNING","lifecycle":"ACTIVE","credit":15,"heldMedals":741,"bet":3,"pay":0,"bonusCount":0,"lampOn":false,"displayStops":{"left":16,"center":14,"right":12},"stoppedMask":1}}
[21:02:27] [Render thread/INFO] (PiriRuntimeAcceptance) PIRI_PHASE02_PACKET {"type":"ACTION_ACCEPTED","payload":{"clientSequence":359,"action":"STOP_RIGHT"}}
[21:02:27] [Render thread/INFO] (PiriRuntimeAcceptance) PIRI_PHASE02_PACKET {"type":"REEL_STOP","payload":{"spinId":"5378f1cf-2b74-4b83-add8-a7ccdde2bafb","reel":"RIGHT","pressedIndex":11,"stopIndex":11,"slip":0,"durationMs":80}}
[21:02:27] [Render thread/INFO] (PiriRuntimeAcceptance) PIRI_PHASE02_PACKET {"type":"PUBLIC_STATE","payload":{"sessionId":"af0b55a1-65ac-4f46-8884-c95d7e3b002d","machineId":1,"expectedNextClientSequence":360,"gameState":"NORMAL_SPINNING","lifecycle":"ACTIVE","credit":15,"heldMedals":741,"bet":3,"pay":0,"bonusCount":0,"lampOn":false,"displayStops":{"left":16,"center":14,"right":11},"stoppedMask":5}}
[21:02:28] [Render thread/INFO] (PiriRuntimeAcceptance) PIRI_PHASE02_PACKET {"type":"ACTION_ACCEPTED","payload":{"clientSequence":360,"action":"STOP_CENTER"}}
[21:02:28] [Render thread/INFO] (PiriRuntimeAcceptance) PIRI_PHASE02_PACKET {"type":"REEL_STOP","payload":{"spinId":"5378f1cf-2b74-4b83-add8-a7ccdde2bafb","reel":"CENTER","pressedIndex":1,"stopIndex":1,"slip":0,"durationMs":80}}
[21:02:28] [Render thread/INFO] (PiriRuntimeAcceptance) PIRI_PHASE02_PACKET {"type":"PUBLIC_STATE","payload":{"sessionId":"af0b55a1-65ac-4f46-8884-c95d7e3b002d","machineId":1,"expectedNextClientSequence":361,"gameState":"SEATED_READY","lifecycle":"ACTIVE","credit":15,"heldMedals":741,"bet":0,"pay":0,"bonusCount":0,"lampOn":false,"displayStops":{"left":16,"center":1,"right":11},"stoppedMask":7}}
[21:02:28] [Render thread/INFO] (PiriRuntimeAcceptance) PIRI_PHASE02_PACKET {"type":"ACTION_ACCEPTED","payload":{"clientSequence":361,"action":"SPACE_ACTION"}}
[21:02:28] [Render thread/INFO] (PiriRuntimeAcceptance) PIRI_PHASE02_PACKET {"type":"PUBLIC_STATE","payload":{"sessionId":"af0b55a1-65ac-4f46-8884-c95d7e3b002d","machineId":1,"expectedNextClientSequence":362,"gameState":"NORMAL_BETTED","lifecycle":"ACTIVE","credit":12,"heldMedals":741,"bet":3,"pay":0,"bonusCount":0,"lampOn":false,"displayStops":{"left":16,"center":1,"right":11},"stoppedMask":7}}
[21:02:29] [Render thread/INFO] (PiriRuntimeAcceptance) PIRI_PHASE02_PACKET {"type":"ACTION_ACCEPTED","payload":{"clientSequence":362,"action":"SPACE_ACTION"}}
[21:02:29] [Render thread/INFO] (PiriRuntimeAcceptance) PIRI_PHASE02_PACKET {"type":"PUBLIC_STATE","payload":{"sessionId":"af0b55a1-65ac-4f46-8884-c95d7e3b002d","machineId":1,"expectedNextClientSequence":363,"gameState":"NORMAL_SPINNING","lifecycle":"ACTIVE","credit":12,"heldMedals":741,"bet":3,"pay":0,"bonusCount":0,"lampOn":false,"displayStops":{"left":16,"center":1,"right":11},"stoppedMask":0}}
[21:02:29] [Render thread/INFO] (PiriRuntimeAcceptance) PIRI_PHASE02_PACKET {"type":"SPIN_START","payload":{"sessionId":"af0b55a1-65ac-4f46-8884-c95d7e3b002d","machineId":1,"spinId":"dcf44b3a-9ca7-442b-a7ce-016da8700e20","mode":"NORMAL","animation":"NORMAL","startPhase":{"left":16.0,"center":1.0,"right":11.0},"stopEnableAfterMs":400}}
[21:02:30] [Render thread/INFO] (PiriRuntimeAcceptance) PIRI_PHASE02_PACKET {"type":"ACTION_ACCEPTED","payload":{"clientSequence":363,"action":"STOP_CENTER"}}
[21:02:30] [Render thread/INFO] (PiriRuntimeAcceptance) PIRI_PHASE02_PACKET {"type":"REEL_STOP","payload":{"spinId":"dcf44b3a-9ca7-442b-a7ce-016da8700e20","reel":"CENTER","pressedIndex":8,"stopIndex":8,"slip":0,"durationMs":80}}
[21:02:30] [Render thread/INFO] (PiriRuntimeAcceptance) PIRI_PHASE02_PACKET {"type":"PUBLIC_STATE","payload":{"sessionId":"af0b55a1-65ac-4f46-8884-c95d7e3b002d","machineId":1,"expectedNextClientSequence":364,"gameState":"NORMAL_SPINNING","lifecycle":"ACTIVE","credit":12,"heldMedals":741,"bet":3,"pay":0,"bonusCount":0,"lampOn":false,"displayStops":{"left":16,"center":8,"right":11},"stoppedMask":2}}
[21:02:30] [Render thread/INFO] (PiriRuntimeAcceptance) PIRI_PHASE02_PACKET {"type":"ACTION_ACCEPTED","payload":{"clientSequence":364,"action":"STOP_LEFT"}}
[21:02:30] [Render thread/INFO] (PiriRuntimeAcceptance) PIRI_PHASE02_PACKET {"type":"REEL_STOP","payload":{"spinId":"dcf44b3a-9ca7-442b-a7ce-016da8700e20","reel":"LEFT","pressedIndex":11,"stopIndex":11,"slip":0,"durationMs":80}}
[21:02:30] [Render thread/INFO] (PiriRuntimeAcceptance) PIRI_PHASE02_PACKET {"type":"PUBLIC_STATE","payload":{"sessionId":"af0b55a1-65ac-4f46-8884-c95d7e3b002d","machineId":1,"expectedNextClientSequence":365,"gameState":"NORMAL_SPINNING","lifecycle":"ACTIVE","credit":12,"heldMedals":741,"bet":3,"pay":0,"bonusCount":0,"lampOn":false,"displayStops":{"left":11,"center":8,"right":11},"stoppedMask":3}}
[21:02:30] [Render thread/INFO] (PiriRuntimeAcceptance) PIRI_PHASE02_PACKET {"type":"ACTION_ACCEPTED","payload":{"clientSequence":365,"action":"STOP_RIGHT"}}
[21:02:30] [Render thread/INFO] (PiriRuntimeAcceptance) PIRI_PHASE02_PACKET {"type":"REEL_STOP","payload":{"spinId":"dcf44b3a-9ca7-442b-a7ce-016da8700e20","reel":"RIGHT","pressedIndex":15,"stopIndex":15,"slip":0,"durationMs":80}}
[21:02:30] [Render thread/INFO] (PiriRuntimeAcceptance) PIRI_PHASE02_PACKET {"type":"PUBLIC_STATE","payload":{"sessionId":"af0b55a1-65ac-4f46-8884-c95d7e3b002d","machineId":1,"expectedNextClientSequence":366,"gameState":"SEATED_READY","lifecycle":"ACTIVE","credit":12,"heldMedals":741,"bet":0,"pay":0,"bonusCount":0,"lampOn":false,"displayStops":{"left":11,"center":8,"right":15},"stoppedMask":7}}
[21:02:31] [Render thread/INFO] (PiriRuntimeAcceptance) PIRI_PHASE02_PACKET {"type":"ACTION_ACCEPTED","payload":{"clientSequence":366,"action":"SPACE_ACTION"}}
[21:02:31] [Render thread/INFO] (PiriRuntimeAcceptance) PIRI_PHASE02_PACKET {"type":"PUBLIC_STATE","payload":{"sessionId":"af0b55a1-65ac-4f46-8884-c95d7e3b002d","machineId":1,"expectedNextClientSequence":367,"gameState":"NORMAL_BETTED","lifecycle":"ACTIVE","credit":9,"heldMedals":741,"bet":3,"pay":0,"bonusCount":0,"lampOn":false,"displayStops":{"left":11,"center":8,"right":15},"stoppedMask":7}}
[21:02:31] [Render thread/INFO] (PiriRuntimeAcceptance) PIRI_PHASE02_PACKET {"type":"ACTION_ACCEPTED","payload":{"clientSequence":367,"action":"SPACE_ACTION"}}
[21:02:31] [Render thread/INFO] (PiriRuntimeAcceptance) PIRI_PHASE02_PACKET {"type":"PUBLIC_STATE","payload":{"sessionId":"af0b55a1-65ac-4f46-8884-c95d7e3b002d","machineId":1,"expectedNextClientSequence":368,"gameState":"NORMAL_SPINNING","lifecycle":"ACTIVE","credit":9,"heldMedals":741,"bet":3,"pay":0,"bonusCount":0,"lampOn":false,"displayStops":{"left":11,"center":8,"right":15},"stoppedMask":0}}
[21:02:31] [Render thread/INFO] (PiriRuntimeAcceptance) PIRI_PHASE02_PACKET {"type":"SPIN_START","payload":{"sessionId":"af0b55a1-65ac-4f46-8884-c95d7e3b002d","machineId":1,"spinId":"9a05ea5c-f24c-4ae8-972e-3dbf2a121f0d","mode":"NORMAL","animation":"NORMAL","startPhase":{"left":11.0,"center":8.0,"right":15.0},"stopEnableAfterMs":400}}
[21:02:32] [Render thread/INFO] (PiriRuntimeAcceptance) PIRI_PHASE02_PACKET {"type":"ACTION_ACCEPTED","payload":{"clientSequence":368,"action":"STOP_CENTER"}}
[21:02:32] [Render thread/INFO] (PiriRuntimeAcceptance) PIRI_PHASE02_PACKET {"type":"REEL_STOP","payload":{"spinId":"9a05ea5c-f24c-4ae8-972e-3dbf2a121f0d","reel":"CENTER","pressedIndex":15,"stopIndex":15,"slip":0,"durationMs":80}}
[21:02:32] [Render thread/INFO] (PiriRuntimeAcceptance) PIRI_PHASE02_PACKET {"type":"PUBLIC_STATE","payload":{"sessionId":"af0b55a1-65ac-4f46-8884-c95d7e3b002d","machineId":1,"expectedNextClientSequence":369,"gameState":"NORMAL_SPINNING","lifecycle":"ACTIVE","credit":9,"heldMedals":741,"bet":3,"pay":0,"bonusCount":0,"lampOn":false,"displayStops":{"left":11,"center":15,"right":15},"stoppedMask":2}}
[21:02:33] [Render thread/INFO] (PiriRuntimeAcceptance) PIRI_PHASE02_PACKET {"type":"ACTION_ACCEPTED","payload":{"clientSequence":369,"action":"STOP_RIGHT"}}
[21:02:33] [Render thread/INFO] (PiriRuntimeAcceptance) PIRI_PHASE02_PACKET {"type":"REEL_STOP","payload":{"spinId":"9a05ea5c-f24c-4ae8-972e-3dbf2a121f0d","reel":"RIGHT","pressedIndex":10,"stopIndex":10,"slip":0,"durationMs":80}}
[21:02:33] [Render thread/INFO] (PiriRuntimeAcceptance) PIRI_PHASE02_PACKET {"type":"PUBLIC_STATE","payload":{"sessionId":"af0b55a1-65ac-4f46-8884-c95d7e3b002d","machineId":1,"expectedNextClientSequence":370,"gameState":"NORMAL_SPINNING","lifecycle":"ACTIVE","credit":9,"heldMedals":741,"bet":3,"pay":0,"bonusCount":0,"lampOn":false,"displayStops":{"left":11,"center":15,"right":10},"stoppedMask":6}}
[21:02:33] [Render thread/INFO] (PiriRuntimeAcceptance) PIRI_PHASE02_PACKET {"type":"ACTION_ACCEPTED","payload":{"clientSequence":370,"action":"STOP_LEFT"}}
[21:02:33] [Render thread/INFO] (PiriRuntimeAcceptance) PIRI_PHASE02_PACKET {"type":"REEL_STOP","payload":{"spinId":"9a05ea5c-f24c-4ae8-972e-3dbf2a121f0d","reel":"LEFT","pressedIndex":15,"stopIndex":16,"slip":1,"durationMs":130}}
[21:02:33] [Render thread/INFO] (PiriRuntimeAcceptance) PIRI_PHASE02_PACKET {"type":"PUBLIC_STATE","payload":{"sessionId":"af0b55a1-65ac-4f46-8884-c95d7e3b002d","machineId":1,"expectedNextClientSequence":371,"gameState":"SEATED_READY","lifecycle":"ACTIVE","credit":9,"heldMedals":741,"bet":0,"pay":0,"bonusCount":0,"lampOn":false,"displayStops":{"left":16,"center":15,"right":10},"stoppedMask":7}}
[21:02:34] [Render thread/INFO] (PiriRuntimeAcceptance) PIRI_PHASE02_PACKET {"type":"ACTION_ACCEPTED","payload":{"clientSequence":371,"action":"SPACE_ACTION"}}
[21:02:34] [Render thread/INFO] (PiriRuntimeAcceptance) PIRI_PHASE02_PACKET {"type":"PUBLIC_STATE","payload":{"sessionId":"af0b55a1-65ac-4f46-8884-c95d7e3b002d","machineId":1,"expectedNextClientSequence":372,"gameState":"NORMAL_BETTED","lifecycle":"ACTIVE","credit":6,"heldMedals":741,"bet":3,"pay":0,"bonusCount":0,"lampOn":false,"displayStops":{"left":16,"center":15,"right":10},"stoppedMask":7}}
[21:02:34] [Render thread/INFO] (PiriRuntimeAcceptance) PIRI_PHASE02_PACKET {"type":"ACTION_ACCEPTED","payload":{"clientSequence":372,"action":"SPACE_ACTION"}}
[21:02:34] [Render thread/INFO] (PiriRuntimeAcceptance) PIRI_PHASE02_PACKET {"type":"PUBLIC_STATE","payload":{"sessionId":"af0b55a1-65ac-4f46-8884-c95d7e3b002d","machineId":1,"expectedNextClientSequence":373,"gameState":"NORMAL_SPINNING","lifecycle":"ACTIVE","credit":6,"heldMedals":741,"bet":3,"pay":0,"bonusCount":0,"lampOn":false,"displayStops":{"left":16,"center":15,"right":10},"stoppedMask":0}}
[21:02:34] [Render thread/INFO] (PiriRuntimeAcceptance) PIRI_PHASE02_PACKET {"type":"SPIN_START","payload":{"sessionId":"af0b55a1-65ac-4f46-8884-c95d7e3b002d","machineId":1,"spinId":"545fede0-c65e-4baa-b0e0-dc7e62d48f3b","mode":"NORMAL","animation":"NORMAL","startPhase":{"left":16.0,"center":15.0,"right":10.0},"stopEnableAfterMs":400}}
[21:02:35] [Render thread/INFO] (PiriRuntimeAcceptance) PIRI_PHASE02_PACKET {"type":"ACTION_ACCEPTED","payload":{"clientSequence":373,"action":"STOP_RIGHT"}}
[21:02:35] [Render thread/INFO] (PiriRuntimeAcceptance) PIRI_PHASE02_PACKET {"type":"REEL_STOP","payload":{"spinId":"545fede0-c65e-4baa-b0e0-dc7e62d48f3b","reel":"RIGHT","pressedIndex":18,"stopIndex":18,"slip":0,"durationMs":80}}
[21:02:35] [Render thread/INFO] (PiriRuntimeAcceptance) PIRI_PHASE02_PACKET {"type":"PUBLIC_STATE","payload":{"sessionId":"af0b55a1-65ac-4f46-8884-c95d7e3b002d","machineId":1,"expectedNextClientSequence":374,"gameState":"NORMAL_SPINNING","lifecycle":"ACTIVE","credit":6,"heldMedals":741,"bet":3,"pay":0,"bonusCount":0,"lampOn":false,"displayStops":{"left":16,"center":15,"right":18},"stoppedMask":4}}
[21:02:35] [Render thread/INFO] (PiriRuntimeAcceptance) PIRI_PHASE02_PACKET {"type":"ACTION_ACCEPTED","payload":{"clientSequence":374,"action":"STOP_LEFT"}}
[21:02:35] [Render thread/INFO] (PiriRuntimeAcceptance) PIRI_PHASE02_PACKET {"type":"REEL_STOP","payload":{"spinId":"545fede0-c65e-4baa-b0e0-dc7e62d48f3b","reel":"LEFT","pressedIndex":10,"stopIndex":10,"slip":0,"durationMs":80}}
[21:02:35] [Render thread/INFO] (PiriRuntimeAcceptance) PIRI_PHASE02_PACKET {"type":"PUBLIC_STATE","payload":{"sessionId":"af0b55a1-65ac-4f46-8884-c95d7e3b002d","machineId":1,"expectedNextClientSequence":375,"gameState":"NORMAL_SPINNING","lifecycle":"ACTIVE","credit":6,"heldMedals":741,"bet":3,"pay":0,"bonusCount":0,"lampOn":false,"displayStops":{"left":10,"center":15,"right":18},"stoppedMask":5}}
[21:02:36] [Render thread/INFO] (PiriRuntimeAcceptance) PIRI_PHASE02_PACKET {"type":"ACTION_ACCEPTED","payload":{"clientSequence":375,"action":"STOP_CENTER"}}
[21:02:36] [Render thread/INFO] (PiriRuntimeAcceptance) PIRI_PHASE02_PACKET {"type":"REEL_STOP","payload":{"spinId":"545fede0-c65e-4baa-b0e0-dc7e62d48f3b","reel":"CENTER","pressedIndex":14,"stopIndex":14,"slip":0,"durationMs":80}}
[21:02:36] [Render thread/INFO] (PiriRuntimeAcceptance) PIRI_PHASE02_PACKET {"type":"PUBLIC_STATE","payload":{"sessionId":"af0b55a1-65ac-4f46-8884-c95d7e3b002d","machineId":1,"expectedNextClientSequence":376,"gameState":"SEATED_READY","lifecycle":"ACTIVE","credit":6,"heldMedals":741,"bet":0,"pay":0,"bonusCount":0,"lampOn":false,"displayStops":{"left":10,"center":14,"right":18},"stoppedMask":7}}
[21:02:36] [Render thread/INFO] (PiriRuntimeAcceptance) PIRI_PHASE02_PACKET {"type":"ACTION_ACCEPTED","payload":{"clientSequence":376,"action":"SPACE_ACTION"}}
[21:02:36] [Render thread/INFO] (PiriRuntimeAcceptance) PIRI_PHASE02_PACKET {"type":"PUBLIC_STATE","payload":{"sessionId":"af0b55a1-65ac-4f46-8884-c95d7e3b002d","machineId":1,"expectedNextClientSequence":377,"gameState":"NORMAL_BETTED","lifecycle":"ACTIVE","credit":3,"heldMedals":741,"bet":3,"pay":0,"bonusCount":0,"lampOn":false,"displayStops":{"left":10,"center":14,"right":18},"stoppedMask":7}}
[21:02:37] [Render thread/INFO] (PiriRuntimeAcceptance) PIRI_PHASE02_PACKET {"type":"ACTION_ACCEPTED","payload":{"clientSequence":377,"action":"SPACE_ACTION"}}
[21:02:37] [Render thread/INFO] (PiriRuntimeAcceptance) PIRI_PHASE02_PACKET {"type":"PUBLIC_STATE","payload":{"sessionId":"af0b55a1-65ac-4f46-8884-c95d7e3b002d","machineId":1,"expectedNextClientSequence":378,"gameState":"NORMAL_SPINNING","lifecycle":"ACTIVE","credit":3,"heldMedals":741,"bet":3,"pay":0,"bonusCount":0,"lampOn":false,"displayStops":{"left":10,"center":14,"right":18},"stoppedMask":0}}
[21:02:37] [Render thread/INFO] (PiriRuntimeAcceptance) PIRI_PHASE02_PACKET {"type":"SPIN_START","payload":{"sessionId":"af0b55a1-65ac-4f46-8884-c95d7e3b002d","machineId":1,"spinId":"de22f1e0-1cd9-45fe-9f2f-be4589d87a50","mode":"NORMAL","animation":"NORMAL","startPhase":{"left":10.0,"center":14.0,"right":18.0},"stopEnableAfterMs":400}}
[21:02:38] [Render thread/INFO] (PiriRuntimeAcceptance) PIRI_PHASE02_PACKET {"type":"ACTION_ACCEPTED","payload":{"clientSequence":378,"action":"STOP_RIGHT"}}
[21:02:38] [Render thread/INFO] (PiriRuntimeAcceptance) PIRI_PHASE02_PACKET {"type":"REEL_STOP","payload":{"spinId":"de22f1e0-1cd9-45fe-9f2f-be4589d87a50","reel":"RIGHT","pressedIndex":4,"stopIndex":4,"slip":0,"durationMs":80}}
[21:02:38] [Render thread/INFO] (PiriRuntimeAcceptance) PIRI_PHASE02_PACKET {"type":"PUBLIC_STATE","payload":{"sessionId":"af0b55a1-65ac-4f46-8884-c95d7e3b002d","machineId":1,"expectedNextClientSequence":379,"gameState":"NORMAL_SPINNING","lifecycle":"ACTIVE","credit":3,"heldMedals":741,"bet":3,"pay":0,"bonusCount":0,"lampOn":false,"displayStops":{"left":10,"center":14,"right":4},"stoppedMask":4}}
[21:02:38] [Render thread/INFO] (PiriRuntimeAcceptance) PIRI_PHASE02_PACKET {"type":"ACTION_ACCEPTED","payload":{"clientSequence":379,"action":"STOP_CENTER"}}
[21:02:38] [Render thread/INFO] (PiriRuntimeAcceptance) PIRI_PHASE02_PACKET {"type":"REEL_STOP","payload":{"spinId":"de22f1e0-1cd9-45fe-9f2f-be4589d87a50","reel":"CENTER","pressedIndex":9,"stopIndex":9,"slip":0,"durationMs":80}}
[21:02:38] [Render thread/INFO] (PiriRuntimeAcceptance) PIRI_PHASE02_PACKET {"type":"PUBLIC_STATE","payload":{"sessionId":"af0b55a1-65ac-4f46-8884-c95d7e3b002d","machineId":1,"expectedNextClientSequence":380,"gameState":"NORMAL_SPINNING","lifecycle":"ACTIVE","credit":3,"heldMedals":741,"bet":3,"pay":0,"bonusCount":0,"lampOn":false,"displayStops":{"left":10,"center":9,"right":4},"stoppedMask":6}}
[21:02:39] [Render thread/INFO] (PiriRuntimeAcceptance) PIRI_PHASE02_PACKET {"type":"ACTION_ACCEPTED","payload":{"clientSequence":380,"action":"STOP_LEFT"}}
[21:02:39] [Render thread/INFO] (PiriRuntimeAcceptance) PIRI_PHASE02_PACKET {"type":"REEL_STOP","payload":{"spinId":"de22f1e0-1cd9-45fe-9f2f-be4589d87a50","reel":"LEFT","pressedIndex":14,"stopIndex":14,"slip":0,"durationMs":80}}
[21:02:39] [Render thread/INFO] (PiriRuntimeAcceptance) PIRI_PHASE02_PACKET {"type":"PUBLIC_STATE","payload":{"sessionId":"af0b55a1-65ac-4f46-8884-c95d7e3b002d","machineId":1,"expectedNextClientSequence":381,"gameState":"SEATED_READY","lifecycle":"ACTIVE","credit":3,"heldMedals":741,"bet":0,"pay":0,"bonusCount":0,"lampOn":false,"displayStops":{"left":14,"center":9,"right":4},"stoppedMask":7}}
[21:02:39] [Render thread/INFO] (PiriRuntimeAcceptance) PIRI_PHASE02_PACKET {"type":"ACTION_ACCEPTED","payload":{"clientSequence":381,"action":"SPACE_ACTION"}}
[21:02:39] [Render thread/INFO] (PiriRuntimeAcceptance) PIRI_PHASE02_PACKET {"type":"PUBLIC_STATE","payload":{"sessionId":"af0b55a1-65ac-4f46-8884-c95d7e3b002d","machineId":1,"expectedNextClientSequence":382,"gameState":"NORMAL_BETTED","lifecycle":"ACTIVE","credit":0,"heldMedals":741,"bet":3,"pay":0,"bonusCount":0,"lampOn":false,"displayStops":{"left":14,"center":9,"right":4},"stoppedMask":7}}
[21:02:40] [Render thread/INFO] (PiriRuntimeAcceptance) PIRI_PHASE02_PACKET {"type":"ACTION_ACCEPTED","payload":{"clientSequence":382,"action":"SPACE_ACTION"}}
[21:02:40] [Render thread/INFO] (PiriRuntimeAcceptance) PIRI_PHASE02_PACKET {"type":"PUBLIC_STATE","payload":{"sessionId":"af0b55a1-65ac-4f46-8884-c95d7e3b002d","machineId":1,"expectedNextClientSequence":383,"gameState":"NORMAL_SPINNING","lifecycle":"ACTIVE","credit":0,"heldMedals":741,"bet":3,"pay":0,"bonusCount":0,"lampOn":false,"displayStops":{"left":14,"center":9,"right":4},"stoppedMask":0}}
[21:02:40] [Render thread/INFO] (PiriRuntimeAcceptance) PIRI_PHASE02_PACKET {"type":"SPIN_START","payload":{"sessionId":"af0b55a1-65ac-4f46-8884-c95d7e3b002d","machineId":1,"spinId":"669415db-f734-4491-a66e-4661fd7bc63f","mode":"NORMAL","animation":"NORMAL","startPhase":{"left":14.0,"center":9.0,"right":4.0},"stopEnableAfterMs":400}}
[21:02:41] [Render thread/INFO] (PiriRuntimeAcceptance) PIRI_PHASE02_PACKET {"type":"ACTION_ACCEPTED","payload":{"clientSequence":383,"action":"STOP_LEFT"}}
[21:02:41] [Render thread/INFO] (PiriRuntimeAcceptance) PIRI_PHASE02_PACKET {"type":"REEL_STOP","payload":{"spinId":"669415db-f734-4491-a66e-4661fd7bc63f","reel":"LEFT","pressedIndex":0,"stopIndex":1,"slip":1,"durationMs":130}}
[21:02:41] [Render thread/INFO] (PiriRuntimeAcceptance) PIRI_PHASE02_PACKET {"type":"PUBLIC_STATE","payload":{"sessionId":"af0b55a1-65ac-4f46-8884-c95d7e3b002d","machineId":1,"expectedNextClientSequence":384,"gameState":"NORMAL_SPINNING","lifecycle":"ACTIVE","credit":0,"heldMedals":741,"bet":3,"pay":0,"bonusCount":0,"lampOn":false,"displayStops":{"left":1,"center":9,"right":4},"stoppedMask":1}}
[21:02:41] [Render thread/INFO] (PiriRuntimeAcceptance) PIRI_PHASE02_PACKET {"type":"ACTION_ACCEPTED","payload":{"clientSequence":384,"action":"STOP_CENTER"}}
[21:02:41] [Render thread/INFO] (PiriRuntimeAcceptance) PIRI_PHASE02_PACKET {"type":"REEL_STOP","payload":{"spinId":"669415db-f734-4491-a66e-4661fd7bc63f","reel":"CENTER","pressedIndex":4,"stopIndex":4,"slip":0,"durationMs":80}}
[21:02:41] [Render thread/INFO] (PiriRuntimeAcceptance) PIRI_PHASE02_PACKET {"type":"PUBLIC_STATE","payload":{"sessionId":"af0b55a1-65ac-4f46-8884-c95d7e3b002d","machineId":1,"expectedNextClientSequence":385,"gameState":"NORMAL_SPINNING","lifecycle":"ACTIVE","credit":0,"heldMedals":741,"bet":3,"pay":0,"bonusCount":0,"lampOn":false,"displayStops":{"left":1,"center":4,"right":4},"stoppedMask":3}}
[21:02:42] [Render thread/INFO] (PiriRuntimeAcceptance) PIRI_PHASE02_PACKET {"type":"ACTION_ACCEPTED","payload":{"clientSequence":385,"action":"STOP_RIGHT"}}
[21:02:42] [Render thread/INFO] (PiriRuntimeAcceptance) PIRI_PHASE02_PACKET {"type":"REEL_STOP","payload":{"spinId":"669415db-f734-4491-a66e-4661fd7bc63f","reel":"RIGHT","pressedIndex":8,"stopIndex":8,"slip":0,"durationMs":80}}
[21:02:42] [Render thread/INFO] (PiriRuntimeAcceptance) PIRI_PHASE02_PACKET {"type":"PAYOUT","payload":{}}
[21:02:42] [Render thread/INFO] (PiriRuntimeAcceptance) PIRI_PHASE02_PACKET {"type":"PUBLIC_STATE","payload":{"sessionId":"af0b55a1-65ac-4f46-8884-c95d7e3b002d","machineId":1,"expectedNextClientSequence":386,"gameState":"SEATED_READY","lifecycle":"ACTIVE","credit":8,"heldMedals":741,"bet":0,"pay":8,"bonusCount":0,"lampOn":false,"displayStops":{"left":1,"center":4,"right":8},"stoppedMask":7}}
[21:02:42] [Render thread/INFO] (PiriRuntimeAcceptance) PIRI_PHASE02_PACKET {"type":"ACTION_ACCEPTED","payload":{"clientSequence":386,"action":"SPACE_ACTION"}}
[21:02:42] [Render thread/INFO] (PiriRuntimeAcceptance) PIRI_PHASE02_PACKET {"type":"PUBLIC_STATE","payload":{"sessionId":"af0b55a1-65ac-4f46-8884-c95d7e3b002d","machineId":1,"expectedNextClientSequence":387,"gameState":"NORMAL_BETTED","lifecycle":"ACTIVE","credit":5,"heldMedals":741,"bet":3,"pay":0,"bonusCount":0,"lampOn":false,"displayStops":{"left":1,"center":4,"right":8},"stoppedMask":7}}
[21:02:43] [Render thread/INFO] (PiriRuntimeAcceptance) PIRI_PHASE02_PACKET {"type":"ACTION_ACCEPTED","payload":{"clientSequence":387,"action":"SPACE_ACTION"}}
[21:02:43] [Render thread/INFO] (PiriRuntimeAcceptance) PIRI_PHASE02_PACKET {"type":"PUBLIC_STATE","payload":{"sessionId":"af0b55a1-65ac-4f46-8884-c95d7e3b002d","machineId":1,"expectedNextClientSequence":388,"gameState":"NORMAL_SPINNING","lifecycle":"ACTIVE","credit":5,"heldMedals":741,"bet":3,"pay":0,"bonusCount":0,"lampOn":false,"displayStops":{"left":1,"center":4,"right":8},"stoppedMask":0}}
[21:02:43] [Render thread/INFO] (PiriRuntimeAcceptance) PIRI_PHASE02_PACKET {"type":"SPIN_START","payload":{"sessionId":"af0b55a1-65ac-4f46-8884-c95d7e3b002d","machineId":1,"spinId":"167a59df-24a5-479e-8b86-7c2825cff788","mode":"NORMAL","animation":"NORMAL","startPhase":{"left":1.0,"center":4.0,"right":8.0},"stopEnableAfterMs":400}}
[21:02:44] [Render thread/INFO] (PiriRuntimeAcceptance) PIRI_PHASE02_PACKET {"type":"ACTION_ACCEPTED","payload":{"clientSequence":388,"action":"STOP_LEFT"}}
[21:02:44] [Render thread/INFO] (PiriRuntimeAcceptance) PIRI_PHASE02_PACKET {"type":"REEL_STOP","payload":{"spinId":"167a59df-24a5-479e-8b86-7c2825cff788","reel":"LEFT","pressedIndex":8,"stopIndex":10,"slip":2,"durationMs":180}}
[21:02:44] [Render thread/INFO] (PiriRuntimeAcceptance) PIRI_PHASE02_PACKET {"type":"PUBLIC_STATE","payload":{"sessionId":"af0b55a1-65ac-4f46-8884-c95d7e3b002d","machineId":1,"expectedNextClientSequence":389,"gameState":"NORMAL_SPINNING","lifecycle":"ACTIVE","credit":5,"heldMedals":741,"bet":3,"pay":0,"bonusCount":0,"lampOn":false,"displayStops":{"left":10,"center":4,"right":8},"stoppedMask":1}}
[21:02:44] [Render thread/INFO] (PiriRuntimeAcceptance) PIRI_PHASE02_PACKET {"type":"ACTION_ACCEPTED","payload":{"clientSequence":389,"action":"STOP_RIGHT"}}
[21:02:44] [Render thread/INFO] (PiriRuntimeAcceptance) PIRI_PHASE02_PACKET {"type":"REEL_STOP","payload":{"spinId":"167a59df-24a5-479e-8b86-7c2825cff788","reel":"RIGHT","pressedIndex":3,"stopIndex":5,"slip":2,"durationMs":180}}
[21:02:44] [Render thread/INFO] (PiriRuntimeAcceptance) PIRI_PHASE02_PACKET {"type":"PUBLIC_STATE","payload":{"sessionId":"af0b55a1-65ac-4f46-8884-c95d7e3b002d","machineId":1,"expectedNextClientSequence":390,"gameState":"NORMAL_SPINNING","lifecycle":"ACTIVE","credit":5,"heldMedals":741,"bet":3,"pay":0,"bonusCount":0,"lampOn":false,"displayStops":{"left":10,"center":4,"right":5},"stoppedMask":5}}
[21:02:45] [Render thread/INFO] (PiriRuntimeAcceptance) PIRI_PHASE02_PACKET {"type":"ACTION_ACCEPTED","payload":{"clientSequence":390,"action":"STOP_CENTER"}}
[21:02:45] [Render thread/INFO] (PiriRuntimeAcceptance) PIRI_PHASE02_PACKET {"type":"REEL_STOP","payload":{"spinId":"167a59df-24a5-479e-8b86-7c2825cff788","reel":"CENTER","pressedIndex":8,"stopIndex":9,"slip":1,"durationMs":130}}
[21:02:45] [Render thread/INFO] (PiriRuntimeAcceptance) PIRI_PHASE02_PACKET {"type":"PUBLIC_STATE","payload":{"sessionId":"af0b55a1-65ac-4f46-8884-c95d7e3b002d","machineId":1,"expectedNextClientSequence":391,"gameState":"REPLAY_READY","lifecycle":"ACTIVE","credit":5,"heldMedals":741,"bet":3,"pay":0,"bonusCount":0,"lampOn":false,"displayStops":{"left":10,"center":9,"right":5},"stoppedMask":7}}
[21:02:46] [Render thread/INFO] (PiriRuntimeAcceptance) PIRI_PHASE02_PACKET {"type":"ACTION_ACCEPTED","payload":{"clientSequence":391,"action":"SPACE_ACTION"}}
[21:02:46] [Render thread/INFO] (PiriRuntimeAcceptance) PIRI_PHASE02_PACKET {"type":"PUBLIC_STATE","payload":{"sessionId":"af0b55a1-65ac-4f46-8884-c95d7e3b002d","machineId":1,"expectedNextClientSequence":392,"gameState":"NORMAL_SPINNING","lifecycle":"ACTIVE","credit":5,"heldMedals":741,"bet":3,"pay":0,"bonusCount":0,"lampOn":false,"displayStops":{"left":10,"center":9,"right":5},"stoppedMask":0}}
[21:02:46] [Render thread/INFO] (PiriRuntimeAcceptance) PIRI_PHASE02_PACKET {"type":"SPIN_START","payload":{"sessionId":"af0b55a1-65ac-4f46-8884-c95d7e3b002d","machineId":1,"spinId":"97b3168e-fe8c-4477-85ed-1dddf9ec8a96","mode":"NORMAL","animation":"NORMAL","startPhase":{"left":10.0,"center":9.0,"right":5.0},"stopEnableAfterMs":400}}
[21:02:46] [Render thread/INFO] (PiriRuntimeAcceptance) PIRI_PHASE02_PACKET {"type":"ACTION_ACCEPTED","payload":{"clientSequence":392,"action":"STOP_CENTER"}}
[21:02:46] [Render thread/INFO] (PiriRuntimeAcceptance) PIRI_PHASE02_PACKET {"type":"REEL_STOP","payload":{"spinId":"97b3168e-fe8c-4477-85ed-1dddf9ec8a96","reel":"CENTER","pressedIndex":15,"stopIndex":15,"slip":0,"durationMs":80}}
[21:02:46] [Render thread/INFO] (PiriRuntimeAcceptance) PIRI_PHASE02_PACKET {"type":"PUBLIC_STATE","payload":{"sessionId":"af0b55a1-65ac-4f46-8884-c95d7e3b002d","machineId":1,"expectedNextClientSequence":393,"gameState":"NORMAL_SPINNING","lifecycle":"ACTIVE","credit":5,"heldMedals":741,"bet":3,"pay":0,"bonusCount":0,"lampOn":false,"displayStops":{"left":10,"center":15,"right":5},"stoppedMask":2}}
[21:02:47] [Render thread/INFO] (PiriRuntimeAcceptance) PIRI_PHASE02_PACKET {"type":"ACTION_ACCEPTED","payload":{"clientSequence":393,"action":"STOP_LEFT"}}
[21:02:47] [Render thread/INFO] (PiriRuntimeAcceptance) PIRI_PHASE02_PACKET {"type":"REEL_STOP","payload":{"spinId":"97b3168e-fe8c-4477-85ed-1dddf9ec8a96","reel":"LEFT","pressedIndex":4,"stopIndex":12,"slip":8,"durationMs":480}}
[21:02:47] [Render thread/INFO] (PiriRuntimeAcceptance) PIRI_PHASE02_PACKET {"type":"PUBLIC_STATE","payload":{"sessionId":"af0b55a1-65ac-4f46-8884-c95d7e3b002d","machineId":1,"expectedNextClientSequence":394,"gameState":"NORMAL_SPINNING","lifecycle":"ACTIVE","credit":5,"heldMedals":741,"bet":3,"pay":0,"bonusCount":0,"lampOn":false,"displayStops":{"left":12,"center":15,"right":5},"stoppedMask":3}}
[21:02:47] [Render thread/INFO] (PiriRuntimeAcceptance) PIRI_PHASE02_PACKET {"type":"ACTION_ACCEPTED","payload":{"clientSequence":394,"action":"STOP_RIGHT"}}
[21:02:47] [Render thread/INFO] (PiriRuntimeAcceptance) PIRI_PHASE02_PACKET {"type":"REEL_STOP","payload":{"spinId":"97b3168e-fe8c-4477-85ed-1dddf9ec8a96","reel":"RIGHT","pressedIndex":8,"stopIndex":11,"slip":3,"durationMs":230}}
[21:02:47] [Render thread/INFO] (PiriRuntimeAcceptance) PIRI_PHASE02_PACKET {"type":"PUBLIC_STATE","payload":{"sessionId":"af0b55a1-65ac-4f46-8884-c95d7e3b002d","machineId":1,"expectedNextClientSequence":395,"gameState":"REPLAY_READY","lifecycle":"ACTIVE","credit":5,"heldMedals":741,"bet":3,"pay":0,"bonusCount":0,"lampOn":false,"displayStops":{"left":12,"center":15,"right":11},"stoppedMask":7}}
[21:02:48] [Render thread/INFO] (PiriRuntimeAcceptance) PIRI_PHASE02_PACKET {"type":"ACTION_ACCEPTED","payload":{"clientSequence":395,"action":"SPACE_ACTION"}}
[21:02:48] [Render thread/INFO] (PiriRuntimeAcceptance) PIRI_PHASE02_PACKET {"type":"PUBLIC_STATE","payload":{"sessionId":"af0b55a1-65ac-4f46-8884-c95d7e3b002d","machineId":1,"expectedNextClientSequence":396,"gameState":"NORMAL_SPINNING","lifecycle":"ACTIVE","credit":5,"heldMedals":741,"bet":3,"pay":0,"bonusCount":0,"lampOn":false,"displayStops":{"left":12,"center":15,"right":11},"stoppedMask":0}}
[21:02:48] [Render thread/INFO] (PiriRuntimeAcceptance) PIRI_PHASE02_PACKET {"type":"SPIN_START","payload":{"sessionId":"af0b55a1-65ac-4f46-8884-c95d7e3b002d","machineId":1,"spinId":"daf89643-4565-453f-9940-809593e6a433","mode":"NORMAL","animation":"NORMAL","startPhase":{"left":12.0,"center":15.0,"right":11.0},"stopEnableAfterMs":400}}
[21:02:49] [Render thread/INFO] (PiriRuntimeAcceptance) PIRI_PHASE02_PACKET {"type":"ACTION_ACCEPTED","payload":{"clientSequence":396,"action":"STOP_CENTER"}}
[21:02:49] [Render thread/INFO] (PiriRuntimeAcceptance) PIRI_PHASE02_PACKET {"type":"REEL_STOP","payload":{"spinId":"daf89643-4565-453f-9940-809593e6a433","reel":"CENTER","pressedIndex":1,"stopIndex":1,"slip":0,"durationMs":80}}
[21:02:49] [Render thread/INFO] (PiriRuntimeAcceptance) PIRI_PHASE02_PACKET {"type":"PUBLIC_STATE","payload":{"sessionId":"af0b55a1-65ac-4f46-8884-c95d7e3b002d","machineId":1,"expectedNextClientSequence":397,"gameState":"NORMAL_SPINNING","lifecycle":"ACTIVE","credit":5,"heldMedals":741,"bet":3,"pay":0,"bonusCount":0,"lampOn":false,"displayStops":{"left":12,"center":1,"right":11},"stoppedMask":2}}
[21:02:49] [Render thread/INFO] (PiriRuntimeAcceptance) PIRI_PHASE02_PACKET {"type":"ACTION_ACCEPTED","payload":{"clientSequence":397,"action":"STOP_RIGHT"}}
[21:02:49] [Render thread/INFO] (PiriRuntimeAcceptance) PIRI_PHASE02_PACKET {"type":"REEL_STOP","payload":{"spinId":"daf89643-4565-453f-9940-809593e6a433","reel":"RIGHT","pressedIndex":6,"stopIndex":6,"slip":0,"durationMs":80}}
[21:02:49] [Render thread/INFO] (PiriRuntimeAcceptance) PIRI_PHASE02_PACKET {"type":"PUBLIC_STATE","payload":{"sessionId":"af0b55a1-65ac-4f46-8884-c95d7e3b002d","machineId":1,"expectedNextClientSequence":398,"gameState":"NORMAL_SPINNING","lifecycle":"ACTIVE","credit":5,"heldMedals":741,"bet":3,"pay":0,"bonusCount":0,"lampOn":false,"displayStops":{"left":12,"center":1,"right":6},"stoppedMask":6}}
[21:02:50] [Render thread/INFO] (PiriRuntimeAcceptance) PIRI_PHASE02_PACKET {"type":"ACTION_ACCEPTED","payload":{"clientSequence":398,"action":"STOP_LEFT"}}
[21:02:50] [Render thread/INFO] (PiriRuntimeAcceptance) PIRI_PHASE02_PACKET {"type":"REEL_STOP","payload":{"spinId":"daf89643-4565-453f-9940-809593e6a433","reel":"LEFT","pressedIndex":16,"stopIndex":16,"slip":0,"durationMs":80}}
[21:02:50] [Render thread/INFO] (PiriRuntimeAcceptance) PIRI_PHASE02_PACKET {"type":"PUBLIC_STATE","payload":{"sessionId":"af0b55a1-65ac-4f46-8884-c95d7e3b002d","machineId":1,"expectedNextClientSequence":399,"gameState":"SEATED_READY","lifecycle":"ACTIVE","credit":5,"heldMedals":741,"bet":0,"pay":0,"bonusCount":0,"lampOn":false,"displayStops":{"left":16,"center":1,"right":6},"stoppedMask":7}}
[21:02:50] [Render thread/INFO] (PiriRuntimeAcceptance) PIRI_PHASE02_PACKET {"type":"ACTION_ACCEPTED","payload":{"clientSequence":399,"action":"SPACE_ACTION"}}
[21:02:50] [Render thread/INFO] (PiriRuntimeAcceptance) PIRI_PHASE02_PACKET {"type":"PUBLIC_STATE","payload":{"sessionId":"af0b55a1-65ac-4f46-8884-c95d7e3b002d","machineId":1,"expectedNextClientSequence":400,"gameState":"NORMAL_BETTED","lifecycle":"ACTIVE","credit":2,"heldMedals":741,"bet":3,"pay":0,"bonusCount":0,"lampOn":false,"displayStops":{"left":16,"center":1,"right":6},"stoppedMask":7}}
[21:02:51] [Render thread/INFO] (PiriRuntimeAcceptance) PIRI_PHASE02_PACKET {"type":"ACTION_ACCEPTED","payload":{"clientSequence":400,"action":"SPACE_ACTION"}}
[21:02:51] [Render thread/INFO] (PiriRuntimeAcceptance) PIRI_PHASE02_PACKET {"type":"PUBLIC_STATE","payload":{"sessionId":"af0b55a1-65ac-4f46-8884-c95d7e3b002d","machineId":1,"expectedNextClientSequence":401,"gameState":"NORMAL_SPINNING","lifecycle":"ACTIVE","credit":2,"heldMedals":741,"bet":3,"pay":0,"bonusCount":0,"lampOn":false,"displayStops":{"left":16,"center":1,"right":6},"stoppedMask":0}}
[21:02:51] [Render thread/INFO] (PiriRuntimeAcceptance) PIRI_PHASE02_PACKET {"type":"SPIN_START","payload":{"sessionId":"af0b55a1-65ac-4f46-8884-c95d7e3b002d","machineId":1,"spinId":"c1ff478e-a326-4d6d-bb14-08662dc13f8d","mode":"NORMAL","animation":"NORMAL","startPhase":{"left":16.0,"center":1.0,"right":6.0},"stopEnableAfterMs":400}}
[21:02:52] [Render thread/INFO] (PiriRuntimeAcceptance) PIRI_PHASE02_PACKET {"type":"ACTION_ACCEPTED","payload":{"clientSequence":401,"action":"STOP_RIGHT"}}
[21:02:52] [Render thread/INFO] (PiriRuntimeAcceptance) PIRI_PHASE02_PACKET {"type":"REEL_STOP","payload":{"spinId":"c1ff478e-a326-4d6d-bb14-08662dc13f8d","reel":"RIGHT","pressedIndex":13,"stopIndex":13,"slip":0,"durationMs":80}}
[21:02:52] [Render thread/INFO] (PiriRuntimeAcceptance) PIRI_PHASE02_PACKET {"type":"PUBLIC_STATE","payload":{"sessionId":"af0b55a1-65ac-4f46-8884-c95d7e3b002d","machineId":1,"expectedNextClientSequence":402,"gameState":"NORMAL_SPINNING","lifecycle":"ACTIVE","credit":2,"heldMedals":741,"bet":3,"pay":0,"bonusCount":0,"lampOn":false,"displayStops":{"left":16,"center":1,"right":13},"stoppedMask":4}}
[21:02:52] [Render thread/INFO] (PiriRuntimeAcceptance) PIRI_PHASE02_PACKET {"type":"ACTION_ACCEPTED","payload":{"clientSequence":402,"action":"STOP_LEFT"}}
[21:02:52] [Render thread/INFO] (PiriRuntimeAcceptance) PIRI_PHASE02_PACKET {"type":"REEL_STOP","payload":{"spinId":"c1ff478e-a326-4d6d-bb14-08662dc13f8d","reel":"LEFT","pressedIndex":11,"stopIndex":11,"slip":0,"durationMs":80}}
[21:02:52] [Render thread/INFO] (PiriRuntimeAcceptance) PIRI_PHASE02_PACKET {"type":"PUBLIC_STATE","payload":{"sessionId":"af0b55a1-65ac-4f46-8884-c95d7e3b002d","machineId":1,"expectedNextClientSequence":403,"gameState":"NORMAL_SPINNING","lifecycle":"ACTIVE","credit":2,"heldMedals":741,"bet":3,"pay":0,"bonusCount":0,"lampOn":false,"displayStops":{"left":11,"center":1,"right":13},"stoppedMask":5}}
[21:02:53] [Render thread/INFO] (PiriRuntimeAcceptance) PIRI_PHASE02_PACKET {"type":"ACTION_ACCEPTED","payload":{"clientSequence":403,"action":"STOP_CENTER"}}
[21:02:53] [Render thread/INFO] (PiriRuntimeAcceptance) PIRI_PHASE02_PACKET {"type":"REEL_STOP","payload":{"spinId":"c1ff478e-a326-4d6d-bb14-08662dc13f8d","reel":"CENTER","pressedIndex":5,"stopIndex":5,"slip":0,"durationMs":80}}
[21:02:53] [Render thread/INFO] (PiriRuntimeAcceptance) PIRI_PHASE02_PACKET {"type":"PUBLIC_STATE","payload":{"sessionId":"af0b55a1-65ac-4f46-8884-c95d7e3b002d","machineId":1,"expectedNextClientSequence":404,"gameState":"SEATED_READY","lifecycle":"ACTIVE","credit":2,"heldMedals":741,"bet":0,"pay":0,"bonusCount":0,"lampOn":false,"displayStops":{"left":11,"center":5,"right":13},"stoppedMask":7}}
[21:02:53] [Render thread/INFO] (PiriRuntimeAcceptance) PIRI_PHASE02_PACKET {"type":"ACTION_ACCEPTED","payload":{"clientSequence":404,"action":"SPACE_ACTION"}}
[21:02:53] [Render thread/INFO] (PiriRuntimeAcceptance) PIRI_PHASE02_PACKET {"type":"PUBLIC_STATE","payload":{"sessionId":"af0b55a1-65ac-4f46-8884-c95d7e3b002d","machineId":1,"expectedNextClientSequence":405,"gameState":"NORMAL_BETTED","lifecycle":"ACTIVE","credit":0,"heldMedals":740,"bet":3,"pay":0,"bonusCount":0,"lampOn":false,"displayStops":{"left":11,"center":5,"right":13},"stoppedMask":7}}
[21:02:54] [Render thread/INFO] (PiriRuntimeAcceptance) PIRI_PHASE02_PACKET {"type":"ACTION_ACCEPTED","payload":{"clientSequence":405,"action":"SPACE_ACTION"}}
[21:02:54] [Render thread/INFO] (PiriRuntimeAcceptance) PIRI_PHASE02_PACKET {"type":"PUBLIC_STATE","payload":{"sessionId":"af0b55a1-65ac-4f46-8884-c95d7e3b002d","machineId":1,"expectedNextClientSequence":406,"gameState":"NORMAL_SPINNING","lifecycle":"ACTIVE","credit":0,"heldMedals":740,"bet":3,"pay":0,"bonusCount":0,"lampOn":false,"displayStops":{"left":11,"center":5,"right":13},"stoppedMask":0}}
[21:02:54] [Render thread/INFO] (PiriRuntimeAcceptance) PIRI_PHASE02_PACKET {"type":"SPIN_START","payload":{"sessionId":"af0b55a1-65ac-4f46-8884-c95d7e3b002d","machineId":1,"spinId":"cd92d3fb-15ae-43ab-80e1-0cd7ca39f582","mode":"NORMAL","animation":"NORMAL","startPhase":{"left":11.0,"center":5.0,"right":13.0},"stopEnableAfterMs":400}}
[21:02:55] [Render thread/INFO] (PiriRuntimeAcceptance) PIRI_PHASE02_PACKET {"type":"ACTION_ACCEPTED","payload":{"clientSequence":406,"action":"STOP_RIGHT"}}
[21:02:55] [Render thread/INFO] (PiriRuntimeAcceptance) PIRI_PHASE02_PACKET {"type":"REEL_STOP","payload":{"spinId":"cd92d3fb-15ae-43ab-80e1-0cd7ca39f582","reel":"RIGHT","pressedIndex":20,"stopIndex":20,"slip":0,"durationMs":80}}
[21:02:55] [Render thread/INFO] (PiriRuntimeAcceptance) PIRI_PHASE02_PACKET {"type":"PUBLIC_STATE","payload":{"sessionId":"af0b55a1-65ac-4f46-8884-c95d7e3b002d","machineId":1,"expectedNextClientSequence":407,"gameState":"NORMAL_SPINNING","lifecycle":"ACTIVE","credit":0,"heldMedals":740,"bet":3,"pay":0,"bonusCount":0,"lampOn":false,"displayStops":{"left":11,"center":5,"right":20},"stoppedMask":4}}
[21:02:55] [Render thread/INFO] (PiriRuntimeAcceptance) PIRI_PHASE02_PACKET {"type":"ACTION_ACCEPTED","payload":{"clientSequence":407,"action":"STOP_CENTER"}}
[21:02:55] [Render thread/INFO] (PiriRuntimeAcceptance) PIRI_PHASE02_PACKET {"type":"REEL_STOP","payload":{"spinId":"cd92d3fb-15ae-43ab-80e1-0cd7ca39f582","reel":"CENTER","pressedIndex":0,"stopIndex":0,"slip":0,"durationMs":80}}
[21:02:55] [Render thread/INFO] (PiriRuntimeAcceptance) PIRI_PHASE02_PACKET {"type":"PUBLIC_STATE","payload":{"sessionId":"af0b55a1-65ac-4f46-8884-c95d7e3b002d","machineId":1,"expectedNextClientSequence":408,"gameState":"NORMAL_SPINNING","lifecycle":"ACTIVE","credit":0,"heldMedals":740,"bet":3,"pay":0,"bonusCount":0,"lampOn":false,"displayStops":{"left":11,"center":0,"right":20},"stoppedMask":6}}
[21:02:56] [Render thread/INFO] (PiriRuntimeAcceptance) PIRI_PHASE02_PACKET {"type":"ACTION_ACCEPTED","payload":{"clientSequence":408,"action":"STOP_LEFT"}}
[21:02:56] [Render thread/INFO] (PiriRuntimeAcceptance) PIRI_PHASE02_PACKET {"type":"REEL_STOP","payload":{"spinId":"cd92d3fb-15ae-43ab-80e1-0cd7ca39f582","reel":"LEFT","pressedIndex":15,"stopIndex":15,"slip":0,"durationMs":80}}
[21:02:56] [Render thread/INFO] (PiriRuntimeAcceptance) PIRI_PHASE02_PACKET {"type":"PUBLIC_STATE","payload":{"sessionId":"af0b55a1-65ac-4f46-8884-c95d7e3b002d","machineId":1,"expectedNextClientSequence":409,"gameState":"SEATED_READY","lifecycle":"ACTIVE","credit":0,"heldMedals":740,"bet":0,"pay":0,"bonusCount":0,"lampOn":false,"displayStops":{"left":15,"center":0,"right":20},"stoppedMask":7}}
[21:02:56] [Render thread/INFO] (PiriRuntimeAcceptance) PIRI_PHASE02_PACKET {"type":"ACTION_ACCEPTED","payload":{"clientSequence":409,"action":"SPACE_ACTION"}}
[21:02:56] [Render thread/INFO] (PiriRuntimeAcceptance) PIRI_PHASE02_PACKET {"type":"PUBLIC_STATE","payload":{"sessionId":"af0b55a1-65ac-4f46-8884-c95d7e3b002d","machineId":1,"expectedNextClientSequence":410,"gameState":"NORMAL_BETTED","lifecycle":"ACTIVE","credit":0,"heldMedals":737,"bet":3,"pay":0,"bonusCount":0,"lampOn":false,"displayStops":{"left":15,"center":0,"right":20},"stoppedMask":7}}
[21:02:57] [Render thread/INFO] (PiriRuntimeAcceptance) PIRI_PHASE02_PACKET {"type":"ACTION_ACCEPTED","payload":{"clientSequence":410,"action":"SPACE_ACTION"}}
[21:02:57] [Render thread/INFO] (PiriRuntimeAcceptance) PIRI_PHASE02_PACKET {"type":"PUBLIC_STATE","payload":{"sessionId":"af0b55a1-65ac-4f46-8884-c95d7e3b002d","machineId":1,"expectedNextClientSequence":411,"gameState":"NORMAL_SPINNING","lifecycle":"ACTIVE","credit":0,"heldMedals":737,"bet":3,"pay":0,"bonusCount":0,"lampOn":false,"displayStops":{"left":15,"center":0,"right":20},"stoppedMask":0}}
[21:02:57] [Render thread/INFO] (PiriRuntimeAcceptance) PIRI_PHASE02_PACKET {"type":"SPIN_START","payload":{"sessionId":"af0b55a1-65ac-4f46-8884-c95d7e3b002d","machineId":1,"spinId":"695ca8d7-482a-4dc8-9480-0d72ef1f5048","mode":"NORMAL","animation":"NORMAL","startPhase":{"left":15.0,"center":0.0,"right":20.0},"stopEnableAfterMs":400}}
[21:02:58] [Render thread/INFO] (PiriRuntimeAcceptance) PIRI_PHASE02_PACKET {"type":"ACTION_ACCEPTED","payload":{"clientSequence":411,"action":"STOP_LEFT"}}
[21:02:58] [Render thread/INFO] (PiriRuntimeAcceptance) PIRI_PHASE02_PACKET {"type":"REEL_STOP","payload":{"spinId":"695ca8d7-482a-4dc8-9480-0d72ef1f5048","reel":"LEFT","pressedIndex":5,"stopIndex":5,"slip":0,"durationMs":80}}
[21:02:58] [Render thread/INFO] (PiriRuntimeAcceptance) PIRI_PHASE02_PACKET {"type":"PUBLIC_STATE","payload":{"sessionId":"af0b55a1-65ac-4f46-8884-c95d7e3b002d","machineId":1,"expectedNextClientSequence":412,"gameState":"NORMAL_SPINNING","lifecycle":"ACTIVE","credit":0,"heldMedals":737,"bet":3,"pay":0,"bonusCount":0,"lampOn":false,"displayStops":{"left":5,"center":0,"right":20},"stoppedMask":1}}
[21:02:58] [Render thread/INFO] (PiriRuntimeAcceptance) PIRI_PHASE02_PACKET {"type":"ACTION_ACCEPTED","payload":{"clientSequence":412,"action":"STOP_CENTER"}}
[21:02:58] [Render thread/INFO] (PiriRuntimeAcceptance) PIRI_PHASE02_PACKET {"type":"REEL_STOP","payload":{"spinId":"695ca8d7-482a-4dc8-9480-0d72ef1f5048","reel":"CENTER","pressedIndex":20,"stopIndex":20,"slip":0,"durationMs":80}}
[21:02:58] [Render thread/INFO] (PiriRuntimeAcceptance) PIRI_PHASE02_PACKET {"type":"PUBLIC_STATE","payload":{"sessionId":"af0b55a1-65ac-4f46-8884-c95d7e3b002d","machineId":1,"expectedNextClientSequence":413,"gameState":"NORMAL_SPINNING","lifecycle":"ACTIVE","credit":0,"heldMedals":737,"bet":3,"pay":0,"bonusCount":0,"lampOn":false,"displayStops":{"left":5,"center":20,"right":20},"stoppedMask":3}}
[21:02:59] [Render thread/INFO] (PiriRuntimeAcceptance) PIRI_PHASE02_PACKET {"type":"ACTION_ACCEPTED","payload":{"clientSequence":413,"action":"STOP_RIGHT"}}
[21:02:59] [Render thread/INFO] (PiriRuntimeAcceptance) PIRI_PHASE02_PACKET {"type":"REEL_STOP","payload":{"spinId":"695ca8d7-482a-4dc8-9480-0d72ef1f5048","reel":"RIGHT","pressedIndex":7,"stopIndex":8,"slip":1,"durationMs":130}}
[21:02:59] [Render thread/INFO] (PiriRuntimeAcceptance) PIRI_PHASE02_PACKET {"type":"PUBLIC_STATE","payload":{"sessionId":"af0b55a1-65ac-4f46-8884-c95d7e3b002d","machineId":1,"expectedNextClientSequence":414,"gameState":"SEATED_READY","lifecycle":"ACTIVE","credit":0,"heldMedals":737,"bet":0,"pay":0,"bonusCount":0,"lampOn":false,"displayStops":{"left":5,"center":20,"right":8},"stoppedMask":7}}
[21:02:59] [Render thread/INFO] (PiriRuntimeAcceptance) PIRI_PHASE02_PACKET {"type":"ACTION_ACCEPTED","payload":{"clientSequence":414,"action":"SPACE_ACTION"}}
[21:02:59] [Render thread/INFO] (PiriRuntimeAcceptance) PIRI_PHASE02_PACKET {"type":"PUBLIC_STATE","payload":{"sessionId":"af0b55a1-65ac-4f46-8884-c95d7e3b002d","machineId":1,"expectedNextClientSequence":415,"gameState":"NORMAL_BETTED","lifecycle":"ACTIVE","credit":0,"heldMedals":734,"bet":3,"pay":0,"bonusCount":0,"lampOn":false,"displayStops":{"left":5,"center":20,"right":8},"stoppedMask":7}}
[21:03:00] [Render thread/INFO] (PiriRuntimeAcceptance) PIRI_PHASE02_PACKET {"type":"ACTION_ACCEPTED","payload":{"clientSequence":415,"action":"SPACE_ACTION"}}
[21:03:00] [Render thread/INFO] (PiriRuntimeAcceptance) PIRI_PHASE02_PACKET {"type":"PUBLIC_STATE","payload":{"sessionId":"af0b55a1-65ac-4f46-8884-c95d7e3b002d","machineId":1,"expectedNextClientSequence":416,"gameState":"NORMAL_SPINNING","lifecycle":"ACTIVE","credit":0,"heldMedals":734,"bet":3,"pay":0,"bonusCount":0,"lampOn":false,"displayStops":{"left":5,"center":20,"right":8},"stoppedMask":0}}
[21:03:00] [Render thread/INFO] (PiriRuntimeAcceptance) PIRI_PHASE02_PACKET {"type":"SPIN_START","payload":{"sessionId":"af0b55a1-65ac-4f46-8884-c95d7e3b002d","machineId":1,"spinId":"5e2f16d8-0b59-4fce-ae2b-276dd547f017","mode":"NORMAL","animation":"NORMAL","startPhase":{"left":5.0,"center":20.0,"right":8.0},"stopEnableAfterMs":400}}
[21:03:01] [Render thread/INFO] (PiriRuntimeAcceptance) PIRI_PHASE02_PACKET {"type":"ACTION_ACCEPTED","payload":{"clientSequence":416,"action":"STOP_LEFT"}}
[21:03:01] [Render thread/INFO] (PiriRuntimeAcceptance) PIRI_PHASE02_PACKET {"type":"REEL_STOP","payload":{"spinId":"5e2f16d8-0b59-4fce-ae2b-276dd547f017","reel":"LEFT","pressedIndex":17,"stopIndex":17,"slip":0,"durationMs":80}}
[21:03:01] [Render thread/INFO] (PiriRuntimeAcceptance) PIRI_PHASE02_PACKET {"type":"PUBLIC_STATE","payload":{"sessionId":"af0b55a1-65ac-4f46-8884-c95d7e3b002d","machineId":1,"expectedNextClientSequence":417,"gameState":"NORMAL_SPINNING","lifecycle":"ACTIVE","credit":0,"heldMedals":734,"bet":3,"pay":0,"bonusCount":0,"lampOn":false,"displayStops":{"left":17,"center":20,"right":8},"stoppedMask":1}}
[21:03:01] [Render thread/INFO] (PiriRuntimeAcceptance) PIRI_PHASE02_PACKET {"type":"ACTION_ACCEPTED","payload":{"clientSequence":417,"action":"STOP_RIGHT"}}
[21:03:01] [Render thread/INFO] (PiriRuntimeAcceptance) PIRI_PHASE02_PACKET {"type":"REEL_STOP","payload":{"spinId":"5e2f16d8-0b59-4fce-ae2b-276dd547f017","reel":"RIGHT","pressedIndex":8,"stopIndex":8,"slip":0,"durationMs":80}}
[21:03:01] [Render thread/INFO] (PiriRuntimeAcceptance) PIRI_PHASE02_PACKET {"type":"PUBLIC_STATE","payload":{"sessionId":"af0b55a1-65ac-4f46-8884-c95d7e3b002d","machineId":1,"expectedNextClientSequence":418,"gameState":"NORMAL_SPINNING","lifecycle":"ACTIVE","credit":0,"heldMedals":734,"bet":3,"pay":0,"bonusCount":0,"lampOn":false,"displayStops":{"left":17,"center":20,"right":8},"stoppedMask":5}}
[21:03:02] [Render thread/INFO] (PiriRuntimeAcceptance) PIRI_PHASE02_PACKET {"type":"ACTION_ACCEPTED","payload":{"clientSequence":418,"action":"STOP_CENTER"}}
[21:03:02] [Render thread/INFO] (PiriRuntimeAcceptance) PIRI_PHASE02_PACKET {"type":"REEL_STOP","payload":{"spinId":"5e2f16d8-0b59-4fce-ae2b-276dd547f017","reel":"CENTER","pressedIndex":8,"stopIndex":8,"slip":0,"durationMs":80}}
[21:03:02] [Render thread/INFO] (PiriRuntimeAcceptance) PIRI_PHASE02_PACKET {"type":"PAYOUT","payload":{}}
[21:03:02] [Render thread/INFO] (PiriRuntimeAcceptance) PIRI_PHASE02_PACKET {"type":"PUBLIC_STATE","payload":{"sessionId":"af0b55a1-65ac-4f46-8884-c95d7e3b002d","machineId":1,"expectedNextClientSequence":419,"gameState":"SEATED_READY","lifecycle":"ACTIVE","credit":8,"heldMedals":734,"bet":0,"pay":8,"bonusCount":0,"lampOn":false,"displayStops":{"left":17,"center":8,"right":8},"stoppedMask":7}}
[21:03:02] [Render thread/INFO] (PiriRuntimeAcceptance) PIRI_PHASE02_PACKET {"type":"ACTION_ACCEPTED","payload":{"clientSequence":419,"action":"SPACE_ACTION"}}
[21:03:02] [Render thread/INFO] (PiriRuntimeAcceptance) PIRI_PHASE02_PACKET {"type":"PUBLIC_STATE","payload":{"sessionId":"af0b55a1-65ac-4f46-8884-c95d7e3b002d","machineId":1,"expectedNextClientSequence":420,"gameState":"NORMAL_BETTED","lifecycle":"ACTIVE","credit":5,"heldMedals":734,"bet":3,"pay":0,"bonusCount":0,"lampOn":false,"displayStops":{"left":17,"center":8,"right":8},"stoppedMask":7}}
[21:03:03] [Render thread/INFO] (PiriRuntimeAcceptance) PIRI_PHASE02_PACKET {"type":"ACTION_ACCEPTED","payload":{"clientSequence":420,"action":"SPACE_ACTION"}}
[21:03:03] [Render thread/INFO] (PiriRuntimeAcceptance) PIRI_PHASE02_PACKET {"type":"PUBLIC_STATE","payload":{"sessionId":"af0b55a1-65ac-4f46-8884-c95d7e3b002d","machineId":1,"expectedNextClientSequence":421,"gameState":"NORMAL_SPINNING","lifecycle":"ACTIVE","credit":5,"heldMedals":734,"bet":3,"pay":0,"bonusCount":0,"lampOn":false,"displayStops":{"left":17,"center":8,"right":8},"stoppedMask":0}}
[21:03:03] [Render thread/INFO] (PiriRuntimeAcceptance) PIRI_PHASE02_PACKET {"type":"SPIN_START","payload":{"sessionId":"af0b55a1-65ac-4f46-8884-c95d7e3b002d","machineId":1,"spinId":"e611ac97-d761-4974-9bca-cd7278376ee1","mode":"NORMAL","animation":"NORMAL","startPhase":{"left":17.0,"center":8.0,"right":8.0},"stopEnableAfterMs":400}}
[21:03:03] [Render thread/INFO] (PiriRuntimeAcceptance) PIRI_PHASE02_PACKET {"type":"ACTION_ACCEPTED","payload":{"clientSequence":421,"action":"STOP_CENTER"}}
[21:03:03] [Render thread/INFO] (PiriRuntimeAcceptance) PIRI_PHASE02_PACKET {"type":"REEL_STOP","payload":{"spinId":"e611ac97-d761-4974-9bca-cd7278376ee1","reel":"CENTER","pressedIndex":15,"stopIndex":15,"slip":0,"durationMs":80}}
[21:03:03] [Render thread/INFO] (PiriRuntimeAcceptance) PIRI_PHASE02_PACKET {"type":"PUBLIC_STATE","payload":{"sessionId":"af0b55a1-65ac-4f46-8884-c95d7e3b002d","machineId":1,"expectedNextClientSequence":422,"gameState":"NORMAL_SPINNING","lifecycle":"ACTIVE","credit":5,"heldMedals":734,"bet":3,"pay":0,"bonusCount":0,"lampOn":false,"displayStops":{"left":17,"center":15,"right":8},"stoppedMask":2}}
[21:03:04] [Render thread/INFO] (PiriRuntimeAcceptance) PIRI_PHASE02_PACKET {"type":"ACTION_ACCEPTED","payload":{"clientSequence":422,"action":"STOP_LEFT"}}
[21:03:04] [Render thread/INFO] (PiriRuntimeAcceptance) PIRI_PHASE02_PACKET {"type":"REEL_STOP","payload":{"spinId":"e611ac97-d761-4974-9bca-cd7278376ee1","reel":"LEFT","pressedIndex":12,"stopIndex":12,"slip":0,"durationMs":80}}
[21:03:04] [Render thread/INFO] (PiriRuntimeAcceptance) PIRI_PHASE02_PACKET {"type":"PUBLIC_STATE","payload":{"sessionId":"af0b55a1-65ac-4f46-8884-c95d7e3b002d","machineId":1,"expectedNextClientSequence":423,"gameState":"NORMAL_SPINNING","lifecycle":"ACTIVE","credit":5,"heldMedals":734,"bet":3,"pay":0,"bonusCount":0,"lampOn":false,"displayStops":{"left":12,"center":15,"right":8},"stoppedMask":3}}
[21:03:04] [Render thread/INFO] (PiriRuntimeAcceptance) PIRI_PHASE02_PACKET {"type":"ACTION_ACCEPTED","payload":{"clientSequence":423,"action":"STOP_RIGHT"}}
[21:03:04] [Render thread/INFO] (PiriRuntimeAcceptance) PIRI_PHASE02_PACKET {"type":"REEL_STOP","payload":{"spinId":"e611ac97-d761-4974-9bca-cd7278376ee1","reel":"RIGHT","pressedIndex":12,"stopIndex":12,"slip":0,"durationMs":80}}
[21:03:04] [Render thread/INFO] (PiriRuntimeAcceptance) PIRI_PHASE02_PACKET {"type":"PUBLIC_STATE","payload":{"sessionId":"af0b55a1-65ac-4f46-8884-c95d7e3b002d","machineId":1,"expectedNextClientSequence":424,"gameState":"SEATED_READY","lifecycle":"ACTIVE","credit":5,"heldMedals":734,"bet":0,"pay":0,"bonusCount":0,"lampOn":false,"displayStops":{"left":12,"center":15,"right":12},"stoppedMask":7}}
[21:03:05] [Render thread/INFO] (PiriRuntimeAcceptance) PIRI_PHASE02_PACKET {"type":"ACTION_ACCEPTED","payload":{"clientSequence":424,"action":"SPACE_ACTION"}}
[21:03:05] [Render thread/INFO] (PiriRuntimeAcceptance) PIRI_PHASE02_PACKET {"type":"PUBLIC_STATE","payload":{"sessionId":"af0b55a1-65ac-4f46-8884-c95d7e3b002d","machineId":1,"expectedNextClientSequence":425,"gameState":"NORMAL_BETTED","lifecycle":"ACTIVE","credit":2,"heldMedals":734,"bet":3,"pay":0,"bonusCount":0,"lampOn":false,"displayStops":{"left":12,"center":15,"right":12},"stoppedMask":7}}
[21:03:05] [Render thread/INFO] (PiriRuntimeAcceptance) PIRI_PHASE02_PACKET {"type":"ACTION_ACCEPTED","payload":{"clientSequence":425,"action":"SPACE_ACTION"}}
[21:03:05] [Render thread/INFO] (PiriRuntimeAcceptance) PIRI_PHASE02_PACKET {"type":"PUBLIC_STATE","payload":{"sessionId":"af0b55a1-65ac-4f46-8884-c95d7e3b002d","machineId":1,"expectedNextClientSequence":426,"gameState":"NORMAL_SPINNING","lifecycle":"ACTIVE","credit":2,"heldMedals":734,"bet":3,"pay":0,"bonusCount":0,"lampOn":false,"displayStops":{"left":12,"center":15,"right":12},"stoppedMask":0}}
[21:03:05] [Render thread/INFO] (PiriRuntimeAcceptance) PIRI_PHASE02_PACKET {"type":"SPIN_START","payload":{"sessionId":"af0b55a1-65ac-4f46-8884-c95d7e3b002d","machineId":1,"spinId":"d0042364-1353-419e-b044-252e08b66c26","mode":"NORMAL","animation":"NORMAL","startPhase":{"left":12.0,"center":15.0,"right":12.0},"stopEnableAfterMs":400}}
[21:03:06] [Render thread/INFO] (PiriRuntimeAcceptance) PIRI_PHASE02_PACKET {"type":"ACTION_ACCEPTED","payload":{"clientSequence":426,"action":"STOP_CENTER"}}
[21:03:06] [Render thread/INFO] (PiriRuntimeAcceptance) PIRI_PHASE02_PACKET {"type":"REEL_STOP","payload":{"spinId":"d0042364-1353-419e-b044-252e08b66c26","reel":"CENTER","pressedIndex":6,"stopIndex":6,"slip":0,"durationMs":80}}
[21:03:06] [Render thread/INFO] (PiriRuntimeAcceptance) PIRI_PHASE02_PACKET {"type":"PUBLIC_STATE","payload":{"sessionId":"af0b55a1-65ac-4f46-8884-c95d7e3b002d","machineId":1,"expectedNextClientSequence":427,"gameState":"NORMAL_SPINNING","lifecycle":"ACTIVE","credit":2,"heldMedals":734,"bet":3,"pay":0,"bonusCount":0,"lampOn":false,"displayStops":{"left":12,"center":6,"right":12},"stoppedMask":2}}
[21:03:07] [Render thread/INFO] (PiriRuntimeAcceptance) PIRI_PHASE02_PACKET {"type":"ACTION_ACCEPTED","payload":{"clientSequence":427,"action":"STOP_RIGHT"}}
[21:03:07] [Render thread/INFO] (PiriRuntimeAcceptance) PIRI_PHASE02_PACKET {"type":"REEL_STOP","payload":{"spinId":"d0042364-1353-419e-b044-252e08b66c26","reel":"RIGHT","pressedIndex":12,"stopIndex":12,"slip":0,"durationMs":80}}
[21:03:07] [Render thread/INFO] (PiriRuntimeAcceptance) PIRI_PHASE02_PACKET {"type":"PUBLIC_STATE","payload":{"sessionId":"af0b55a1-65ac-4f46-8884-c95d7e3b002d","machineId":1,"expectedNextClientSequence":428,"gameState":"NORMAL_SPINNING","lifecycle":"ACTIVE","credit":2,"heldMedals":734,"bet":3,"pay":0,"bonusCount":0,"lampOn":false,"displayStops":{"left":12,"center":6,"right":12},"stoppedMask":6}}
[21:03:08] [Render thread/INFO] (PiriRuntimeAcceptance) PIRI_PHASE02_PACKET {"type":"ACTION_ACCEPTED","payload":{"clientSequence":428,"action":"STOP_LEFT"}}
[21:03:08] [Render thread/INFO] (PiriRuntimeAcceptance) PIRI_PHASE02_PACKET {"type":"REEL_STOP","payload":{"spinId":"d0042364-1353-419e-b044-252e08b66c26","reel":"LEFT","pressedIndex":0,"stopIndex":0,"slip":0,"durationMs":80}}
[21:03:08] [Render thread/INFO] (PiriRuntimeAcceptance) PIRI_PHASE02_PACKET {"type":"PAYOUT","payload":{}}
[21:03:08] [Render thread/INFO] (PiriRuntimeAcceptance) PIRI_PHASE02_PACKET {"type":"PUBLIC_STATE","payload":{"sessionId":"af0b55a1-65ac-4f46-8884-c95d7e3b002d","machineId":1,"expectedNextClientSequence":429,"gameState":"SEATED_READY","lifecycle":"ACTIVE","credit":4,"heldMedals":734,"bet":0,"pay":2,"bonusCount":0,"lampOn":false,"displayStops":{"left":0,"center":6,"right":12},"stoppedMask":7}}
[21:03:08] [Render thread/INFO] (PiriRuntimeAcceptance) PIRI_PHASE02_PACKET {"type":"ACTION_ACCEPTED","payload":{"clientSequence":429,"action":"SPACE_ACTION"}}
[21:03:08] [Render thread/INFO] (PiriRuntimeAcceptance) PIRI_PHASE02_PACKET {"type":"PUBLIC_STATE","payload":{"sessionId":"af0b55a1-65ac-4f46-8884-c95d7e3b002d","machineId":1,"expectedNextClientSequence":430,"gameState":"NORMAL_BETTED","lifecycle":"ACTIVE","credit":1,"heldMedals":734,"bet":3,"pay":0,"bonusCount":0,"lampOn":false,"displayStops":{"left":0,"center":6,"right":12},"stoppedMask":7}}
[21:03:08] [Render thread/INFO] (PiriRuntimeAcceptance) PIRI_PHASE02_PACKET {"type":"ACTION_ACCEPTED","payload":{"clientSequence":430,"action":"SPACE_ACTION"}}
[21:03:08] [Render thread/INFO] (PiriRuntimeAcceptance) PIRI_PHASE02_PACKET {"type":"PUBLIC_STATE","payload":{"sessionId":"af0b55a1-65ac-4f46-8884-c95d7e3b002d","machineId":1,"expectedNextClientSequence":431,"gameState":"NORMAL_SPINNING","lifecycle":"ACTIVE","credit":1,"heldMedals":734,"bet":3,"pay":0,"bonusCount":0,"lampOn":false,"displayStops":{"left":0,"center":6,"right":12},"stoppedMask":0}}
[21:03:08] [Render thread/INFO] (PiriRuntimeAcceptance) PIRI_PHASE02_PACKET {"type":"SPIN_START","payload":{"sessionId":"af0b55a1-65ac-4f46-8884-c95d7e3b002d","machineId":1,"spinId":"0ecf1707-fc91-4df7-937e-96f415c7d554","mode":"NORMAL","animation":"NORMAL","startPhase":{"left":0.0,"center":6.0,"right":12.0},"stopEnableAfterMs":400}}
[21:03:09] [Render thread/INFO] (PiriRuntimeAcceptance) PIRI_PHASE02_PACKET {"type":"ACTION_ACCEPTED","payload":{"clientSequence":431,"action":"STOP_RIGHT"}}
[21:03:09] [Render thread/INFO] (PiriRuntimeAcceptance) PIRI_PHASE02_PACKET {"type":"REEL_STOP","payload":{"spinId":"0ecf1707-fc91-4df7-937e-96f415c7d554","reel":"RIGHT","pressedIndex":2,"stopIndex":2,"slip":0,"durationMs":80}}
[21:03:09] [Render thread/INFO] (PiriRuntimeAcceptance) PIRI_PHASE02_PACKET {"type":"PUBLIC_STATE","payload":{"sessionId":"af0b55a1-65ac-4f46-8884-c95d7e3b002d","machineId":1,"expectedNextClientSequence":432,"gameState":"NORMAL_SPINNING","lifecycle":"ACTIVE","credit":1,"heldMedals":734,"bet":3,"pay":0,"bonusCount":0,"lampOn":false,"displayStops":{"left":0,"center":6,"right":2},"stoppedMask":4}}
[21:03:10] [Render thread/INFO] (PiriRuntimeAcceptance) PIRI_PHASE02_PACKET {"type":"ACTION_ACCEPTED","payload":{"clientSequence":432,"action":"STOP_LEFT"}}
[21:03:10] [Render thread/INFO] (PiriRuntimeAcceptance) PIRI_PHASE02_PACKET {"type":"REEL_STOP","payload":{"spinId":"0ecf1707-fc91-4df7-937e-96f415c7d554","reel":"LEFT","pressedIndex":20,"stopIndex":1,"slip":2,"durationMs":180}}
[21:03:10] [Render thread/INFO] (PiriRuntimeAcceptance) PIRI_PHASE02_PACKET {"type":"PUBLIC_STATE","payload":{"sessionId":"af0b55a1-65ac-4f46-8884-c95d7e3b002d","machineId":1,"expectedNextClientSequence":433,"gameState":"NORMAL_SPINNING","lifecycle":"ACTIVE","credit":1,"heldMedals":734,"bet":3,"pay":0,"bonusCount":0,"lampOn":false,"displayStops":{"left":1,"center":6,"right":2},"stoppedMask":5}}
[21:03:10] [Render thread/INFO] (PiriRuntimeAcceptance) PIRI_PHASE02_PACKET {"type":"ACTION_ACCEPTED","payload":{"clientSequence":433,"action":"STOP_CENTER"}}
[21:03:10] [Render thread/INFO] (PiriRuntimeAcceptance) PIRI_PHASE02_PACKET {"type":"REEL_STOP","payload":{"spinId":"0ecf1707-fc91-4df7-937e-96f415c7d554","reel":"CENTER","pressedIndex":14,"stopIndex":14,"slip":0,"durationMs":80}}
[21:03:10] [Render thread/INFO] (PiriRuntimeAcceptance) PIRI_PHASE02_PACKET {"type":"PUBLIC_STATE","payload":{"sessionId":"af0b55a1-65ac-4f46-8884-c95d7e3b002d","machineId":1,"expectedNextClientSequence":434,"gameState":"SEATED_READY","lifecycle":"ACTIVE","credit":1,"heldMedals":734,"bet":0,"pay":0,"bonusCount":0,"lampOn":false,"displayStops":{"left":1,"center":14,"right":2},"stoppedMask":7}}
[21:03:11] [Render thread/INFO] (PiriRuntimeAcceptance) PIRI_PHASE02_PACKET {"type":"ACTION_ACCEPTED","payload":{"clientSequence":434,"action":"SPACE_ACTION"}}
[21:03:11] [Render thread/INFO] (PiriRuntimeAcceptance) PIRI_PHASE02_PACKET {"type":"PUBLIC_STATE","payload":{"sessionId":"af0b55a1-65ac-4f46-8884-c95d7e3b002d","machineId":1,"expectedNextClientSequence":435,"gameState":"NORMAL_BETTED","lifecycle":"ACTIVE","credit":0,"heldMedals":732,"bet":3,"pay":0,"bonusCount":0,"lampOn":false,"displayStops":{"left":1,"center":14,"right":2},"stoppedMask":7}}
[21:03:11] [Render thread/INFO] (PiriRuntimeAcceptance) PIRI_PHASE02_PACKET {"type":"ACTION_ACCEPTED","payload":{"clientSequence":435,"action":"SPACE_ACTION"}}
[21:03:11] [Render thread/INFO] (PiriRuntimeAcceptance) PIRI_PHASE02_PACKET {"type":"PUBLIC_STATE","payload":{"sessionId":"af0b55a1-65ac-4f46-8884-c95d7e3b002d","machineId":1,"expectedNextClientSequence":436,"gameState":"NORMAL_SPINNING","lifecycle":"ACTIVE","credit":0,"heldMedals":732,"bet":3,"pay":0,"bonusCount":0,"lampOn":false,"displayStops":{"left":1,"center":14,"right":2},"stoppedMask":0}}
[21:03:11] [Render thread/INFO] (PiriRuntimeAcceptance) PIRI_PHASE02_PACKET {"type":"SPIN_START","payload":{"sessionId":"af0b55a1-65ac-4f46-8884-c95d7e3b002d","machineId":1,"spinId":"43b7051d-3e5c-49ca-93a2-d4f29e55a2a2","mode":"NORMAL","animation":"NORMAL","startPhase":{"left":1.0,"center":14.0,"right":2.0},"stopEnableAfterMs":400}}
[21:03:13] [Render thread/INFO] (PiriRuntimeAcceptance) PIRI_PHASE02_PACKET {"type":"ACTION_ACCEPTED","payload":{"clientSequence":436,"action":"STOP_RIGHT"}}
[21:03:13] [Render thread/INFO] (PiriRuntimeAcceptance) PIRI_PHASE02_PACKET {"type":"REEL_STOP","payload":{"spinId":"43b7051d-3e5c-49ca-93a2-d4f29e55a2a2","reel":"RIGHT","pressedIndex":13,"stopIndex":13,"slip":0,"durationMs":80}}
[21:03:13] [Render thread/INFO] (PiriRuntimeAcceptance) PIRI_PHASE02_PACKET {"type":"PUBLIC_STATE","payload":{"sessionId":"af0b55a1-65ac-4f46-8884-c95d7e3b002d","machineId":1,"expectedNextClientSequence":437,"gameState":"NORMAL_SPINNING","lifecycle":"ACTIVE","credit":0,"heldMedals":732,"bet":3,"pay":0,"bonusCount":0,"lampOn":false,"displayStops":{"left":1,"center":14,"right":13},"stoppedMask":4}}
[21:03:13] [Render thread/INFO] (PiriRuntimeAcceptance) PIRI_PHASE02_PACKET {"type":"ACTION_ACCEPTED","payload":{"clientSequence":437,"action":"STOP_CENTER"}}
[21:03:13] [Render thread/INFO] (PiriRuntimeAcceptance) PIRI_PHASE02_PACKET {"type":"REEL_STOP","payload":{"spinId":"43b7051d-3e5c-49ca-93a2-d4f29e55a2a2","reel":"CENTER","pressedIndex":18,"stopIndex":18,"slip":0,"durationMs":80}}
[21:03:13] [Render thread/INFO] (PiriRuntimeAcceptance) PIRI_PHASE02_PACKET {"type":"PUBLIC_STATE","payload":{"sessionId":"af0b55a1-65ac-4f46-8884-c95d7e3b002d","machineId":1,"expectedNextClientSequence":438,"gameState":"NORMAL_SPINNING","lifecycle":"ACTIVE","credit":0,"heldMedals":732,"bet":3,"pay":0,"bonusCount":0,"lampOn":false,"displayStops":{"left":1,"center":18,"right":13},"stoppedMask":6}}
[21:03:14] [Render thread/INFO] (PiriRuntimeAcceptance) PIRI_PHASE02_PACKET {"type":"ACTION_ACCEPTED","payload":{"clientSequence":438,"action":"STOP_LEFT"}}
[21:03:14] [Render thread/INFO] (PiriRuntimeAcceptance) PIRI_PHASE02_PACKET {"type":"REEL_STOP","payload":{"spinId":"43b7051d-3e5c-49ca-93a2-d4f29e55a2a2","reel":"LEFT","pressedIndex":14,"stopIndex":16,"slip":2,"durationMs":180}}
[21:03:14] [Render thread/INFO] (PiriRuntimeAcceptance) PIRI_PHASE02_PACKET {"type":"PUBLIC_STATE","payload":{"sessionId":"af0b55a1-65ac-4f46-8884-c95d7e3b002d","machineId":1,"expectedNextClientSequence":439,"gameState":"REPLAY_READY","lifecycle":"ACTIVE","credit":0,"heldMedals":732,"bet":3,"pay":0,"bonusCount":0,"lampOn":false,"displayStops":{"left":16,"center":18,"right":13},"stoppedMask":7}}
[21:03:14] [Render thread/INFO] (PiriRuntimeAcceptance) PIRI_PHASE02_PACKET {"type":"ACTION_ACCEPTED","payload":{"clientSequence":439,"action":"SPACE_ACTION"}}
[21:03:14] [Render thread/INFO] (PiriRuntimeAcceptance) PIRI_PHASE02_PACKET {"type":"PUBLIC_STATE","payload":{"sessionId":"af0b55a1-65ac-4f46-8884-c95d7e3b002d","machineId":1,"expectedNextClientSequence":440,"gameState":"NORMAL_SPINNING","lifecycle":"ACTIVE","credit":0,"heldMedals":732,"bet":3,"pay":0,"bonusCount":0,"lampOn":false,"displayStops":{"left":16,"center":18,"right":13},"stoppedMask":0}}
[21:03:14] [Render thread/INFO] (PiriRuntimeAcceptance) PIRI_PHASE02_PACKET {"type":"SPIN_START","payload":{"sessionId":"af0b55a1-65ac-4f46-8884-c95d7e3b002d","machineId":1,"spinId":"4da16996-5b9d-45aa-99d0-726099fc9c3d","mode":"NORMAL","animation":"NORMAL","startPhase":{"left":16.0,"center":18.0,"right":13.0},"stopEnableAfterMs":400}}
[21:03:15] [Render thread/INFO] (PiriRuntimeAcceptance) PIRI_PHASE02_PACKET {"type":"ACTION_ACCEPTED","payload":{"clientSequence":440,"action":"STOP_LEFT"}}
[21:03:15] [Render thread/INFO] (PiriRuntimeAcceptance) PIRI_PHASE02_PACKET {"type":"REEL_STOP","payload":{"spinId":"4da16996-5b9d-45aa-99d0-726099fc9c3d","reel":"LEFT","pressedIndex":6,"stopIndex":6,"slip":0,"durationMs":80}}
[21:03:15] [Render thread/INFO] (PiriRuntimeAcceptance) PIRI_PHASE02_PACKET {"type":"PUBLIC_STATE","payload":{"sessionId":"af0b55a1-65ac-4f46-8884-c95d7e3b002d","machineId":1,"expectedNextClientSequence":441,"gameState":"NORMAL_SPINNING","lifecycle":"ACTIVE","credit":0,"heldMedals":732,"bet":3,"pay":0,"bonusCount":0,"lampOn":false,"displayStops":{"left":6,"center":18,"right":13},"stoppedMask":1}}
[21:03:16] [Render thread/INFO] (PiriRuntimeAcceptance) PIRI_PHASE02_PACKET {"type":"ACTION_ACCEPTED","payload":{"clientSequence":441,"action":"STOP_CENTER"}}
[21:03:16] [Render thread/INFO] (PiriRuntimeAcceptance) PIRI_PHASE02_PACKET {"type":"REEL_STOP","payload":{"spinId":"4da16996-5b9d-45aa-99d0-726099fc9c3d","reel":"CENTER","pressedIndex":17,"stopIndex":17,"slip":0,"durationMs":80}}
[21:03:16] [Render thread/INFO] (PiriRuntimeAcceptance) PIRI_PHASE02_PACKET {"type":"PUBLIC_STATE","payload":{"sessionId":"af0b55a1-65ac-4f46-8884-c95d7e3b002d","machineId":1,"expectedNextClientSequence":442,"gameState":"NORMAL_SPINNING","lifecycle":"ACTIVE","credit":0,"heldMedals":732,"bet":3,"pay":0,"bonusCount":0,"lampOn":false,"displayStops":{"left":6,"center":17,"right":13},"stoppedMask":3}}
[21:03:16] [Render thread/INFO] (PiriRuntimeAcceptance) PIRI_PHASE02_PACKET {"type":"ACTION_ACCEPTED","payload":{"clientSequence":442,"action":"STOP_RIGHT"}}
[21:03:16] [Render thread/INFO] (PiriRuntimeAcceptance) PIRI_PHASE02_PACKET {"type":"REEL_STOP","payload":{"spinId":"4da16996-5b9d-45aa-99d0-726099fc9c3d","reel":"RIGHT","pressedIndex":0,"stopIndex":0,"slip":0,"durationMs":80}}
[21:03:16] [Render thread/INFO] (PiriRuntimeAcceptance) PIRI_PHASE02_PACKET {"type":"PUBLIC_STATE","payload":{"sessionId":"af0b55a1-65ac-4f46-8884-c95d7e3b002d","machineId":1,"expectedNextClientSequence":443,"gameState":"SEATED_READY","lifecycle":"ACTIVE","credit":0,"heldMedals":732,"bet":0,"pay":0,"bonusCount":0,"lampOn":false,"displayStops":{"left":6,"center":17,"right":0},"stoppedMask":7}}
[21:03:17] [Render thread/INFO] (PiriRuntimeAcceptance) PIRI_PHASE02_PACKET {"type":"ACTION_ACCEPTED","payload":{"clientSequence":443,"action":"SPACE_ACTION"}}
[21:03:17] [Render thread/INFO] (PiriRuntimeAcceptance) PIRI_PHASE02_PACKET {"type":"PUBLIC_STATE","payload":{"sessionId":"af0b55a1-65ac-4f46-8884-c95d7e3b002d","machineId":1,"expectedNextClientSequence":444,"gameState":"NORMAL_BETTED","lifecycle":"ACTIVE","credit":0,"heldMedals":729,"bet":3,"pay":0,"bonusCount":0,"lampOn":false,"displayStops":{"left":6,"center":17,"right":0},"stoppedMask":7}}
[21:03:17] [Render thread/INFO] (PiriRuntimeAcceptance) PIRI_PHASE02_PACKET {"type":"ACTION_ACCEPTED","payload":{"clientSequence":444,"action":"SPACE_ACTION"}}
[21:03:17] [Render thread/INFO] (PiriRuntimeAcceptance) PIRI_PHASE02_PACKET {"type":"PUBLIC_STATE","payload":{"sessionId":"af0b55a1-65ac-4f46-8884-c95d7e3b002d","machineId":1,"expectedNextClientSequence":445,"gameState":"NORMAL_SPINNING","lifecycle":"ACTIVE","credit":0,"heldMedals":729,"bet":3,"pay":0,"bonusCount":0,"lampOn":false,"displayStops":{"left":6,"center":17,"right":0},"stoppedMask":0}}
[21:03:17] [Render thread/INFO] (PiriRuntimeAcceptance) PIRI_PHASE02_PACKET {"type":"SPIN_START","payload":{"sessionId":"af0b55a1-65ac-4f46-8884-c95d7e3b002d","machineId":1,"spinId":"522ba472-8cc6-4eac-82c5-7aa3064aad81","mode":"NORMAL","animation":"NORMAL","startPhase":{"left":6.0,"center":17.0,"right":0.0},"stopEnableAfterMs":400}}
[21:03:18] [Render thread/INFO] (PiriRuntimeAcceptance) PIRI_PHASE02_PACKET {"type":"ACTION_ACCEPTED","payload":{"clientSequence":445,"action":"STOP_LEFT"}}
[21:03:18] [Render thread/INFO] (PiriRuntimeAcceptance) PIRI_PHASE02_PACKET {"type":"REEL_STOP","payload":{"spinId":"522ba472-8cc6-4eac-82c5-7aa3064aad81","reel":"LEFT","pressedIndex":13,"stopIndex":14,"slip":1,"durationMs":130}}
[21:03:18] [Render thread/INFO] (PiriRuntimeAcceptance) PIRI_PHASE02_PACKET {"type":"PUBLIC_STATE","payload":{"sessionId":"af0b55a1-65ac-4f46-8884-c95d7e3b002d","machineId":1,"expectedNextClientSequence":446,"gameState":"NORMAL_SPINNING","lifecycle":"ACTIVE","credit":0,"heldMedals":729,"bet":3,"pay":0,"bonusCount":0,"lampOn":false,"displayStops":{"left":14,"center":17,"right":0},"stoppedMask":1}}
[21:03:19] [Render thread/INFO] (PiriRuntimeAcceptance) PIRI_PHASE02_PACKET {"type":"ACTION_ACCEPTED","payload":{"clientSequence":446,"action":"STOP_RIGHT"}}
[21:03:19] [Render thread/INFO] (PiriRuntimeAcceptance) PIRI_PHASE02_PACKET {"type":"REEL_STOP","payload":{"spinId":"522ba472-8cc6-4eac-82c5-7aa3064aad81","reel":"RIGHT","pressedIndex":16,"stopIndex":17,"slip":1,"durationMs":130}}
[21:03:19] [Render thread/INFO] (PiriRuntimeAcceptance) PIRI_PHASE02_PACKET {"type":"PUBLIC_STATE","payload":{"sessionId":"af0b55a1-65ac-4f46-8884-c95d7e3b002d","machineId":1,"expectedNextClientSequence":447,"gameState":"NORMAL_SPINNING","lifecycle":"ACTIVE","credit":0,"heldMedals":729,"bet":3,"pay":0,"bonusCount":0,"lampOn":false,"displayStops":{"left":14,"center":17,"right":17},"stoppedMask":5}}
[21:03:19] [Render thread/INFO] (PiriRuntimeAcceptance) PIRI_PHASE02_PACKET {"type":"ACTION_ACCEPTED","payload":{"clientSequence":447,"action":"STOP_CENTER"}}
[21:03:19] [Render thread/INFO] (PiriRuntimeAcceptance) PIRI_PHASE02_PACKET {"type":"REEL_STOP","payload":{"spinId":"522ba472-8cc6-4eac-82c5-7aa3064aad81","reel":"CENTER","pressedIndex":0,"stopIndex":1,"slip":1,"durationMs":130}}
[21:03:19] [Render thread/INFO] (PiriRuntimeAcceptance) PIRI_PHASE02_PACKET {"type":"PUBLIC_STATE","payload":{"sessionId":"af0b55a1-65ac-4f46-8884-c95d7e3b002d","machineId":1,"expectedNextClientSequence":448,"gameState":"REPLAY_READY","lifecycle":"ACTIVE","credit":0,"heldMedals":729,"bet":3,"pay":0,"bonusCount":0,"lampOn":false,"displayStops":{"left":14,"center":1,"right":17},"stoppedMask":7}}
[21:03:20] [Render thread/INFO] (PiriRuntimeAcceptance) PIRI_PHASE02_PACKET {"type":"ACTION_ACCEPTED","payload":{"clientSequence":448,"action":"SPACE_ACTION"}}
[21:03:20] [Render thread/INFO] (PiriRuntimeAcceptance) PIRI_PHASE02_PACKET {"type":"PUBLIC_STATE","payload":{"sessionId":"af0b55a1-65ac-4f46-8884-c95d7e3b002d","machineId":1,"expectedNextClientSequence":449,"gameState":"NORMAL_SPINNING","lifecycle":"ACTIVE","credit":0,"heldMedals":729,"bet":3,"pay":0,"bonusCount":0,"lampOn":false,"displayStops":{"left":14,"center":1,"right":17},"stoppedMask":0}}
[21:03:20] [Render thread/INFO] (PiriRuntimeAcceptance) PIRI_PHASE02_PACKET {"type":"SPIN_START","payload":{"sessionId":"af0b55a1-65ac-4f46-8884-c95d7e3b002d","machineId":1,"spinId":"88c28213-caf3-420b-a16d-19084fec5bc2","mode":"NORMAL","animation":"NORMAL","startPhase":{"left":14.0,"center":1.0,"right":17.0},"stopEnableAfterMs":400}}
[21:03:20] [Render thread/INFO] (PiriRuntimeAcceptance) PIRI_PHASE02_PACKET {"type":"ACTION_ACCEPTED","payload":{"clientSequence":449,"action":"STOP_CENTER"}}
[21:03:20] [Render thread/INFO] (PiriRuntimeAcceptance) PIRI_PHASE02_PACKET {"type":"REEL_STOP","payload":{"spinId":"88c28213-caf3-420b-a16d-19084fec5bc2","reel":"CENTER","pressedIndex":7,"stopIndex":7,"slip":0,"durationMs":80}}
[21:03:20] [Render thread/INFO] (PiriRuntimeAcceptance) PIRI_PHASE02_PACKET {"type":"PUBLIC_STATE","payload":{"sessionId":"af0b55a1-65ac-4f46-8884-c95d7e3b002d","machineId":1,"expectedNextClientSequence":450,"gameState":"NORMAL_SPINNING","lifecycle":"ACTIVE","credit":0,"heldMedals":729,"bet":3,"pay":0,"bonusCount":0,"lampOn":false,"displayStops":{"left":14,"center":7,"right":17},"stoppedMask":2}}
[21:03:21] [Render thread/INFO] (PiriRuntimeAcceptance) PIRI_PHASE02_PACKET {"type":"ACTION_ACCEPTED","payload":{"clientSequence":450,"action":"STOP_LEFT"}}
[21:03:21] [Render thread/INFO] (PiriRuntimeAcceptance) PIRI_PHASE02_PACKET {"type":"REEL_STOP","payload":{"spinId":"88c28213-caf3-420b-a16d-19084fec5bc2","reel":"LEFT","pressedIndex":8,"stopIndex":10,"slip":2,"durationMs":180}}
[21:03:21] [Render thread/INFO] (PiriRuntimeAcceptance) PIRI_PHASE02_PACKET {"type":"PUBLIC_STATE","payload":{"sessionId":"af0b55a1-65ac-4f46-8884-c95d7e3b002d","machineId":1,"expectedNextClientSequence":451,"gameState":"NORMAL_SPINNING","lifecycle":"ACTIVE","credit":0,"heldMedals":729,"bet":3,"pay":0,"bonusCount":0,"lampOn":false,"displayStops":{"left":10,"center":7,"right":17},"stoppedMask":3}}
[21:03:21] [Render thread/INFO] (PiriRuntimeAcceptance) PIRI_PHASE02_PACKET {"type":"ACTION_ACCEPTED","payload":{"clientSequence":451,"action":"STOP_RIGHT"}}
[21:03:21] [Render thread/INFO] (PiriRuntimeAcceptance) PIRI_PHASE02_PACKET {"type":"REEL_STOP","payload":{"spinId":"88c28213-caf3-420b-a16d-19084fec5bc2","reel":"RIGHT","pressedIndex":20,"stopIndex":20,"slip":0,"durationMs":80}}
[21:03:21] [Render thread/INFO] (PiriRuntimeAcceptance) PIRI_PHASE02_PACKET {"type":"PUBLIC_STATE","payload":{"sessionId":"af0b55a1-65ac-4f46-8884-c95d7e3b002d","machineId":1,"expectedNextClientSequence":452,"gameState":"SEATED_READY","lifecycle":"ACTIVE","credit":0,"heldMedals":729,"bet":0,"pay":0,"bonusCount":0,"lampOn":false,"displayStops":{"left":10,"center":7,"right":20},"stoppedMask":7}}
[21:03:22] [Render thread/INFO] (PiriRuntimeAcceptance) PIRI_PHASE02_PACKET {"type":"ACTION_ACCEPTED","payload":{"clientSequence":452,"action":"SPACE_ACTION"}}
[21:03:22] [Render thread/INFO] (PiriRuntimeAcceptance) PIRI_PHASE02_PACKET {"type":"PUBLIC_STATE","payload":{"sessionId":"af0b55a1-65ac-4f46-8884-c95d7e3b002d","machineId":1,"expectedNextClientSequence":453,"gameState":"NORMAL_BETTED","lifecycle":"ACTIVE","credit":0,"heldMedals":726,"bet":3,"pay":0,"bonusCount":0,"lampOn":false,"displayStops":{"left":10,"center":7,"right":20},"stoppedMask":7}}
[21:03:22] [Render thread/INFO] (PiriRuntimeAcceptance) PIRI_PHASE02_PACKET {"type":"ACTION_ACCEPTED","payload":{"clientSequence":453,"action":"SPACE_ACTION"}}
[21:03:22] [Render thread/INFO] (PiriRuntimeAcceptance) PIRI_PHASE02_PACKET {"type":"PUBLIC_STATE","payload":{"sessionId":"af0b55a1-65ac-4f46-8884-c95d7e3b002d","machineId":1,"expectedNextClientSequence":454,"gameState":"NORMAL_SPINNING","lifecycle":"ACTIVE","credit":0,"heldMedals":726,"bet":3,"pay":0,"bonusCount":0,"lampOn":false,"displayStops":{"left":10,"center":7,"right":20},"stoppedMask":0}}
[21:03:22] [Render thread/INFO] (PiriRuntimeAcceptance) PIRI_PHASE02_PACKET {"type":"SPIN_START","payload":{"sessionId":"af0b55a1-65ac-4f46-8884-c95d7e3b002d","machineId":1,"spinId":"bd563855-6354-49fa-a463-37167206c137","mode":"NORMAL","animation":"NORMAL","startPhase":{"left":10.0,"center":7.0,"right":20.0},"stopEnableAfterMs":400}}
[21:03:23] [Render thread/INFO] (PiriRuntimeAcceptance) PIRI_PHASE02_PACKET {"type":"ACTION_ACCEPTED","payload":{"clientSequence":454,"action":"STOP_CENTER"}}
[21:03:23] [Render thread/INFO] (PiriRuntimeAcceptance) PIRI_PHASE02_PACKET {"type":"REEL_STOP","payload":{"spinId":"bd563855-6354-49fa-a463-37167206c137","reel":"CENTER","pressedIndex":14,"stopIndex":14,"slip":0,"durationMs":80}}
[21:03:23] [Render thread/INFO] (PiriRuntimeAcceptance) PIRI_PHASE02_PACKET {"type":"PUBLIC_STATE","payload":{"sessionId":"af0b55a1-65ac-4f46-8884-c95d7e3b002d","machineId":1,"expectedNextClientSequence":455,"gameState":"NORMAL_SPINNING","lifecycle":"ACTIVE","credit":0,"heldMedals":726,"bet":3,"pay":0,"bonusCount":0,"lampOn":false,"displayStops":{"left":10,"center":14,"right":20},"stoppedMask":2}}
[21:03:24] [Render thread/INFO] (PiriRuntimeAcceptance) PIRI_PHASE02_PACKET {"type":"ACTION_ACCEPTED","payload":{"clientSequence":455,"action":"STOP_RIGHT"}}
[21:03:24] [Render thread/INFO] (PiriRuntimeAcceptance) PIRI_PHASE02_PACKET {"type":"REEL_STOP","payload":{"spinId":"bd563855-6354-49fa-a463-37167206c137","reel":"RIGHT","pressedIndex":20,"stopIndex":0,"slip":1,"durationMs":130}}
[21:03:24] [Render thread/INFO] (PiriRuntimeAcceptance) PIRI_PHASE02_PACKET {"type":"PUBLIC_STATE","payload":{"sessionId":"af0b55a1-65ac-4f46-8884-c95d7e3b002d","machineId":1,"expectedNextClientSequence":456,"gameState":"NORMAL_SPINNING","lifecycle":"ACTIVE","credit":0,"heldMedals":726,"bet":3,"pay":0,"bonusCount":0,"lampOn":false,"displayStops":{"left":10,"center":14,"right":0},"stoppedMask":6}}
[21:03:24] [Render thread/INFO] (PiriRuntimeAcceptance) PIRI_PHASE02_PACKET {"type":"ACTION_ACCEPTED","payload":{"clientSequence":456,"action":"STOP_LEFT"}}
[21:03:24] [Render thread/INFO] (PiriRuntimeAcceptance) PIRI_PHASE02_PACKET {"type":"REEL_STOP","payload":{"spinId":"bd563855-6354-49fa-a463-37167206c137","reel":"LEFT","pressedIndex":19,"stopIndex":2,"slip":4,"durationMs":280}}
[21:03:24] [Render thread/INFO] (PiriRuntimeAcceptance) PIRI_PHASE02_PACKET {"type":"PUBLIC_STATE","payload":{"sessionId":"af0b55a1-65ac-4f46-8884-c95d7e3b002d","machineId":1,"expectedNextClientSequence":457,"gameState":"REPLAY_READY","lifecycle":"ACTIVE","credit":0,"heldMedals":726,"bet":3,"pay":0,"bonusCount":0,"lampOn":false,"displayStops":{"left":2,"center":14,"right":0},"stoppedMask":7}}
[21:03:25] [Render thread/INFO] (PiriRuntimeAcceptance) PIRI_PHASE02_PACKET {"type":"ACTION_ACCEPTED","payload":{"clientSequence":457,"action":"SPACE_ACTION"}}
[21:03:25] [Render thread/INFO] (PiriRuntimeAcceptance) PIRI_PHASE02_PACKET {"type":"PUBLIC_STATE","payload":{"sessionId":"af0b55a1-65ac-4f46-8884-c95d7e3b002d","machineId":1,"expectedNextClientSequence":458,"gameState":"NORMAL_SPINNING","lifecycle":"ACTIVE","credit":0,"heldMedals":726,"bet":3,"pay":0,"bonusCount":0,"lampOn":false,"displayStops":{"left":2,"center":14,"right":0},"stoppedMask":0}}
[21:03:25] [Render thread/INFO] (PiriRuntimeAcceptance) PIRI_PHASE02_PACKET {"type":"SPIN_START","payload":{"sessionId":"af0b55a1-65ac-4f46-8884-c95d7e3b002d","machineId":1,"spinId":"db663105-ed7b-4e02-937a-42c9535c19ff","mode":"NORMAL","animation":"NORMAL","startPhase":{"left":2.0,"center":14.0,"right":0.0},"stopEnableAfterMs":400}}
[21:03:26] [Render thread/INFO] (PiriRuntimeAcceptance) PIRI_PHASE02_PACKET {"type":"ACTION_ACCEPTED","payload":{"clientSequence":458,"action":"STOP_RIGHT"}}
[21:03:26] [Render thread/INFO] (PiriRuntimeAcceptance) PIRI_PHASE02_PACKET {"type":"REEL_STOP","payload":{"spinId":"db663105-ed7b-4e02-937a-42c9535c19ff","reel":"RIGHT","pressedIndex":7,"stopIndex":7,"slip":0,"durationMs":80}}
[21:03:26] [Render thread/INFO] (PiriRuntimeAcceptance) PIRI_PHASE02_PACKET {"type":"PUBLIC_STATE","payload":{"sessionId":"af0b55a1-65ac-4f46-8884-c95d7e3b002d","machineId":1,"expectedNextClientSequence":459,"gameState":"NORMAL_SPINNING","lifecycle":"ACTIVE","credit":0,"heldMedals":726,"bet":3,"pay":0,"bonusCount":0,"lampOn":false,"displayStops":{"left":2,"center":14,"right":7},"stoppedMask":4}}
[21:03:26] [Render thread/INFO] (PiriRuntimeAcceptance) PIRI_PHASE02_PACKET {"type":"ACTION_ACCEPTED","payload":{"clientSequence":459,"action":"STOP_LEFT"}}
[21:03:26] [Render thread/INFO] (PiriRuntimeAcceptance) PIRI_PHASE02_PACKET {"type":"REEL_STOP","payload":{"spinId":"db663105-ed7b-4e02-937a-42c9535c19ff","reel":"LEFT","pressedIndex":18,"stopIndex":18,"slip":0,"durationMs":80}}
[21:03:26] [Render thread/INFO] (PiriRuntimeAcceptance) PIRI_PHASE02_PACKET {"type":"PUBLIC_STATE","payload":{"sessionId":"af0b55a1-65ac-4f46-8884-c95d7e3b002d","machineId":1,"expectedNextClientSequence":460,"gameState":"NORMAL_SPINNING","lifecycle":"ACTIVE","credit":0,"heldMedals":726,"bet":3,"pay":0,"bonusCount":0,"lampOn":false,"displayStops":{"left":18,"center":14,"right":7},"stoppedMask":5}}
[21:03:27] [Render thread/INFO] (PiriRuntimeAcceptance) PIRI_PHASE02_PACKET {"type":"ACTION_ACCEPTED","payload":{"clientSequence":460,"action":"STOP_CENTER"}}
[21:03:27] [Render thread/INFO] (PiriRuntimeAcceptance) PIRI_PHASE02_PACKET {"type":"REEL_STOP","payload":{"spinId":"db663105-ed7b-4e02-937a-42c9535c19ff","reel":"CENTER","pressedIndex":18,"stopIndex":18,"slip":0,"durationMs":80}}
[21:03:27] [Render thread/INFO] (PiriRuntimeAcceptance) PIRI_PHASE02_PACKET {"type":"PUBLIC_STATE","payload":{"sessionId":"af0b55a1-65ac-4f46-8884-c95d7e3b002d","machineId":1,"expectedNextClientSequence":461,"gameState":"SEATED_READY","lifecycle":"ACTIVE","credit":0,"heldMedals":726,"bet":0,"pay":0,"bonusCount":0,"lampOn":false,"displayStops":{"left":18,"center":18,"right":7},"stoppedMask":7}}
[21:03:27] [Render thread/INFO] (PiriRuntimeAcceptance) PIRI_PHASE02_PACKET {"type":"ACTION_ACCEPTED","payload":{"clientSequence":461,"action":"SPACE_ACTION"}}
[21:03:27] [Render thread/INFO] (PiriRuntimeAcceptance) PIRI_PHASE02_PACKET {"type":"PUBLIC_STATE","payload":{"sessionId":"af0b55a1-65ac-4f46-8884-c95d7e3b002d","machineId":1,"expectedNextClientSequence":462,"gameState":"NORMAL_BETTED","lifecycle":"ACTIVE","credit":0,"heldMedals":723,"bet":3,"pay":0,"bonusCount":0,"lampOn":false,"displayStops":{"left":18,"center":18,"right":7},"stoppedMask":7}}
[21:03:28] [Render thread/INFO] (PiriRuntimeAcceptance) PIRI_PHASE02_PACKET {"type":"ACTION_ACCEPTED","payload":{"clientSequence":462,"action":"SPACE_ACTION"}}
[21:03:28] [Render thread/INFO] (PiriRuntimeAcceptance) PIRI_PHASE02_PACKET {"type":"PUBLIC_STATE","payload":{"sessionId":"af0b55a1-65ac-4f46-8884-c95d7e3b002d","machineId":1,"expectedNextClientSequence":463,"gameState":"NORMAL_SPINNING","lifecycle":"ACTIVE","credit":0,"heldMedals":723,"bet":3,"pay":0,"bonusCount":0,"lampOn":false,"displayStops":{"left":18,"center":18,"right":7},"stoppedMask":0}}
[21:03:28] [Render thread/INFO] (PiriRuntimeAcceptance) PIRI_PHASE02_PACKET {"type":"SPIN_START","payload":{"sessionId":"af0b55a1-65ac-4f46-8884-c95d7e3b002d","machineId":1,"spinId":"3a9f609a-a0b2-4436-958d-660098537c15","mode":"NORMAL","animation":"NORMAL","startPhase":{"left":18.0,"center":18.0,"right":7.0},"stopEnableAfterMs":400}}
[21:03:28] [Render thread/INFO] (PiriRuntimeAcceptance) PIRI_PHASE02_PACKET {"type":"ACTION_ACCEPTED","payload":{"clientSequence":463,"action":"STOP_RIGHT"}}
[21:03:28] [Render thread/INFO] (PiriRuntimeAcceptance) PIRI_PHASE02_PACKET {"type":"REEL_STOP","payload":{"spinId":"3a9f609a-a0b2-4436-958d-660098537c15","reel":"RIGHT","pressedIndex":14,"stopIndex":14,"slip":0,"durationMs":80}}
[21:03:28] [Render thread/INFO] (PiriRuntimeAcceptance) PIRI_PHASE02_PACKET {"type":"PUBLIC_STATE","payload":{"sessionId":"af0b55a1-65ac-4f46-8884-c95d7e3b002d","machineId":1,"expectedNextClientSequence":464,"gameState":"NORMAL_SPINNING","lifecycle":"ACTIVE","credit":0,"heldMedals":723,"bet":3,"pay":0,"bonusCount":0,"lampOn":false,"displayStops":{"left":18,"center":18,"right":14},"stoppedMask":4}}
[21:03:29] [Render thread/INFO] (PiriRuntimeAcceptance) PIRI_PHASE02_PACKET {"type":"ACTION_ACCEPTED","payload":{"clientSequence":464,"action":"STOP_CENTER"}}
[21:03:29] [Render thread/INFO] (PiriRuntimeAcceptance) PIRI_PHASE02_PACKET {"type":"REEL_STOP","payload":{"spinId":"3a9f609a-a0b2-4436-958d-660098537c15","reel":"CENTER","pressedIndex":13,"stopIndex":14,"slip":1,"durationMs":130}}
[21:03:29] [Render thread/INFO] (PiriRuntimeAcceptance) PIRI_PHASE02_PACKET {"type":"PUBLIC_STATE","payload":{"sessionId":"af0b55a1-65ac-4f46-8884-c95d7e3b002d","machineId":1,"expectedNextClientSequence":465,"gameState":"NORMAL_SPINNING","lifecycle":"ACTIVE","credit":0,"heldMedals":723,"bet":3,"pay":0,"bonusCount":0,"lampOn":false,"displayStops":{"left":18,"center":14,"right":14},"stoppedMask":6}}
[21:03:30] [Render thread/INFO] (PiriRuntimeAcceptance) PIRI_PHASE02_PACKET {"type":"ACTION_ACCEPTED","payload":{"clientSequence":465,"action":"STOP_LEFT"}}
[21:03:30] [Render thread/INFO] (PiriRuntimeAcceptance) PIRI_PHASE02_PACKET {"type":"REEL_STOP","payload":{"spinId":"3a9f609a-a0b2-4436-958d-660098537c15","reel":"LEFT","pressedIndex":1,"stopIndex":1,"slip":0,"durationMs":80}}
[21:03:30] [Render thread/INFO] (PiriRuntimeAcceptance) PIRI_PHASE02_PACKET {"type":"PUBLIC_STATE","payload":{"sessionId":"af0b55a1-65ac-4f46-8884-c95d7e3b002d","machineId":1,"expectedNextClientSequence":466,"gameState":"REPLAY_READY","lifecycle":"ACTIVE","credit":0,"heldMedals":723,"bet":3,"pay":0,"bonusCount":0,"lampOn":false,"displayStops":{"left":1,"center":14,"right":14},"stoppedMask":7}}
[21:03:30] [Render thread/INFO] (PiriRuntimeAcceptance) PIRI_PHASE02_PACKET {"type":"ACTION_ACCEPTED","payload":{"clientSequence":466,"action":"SPACE_ACTION"}}
[21:03:30] [Render thread/INFO] (PiriRuntimeAcceptance) PIRI_PHASE02_PACKET {"type":"PUBLIC_STATE","payload":{"sessionId":"af0b55a1-65ac-4f46-8884-c95d7e3b002d","machineId":1,"expectedNextClientSequence":467,"gameState":"NORMAL_SPINNING","lifecycle":"ACTIVE","credit":0,"heldMedals":723,"bet":3,"pay":0,"bonusCount":0,"lampOn":false,"displayStops":{"left":1,"center":14,"right":14},"stoppedMask":0}}
[21:03:30] [Render thread/INFO] (PiriRuntimeAcceptance) PIRI_PHASE02_PACKET {"type":"SPIN_START","payload":{"sessionId":"af0b55a1-65ac-4f46-8884-c95d7e3b002d","machineId":1,"spinId":"e51ef8d0-aee2-474c-91d9-a22b6af98348","mode":"NORMAL","animation":"NORMAL","startPhase":{"left":1.0,"center":14.0,"right":14.0},"stopEnableAfterMs":400}}
[21:03:31] [Render thread/INFO] (PiriRuntimeAcceptance) PIRI_PHASE02_PACKET {"type":"ACTION_ACCEPTED","payload":{"clientSequence":467,"action":"STOP_LEFT"}}
[21:03:31] [Render thread/INFO] (PiriRuntimeAcceptance) PIRI_PHASE02_PACKET {"type":"REEL_STOP","payload":{"spinId":"e51ef8d0-aee2-474c-91d9-a22b6af98348","reel":"LEFT","pressedIndex":7,"stopIndex":10,"slip":3,"durationMs":230}}
[21:03:31] [Render thread/INFO] (PiriRuntimeAcceptance) PIRI_PHASE02_PACKET {"type":"PUBLIC_STATE","payload":{"sessionId":"af0b55a1-65ac-4f46-8884-c95d7e3b002d","machineId":1,"expectedNextClientSequence":468,"gameState":"NORMAL_SPINNING","lifecycle":"ACTIVE","credit":0,"heldMedals":723,"bet":3,"pay":0,"bonusCount":0,"lampOn":false,"displayStops":{"left":10,"center":14,"right":14},"stoppedMask":1}}
[21:03:31] [Render thread/INFO] (PiriRuntimeAcceptance) PIRI_PHASE02_PACKET {"type":"ACTION_ACCEPTED","payload":{"clientSequence":468,"action":"STOP_CENTER"}}
[21:03:31] [Render thread/INFO] (PiriRuntimeAcceptance) PIRI_PHASE02_PACKET {"type":"REEL_STOP","payload":{"spinId":"e51ef8d0-aee2-474c-91d9-a22b6af98348","reel":"CENTER","pressedIndex":8,"stopIndex":8,"slip":0,"durationMs":80}}
[21:03:31] [Render thread/INFO] (PiriRuntimeAcceptance) PIRI_PHASE02_PACKET {"type":"PUBLIC_STATE","payload":{"sessionId":"af0b55a1-65ac-4f46-8884-c95d7e3b002d","machineId":1,"expectedNextClientSequence":469,"gameState":"NORMAL_SPINNING","lifecycle":"ACTIVE","credit":0,"heldMedals":723,"bet":3,"pay":0,"bonusCount":0,"lampOn":false,"displayStops":{"left":10,"center":8,"right":14},"stoppedMask":3}}
[21:03:32] [Render thread/INFO] (PiriRuntimeAcceptance) PIRI_PHASE02_PACKET {"type":"ACTION_ACCEPTED","payload":{"clientSequence":469,"action":"STOP_RIGHT"}}
[21:03:32] [Render thread/INFO] (PiriRuntimeAcceptance) PIRI_PHASE02_PACKET {"type":"REEL_STOP","payload":{"spinId":"e51ef8d0-aee2-474c-91d9-a22b6af98348","reel":"RIGHT","pressedIndex":17,"stopIndex":17,"slip":0,"durationMs":80}}
[21:03:32] [Render thread/INFO] (PiriRuntimeAcceptance) PIRI_PHASE02_PACKET {"type":"PUBLIC_STATE","payload":{"sessionId":"af0b55a1-65ac-4f46-8884-c95d7e3b002d","machineId":1,"expectedNextClientSequence":470,"gameState":"SEATED_READY","lifecycle":"ACTIVE","credit":0,"heldMedals":723,"bet":0,"pay":0,"bonusCount":0,"lampOn":false,"displayStops":{"left":10,"center":8,"right":17},"stoppedMask":7}}
[21:03:32] [Render thread/INFO] (PiriRuntimeAcceptance) PIRI_PHASE02_PACKET {"type":"ACTION_ACCEPTED","payload":{"clientSequence":470,"action":"SPACE_ACTION"}}
[21:03:32] [Render thread/INFO] (PiriRuntimeAcceptance) PIRI_PHASE02_PACKET {"type":"PUBLIC_STATE","payload":{"sessionId":"af0b55a1-65ac-4f46-8884-c95d7e3b002d","machineId":1,"expectedNextClientSequence":471,"gameState":"NORMAL_BETTED","lifecycle":"ACTIVE","credit":0,"heldMedals":720,"bet":3,"pay":0,"bonusCount":0,"lampOn":false,"displayStops":{"left":10,"center":8,"right":17},"stoppedMask":7}}
[21:03:33] [Render thread/INFO] (PiriRuntimeAcceptance) PIRI_PHASE02_PACKET {"type":"ACTION_ACCEPTED","payload":{"clientSequence":471,"action":"SPACE_ACTION"}}
[21:03:33] [Render thread/INFO] (PiriRuntimeAcceptance) PIRI_PHASE02_PACKET {"type":"PUBLIC_STATE","payload":{"sessionId":"af0b55a1-65ac-4f46-8884-c95d7e3b002d","machineId":1,"expectedNextClientSequence":472,"gameState":"NORMAL_SPINNING","lifecycle":"ACTIVE","credit":0,"heldMedals":720,"bet":3,"pay":0,"bonusCount":0,"lampOn":false,"displayStops":{"left":10,"center":8,"right":17},"stoppedMask":0}}
[21:03:33] [Render thread/INFO] (PiriRuntimeAcceptance) PIRI_PHASE02_PACKET {"type":"SPIN_START","payload":{"sessionId":"af0b55a1-65ac-4f46-8884-c95d7e3b002d","machineId":1,"spinId":"da0dbe14-93be-4923-a249-ca45bc7695dd","mode":"NORMAL","animation":"NORMAL","startPhase":{"left":10.0,"center":8.0,"right":17.0},"stopEnableAfterMs":400}}
[21:03:33] [Render thread/INFO] (PiriRuntimeAcceptance) PIRI_PHASE02_PACKET {"type":"ACTION_ACCEPTED","payload":{"clientSequence":472,"action":"STOP_LEFT"}}
[21:03:33] [Render thread/INFO] (PiriRuntimeAcceptance) PIRI_PHASE02_PACKET {"type":"REEL_STOP","payload":{"spinId":"da0dbe14-93be-4923-a249-ca45bc7695dd","reel":"LEFT","pressedIndex":17,"stopIndex":17,"slip":0,"durationMs":80}}
[21:03:33] [Render thread/INFO] (PiriRuntimeAcceptance) PIRI_PHASE02_PACKET {"type":"PUBLIC_STATE","payload":{"sessionId":"af0b55a1-65ac-4f46-8884-c95d7e3b002d","machineId":1,"expectedNextClientSequence":473,"gameState":"NORMAL_SPINNING","lifecycle":"ACTIVE","credit":0,"heldMedals":720,"bet":3,"pay":0,"bonusCount":0,"lampOn":false,"displayStops":{"left":17,"center":8,"right":17},"stoppedMask":1}}
[21:03:34] [Render thread/INFO] (PiriRuntimeAcceptance) PIRI_PHASE02_PACKET {"type":"ACTION_ACCEPTED","payload":{"clientSequence":473,"action":"STOP_RIGHT"}}
[21:03:34] [Render thread/INFO] (PiriRuntimeAcceptance) PIRI_PHASE02_PACKET {"type":"REEL_STOP","payload":{"spinId":"da0dbe14-93be-4923-a249-ca45bc7695dd","reel":"RIGHT","pressedIndex":17,"stopIndex":17,"slip":0,"durationMs":80}}
[21:03:34] [Render thread/INFO] (PiriRuntimeAcceptance) PIRI_PHASE02_PACKET {"type":"PUBLIC_STATE","payload":{"sessionId":"af0b55a1-65ac-4f46-8884-c95d7e3b002d","machineId":1,"expectedNextClientSequence":474,"gameState":"NORMAL_SPINNING","lifecycle":"ACTIVE","credit":0,"heldMedals":720,"bet":3,"pay":0,"bonusCount":0,"lampOn":false,"displayStops":{"left":17,"center":8,"right":17},"stoppedMask":5}}
[21:03:35] [Render thread/INFO] (PiriRuntimeAcceptance) PIRI_PHASE02_PACKET {"type":"ACTION_ACCEPTED","payload":{"clientSequence":474,"action":"STOP_CENTER"}}
[21:03:35] [Render thread/INFO] (PiriRuntimeAcceptance) PIRI_PHASE02_PACKET {"type":"REEL_STOP","payload":{"spinId":"da0dbe14-93be-4923-a249-ca45bc7695dd","reel":"CENTER","pressedIndex":17,"stopIndex":17,"slip":0,"durationMs":80}}
[21:03:35] [Render thread/INFO] (PiriRuntimeAcceptance) PIRI_PHASE02_PACKET {"type":"PUBLIC_STATE","payload":{"sessionId":"af0b55a1-65ac-4f46-8884-c95d7e3b002d","machineId":1,"expectedNextClientSequence":475,"gameState":"SEATED_READY","lifecycle":"ACTIVE","credit":0,"heldMedals":720,"bet":0,"pay":0,"bonusCount":0,"lampOn":false,"displayStops":{"left":17,"center":17,"right":17},"stoppedMask":7}}
[21:03:35] [Render thread/INFO] (PiriRuntimeAcceptance) PIRI_PHASE02_PACKET {"type":"ACTION_ACCEPTED","payload":{"clientSequence":475,"action":"SPACE_ACTION"}}
[21:03:35] [Render thread/INFO] (PiriRuntimeAcceptance) PIRI_PHASE02_PACKET {"type":"PUBLIC_STATE","payload":{"sessionId":"af0b55a1-65ac-4f46-8884-c95d7e3b002d","machineId":1,"expectedNextClientSequence":476,"gameState":"NORMAL_BETTED","lifecycle":"ACTIVE","credit":0,"heldMedals":717,"bet":3,"pay":0,"bonusCount":0,"lampOn":false,"displayStops":{"left":17,"center":17,"right":17},"stoppedMask":7}}
[21:03:36] [Render thread/INFO] (PiriRuntimeAcceptance) PIRI_PHASE02_PACKET {"type":"ACTION_ACCEPTED","payload":{"clientSequence":476,"action":"SPACE_ACTION"}}
[21:03:36] [Render thread/INFO] (PiriRuntimeAcceptance) PIRI_PHASE02_PACKET {"type":"PUBLIC_STATE","payload":{"sessionId":"af0b55a1-65ac-4f46-8884-c95d7e3b002d","machineId":1,"expectedNextClientSequence":477,"gameState":"NORMAL_SPINNING","lifecycle":"ACTIVE","credit":0,"heldMedals":717,"bet":3,"pay":0,"bonusCount":0,"lampOn":false,"displayStops":{"left":17,"center":17,"right":17},"stoppedMask":0}}
[21:03:36] [Render thread/INFO] (PiriRuntimeAcceptance) PIRI_PHASE02_PACKET {"type":"SPIN_START","payload":{"sessionId":"af0b55a1-65ac-4f46-8884-c95d7e3b002d","machineId":1,"spinId":"2f9ecb04-8ccb-48f6-ac28-f53c272b3171","mode":"NORMAL","animation":"NORMAL","startPhase":{"left":17.0,"center":17.0,"right":17.0},"stopEnableAfterMs":400}}
[21:03:36] [Render thread/INFO] (PiriRuntimeAcceptance) PIRI_PHASE02_PACKET {"type":"ACTION_ACCEPTED","payload":{"clientSequence":477,"action":"STOP_CENTER"}}
[21:03:36] [Render thread/INFO] (PiriRuntimeAcceptance) PIRI_PHASE02_PACKET {"type":"REEL_STOP","payload":{"spinId":"2f9ecb04-8ccb-48f6-ac28-f53c272b3171","reel":"CENTER","pressedIndex":3,"stopIndex":3,"slip":0,"durationMs":80}}
[21:03:36] [Render thread/INFO] (PiriRuntimeAcceptance) PIRI_PHASE02_PACKET {"type":"PUBLIC_STATE","payload":{"sessionId":"af0b55a1-65ac-4f46-8884-c95d7e3b002d","machineId":1,"expectedNextClientSequence":478,"gameState":"NORMAL_SPINNING","lifecycle":"ACTIVE","credit":0,"heldMedals":717,"bet":3,"pay":0,"bonusCount":0,"lampOn":false,"displayStops":{"left":17,"center":3,"right":17},"stoppedMask":2}}
[21:03:37] [Render thread/INFO] (PiriRuntimeAcceptance) PIRI_PHASE02_PACKET {"type":"ACTION_ACCEPTED","payload":{"clientSequence":478,"action":"STOP_LEFT"}}
[21:03:37] [Render thread/INFO] (PiriRuntimeAcceptance) PIRI_PHASE02_PACKET {"type":"REEL_STOP","payload":{"spinId":"2f9ecb04-8ccb-48f6-ac28-f53c272b3171","reel":"LEFT","pressedIndex":12,"stopIndex":12,"slip":0,"durationMs":80}}
[21:03:37] [Render thread/INFO] (PiriRuntimeAcceptance) PIRI_PHASE02_PACKET {"type":"PUBLIC_STATE","payload":{"sessionId":"af0b55a1-65ac-4f46-8884-c95d7e3b002d","machineId":1,"expectedNextClientSequence":479,"gameState":"NORMAL_SPINNING","lifecycle":"ACTIVE","credit":0,"heldMedals":717,"bet":3,"pay":0,"bonusCount":0,"lampOn":false,"displayStops":{"left":12,"center":3,"right":17},"stoppedMask":3}}
[21:03:37] [Render thread/INFO] (PiriRuntimeAcceptance) PIRI_PHASE02_PACKET {"type":"ACTION_ACCEPTED","payload":{"clientSequence":479,"action":"STOP_RIGHT"}}
[21:03:37] [Render thread/INFO] (PiriRuntimeAcceptance) PIRI_PHASE02_PACKET {"type":"REEL_STOP","payload":{"spinId":"2f9ecb04-8ccb-48f6-ac28-f53c272b3171","reel":"RIGHT","pressedIndex":0,"stopIndex":0,"slip":0,"durationMs":80}}
[21:03:37] [Render thread/INFO] (PiriRuntimeAcceptance) PIRI_PHASE02_PACKET {"type":"PUBLIC_STATE","payload":{"sessionId":"af0b55a1-65ac-4f46-8884-c95d7e3b002d","machineId":1,"expectedNextClientSequence":480,"gameState":"SEATED_READY","lifecycle":"ACTIVE","credit":0,"heldMedals":717,"bet":0,"pay":0,"bonusCount":0,"lampOn":false,"displayStops":{"left":12,"center":3,"right":0},"stoppedMask":7}}
[21:03:38] [Render thread/INFO] (PiriRuntimeAcceptance) PIRI_PHASE02_PACKET {"type":"ACTION_ACCEPTED","payload":{"clientSequence":480,"action":"SPACE_ACTION"}}
[21:03:38] [Render thread/INFO] (PiriRuntimeAcceptance) PIRI_PHASE02_PACKET {"type":"PUBLIC_STATE","payload":{"sessionId":"af0b55a1-65ac-4f46-8884-c95d7e3b002d","machineId":1,"expectedNextClientSequence":481,"gameState":"NORMAL_BETTED","lifecycle":"ACTIVE","credit":0,"heldMedals":714,"bet":3,"pay":0,"bonusCount":0,"lampOn":false,"displayStops":{"left":12,"center":3,"right":0},"stoppedMask":7}}
[21:03:39] [Render thread/INFO] (PiriRuntimeAcceptance) PIRI_PHASE02_PACKET {"type":"ACTION_ACCEPTED","payload":{"clientSequence":481,"action":"SPACE_ACTION"}}
[21:03:39] [Render thread/INFO] (PiriRuntimeAcceptance) PIRI_PHASE02_PACKET {"type":"PUBLIC_STATE","payload":{"sessionId":"af0b55a1-65ac-4f46-8884-c95d7e3b002d","machineId":1,"expectedNextClientSequence":482,"gameState":"NORMAL_SPINNING","lifecycle":"ACTIVE","credit":0,"heldMedals":714,"bet":3,"pay":0,"bonusCount":0,"lampOn":false,"displayStops":{"left":12,"center":3,"right":0},"stoppedMask":0}}
[21:03:39] [Render thread/INFO] (PiriRuntimeAcceptance) PIRI_PHASE02_PACKET {"type":"SPIN_START","payload":{"sessionId":"af0b55a1-65ac-4f46-8884-c95d7e3b002d","machineId":1,"spinId":"bb8eddf2-ff67-44eb-93d8-b7ecb3cba4d7","mode":"NORMAL","animation":"NORMAL","startPhase":{"left":12.0,"center":3.0,"right":0.0},"stopEnableAfterMs":400}}
[21:03:39] [Render thread/INFO] (PiriRuntimeAcceptance) PIRI_PHASE02_PACKET {"type":"ACTION_ACCEPTED","payload":{"clientSequence":482,"action":"STOP_CENTER"}}
[21:03:39] [Render thread/INFO] (PiriRuntimeAcceptance) PIRI_PHASE02_PACKET {"type":"REEL_STOP","payload":{"spinId":"bb8eddf2-ff67-44eb-93d8-b7ecb3cba4d7","reel":"CENTER","pressedIndex":13,"stopIndex":13,"slip":0,"durationMs":80}}
[21:03:39] [Render thread/INFO] (PiriRuntimeAcceptance) PIRI_PHASE02_PACKET {"type":"PUBLIC_STATE","payload":{"sessionId":"af0b55a1-65ac-4f46-8884-c95d7e3b002d","machineId":1,"expectedNextClientSequence":483,"gameState":"NORMAL_SPINNING","lifecycle":"ACTIVE","credit":0,"heldMedals":714,"bet":3,"pay":0,"bonusCount":0,"lampOn":false,"displayStops":{"left":12,"center":13,"right":0},"stoppedMask":2}}
[21:03:40] [Render thread/INFO] (PiriRuntimeAcceptance) PIRI_PHASE02_PACKET {"type":"ACTION_ACCEPTED","payload":{"clientSequence":483,"action":"STOP_RIGHT"}}
[21:03:40] [Render thread/INFO] (PiriRuntimeAcceptance) PIRI_PHASE02_PACKET {"type":"REEL_STOP","payload":{"spinId":"bb8eddf2-ff67-44eb-93d8-b7ecb3cba4d7","reel":"RIGHT","pressedIndex":19,"stopIndex":20,"slip":1,"durationMs":130}}
[21:03:40] [Render thread/INFO] (PiriRuntimeAcceptance) PIRI_PHASE02_PACKET {"type":"PUBLIC_STATE","payload":{"sessionId":"af0b55a1-65ac-4f46-8884-c95d7e3b002d","machineId":1,"expectedNextClientSequence":484,"gameState":"NORMAL_SPINNING","lifecycle":"ACTIVE","credit":0,"heldMedals":714,"bet":3,"pay":0,"bonusCount":0,"lampOn":false,"displayStops":{"left":12,"center":13,"right":20},"stoppedMask":6}}
[21:03:40] [Render thread/INFO] (PiriRuntimeAcceptance) PIRI_PHASE02_PACKET {"type":"ACTION_ACCEPTED","payload":{"clientSequence":484,"action":"STOP_LEFT"}}
[21:03:40] [Render thread/INFO] (PiriRuntimeAcceptance) PIRI_PHASE02_PACKET {"type":"REEL_STOP","payload":{"spinId":"bb8eddf2-ff67-44eb-93d8-b7ecb3cba4d7","reel":"LEFT","pressedIndex":19,"stopIndex":1,"slip":3,"durationMs":230}}
[21:03:40] [Render thread/INFO] (PiriRuntimeAcceptance) PIRI_PHASE02_PACKET {"type":"PAYOUT","payload":{}}
[21:03:40] [Render thread/INFO] (PiriRuntimeAcceptance) PIRI_PHASE02_PACKET {"type":"PUBLIC_STATE","payload":{"sessionId":"af0b55a1-65ac-4f46-8884-c95d7e3b002d","machineId":1,"expectedNextClientSequence":485,"gameState":"SEATED_READY","lifecycle":"ACTIVE","credit":8,"heldMedals":714,"bet":0,"pay":8,"bonusCount":0,"lampOn":false,"displayStops":{"left":1,"center":13,"right":20},"stoppedMask":7}}
[21:03:41] [Render thread/INFO] (Minecraft) [System] [CHAT] SIMULATOR_STARTED
[21:03:41] [Render thread/INFO] (Minecraft) [System] [CHAT] PIRI_SIMULATOR {"normalSpins":100000,"paidNormalSpins":86303,"replay":13697,"grape":16741,"cherry":2690,"bell":89,"piero":62,"big":0,"reg":0,"totalBet":258909,"totalPayout":141422,"payoutPercent":54.62228041512655,"net":-117487}
[21:03:42] [Render thread/INFO] (PiriRuntimeAcceptance) PIRI_PHASE02_PACKET {"type":"SESSION_SUSPENDED","payload":{"sessionId":"af0b55a1-65ac-4f46-8884-c95d7e3b002d","machineId":1,"reason":"USER_CLOSE_SAFE"}}
[21:03:43] [Render thread/INFO] (PiriRuntimeAcceptance) PIRI_PHASE02_REAL_CLICK block=BlockPos{x=0, y=66, z=0} result=SUCCESS
[21:03:43] [Render thread/INFO] (PiriRuntimeAcceptance) PIRI_PHASE02_PACKET {"type":"OPEN_MACHINE","payload":{"sessionId":"af0b55a1-65ac-4f46-8884-c95d7e3b002d","machineId":1,"expectedNextClientSequence":486}}
[21:03:43] [Render thread/INFO] (PiriRuntimeAcceptance) PIRI_PHASE02_PACKET {"type":"PUBLIC_STATE","payload":{"sessionId":"af0b55a1-65ac-4f46-8884-c95d7e3b002d","machineId":1,"expectedNextClientSequence":486,"gameState":"SEATED_READY","lifecycle":"ACTIVE","credit":8,"heldMedals":714,"bet":0,"pay":8,"bonusCount":0,"lampOn":false,"displayStops":{"left":1,"center":13,"right":20},"stoppedMask":7}}
[21:03:43] [Render thread/INFO] (PiriRuntimeAcceptance) PIRI_PHASE02_PACKET {"type":"ACTION_ACCEPTED","payload":{"clientSequence":486,"action":"SPACE_ACTION"}}
[21:03:43] [Render thread/INFO] (PiriRuntimeAcceptance) PIRI_PHASE02_PACKET {"type":"PUBLIC_STATE","payload":{"sessionId":"af0b55a1-65ac-4f46-8884-c95d7e3b002d","machineId":1,"expectedNextClientSequence":487,"gameState":"NORMAL_BETTED","lifecycle":"ACTIVE","credit":5,"heldMedals":714,"bet":3,"pay":0,"bonusCount":0,"lampOn":false,"displayStops":{"left":1,"center":13,"right":20},"stoppedMask":7}}
[21:03:44] [Render thread/INFO] (PiriRuntimeAcceptance) PIRI_PHASE02_PACKET {"type":"ACTION_ACCEPTED","payload":{"clientSequence":487,"action":"SPACE_ACTION"}}
[21:03:44] [Render thread/INFO] (PiriRuntimeAcceptance) PIRI_PHASE02_PACKET {"type":"PUBLIC_STATE","payload":{"sessionId":"af0b55a1-65ac-4f46-8884-c95d7e3b002d","machineId":1,"expectedNextClientSequence":488,"gameState":"NORMAL_SPINNING","lifecycle":"ACTIVE","credit":5,"heldMedals":714,"bet":3,"pay":0,"bonusCount":0,"lampOn":false,"displayStops":{"left":1,"center":13,"right":20},"stoppedMask":0}}
[21:03:44] [Render thread/INFO] (PiriRuntimeAcceptance) PIRI_PHASE02_PACKET {"type":"SPIN_START","payload":{"sessionId":"af0b55a1-65ac-4f46-8884-c95d7e3b002d","machineId":1,"spinId":"3ea35f5e-4524-4a35-96ed-60b81d949de0","mode":"NORMAL","animation":"NORMAL","startPhase":{"left":1.0,"center":13.0,"right":20.0},"stopEnableAfterMs":400}}
[21:03:45] [Render thread/INFO] (PiriRuntimeAcceptance) PIRI_PHASE02_PACKET {"type":"ACTION_ACCEPTED","payload":{"clientSequence":488,"action":"STOP_LEFT"}}
[21:03:45] [Render thread/INFO] (PiriRuntimeAcceptance) PIRI_PHASE02_PACKET {"type":"REEL_STOP","payload":{"spinId":"3ea35f5e-4524-4a35-96ed-60b81d949de0","reel":"LEFT","pressedIndex":12,"stopIndex":19,"slip":7,"durationMs":430}}
[21:03:45] [Render thread/INFO] (PiriRuntimeAcceptance) PIRI_PHASE02_PACKET {"type":"PUBLIC_STATE","payload":{"sessionId":"af0b55a1-65ac-4f46-8884-c95d7e3b002d","machineId":1,"expectedNextClientSequence":489,"gameState":"NORMAL_SPINNING","lifecycle":"ACTIVE","credit":5,"heldMedals":714,"bet":3,"pay":0,"bonusCount":0,"lampOn":false,"displayStops":{"left":19,"center":13,"right":20},"stoppedMask":1}}
[21:03:45] [Render thread/INFO] (PiriRuntimeAcceptance) PIRI_PHASE02_PACKET {"type":"ACTION_ACCEPTED","payload":{"clientSequence":489,"action":"STOP_CENTER"}}
[21:03:45] [Render thread/INFO] (PiriRuntimeAcceptance) PIRI_PHASE02_PACKET {"type":"REEL_STOP","payload":{"spinId":"3ea35f5e-4524-4a35-96ed-60b81d949de0","reel":"CENTER","pressedIndex":12,"stopIndex":12,"slip":0,"durationMs":80}}
[21:03:45] [Render thread/INFO] (PiriRuntimeAcceptance) PIRI_PHASE02_PACKET {"type":"PUBLIC_STATE","payload":{"sessionId":"af0b55a1-65ac-4f46-8884-c95d7e3b002d","machineId":1,"expectedNextClientSequence":490,"gameState":"NORMAL_SPINNING","lifecycle":"ACTIVE","credit":5,"heldMedals":714,"bet":3,"pay":0,"bonusCount":0,"lampOn":false,"displayStops":{"left":19,"center":12,"right":20},"stoppedMask":3}}
[21:03:46] [Render thread/INFO] (PiriRuntimeAcceptance) PIRI_PHASE02_PACKET {"type":"ACTION_ACCEPTED","payload":{"clientSequence":490,"action":"STOP_RIGHT"}}
[21:03:46] [Render thread/INFO] (PiriRuntimeAcceptance) PIRI_PHASE02_PACKET {"type":"REEL_STOP","payload":{"spinId":"3ea35f5e-4524-4a35-96ed-60b81d949de0","reel":"RIGHT","pressedIndex":8,"stopIndex":8,"slip":0,"durationMs":80}}
[21:03:46] [Render thread/INFO] (PiriRuntimeAcceptance) PIRI_PHASE02_PACKET {"type":"PAYOUT","payload":{}}
[21:03:46] [Render thread/INFO] (PiriRuntimeAcceptance) PIRI_PHASE02_PACKET {"type":"PUBLIC_STATE","payload":{"sessionId":"af0b55a1-65ac-4f46-8884-c95d7e3b002d","machineId":1,"expectedNextClientSequence":491,"gameState":"BONUS_PENDING","lifecycle":"ACTIVE","credit":7,"heldMedals":714,"bet":0,"pay":2,"bonusCount":0,"lampOn":true,"displayStops":{"left":19,"center":12,"right":8},"stoppedMask":7}}
[21:03:47] [Render thread/INFO] (PiriRuntimeAcceptance) PIRI_PHASE02_PACKET {"type":"SESSION_SUSPENDED","payload":{"sessionId":"af0b55a1-65ac-4f46-8884-c95d7e3b002d","machineId":1,"reason":"USER_CLOSE_GRACE"}}
[21:03:48] [Render thread/INFO] (Minecraft) Stopping!

BUILD SUCCESSFUL in 5m 35s
15 actionable tasks: 4 executed, 11 up-to-date
