
> Configure project :fabric
Fabric Loom: 1.10.5

> Configure project :runtime-test-client
Fabric Loom: 1.10.5

> Task :common:compileJava UP-TO-DATE
> Task :fabric:compileJava UP-TO-DATE
> Task :fabric:processResources UP-TO-DATE
> Task :fabric:classes UP-TO-DATE
> Task :paper:compileJava UP-TO-DATE
> Task :fabric:compileTestJava UP-TO-DATE
> Task :common:processResources NO-SOURCE
> Task :common:classes UP-TO-DATE
> Task :fabric:jar UP-TO-DATE
> Task :fabric:processIncludeJars UP-TO-DATE
> Task :runtime-test-client:compileJava UP-TO-DATE
> Task :runtime-test-client:processResources UP-TO-DATE
> Task :runtime-test-client:classes UP-TO-DATE
> Task :runtime-test-client:generateLog4jConfig UP-TO-DATE
> Task :runtime-test-client:downloadAssets UP-TO-DATE
> Task :fabric:remapJar
> Task :runtime-test-client:generateRemapClasspath
> Task :runtime-test-client:generateDLIConfig UP-TO-DATE
> Task :runtime-test-client:configureLaunch
> Task :runtime-test-client:configureClientLaunch

> Task :runtime-test-client:runClient
[21:20:52] [main/INFO] (FabricLoader/GameProvider) Loading Minecraft 1.21 with Fabric Loader 0.16.14
[21:20:53] [main/INFO] (FabricLoader) Loading 56 mods:
	- fabric-api 0.102.0+1.21
	- fabric-api-base 0.4.42+6573ed8cd1
	- fabric-api-lookup-api-v1 1.6.68+b5597344d1
	- fabric-biome-api-v1 13.0.29+5bd9f1bcd1
	- fabric-block-api-v1 1.0.22+0af3f5a7d1
	- fabric-block-view-api-v2 1.0.10+6573ed8cd1
	- fabric-blockrenderlayer-v1 1.1.52+0af3f5a7d1
	- fabric-client-tags-api-v1 1.1.15+6573ed8cd1
	- fabric-command-api-v1 1.2.49+f71b366fd1
	- fabric-command-api-v2 2.2.28+6ced4dd9d1
	- fabric-commands-v0 0.2.66+df3654b3d1
	- fabric-content-registries-v0 8.0.16+b5597344d1
	- fabric-convention-tags-v1 2.0.19+7f945d5bd1
	- fabric-convention-tags-v2 2.5.0+c5e2b5c6d1
	- fabric-crash-report-info-v1 0.2.29+0af3f5a7d1
	- fabric-data-attachment-api-v1 1.1.27+6a6dfa19d1
	- fabric-data-generation-api-v1 20.2.16+16c4ae25d1
	- fabric-dimensions-v1 4.0.0+6fc22b99d1
	- fabric-entity-events-v1 1.6.12+6fc22b99d1
	- fabric-events-interaction-v0 0.7.12+ba9dae06d1
	- fabric-game-rule-api-v1 1.0.53+6ced4dd9d1
	- fabric-gametest-api-v1 2.0.4+6fc22b99d1
	- fabric-item-api-v1 11.0.0+afdfc921d1
	- fabric-item-group-api-v1 4.1.4+78017270d1
	- fabric-key-binding-api-v1 1.0.47+0af3f5a7d1
	- fabric-keybindings-v0 0.2.45+df3654b3d1
	- fabric-lifecycle-events-v1 2.3.12+6c1df360d1
	- fabric-loot-api-v2 3.0.14+3f89f5a5d1
	- fabric-loot-api-v3 1.0.2+3f89f5a5d1
	- fabric-message-api-v1 6.0.13+6573ed8cd1
	- fabric-model-loading-api-v1 2.0.0+fe474d6bd1
	- fabric-networking-api-v1 4.2.2+60c3209bd1
	- fabric-object-builder-api-v1 15.2.0+a551f7a4d1
	- fabric-particles-v1 4.0.2+6573ed8cd1
	- fabric-recipe-api-v1 5.0.12+65089712d1
	- fabric-registry-sync-v0 5.1.2+60c3209bd1
	- fabric-renderer-api-v1 3.4.0+c705a49cd1
	- fabric-renderer-indigo 1.7.0+c705a49cd1
	- fabric-renderer-registries-v1 3.2.68+df3654b3d1
	- fabric-rendering-data-attachment-v1 0.3.48+73761d2ed1
	- fabric-rendering-fluids-v1 3.1.6+b5597344d1
	- fabric-rendering-v0 1.1.71+df3654b3d1
	- fabric-rendering-v1 5.0.5+df16efd0d1
	- fabric-resource-conditions-api-v1 4.3.0+8dc279b1d1
	- fabric-resource-loader-v0 1.3.0+56599129d1
	- fabric-screen-api-v1 2.0.24+b5597344d1
	- fabric-screen-handler-api-v1 1.3.86+b5597344d1
	- fabric-sound-api-v1 1.0.23+6573ed8cd1
	- fabric-transfer-api-v1 5.1.16+3dccd343d1
	- fabric-transitive-access-wideners-v1 6.1.0+176f9036d1
	- fabricloader 0.16.14
	- java 21
	- minecraft 1.21
	- mixinextras 0.4.1
	- piri_juggler 1.0.0
	- piri_runtime_acceptance 1.0.0
[21:20:53] [main/INFO] (FabricLoader/Mixin) SpongePowered MIXIN Subsystem Version=0.8.7 Source=file:/C:/Users/PC_user/.gradle/caches/modules-2/files-2.1/net.fabricmc/sponge-mixin/0.15.5+mixin.0.8.7/22f9eb729e216a091673a574a5906dc1b9027fb3/sponge-mixin-0.15.5+mixin.0.8.7.jar Service=Knot/Fabric Env=CLIENT
[21:20:53] [main/INFO] (FabricLoader/Mixin) Loaded Fabric development mappings for mixin remapper!
[21:20:53] [main/INFO] (FabricLoader/Mixin) Compatibility level set to JAVA_17
[21:20:53] [main/INFO] (FabricLoader/Mixin) Compatibility level set to JAVA_21
[21:20:54] [main/INFO] (FabricLoader/MixinExtras|Service) Initializing MixinExtras via com.llamalad7.mixinextras.service.MixinExtrasServiceImpl(version=0.4.1).
[21:20:56] [Datafixer Bootstrap/INFO] (Minecraft) 226 Datafixer optimizations took 427 milliseconds
[21:20:56] [main/WARN] (PerfmonDisabled) Invalid registry value type detected for PerfOS counters. Should be REG_DWORD. Ignoring: HKEY_LOCAL_MACHINE\SYSTEM\CurrentControlSet\Services\PerfOS\Performance\Disable Performance Counters.
[21:21:02] [Render thread/INFO] (Minecraft) Environment: Environment[sessionHost=https://sessionserver.mojang.com, servicesHost=https://api.minecraftservices.com, name=PROD]
[21:21:02] [Render thread/INFO] (Minecraft) Setting user: PiriRuntimeTest
[21:21:02] [Render thread/INFO] (PiriRuntimeAcceptance) PIRI_RUNTIME_CLIENT_READY Minecraft=1.21 FabricLoader=0.16.14 scenario=phase04-reels
[21:21:02] [Render thread/INFO] (Indigo) [Indigo] Registering Indigo renderer!
[21:21:03] [Render thread/INFO] (Minecraft) Backend library: LWJGL version 3.3.3-snapshot
[21:21:04] [Render thread/INFO] (Minecraft) Reloading ResourceManager: vanilla, fabric, fabric-api, fabric-api-base, fabric-api-lookup-api-v1, fabric-biome-api-v1, fabric-block-api-v1, fabric-block-view-api-v2, fabric-blockrenderlayer-v1, fabric-client-tags-api-v1, fabric-command-api-v1, fabric-command-api-v2, fabric-commands-v0, fabric-content-registries-v0, fabric-convention-tags-v1, fabric-convention-tags-v2, fabric-crash-report-info-v1, fabric-data-attachment-api-v1, fabric-data-generation-api-v1, fabric-dimensions-v1, fabric-entity-events-v1, fabric-events-interaction-v0, fabric-game-rule-api-v1, fabric-gametest-api-v1, fabric-item-api-v1, fabric-item-group-api-v1, fabric-key-binding-api-v1, fabric-keybindings-v0, fabric-lifecycle-events-v1, fabric-loot-api-v2, fabric-loot-api-v3, fabric-message-api-v1, fabric-model-loading-api-v1, fabric-networking-api-v1, fabric-object-builder-api-v1, fabric-particles-v1, fabric-recipe-api-v1, fabric-registry-sync-v0, fabric-renderer-api-v1, fabric-renderer-indigo, fabric-renderer-registries-v1, fabric-rendering-data-attachment-v1, fabric-rendering-fluids-v1, fabric-rendering-v0, fabric-rendering-v1, fabric-resource-conditions-api-v1, fabric-resource-loader-v0, fabric-screen-api-v1, fabric-screen-handler-api-v1, fabric-sound-api-v1, fabric-transfer-api-v1, fabric-transitive-access-wideners-v1, fabricloader, piri_juggler
[21:21:04] [Worker-Main-3/WARN] (Minecraft) File piri:sounds/bet.ogg does not exist, cannot add it to event piri:bet
[21:21:04] [Worker-Main-3/WARN] (Minecraft) File piri:sounds/bonus_end.ogg does not exist, cannot add it to event piri:bonus_end
[21:21:04] [Worker-Main-3/WARN] (Minecraft) File piri:sounds/bonus_start.ogg does not exist, cannot add it to event piri:bonus_start
[21:21:04] [Worker-Main-3/WARN] (Minecraft) File piri:sounds/error.ogg does not exist, cannot add it to event piri:error
[21:21:04] [Worker-Main-3/WARN] (Minecraft) File piri:sounds/lever.ogg does not exist, cannot add it to event piri:lever
[21:21:04] [Worker-Main-3/WARN] (Minecraft) File piri:sounds/notice.ogg does not exist, cannot add it to event piri:notice
[21:21:04] [Worker-Main-3/WARN] (Minecraft) File piri:sounds/notice_strong.ogg does not exist, cannot add it to event piri:notice_strong
[21:21:04] [Worker-Main-3/WARN] (Minecraft) File piri:sounds/payout.ogg does not exist, cannot add it to event piri:payout
[21:21:04] [Worker-Main-3/WARN] (Minecraft) File piri:sounds/stop.ogg does not exist, cannot add it to event piri:stop
[21:21:04] [Worker-Main-3/WARN] (Minecraft) File piri:sounds/tenpai.ogg does not exist, cannot add it to event piri:tenpai
[21:21:04] [Worker-Main-5/INFO] (Minecraft) Found unifont_all_no_pua-15.1.05.hex, loading
[21:21:04] [Worker-Main-9/INFO] (Minecraft) Found unifont_jp_patch-15.1.05.hex, loading
[21:21:06] [Render thread/WARN] (Minecraft) Missing sound for event: minecraft:item.goat_horn.play
[21:21:06] [Render thread/WARN] (Minecraft) Missing sound for event: minecraft:entity.goat.screaming.horn_break
[21:21:06] [Render thread/INFO] (Minecraft) OpenAL initialized on device OpenAL Soft on Headphones (High Definition Audio Device)
[21:21:06] [Render thread/INFO] (Minecraft) Sound engine started
[21:21:06] [Render thread/INFO] (Minecraft) Created: 1024x512x4 minecraft:textures/atlas/blocks.png-atlas
[21:21:06] [Render thread/INFO] (Minecraft) Created: 256x256x4 minecraft:textures/atlas/signs.png-atlas
[21:21:06] [Render thread/INFO] (Minecraft) Created: 512x512x4 minecraft:textures/atlas/banner_patterns.png-atlas
[21:21:06] [Render thread/INFO] (Minecraft) Created: 512x512x4 minecraft:textures/atlas/shield_patterns.png-atlas
[21:21:06] [Render thread/INFO] (Minecraft) Created: 1024x1024x4 minecraft:textures/atlas/armor_trims.png-atlas
[21:21:06] [Render thread/INFO] (Minecraft) Created: 256x256x4 minecraft:textures/atlas/chest.png-atlas
[21:21:06] [Render thread/INFO] (Minecraft) Created: 128x64x4 minecraft:textures/atlas/decorated_pot.png-atlas
[21:21:06] [Render thread/INFO] (Minecraft) Created: 512x256x4 minecraft:textures/atlas/beds.png-atlas
[21:21:06] [Render thread/INFO] (Minecraft) Created: 512x256x4 minecraft:textures/atlas/shulker_boxes.png-atlas
[21:21:06] [Render thread/INFO] (Minecraft) Created: 512x256x0 minecraft:textures/atlas/particles.png-atlas
[21:21:06] [Render thread/INFO] (Minecraft) Created: 512x256x0 minecraft:textures/atlas/paintings.png-atlas
[21:21:06] [Render thread/INFO] (Minecraft) Created: 256x128x0 minecraft:textures/atlas/mob_effects.png-atlas
[21:21:06] [Render thread/INFO] (Minecraft) Created: 64x64x0 minecraft:textures/atlas/map_decorations.png-atlas
[21:21:06] [Render thread/INFO] (Minecraft) Created: 1024x512x0 minecraft:textures/atlas/gui.png-atlas
[21:21:06] [Render thread/WARN] (Minecraft) Shader rendertype_entity_translucent_emissive could not find sampler named Sampler2 in the specified shader program.
[21:21:06] [Render thread/INFO] (Minecraft) Connecting to 127.0.0.1, 25588
[21:21:08] [Render thread/WARN] (Minecraft) Ignoring player info update for unknown player 2b9a0e28-4a8f-3fe1-a65b-c41ad05e8077 ([UPDATE_GAME_MODE])
[21:21:08] [Render thread/INFO] (Minecraft) [System] [CHAT] PiriRuntimeTest joined the game
[21:21:08] [Render thread/INFO] (Minecraft) Loaded 2 advancements
[21:21:08] [Render thread/INFO] (PiriRuntimeAcceptance) PIRI_RUNTIME_HELLO protocol=1 payload={"protocol":1,"modVersion":"1.0.0"}
[21:21:08] [Render thread/INFO] (PiriRuntimeAcceptance) PIRI_PHASE02_PACKET {"type":"HELLO_ACK","payload":{"protocol":1,"serverVersion":"1.0.0"}}
[21:21:09] [Render thread/INFO] (Minecraft) [System] [CHAT] MACHINE_CREATED 1
[21:21:09] [Render thread/INFO] (PiriRuntimeAcceptance) PIRI_PHASE02_REAL_CLICK block=BlockPos{x=0, y=66, z=0} result=SUCCESS
[21:21:10] [Render thread/INFO] (PiriRuntimeAcceptance) PIRI_PHASE02_PACKET {"type":"OPEN_MACHINE","payload":{"sessionId":"078d0d75-5cc9-4666-a1b3-450e82603945","machineId":1,"expectedNextClientSequence":1}}
[21:21:10] [Render thread/INFO] (PiriRuntimeAcceptance) PIRI_PHASE02_PACKET {"type":"PUBLIC_STATE","payload":{"sessionId":"078d0d75-5cc9-4666-a1b3-450e82603945","machineId":1,"expectedNextClientSequence":1,"gameState":"SEATED_READY","lifecycle":"ACTIVE","credit":0,"heldMedals":0,"bet":0,"pay":0,"bonusCount":0,"lampOn":false,"displayStops":{"left":0,"center":0,"right":0},"stoppedMask":0}}
[21:21:10] [Render thread/INFO] (PiriRuntimeAcceptance) PIRI_PHASE02_PACKET {"type":"PUBLIC_STATE","payload":{"sessionId":"078d0d75-5cc9-4666-a1b3-450e82603945","machineId":1,"expectedNextClientSequence":1,"gameState":"NORMAL_SPINNING","lifecycle":"ACTIVE","credit":0,"heldMedals":0,"bet":0,"pay":0,"bonusCount":0,"lampOn":false,"displayStops":{"left":0,"center":0,"right":0},"stoppedMask":0}}
[21:21:10] [Render thread/INFO] (PiriRuntimeAcceptance) PIRI_PHASE02_PACKET {"type":"SPIN_START","payload":{"sessionId":"078d0d75-5cc9-4666-a1b3-450e82603945","machineId":1,"spinId":"21a6d52c-c2c1-47d0-83c9-5cdc1741312d","mode":"NORMAL","animation":"NORMAL","startPhase":{"left":0.0,"center":0.0,"right":0.0},"stopEnableAfterMs":400}}
[21:21:12] [Render thread/INFO] (PiriRuntimeAcceptance) PIRI_PHASE02_PACKET {"type":"ACTION_ACCEPTED","payload":{"clientSequence":1,"action":"STOP_LEFT"}}
[21:21:12] [Render thread/INFO] (PiriRuntimeAcceptance) PIRI_PHASE02_PACKET {"type":"REEL_STOP","payload":{"spinId":"21a6d52c-c2c1-47d0-83c9-5cdc1741312d","reel":"LEFT","pressedIndex":16,"stopIndex":16,"slip":0,"durationMs":80}}
[21:21:12] [Render thread/INFO] (PiriRuntimeAcceptance) PIRI_PHASE02_PACKET {"type":"ACTION_ACCEPTED","payload":{"clientSequence":2,"action":"STOP_CENTER"}}
[21:21:12] [Render thread/INFO] (PiriRuntimeAcceptance) PIRI_PHASE02_PACKET {"type":"REEL_STOP","payload":{"spinId":"21a6d52c-c2c1-47d0-83c9-5cdc1741312d","reel":"CENTER","pressedIndex":7,"stopIndex":4,"slip":3,"durationMs":230}}
[21:21:13] [Render thread/INFO] (PiriRuntimeAcceptance) PIRI_PHASE02_PACKET {"type":"ACTION_ACCEPTED","payload":{"clientSequence":3,"action":"STOP_RIGHT"}}
[21:21:13] [Render thread/INFO] (PiriRuntimeAcceptance) PIRI_PHASE02_PACKET {"type":"REEL_STOP","payload":{"spinId":"21a6d52c-c2c1-47d0-83c9-5cdc1741312d","reel":"RIGHT","pressedIndex":19,"stopIndex":19,"slip":0,"durationMs":80}}
[21:21:13] [Render thread/INFO] (PiriRuntimeAcceptance) PIRI_PHASE02_PACKET {"type":"PUBLIC_STATE","payload":{"sessionId":"078d0d75-5cc9-4666-a1b3-450e82603945","machineId":1,"expectedNextClientSequence":4,"gameState":"SEATED_READY","lifecycle":"ACTIVE","credit":0,"heldMedals":0,"bet":0,"pay":0,"bonusCount":0,"lampOn":false,"displayStops":{"left":16,"center":4,"right":19},"stoppedMask":7}}
[21:21:14] [Render thread/INFO] (PiriRuntimeAcceptance) PIRI_PHASE02_PACKET {"type":"PUBLIC_STATE","payload":{"sessionId":"078d0d75-5cc9-4666-a1b3-450e82603945","machineId":1,"expectedNextClientSequence":4,"gameState":"NORMAL_SPINNING","lifecycle":"ACTIVE","credit":0,"heldMedals":0,"bet":0,"pay":0,"bonusCount":0,"lampOn":false,"displayStops":{"left":16,"center":4,"right":19},"stoppedMask":0}}
[21:21:14] [Render thread/INFO] (PiriRuntimeAcceptance) PIRI_PHASE02_PACKET {"type":"SPIN_START","payload":{"sessionId":"078d0d75-5cc9-4666-a1b3-450e82603945","machineId":1,"spinId":"d3a1afa4-6bed-4865-8ec8-97d05d2c64dd","mode":"NORMAL","animation":"REVERSE_500MS","startPhase":{"left":16.0,"center":4.0,"right":19.0},"stopEnableAfterMs":800}}
[21:21:16] [Render thread/INFO] (PiriRuntimeAcceptance) PIRI_PHASE02_PACKET {"type":"ACTION_ACCEPTED","payload":{"clientSequence":4,"action":"STOP_LEFT"}}
[21:21:16] [Render thread/INFO] (PiriRuntimeAcceptance) PIRI_PHASE02_PACKET {"type":"REEL_STOP","payload":{"spinId":"d3a1afa4-6bed-4865-8ec8-97d05d2c64dd","reel":"LEFT","pressedIndex":2,"stopIndex":2,"slip":0,"durationMs":80}}
[21:21:16] [Render thread/INFO] (PiriRuntimeAcceptance) PIRI_PHASE02_PACKET {"type":"ACTION_ACCEPTED","payload":{"clientSequence":5,"action":"STOP_RIGHT"}}
[21:21:16] [Render thread/INFO] (PiriRuntimeAcceptance) PIRI_PHASE02_PACKET {"type":"REEL_STOP","payload":{"spinId":"d3a1afa4-6bed-4865-8ec8-97d05d2c64dd","reel":"RIGHT","pressedIndex":12,"stopIndex":11,"slip":1,"durationMs":130}}
[21:21:17] [Render thread/INFO] (PiriRuntimeAcceptance) PIRI_PHASE02_PACKET {"type":"ACTION_ACCEPTED","payload":{"clientSequence":6,"action":"STOP_CENTER"}}
[21:21:17] [Render thread/INFO] (PiriRuntimeAcceptance) PIRI_PHASE02_PACKET {"type":"REEL_STOP","payload":{"spinId":"d3a1afa4-6bed-4865-8ec8-97d05d2c64dd","reel":"CENTER","pressedIndex":9,"stopIndex":8,"slip":1,"durationMs":130}}
[21:21:17] [Render thread/INFO] (PiriRuntimeAcceptance) PIRI_PHASE02_PACKET {"type":"PUBLIC_STATE","payload":{"sessionId":"078d0d75-5cc9-4666-a1b3-450e82603945","machineId":1,"expectedNextClientSequence":7,"gameState":"SEATED_READY","lifecycle":"ACTIVE","credit":0,"heldMedals":0,"bet":0,"pay":0,"bonusCount":0,"lampOn":false,"displayStops":{"left":2,"center":8,"right":11},"stoppedMask":7}}
[21:21:17] [Render thread/INFO] (PiriRuntimeAcceptance) PIRI_PHASE02_PACKET {"type":"PUBLIC_STATE","payload":{"sessionId":"078d0d75-5cc9-4666-a1b3-450e82603945","machineId":1,"expectedNextClientSequence":7,"gameState":"NORMAL_SPINNING","lifecycle":"ACTIVE","credit":0,"heldMedals":0,"bet":0,"pay":0,"bonusCount":0,"lampOn":false,"displayStops":{"left":2,"center":8,"right":11},"stoppedMask":0}}
[21:21:17] [Render thread/INFO] (PiriRuntimeAcceptance) PIRI_PHASE02_PACKET {"type":"SPIN_START","payload":{"sessionId":"078d0d75-5cc9-4666-a1b3-450e82603945","machineId":1,"spinId":"24262c28-a202-4a50-97fe-73cf42fa369f","mode":"NORMAL","animation":"RESUME_NORMAL","startPhase":{"left":2.0,"center":8.0,"right":11.0},"stopEnableAfterMs":200}}
[21:21:19] [Render thread/INFO] (PiriRuntimeAcceptance) PIRI_PHASE02_PACKET {"type":"ACTION_ACCEPTED","payload":{"clientSequence":7,"action":"STOP_CENTER"}}
[21:21:19] [Render thread/INFO] (PiriRuntimeAcceptance) PIRI_PHASE02_PACKET {"type":"REEL_STOP","payload":{"spinId":"24262c28-a202-4a50-97fe-73cf42fa369f","reel":"CENTER","pressedIndex":18,"stopIndex":17,"slip":1,"durationMs":130}}
[21:21:20] [Render thread/INFO] (PiriRuntimeAcceptance) PIRI_PHASE02_PACKET {"type":"ACTION_ACCEPTED","payload":{"clientSequence":8,"action":"STOP_LEFT"}}
[21:21:20] [Render thread/INFO] (PiriRuntimeAcceptance) PIRI_PHASE02_PACKET {"type":"REEL_STOP","payload":{"spinId":"24262c28-a202-4a50-97fe-73cf42fa369f","reel":"LEFT","pressedIndex":3,"stopIndex":3,"slip":0,"durationMs":80}}
[21:21:20] [Render thread/INFO] (PiriRuntimeAcceptance) PIRI_PHASE02_PACKET {"type":"ACTION_ACCEPTED","payload":{"clientSequence":9,"action":"STOP_RIGHT"}}
[21:21:20] [Render thread/INFO] (PiriRuntimeAcceptance) PIRI_PHASE02_PACKET {"type":"REEL_STOP","payload":{"spinId":"24262c28-a202-4a50-97fe-73cf42fa369f","reel":"RIGHT","pressedIndex":3,"stopIndex":3,"slip":0,"durationMs":80}}
[21:21:20] [Render thread/INFO] (PiriRuntimeAcceptance) PIRI_PHASE02_PACKET {"type":"PUBLIC_STATE","payload":{"sessionId":"078d0d75-5cc9-4666-a1b3-450e82603945","machineId":1,"expectedNextClientSequence":10,"gameState":"SEATED_READY","lifecycle":"ACTIVE","credit":0,"heldMedals":0,"bet":0,"pay":0,"bonusCount":0,"lampOn":false,"displayStops":{"left":3,"center":17,"right":3},"stoppedMask":7}}
[21:21:21] [Render thread/INFO] (PiriRuntimeAcceptance) PIRI_PHASE02_PACKET {"type":"PUBLIC_STATE","payload":{"sessionId":"078d0d75-5cc9-4666-a1b3-450e82603945","machineId":1,"expectedNextClientSequence":10,"gameState":"NORMAL_SPINNING","lifecycle":"ACTIVE","credit":0,"heldMedals":0,"bet":0,"pay":0,"bonusCount":0,"lampOn":false,"displayStops":{"left":3,"center":17,"right":3},"stoppedMask":0}}
[21:21:21] [Render thread/INFO] (PiriRuntimeAcceptance) PIRI_PHASE02_PACKET {"type":"SPIN_START","payload":{"sessionId":"078d0d75-5cc9-4666-a1b3-450e82603945","machineId":1,"spinId":"2da287b1-5d89-481a-ae6d-ca729532c2af","mode":"NORMAL","animation":"NORMAL","startPhase":{"left":3.0,"center":17.0,"right":3.0},"stopEnableAfterMs":400}}
[21:21:21] [Render thread/INFO] (PiriRuntimeAcceptance) PIRI_PHASE02_PACKET {"type":"ACTION_ACCEPTED","payload":{"clientSequence":10,"action":"STOP_CENTER"}}
[21:21:21] [Render thread/INFO] (PiriRuntimeAcceptance) PIRI_PHASE02_PACKET {"type":"REEL_STOP","payload":{"spinId":"2da287b1-5d89-481a-ae6d-ca729532c2af","reel":"CENTER","pressedIndex":9,"stopIndex":9,"slip":0,"durationMs":80}}
[21:21:22] [Render thread/INFO] (PiriRuntimeAcceptance) PIRI_PHASE02_PACKET {"type":"ACTION_ACCEPTED","payload":{"clientSequence":11,"action":"STOP_RIGHT"}}
[21:21:22] [Render thread/INFO] (PiriRuntimeAcceptance) PIRI_PHASE02_PACKET {"type":"REEL_STOP","payload":{"spinId":"2da287b1-5d89-481a-ae6d-ca729532c2af","reel":"RIGHT","pressedIndex":6,"stopIndex":3,"slip":3,"durationMs":230}}
[21:21:23] [Render thread/INFO] (PiriRuntimeAcceptance) PIRI_PHASE02_PACKET {"type":"ACTION_ACCEPTED","payload":{"clientSequence":12,"action":"STOP_LEFT"}}
[21:21:23] [Render thread/INFO] (PiriRuntimeAcceptance) PIRI_PHASE02_PACKET {"type":"REEL_STOP","payload":{"spinId":"2da287b1-5d89-481a-ae6d-ca729532c2af","reel":"LEFT","pressedIndex":14,"stopIndex":13,"slip":1,"durationMs":130}}
[21:21:23] [Render thread/INFO] (PiriRuntimeAcceptance) PIRI_PHASE02_PACKET {"type":"PUBLIC_STATE","payload":{"sessionId":"078d0d75-5cc9-4666-a1b3-450e82603945","machineId":1,"expectedNextClientSequence":13,"gameState":"SEATED_READY","lifecycle":"ACTIVE","credit":0,"heldMedals":0,"bet":0,"pay":0,"bonusCount":0,"lampOn":false,"displayStops":{"left":13,"center":9,"right":3},"stoppedMask":7}}
[21:21:23] [Render thread/INFO] (PiriRuntimeAcceptance) PIRI_PHASE02_PACKET {"type":"PUBLIC_STATE","payload":{"sessionId":"078d0d75-5cc9-4666-a1b3-450e82603945","machineId":1,"expectedNextClientSequence":13,"gameState":"NORMAL_SPINNING","lifecycle":"ACTIVE","credit":0,"heldMedals":0,"bet":0,"pay":0,"bonusCount":0,"lampOn":false,"displayStops":{"left":13,"center":9,"right":3},"stoppedMask":0}}
[21:21:23] [Render thread/INFO] (PiriRuntimeAcceptance) PIRI_PHASE02_PACKET {"type":"SPIN_START","payload":{"sessionId":"078d0d75-5cc9-4666-a1b3-450e82603945","machineId":1,"spinId":"6cbc6fe1-173c-4a77-925d-91af2aa87834","mode":"NORMAL","animation":"REVERSE_500MS","startPhase":{"left":13.0,"center":9.0,"right":3.0},"stopEnableAfterMs":800}}
[21:21:24] [Render thread/INFO] (PiriRuntimeAcceptance) PIRI_PHASE02_PACKET {"type":"ACTION_ACCEPTED","payload":{"clientSequence":13,"action":"STOP_RIGHT"}}
[21:21:24] [Render thread/INFO] (PiriRuntimeAcceptance) PIRI_PHASE02_PACKET {"type":"REEL_STOP","payload":{"spinId":"6cbc6fe1-173c-4a77-925d-91af2aa87834","reel":"RIGHT","pressedIndex":19,"stopIndex":19,"slip":0,"durationMs":80}}
[21:21:25] [Render thread/INFO] (PiriRuntimeAcceptance) PIRI_PHASE02_PACKET {"type":"ACTION_ACCEPTED","payload":{"clientSequence":14,"action":"STOP_LEFT"}}
[21:21:25] [Render thread/INFO] (PiriRuntimeAcceptance) PIRI_PHASE02_PACKET {"type":"REEL_STOP","payload":{"spinId":"6cbc6fe1-173c-4a77-925d-91af2aa87834","reel":"LEFT","pressedIndex":20,"stopIndex":18,"slip":2,"durationMs":180}}
[21:21:25] [Render thread/INFO] (PiriRuntimeAcceptance) PIRI_PHASE02_PACKET {"type":"ACTION_ACCEPTED","payload":{"clientSequence":15,"action":"STOP_CENTER"}}
[21:21:25] [Render thread/INFO] (PiriRuntimeAcceptance) PIRI_PHASE02_PACKET {"type":"REEL_STOP","payload":{"spinId":"6cbc6fe1-173c-4a77-925d-91af2aa87834","reel":"CENTER","pressedIndex":7,"stopIndex":4,"slip":3,"durationMs":230}}
[21:21:25] [Render thread/INFO] (PiriRuntimeAcceptance) PIRI_PHASE02_PACKET {"type":"PUBLIC_STATE","payload":{"sessionId":"078d0d75-5cc9-4666-a1b3-450e82603945","machineId":1,"expectedNextClientSequence":16,"gameState":"SEATED_READY","lifecycle":"ACTIVE","credit":0,"heldMedals":0,"bet":0,"pay":0,"bonusCount":0,"lampOn":false,"displayStops":{"left":18,"center":4,"right":19},"stoppedMask":7}}
[21:21:26] [Render thread/INFO] (PiriRuntimeAcceptance) PIRI_PHASE02_PACKET {"type":"PUBLIC_STATE","payload":{"sessionId":"078d0d75-5cc9-4666-a1b3-450e82603945","machineId":1,"expectedNextClientSequence":16,"gameState":"NORMAL_SPINNING","lifecycle":"ACTIVE","credit":0,"heldMedals":0,"bet":0,"pay":0,"bonusCount":0,"lampOn":false,"displayStops":{"left":18,"center":4,"right":19},"stoppedMask":0}}
[21:21:26] [Render thread/INFO] (PiriRuntimeAcceptance) PIRI_PHASE02_PACKET {"type":"SPIN_START","payload":{"sessionId":"078d0d75-5cc9-4666-a1b3-450e82603945","machineId":1,"spinId":"a7177736-d872-4425-9175-cd16d72ee72b","mode":"NORMAL","animation":"RESUME_NORMAL","startPhase":{"left":18.0,"center":4.0,"right":19.0},"stopEnableAfterMs":200}}
[21:21:26] [Render thread/INFO] (PiriRuntimeAcceptance) PIRI_PHASE02_PACKET {"type":"ACTION_ACCEPTED","payload":{"clientSequence":16,"action":"STOP_RIGHT"}}
[21:21:26] [Render thread/INFO] (PiriRuntimeAcceptance) PIRI_PHASE02_PACKET {"type":"REEL_STOP","payload":{"spinId":"a7177736-d872-4425-9175-cd16d72ee72b","reel":"RIGHT","pressedIndex":9,"stopIndex":8,"slip":1,"durationMs":130}}
[21:21:27] [Render thread/INFO] (PiriRuntimeAcceptance) PIRI_PHASE02_PACKET {"type":"ACTION_ACCEPTED","payload":{"clientSequence":17,"action":"STOP_CENTER"}}
[21:21:27] [Render thread/INFO] (PiriRuntimeAcceptance) PIRI_PHASE02_PACKET {"type":"REEL_STOP","payload":{"spinId":"a7177736-d872-4425-9175-cd16d72ee72b","reel":"CENTER","pressedIndex":6,"stopIndex":5,"slip":1,"durationMs":130}}
[21:21:28] [Render thread/INFO] (PiriRuntimeAcceptance) PIRI_PHASE02_PACKET {"type":"ACTION_ACCEPTED","payload":{"clientSequence":18,"action":"STOP_LEFT"}}
[21:21:28] [Render thread/INFO] (PiriRuntimeAcceptance) PIRI_PHASE02_PACKET {"type":"REEL_STOP","payload":{"spinId":"a7177736-d872-4425-9175-cd16d72ee72b","reel":"LEFT","pressedIndex":2,"stopIndex":1,"slip":1,"durationMs":130}}
[21:21:28] [Render thread/INFO] (PiriRuntimeAcceptance) PIRI_PHASE02_PACKET {"type":"PUBLIC_STATE","payload":{"sessionId":"078d0d75-5cc9-4666-a1b3-450e82603945","machineId":1,"expectedNextClientSequence":19,"gameState":"SEATED_READY","lifecycle":"ACTIVE","credit":0,"heldMedals":0,"bet":0,"pay":0,"bonusCount":0,"lampOn":false,"displayStops":{"left":1,"center":5,"right":8},"stoppedMask":7}}
[21:21:28] [Render thread/INFO] (PiriRuntimeAcceptance) PIRI_PHASE02_PACKET {"type":"PUBLIC_STATE","payload":{"sessionId":"078d0d75-5cc9-4666-a1b3-450e82603945","machineId":1,"expectedNextClientSequence":19,"gameState":"NORMAL_SPINNING","lifecycle":"ACTIVE","credit":0,"heldMedals":0,"bet":0,"pay":0,"bonusCount":0,"lampOn":false,"displayStops":{"left":1,"center":5,"right":8},"stoppedMask":0}}
[21:21:28] [Render thread/INFO] (PiriRuntimeAcceptance) PIRI_PHASE02_PACKET {"type":"SPIN_START","payload":{"sessionId":"078d0d75-5cc9-4666-a1b3-450e82603945","machineId":1,"spinId":"45d0e9e2-de05-4a15-b9b9-bde1198662e1","mode":"NORMAL","animation":"NORMAL","startPhase":{"left":1.0,"center":5.0,"right":8.0},"stopEnableAfterMs":400}}
[21:21:29] [Render thread/INFO] (PiriRuntimeAcceptance) PIRI_PHASE02_PACKET {"type":"ACTION_ACCEPTED","payload":{"clientSequence":19,"action":"STOP_LEFT"}}
[21:21:29] [Render thread/INFO] (PiriRuntimeAcceptance) PIRI_PHASE02_PACKET {"type":"REEL_STOP","payload":{"spinId":"45d0e9e2-de05-4a15-b9b9-bde1198662e1","reel":"LEFT","pressedIndex":14,"stopIndex":14,"slip":0,"durationMs":80}}
[21:21:30] [Render thread/INFO] (PiriRuntimeAcceptance) PIRI_PHASE02_PACKET {"type":"ACTION_ACCEPTED","payload":{"clientSequence":20,"action":"STOP_CENTER"}}
[21:21:30] [Render thread/INFO] (PiriRuntimeAcceptance) PIRI_PHASE02_PACKET {"type":"REEL_STOP","payload":{"spinId":"45d0e9e2-de05-4a15-b9b9-bde1198662e1","reel":"CENTER","pressedIndex":9,"stopIndex":8,"slip":1,"durationMs":130}}
[21:21:30] [Render thread/INFO] (PiriRuntimeAcceptance) PIRI_PHASE02_PACKET {"type":"ACTION_ACCEPTED","payload":{"clientSequence":21,"action":"STOP_RIGHT"}}
[21:21:30] [Render thread/INFO] (PiriRuntimeAcceptance) PIRI_PHASE02_PACKET {"type":"REEL_STOP","payload":{"spinId":"45d0e9e2-de05-4a15-b9b9-bde1198662e1","reel":"RIGHT","pressedIndex":3,"stopIndex":1,"slip":2,"durationMs":180}}
[21:21:30] [Render thread/INFO] (PiriRuntimeAcceptance) PIRI_PHASE02_PACKET {"type":"PUBLIC_STATE","payload":{"sessionId":"078d0d75-5cc9-4666-a1b3-450e82603945","machineId":1,"expectedNextClientSequence":22,"gameState":"SEATED_READY","lifecycle":"ACTIVE","credit":0,"heldMedals":0,"bet":0,"pay":0,"bonusCount":0,"lampOn":false,"displayStops":{"left":14,"center":8,"right":1},"stoppedMask":7}}
[21:21:31] [Render thread/INFO] (PiriRuntimeAcceptance) PIRI_PHASE02_PACKET {"type":"PUBLIC_STATE","payload":{"sessionId":"078d0d75-5cc9-4666-a1b3-450e82603945","machineId":1,"expectedNextClientSequence":22,"gameState":"NORMAL_SPINNING","lifecycle":"ACTIVE","credit":0,"heldMedals":0,"bet":0,"pay":0,"bonusCount":0,"lampOn":false,"displayStops":{"left":14,"center":8,"right":1},"stoppedMask":0}}
[21:21:31] [Render thread/INFO] (PiriRuntimeAcceptance) PIRI_PHASE02_PACKET {"type":"SPIN_START","payload":{"sessionId":"078d0d75-5cc9-4666-a1b3-450e82603945","machineId":1,"spinId":"b7557873-d147-4af7-aee6-369f5c874657","mode":"NORMAL","animation":"REVERSE_500MS","startPhase":{"left":14.0,"center":8.0,"right":1.0},"stopEnableAfterMs":800}}
[21:21:33] [Render thread/INFO] (PiriRuntimeAcceptance) PIRI_PHASE02_PACKET {"type":"ACTION_ACCEPTED","payload":{"clientSequence":22,"action":"STOP_LEFT"}}
[21:21:33] [Render thread/INFO] (PiriRuntimeAcceptance) PIRI_PHASE02_PACKET {"type":"REEL_STOP","payload":{"spinId":"b7557873-d147-4af7-aee6-369f5c874657","reel":"LEFT","pressedIndex":9,"stopIndex":14,"slip":16,"durationMs":880}}
[21:21:33] [Render thread/INFO] (PiriRuntimeAcceptance) PIRI_PHASE02_PACKET {"type":"ACTION_ACCEPTED","payload":{"clientSequence":23,"action":"STOP_RIGHT"}}
[21:21:33] [Render thread/INFO] (PiriRuntimeAcceptance) PIRI_PHASE02_PACKET {"type":"REEL_STOP","payload":{"spinId":"b7557873-d147-4af7-aee6-369f5c874657","reel":"RIGHT","pressedIndex":7,"stopIndex":6,"slip":1,"durationMs":130}}
[21:21:34] [Render thread/INFO] (PiriRuntimeAcceptance) PIRI_PHASE02_PACKET {"type":"ACTION_ACCEPTED","payload":{"clientSequence":24,"action":"STOP_CENTER"}}
[21:21:34] [Render thread/INFO] (PiriRuntimeAcceptance) PIRI_PHASE02_PACKET {"type":"REEL_STOP","payload":{"spinId":"b7557873-d147-4af7-aee6-369f5c874657","reel":"CENTER","pressedIndex":5,"stopIndex":16,"slip":10,"durationMs":580}}
[21:21:34] [Render thread/INFO] (PiriRuntimeAcceptance) PIRI_PHASE02_PACKET {"type":"PUBLIC_STATE","payload":{"sessionId":"078d0d75-5cc9-4666-a1b3-450e82603945","machineId":1,"expectedNextClientSequence":25,"gameState":"SEATED_READY","lifecycle":"ACTIVE","credit":0,"heldMedals":0,"bet":0,"pay":0,"bonusCount":0,"lampOn":false,"displayStops":{"left":14,"center":16,"right":6},"stoppedMask":7}}
[21:21:35] [Render thread/INFO] (PiriRuntimeAcceptance) PIRI_PHASE02_PACKET {"type":"PUBLIC_STATE","payload":{"sessionId":"078d0d75-5cc9-4666-a1b3-450e82603945","machineId":1,"expectedNextClientSequence":25,"gameState":"NORMAL_SPINNING","lifecycle":"ACTIVE","credit":0,"heldMedals":0,"bet":0,"pay":0,"bonusCount":0,"lampOn":false,"displayStops":{"left":14,"center":16,"right":6},"stoppedMask":0}}
[21:21:35] [Render thread/INFO] (PiriRuntimeAcceptance) PIRI_PHASE02_PACKET {"type":"SPIN_START","payload":{"sessionId":"078d0d75-5cc9-4666-a1b3-450e82603945","machineId":1,"spinId":"b09fac1d-3584-4cf2-a642-bb3bca390459","mode":"NORMAL","animation":"RESUME_NORMAL","startPhase":{"left":14.0,"center":16.0,"right":6.0},"stopEnableAfterMs":200}}
[21:21:35] [Render thread/INFO] (PiriRuntimeAcceptance) PIRI_PHASE02_PACKET {"type":"ACTION_ACCEPTED","payload":{"clientSequence":25,"action":"STOP_CENTER"}}
[21:21:35] [Render thread/INFO] (PiriRuntimeAcceptance) PIRI_PHASE02_PACKET {"type":"REEL_STOP","payload":{"spinId":"b09fac1d-3584-4cf2-a642-bb3bca390459","reel":"CENTER","pressedIndex":6,"stopIndex":6,"slip":0,"durationMs":80}}
[21:21:36] [Render thread/INFO] (PiriRuntimeAcceptance) PIRI_PHASE02_PACKET {"type":"ACTION_ACCEPTED","payload":{"clientSequence":26,"action":"STOP_LEFT"}}
[21:21:36] [Render thread/INFO] (PiriRuntimeAcceptance) PIRI_PHASE02_PACKET {"type":"REEL_STOP","payload":{"spinId":"b09fac1d-3584-4cf2-a642-bb3bca390459","reel":"LEFT","pressedIndex":17,"stopIndex":12,"slip":5,"durationMs":330}}
[21:21:36] [Render thread/INFO] (PiriRuntimeAcceptance) PIRI_PHASE02_PACKET {"type":"ACTION_ACCEPTED","payload":{"clientSequence":27,"action":"STOP_RIGHT"}}
[21:21:36] [Render thread/INFO] (PiriRuntimeAcceptance) PIRI_PHASE02_PACKET {"type":"REEL_STOP","payload":{"spinId":"b09fac1d-3584-4cf2-a642-bb3bca390459","reel":"RIGHT","pressedIndex":0,"stopIndex":20,"slip":1,"durationMs":130}}
[21:21:36] [Render thread/INFO] (PiriRuntimeAcceptance) PIRI_PHASE02_PACKET {"type":"PUBLIC_STATE","payload":{"sessionId":"078d0d75-5cc9-4666-a1b3-450e82603945","machineId":1,"expectedNextClientSequence":28,"gameState":"SEATED_READY","lifecycle":"ACTIVE","credit":0,"heldMedals":0,"bet":0,"pay":0,"bonusCount":0,"lampOn":false,"displayStops":{"left":12,"center":6,"right":20},"stoppedMask":7}}
[21:21:37] [Render thread/INFO] (PiriRuntimeAcceptance) PIRI_PHASE02_PACKET {"type":"PUBLIC_STATE","payload":{"sessionId":"078d0d75-5cc9-4666-a1b3-450e82603945","machineId":1,"expectedNextClientSequence":28,"gameState":"NORMAL_SPINNING","lifecycle":"ACTIVE","credit":0,"heldMedals":0,"bet":0,"pay":0,"bonusCount":0,"lampOn":false,"displayStops":{"left":12,"center":6,"right":20},"stoppedMask":0}}
[21:21:37] [Render thread/INFO] (PiriRuntimeAcceptance) PIRI_PHASE02_PACKET {"type":"SPIN_START","payload":{"sessionId":"078d0d75-5cc9-4666-a1b3-450e82603945","machineId":1,"spinId":"f6a7c912-a3a9-400b-8d20-14879908be4f","mode":"NORMAL","animation":"NORMAL","startPhase":{"left":12.0,"center":6.0,"right":20.0},"stopEnableAfterMs":400}}
[21:21:38] [Render thread/INFO] (PiriRuntimeAcceptance) PIRI_PHASE02_PACKET {"type":"ACTION_ACCEPTED","payload":{"clientSequence":28,"action":"STOP_CENTER"}}
[21:21:38] [Render thread/INFO] (PiriRuntimeAcceptance) PIRI_PHASE02_PACKET {"type":"REEL_STOP","payload":{"spinId":"f6a7c912-a3a9-400b-8d20-14879908be4f","reel":"CENTER","pressedIndex":19,"stopIndex":16,"slip":3,"durationMs":230}}
[21:21:38] [Render thread/INFO] (PiriRuntimeAcceptance) PIRI_PHASE02_PACKET {"type":"ACTION_ACCEPTED","payload":{"clientSequence":29,"action":"STOP_RIGHT"}}
[21:21:38] [Render thread/INFO] (PiriRuntimeAcceptance) PIRI_PHASE02_PACKET {"type":"REEL_STOP","payload":{"spinId":"f6a7c912-a3a9-400b-8d20-14879908be4f","reel":"RIGHT","pressedIndex":3,"stopIndex":1,"slip":2,"durationMs":180}}
[21:21:39] [Render thread/INFO] (PiriRuntimeAcceptance) PIRI_PHASE02_PACKET {"type":"ACTION_ACCEPTED","payload":{"clientSequence":30,"action":"STOP_LEFT"}}
[21:21:39] [Render thread/INFO] (PiriRuntimeAcceptance) PIRI_PHASE02_PACKET {"type":"REEL_STOP","payload":{"spinId":"f6a7c912-a3a9-400b-8d20-14879908be4f","reel":"LEFT","pressedIndex":7,"stopIndex":14,"slip":14,"durationMs":780}}
[21:21:39] [Render thread/INFO] (PiriRuntimeAcceptance) PIRI_PHASE02_PACKET {"type":"PUBLIC_STATE","payload":{"sessionId":"078d0d75-5cc9-4666-a1b3-450e82603945","machineId":1,"expectedNextClientSequence":31,"gameState":"SEATED_READY","lifecycle":"ACTIVE","credit":0,"heldMedals":0,"bet":0,"pay":0,"bonusCount":0,"lampOn":false,"displayStops":{"left":14,"center":16,"right":1},"stoppedMask":7}}
[21:21:40] [Render thread/INFO] (PiriRuntimeAcceptance) PIRI_PHASE02_PACKET {"type":"PUBLIC_STATE","payload":{"sessionId":"078d0d75-5cc9-4666-a1b3-450e82603945","machineId":1,"expectedNextClientSequence":31,"gameState":"NORMAL_SPINNING","lifecycle":"ACTIVE","credit":0,"heldMedals":0,"bet":0,"pay":0,"bonusCount":0,"lampOn":false,"displayStops":{"left":14,"center":16,"right":1},"stoppedMask":0}}
[21:21:40] [Render thread/INFO] (PiriRuntimeAcceptance) PIRI_PHASE02_PACKET {"type":"SPIN_START","payload":{"sessionId":"078d0d75-5cc9-4666-a1b3-450e82603945","machineId":1,"spinId":"0d13274e-bdb3-473a-bdb4-c6a46b8a5f80","mode":"NORMAL","animation":"REVERSE_500MS","startPhase":{"left":14.0,"center":16.0,"right":1.0},"stopEnableAfterMs":800}}
[21:21:41] [Render thread/INFO] (PiriRuntimeAcceptance) PIRI_PHASE02_PACKET {"type":"ACTION_ACCEPTED","payload":{"clientSequence":31,"action":"STOP_RIGHT"}}
[21:21:41] [Render thread/INFO] (PiriRuntimeAcceptance) PIRI_PHASE02_PACKET {"type":"REEL_STOP","payload":{"spinId":"0d13274e-bdb3-473a-bdb4-c6a46b8a5f80","reel":"RIGHT","pressedIndex":17,"stopIndex":17,"slip":0,"durationMs":80}}
[21:21:42] [Render thread/INFO] (PiriRuntimeAcceptance) PIRI_PHASE02_PACKET {"type":"ACTION_ACCEPTED","payload":{"clientSequence":32,"action":"STOP_LEFT"}}
[21:21:42] [Render thread/INFO] (PiriRuntimeAcceptance) PIRI_PHASE02_PACKET {"type":"REEL_STOP","payload":{"spinId":"0d13274e-bdb3-473a-bdb4-c6a46b8a5f80","reel":"LEFT","pressedIndex":11,"stopIndex":13,"slip":19,"durationMs":1030}}
[21:21:43] [Render thread/INFO] (PiriRuntimeAcceptance) PIRI_PHASE02_PACKET {"type":"ACTION_ACCEPTED","payload":{"clientSequence":33,"action":"STOP_CENTER"}}
[21:21:43] [Render thread/INFO] (PiriRuntimeAcceptance) PIRI_PHASE02_PACKET {"type":"REEL_STOP","payload":{"spinId":"0d13274e-bdb3-473a-bdb4-c6a46b8a5f80","reel":"CENTER","pressedIndex":4,"stopIndex":15,"slip":10,"durationMs":580}}
[21:21:43] [Render thread/INFO] (PiriRuntimeAcceptance) PIRI_PHASE02_PACKET {"type":"PUBLIC_STATE","payload":{"sessionId":"078d0d75-5cc9-4666-a1b3-450e82603945","machineId":1,"expectedNextClientSequence":34,"gameState":"SEATED_READY","lifecycle":"ACTIVE","credit":0,"heldMedals":0,"bet":0,"pay":0,"bonusCount":0,"lampOn":false,"displayStops":{"left":13,"center":15,"right":17},"stoppedMask":7}}
[21:21:44] [Render thread/INFO] (PiriRuntimeAcceptance) PIRI_PHASE02_PACKET {"type":"PUBLIC_STATE","payload":{"sessionId":"078d0d75-5cc9-4666-a1b3-450e82603945","machineId":1,"expectedNextClientSequence":34,"gameState":"NORMAL_SPINNING","lifecycle":"ACTIVE","credit":0,"heldMedals":0,"bet":0,"pay":0,"bonusCount":0,"lampOn":false,"displayStops":{"left":13,"center":15,"right":17},"stoppedMask":0}}
[21:21:44] [Render thread/INFO] (PiriRuntimeAcceptance) PIRI_PHASE02_PACKET {"type":"SPIN_START","payload":{"sessionId":"078d0d75-5cc9-4666-a1b3-450e82603945","machineId":1,"spinId":"9c0f2c9b-fcc4-4ca7-8f8b-82a72eed14e1","mode":"NORMAL","animation":"RESUME_NORMAL","startPhase":{"left":13.0,"center":15.0,"right":17.0},"stopEnableAfterMs":200}}
[21:21:44] [Render thread/INFO] (PiriRuntimeAcceptance) PIRI_PHASE02_PACKET {"type":"ACTION_ACCEPTED","payload":{"clientSequence":34,"action":"STOP_RIGHT"}}
[21:21:44] [Render thread/INFO] (PiriRuntimeAcceptance) PIRI_PHASE02_PACKET {"type":"REEL_STOP","payload":{"spinId":"9c0f2c9b-fcc4-4ca7-8f8b-82a72eed14e1","reel":"RIGHT","pressedIndex":7,"stopIndex":6,"slip":1,"durationMs":130}}
[21:21:45] [Render thread/INFO] (PiriRuntimeAcceptance) PIRI_PHASE02_PACKET {"type":"ACTION_ACCEPTED","payload":{"clientSequence":35,"action":"STOP_CENTER"}}
[21:21:45] [Render thread/INFO] (PiriRuntimeAcceptance) PIRI_PHASE02_PACKET {"type":"REEL_STOP","payload":{"spinId":"9c0f2c9b-fcc4-4ca7-8f8b-82a72eed14e1","reel":"CENTER","pressedIndex":17,"stopIndex":16,"slip":1,"durationMs":130}}
[21:21:45] [Render thread/INFO] (PiriRuntimeAcceptance) PIRI_PHASE02_PACKET {"type":"ACTION_ACCEPTED","payload":{"clientSequence":36,"action":"STOP_LEFT"}}
[21:21:45] [Render thread/INFO] (PiriRuntimeAcceptance) PIRI_PHASE02_PACKET {"type":"REEL_STOP","payload":{"spinId":"9c0f2c9b-fcc4-4ca7-8f8b-82a72eed14e1","reel":"LEFT","pressedIndex":6,"stopIndex":14,"slip":13,"durationMs":730}}
[21:21:45] [Render thread/INFO] (PiriRuntimeAcceptance) PIRI_PHASE02_PACKET {"type":"PUBLIC_STATE","payload":{"sessionId":"078d0d75-5cc9-4666-a1b3-450e82603945","machineId":1,"expectedNextClientSequence":37,"gameState":"SEATED_READY","lifecycle":"ACTIVE","credit":0,"heldMedals":0,"bet":0,"pay":0,"bonusCount":0,"lampOn":false,"displayStops":{"left":14,"center":16,"right":6},"stoppedMask":7}}
[21:21:46] [Render thread/INFO] (PiriRuntimeAcceptance) PIRI_PHASE02_PACKET {"type":"PUBLIC_STATE","payload":{"sessionId":"078d0d75-5cc9-4666-a1b3-450e82603945","machineId":1,"expectedNextClientSequence":37,"gameState":"NORMAL_SPINNING","lifecycle":"ACTIVE","credit":0,"heldMedals":0,"bet":0,"pay":0,"bonusCount":0,"lampOn":false,"displayStops":{"left":14,"center":16,"right":6},"stoppedMask":0}}
[21:21:46] [Render thread/INFO] (PiriRuntimeAcceptance) PIRI_PHASE02_PACKET {"type":"SPIN_START","payload":{"sessionId":"078d0d75-5cc9-4666-a1b3-450e82603945","machineId":1,"spinId":"f0132735-0f3c-42b7-9d1c-eaa68a704423","mode":"NORMAL","animation":"NORMAL","startPhase":{"left":14.0,"center":16.0,"right":6.0},"stopEnableAfterMs":400}}
[21:21:47] [Render thread/INFO] (PiriRuntimeAcceptance) PIRI_PHASE02_PACKET {"type":"ACTION_ACCEPTED","payload":{"clientSequence":37,"action":"STOP_LEFT"}}
[21:21:47] [Render thread/INFO] (PiriRuntimeAcceptance) PIRI_PHASE02_PACKET {"type":"REEL_STOP","payload":{"spinId":"f0132735-0f3c-42b7-9d1c-eaa68a704423","reel":"LEFT","pressedIndex":6,"stopIndex":5,"slip":1,"durationMs":130}}
[21:21:48] [Render thread/INFO] (PiriRuntimeAcceptance) PIRI_PHASE02_PACKET {"type":"ACTION_ACCEPTED","payload":{"clientSequence":38,"action":"STOP_CENTER"}}
[21:21:48] [Render thread/INFO] (PiriRuntimeAcceptance) PIRI_PHASE02_PACKET {"type":"REEL_STOP","payload":{"spinId":"f0132735-0f3c-42b7-9d1c-eaa68a704423","reel":"CENTER","pressedIndex":20,"stopIndex":2,"slip":18,"durationMs":980}}
[21:21:48] [Render thread/INFO] (PiriRuntimeAcceptance) PIRI_PHASE02_PACKET {"type":"ACTION_ACCEPTED","payload":{"clientSequence":39,"action":"STOP_RIGHT"}}
[21:21:48] [Render thread/INFO] (PiriRuntimeAcceptance) PIRI_PHASE02_PACKET {"type":"REEL_STOP","payload":{"spinId":"f0132735-0f3c-42b7-9d1c-eaa68a704423","reel":"RIGHT","pressedIndex":1,"stopIndex":0,"slip":1,"durationMs":130}}
[21:21:48] [Render thread/INFO] (PiriRuntimeAcceptance) PIRI_PHASE02_PACKET {"type":"PUBLIC_STATE","payload":{"sessionId":"078d0d75-5cc9-4666-a1b3-450e82603945","machineId":1,"expectedNextClientSequence":40,"gameState":"SEATED_READY","lifecycle":"ACTIVE","credit":0,"heldMedals":0,"bet":0,"pay":0,"bonusCount":0,"lampOn":false,"displayStops":{"left":5,"center":2,"right":0},"stoppedMask":7}}
[21:21:50] [Render thread/INFO] (PiriRuntimeAcceptance) PIRI_PHASE02_PACKET {"type":"PUBLIC_STATE","payload":{"sessionId":"078d0d75-5cc9-4666-a1b3-450e82603945","machineId":1,"expectedNextClientSequence":40,"gameState":"NORMAL_SPINNING","lifecycle":"ACTIVE","credit":0,"heldMedals":0,"bet":0,"pay":0,"bonusCount":0,"lampOn":false,"displayStops":{"left":5,"center":2,"right":0},"stoppedMask":0}}
[21:21:50] [Render thread/INFO] (PiriRuntimeAcceptance) PIRI_PHASE02_PACKET {"type":"SPIN_START","payload":{"sessionId":"078d0d75-5cc9-4666-a1b3-450e82603945","machineId":1,"spinId":"dd8ced37-23ab-4446-a2eb-4a31976e90f0","mode":"NORMAL","animation":"REVERSE_500MS","startPhase":{"left":5.0,"center":2.0,"right":0.0},"stopEnableAfterMs":800}}
[21:21:51] [Render thread/INFO] (PiriRuntimeAcceptance) PIRI_PHASE02_PACKET {"type":"ACTION_ACCEPTED","payload":{"clientSequence":40,"action":"STOP_LEFT"}}
[21:21:51] [Render thread/INFO] (PiriRuntimeAcceptance) PIRI_PHASE02_PACKET {"type":"REEL_STOP","payload":{"spinId":"dd8ced37-23ab-4446-a2eb-4a31976e90f0","reel":"LEFT","pressedIndex":16,"stopIndex":5,"slip":11,"durationMs":630}}
[21:21:52] [Render thread/INFO] (PiriRuntimeAcceptance) PIRI_PHASE02_PACKET {"type":"ACTION_ACCEPTED","payload":{"clientSequence":41,"action":"STOP_RIGHT"}}
[21:21:52] [Render thread/INFO] (PiriRuntimeAcceptance) PIRI_PHASE02_PACKET {"type":"REEL_STOP","payload":{"spinId":"dd8ced37-23ab-4446-a2eb-4a31976e90f0","reel":"RIGHT","pressedIndex":2,"stopIndex":0,"slip":2,"durationMs":180}}
[21:21:52] [Render thread/INFO] (PiriRuntimeAcceptance) PIRI_PHASE02_PACKET {"type":"ACTION_ACCEPTED","payload":{"clientSequence":42,"action":"STOP_CENTER"}}
[21:21:52] [Render thread/INFO] (PiriRuntimeAcceptance) PIRI_PHASE02_PACKET {"type":"REEL_STOP","payload":{"spinId":"dd8ced37-23ab-4446-a2eb-4a31976e90f0","reel":"CENTER","pressedIndex":16,"stopIndex":2,"slip":14,"durationMs":780}}
[21:21:52] [Render thread/INFO] (PiriRuntimeAcceptance) PIRI_PHASE02_PACKET {"type":"PUBLIC_STATE","payload":{"sessionId":"078d0d75-5cc9-4666-a1b3-450e82603945","machineId":1,"expectedNextClientSequence":43,"gameState":"SEATED_READY","lifecycle":"ACTIVE","credit":0,"heldMedals":0,"bet":0,"pay":0,"bonusCount":0,"lampOn":false,"displayStops":{"left":5,"center":2,"right":0},"stoppedMask":7}}
[21:21:54] [Render thread/INFO] (PiriRuntimeAcceptance) PIRI_PHASE02_PACKET {"type":"PUBLIC_STATE","payload":{"sessionId":"078d0d75-5cc9-4666-a1b3-450e82603945","machineId":1,"expectedNextClientSequence":43,"gameState":"NORMAL_SPINNING","lifecycle":"ACTIVE","credit":0,"heldMedals":0,"bet":0,"pay":0,"bonusCount":0,"lampOn":false,"displayStops":{"left":5,"center":2,"right":0},"stoppedMask":0}}
[21:21:54] [Render thread/INFO] (PiriRuntimeAcceptance) PIRI_PHASE02_PACKET {"type":"SPIN_START","payload":{"sessionId":"078d0d75-5cc9-4666-a1b3-450e82603945","machineId":1,"spinId":"6d7197ad-e754-4910-acc2-c450f2ca9c1c","mode":"NORMAL","animation":"RESUME_NORMAL","startPhase":{"left":5.0,"center":2.0,"right":0.0},"stopEnableAfterMs":200}}
[21:21:54] [Render thread/INFO] (PiriRuntimeAcceptance) PIRI_PHASE02_PACKET {"type":"ACTION_ACCEPTED","payload":{"clientSequence":43,"action":"STOP_CENTER"}}
[21:21:54] [Render thread/INFO] (PiriRuntimeAcceptance) PIRI_PHASE02_PACKET {"type":"REEL_STOP","payload":{"spinId":"6d7197ad-e754-4910-acc2-c450f2ca9c1c","reel":"CENTER","pressedIndex":13,"stopIndex":2,"slip":11,"durationMs":630}}
[21:21:55] [Render thread/INFO] (PiriRuntimeAcceptance) PIRI_PHASE02_PACKET {"type":"ACTION_ACCEPTED","payload":{"clientSequence":44,"action":"STOP_LEFT"}}
[21:21:55] [Render thread/INFO] (PiriRuntimeAcceptance) PIRI_PHASE02_PACKET {"type":"REEL_STOP","payload":{"spinId":"6d7197ad-e754-4910-acc2-c450f2ca9c1c","reel":"LEFT","pressedIndex":7,"stopIndex":5,"slip":2,"durationMs":180}}
[21:21:55] [Render thread/INFO] (PiriRuntimeAcceptance) PIRI_PHASE02_PACKET {"type":"ACTION_ACCEPTED","payload":{"clientSequence":45,"action":"STOP_RIGHT"}}
[21:21:55] [Render thread/INFO] (PiriRuntimeAcceptance) PIRI_PHASE02_PACKET {"type":"REEL_STOP","payload":{"spinId":"6d7197ad-e754-4910-acc2-c450f2ca9c1c","reel":"RIGHT","pressedIndex":14,"stopIndex":13,"slip":1,"durationMs":130}}
[21:21:55] [Render thread/INFO] (PiriRuntimeAcceptance) PIRI_PHASE02_PACKET {"type":"PUBLIC_STATE","payload":{"sessionId":"078d0d75-5cc9-4666-a1b3-450e82603945","machineId":1,"expectedNextClientSequence":46,"gameState":"SEATED_READY","lifecycle":"ACTIVE","credit":0,"heldMedals":0,"bet":0,"pay":0,"bonusCount":0,"lampOn":false,"displayStops":{"left":5,"center":2,"right":13},"stoppedMask":7}}
[21:21:56] [Render thread/INFO] (PiriRuntimeAcceptance) PIRI_PHASE02_PACKET {"type":"PUBLIC_STATE","payload":{"sessionId":"078d0d75-5cc9-4666-a1b3-450e82603945","machineId":1,"expectedNextClientSequence":46,"gameState":"NORMAL_SPINNING","lifecycle":"ACTIVE","credit":0,"heldMedals":0,"bet":0,"pay":0,"bonusCount":0,"lampOn":false,"displayStops":{"left":5,"center":2,"right":13},"stoppedMask":0}}
[21:21:56] [Render thread/INFO] (PiriRuntimeAcceptance) PIRI_PHASE02_PACKET {"type":"SPIN_START","payload":{"sessionId":"078d0d75-5cc9-4666-a1b3-450e82603945","machineId":1,"spinId":"bad491aa-c6f5-482b-9f46-2cacf50a1caa","mode":"NORMAL","animation":"NORMAL","startPhase":{"left":5.0,"center":2.0,"right":13.0},"stopEnableAfterMs":400}}
[21:21:56] [Render thread/INFO] (PiriRuntimeAcceptance) PIRI_PHASE02_PACKET {"type":"ACTION_ACCEPTED","payload":{"clientSequence":46,"action":"STOP_CENTER"}}
[21:21:56] [Render thread/INFO] (PiriRuntimeAcceptance) PIRI_PHASE02_PACKET {"type":"REEL_STOP","payload":{"spinId":"bad491aa-c6f5-482b-9f46-2cacf50a1caa","reel":"CENTER","pressedIndex":15,"stopIndex":2,"slip":13,"durationMs":730}}
[21:21:57] [Render thread/INFO] (PiriRuntimeAcceptance) PIRI_PHASE02_PACKET {"type":"ACTION_ACCEPTED","payload":{"clientSequence":47,"action":"STOP_RIGHT"}}
[21:21:57] [Render thread/INFO] (PiriRuntimeAcceptance) PIRI_PHASE02_PACKET {"type":"REEL_STOP","payload":{"spinId":"bad491aa-c6f5-482b-9f46-2cacf50a1caa","reel":"RIGHT","pressedIndex":17,"stopIndex":17,"slip":0,"durationMs":80}}
[21:21:57] [Render thread/INFO] (PiriRuntimeAcceptance) PIRI_PHASE02_PACKET {"type":"ACTION_ACCEPTED","payload":{"clientSequence":48,"action":"STOP_LEFT"}}
[21:21:57] [Render thread/INFO] (PiriRuntimeAcceptance) PIRI_PHASE02_PACKET {"type":"REEL_STOP","payload":{"spinId":"bad491aa-c6f5-482b-9f46-2cacf50a1caa","reel":"LEFT","pressedIndex":0,"stopIndex":5,"slip":16,"durationMs":880}}
[21:21:57] [Render thread/INFO] (PiriRuntimeAcceptance) PIRI_PHASE02_PACKET {"type":"PUBLIC_STATE","payload":{"sessionId":"078d0d75-5cc9-4666-a1b3-450e82603945","machineId":1,"expectedNextClientSequence":49,"gameState":"SEATED_READY","lifecycle":"ACTIVE","credit":0,"heldMedals":0,"bet":0,"pay":0,"bonusCount":0,"lampOn":false,"displayStops":{"left":5,"center":2,"right":17},"stoppedMask":7}}
[21:21:59] [Render thread/INFO] (PiriRuntimeAcceptance) PIRI_PHASE02_PACKET {"type":"PUBLIC_STATE","payload":{"sessionId":"078d0d75-5cc9-4666-a1b3-450e82603945","machineId":1,"expectedNextClientSequence":49,"gameState":"NORMAL_SPINNING","lifecycle":"ACTIVE","credit":0,"heldMedals":0,"bet":0,"pay":0,"bonusCount":0,"lampOn":false,"displayStops":{"left":5,"center":2,"right":17},"stoppedMask":0}}
[21:21:59] [Render thread/INFO] (PiriRuntimeAcceptance) PIRI_PHASE02_PACKET {"type":"SPIN_START","payload":{"sessionId":"078d0d75-5cc9-4666-a1b3-450e82603945","machineId":1,"spinId":"7bcc9c91-0d03-43a3-bea4-7878be6e10a5","mode":"NORMAL","animation":"REVERSE_500MS","startPhase":{"left":5.0,"center":2.0,"right":17.0},"stopEnableAfterMs":800}}
[21:22:00] [Render thread/INFO] (PiriRuntimeAcceptance) PIRI_PHASE02_PACKET {"type":"ACTION_ACCEPTED","payload":{"clientSequence":49,"action":"STOP_RIGHT"}}
[21:22:00] [Render thread/INFO] (PiriRuntimeAcceptance) PIRI_PHASE02_PACKET {"type":"REEL_STOP","payload":{"spinId":"7bcc9c91-0d03-43a3-bea4-7878be6e10a5","reel":"RIGHT","pressedIndex":11,"stopIndex":11,"slip":0,"durationMs":80}}
[21:22:00] [Render thread/INFO] (PiriRuntimeAcceptance) PIRI_PHASE02_PACKET {"type":"ACTION_ACCEPTED","payload":{"clientSequence":50,"action":"STOP_LEFT"}}
[21:22:00] [Render thread/INFO] (PiriRuntimeAcceptance) PIRI_PHASE02_PACKET {"type":"REEL_STOP","payload":{"spinId":"7bcc9c91-0d03-43a3-bea4-7878be6e10a5","reel":"LEFT","pressedIndex":11,"stopIndex":5,"slip":6,"durationMs":380}}
[21:22:01] [Render thread/INFO] (PiriRuntimeAcceptance) PIRI_PHASE02_PACKET {"type":"ACTION_ACCEPTED","payload":{"clientSequence":51,"action":"STOP_CENTER"}}
[21:22:01] [Render thread/INFO] (PiriRuntimeAcceptance) PIRI_PHASE02_PACKET {"type":"REEL_STOP","payload":{"spinId":"7bcc9c91-0d03-43a3-bea4-7878be6e10a5","reel":"CENTER","pressedIndex":11,"stopIndex":1,"slip":10,"durationMs":580}}
[21:22:01] [Render thread/INFO] (PiriRuntimeAcceptance) PIRI_PHASE02_PACKET {"type":"PUBLIC_STATE","payload":{"sessionId":"078d0d75-5cc9-4666-a1b3-450e82603945","machineId":1,"expectedNextClientSequence":52,"gameState":"SEATED_READY","lifecycle":"ACTIVE","credit":0,"heldMedals":0,"bet":0,"pay":0,"bonusCount":0,"lampOn":false,"displayStops":{"left":5,"center":1,"right":11},"stoppedMask":7}}
[21:22:02] [Render thread/INFO] (PiriRuntimeAcceptance) PIRI_PHASE02_PACKET {"type":"PUBLIC_STATE","payload":{"sessionId":"078d0d75-5cc9-4666-a1b3-450e82603945","machineId":1,"expectedNextClientSequence":52,"gameState":"NORMAL_SPINNING","lifecycle":"ACTIVE","credit":0,"heldMedals":0,"bet":0,"pay":0,"bonusCount":0,"lampOn":false,"displayStops":{"left":5,"center":1,"right":11},"stoppedMask":0}}
[21:22:02] [Render thread/INFO] (PiriRuntimeAcceptance) PIRI_PHASE02_PACKET {"type":"SPIN_START","payload":{"sessionId":"078d0d75-5cc9-4666-a1b3-450e82603945","machineId":1,"spinId":"013d4fc9-cbd5-4a8e-a758-0dc21f3e6e36","mode":"NORMAL","animation":"RESUME_NORMAL","startPhase":{"left":5.0,"center":1.0,"right":11.0},"stopEnableAfterMs":200}}
[21:22:03] [Render thread/INFO] (PiriRuntimeAcceptance) PIRI_PHASE02_PACKET {"type":"ACTION_ACCEPTED","payload":{"clientSequence":52,"action":"STOP_RIGHT"}}
[21:22:03] [Render thread/INFO] (PiriRuntimeAcceptance) PIRI_PHASE02_PACKET {"type":"REEL_STOP","payload":{"spinId":"013d4fc9-cbd5-4a8e-a758-0dc21f3e6e36","reel":"RIGHT","pressedIndex":2,"stopIndex":0,"slip":2,"durationMs":180}}
[21:22:03] [Render thread/INFO] (PiriRuntimeAcceptance) PIRI_PHASE02_PACKET {"type":"ACTION_ACCEPTED","payload":{"clientSequence":53,"action":"STOP_CENTER"}}
[21:22:03] [Render thread/INFO] (PiriRuntimeAcceptance) PIRI_PHASE02_PACKET {"type":"REEL_STOP","payload":{"spinId":"013d4fc9-cbd5-4a8e-a758-0dc21f3e6e36","reel":"CENTER","pressedIndex":4,"stopIndex":2,"slip":2,"durationMs":180}}
[21:22:04] [Render thread/INFO] (PiriRuntimeAcceptance) PIRI_PHASE02_PACKET {"type":"ACTION_ACCEPTED","payload":{"clientSequence":54,"action":"STOP_LEFT"}}
[21:22:04] [Render thread/INFO] (PiriRuntimeAcceptance) PIRI_PHASE02_PACKET {"type":"REEL_STOP","payload":{"spinId":"013d4fc9-cbd5-4a8e-a758-0dc21f3e6e36","reel":"LEFT","pressedIndex":20,"stopIndex":5,"slip":15,"durationMs":830}}
[21:22:04] [Render thread/INFO] (PiriRuntimeAcceptance) PIRI_PHASE02_PACKET {"type":"PUBLIC_STATE","payload":{"sessionId":"078d0d75-5cc9-4666-a1b3-450e82603945","machineId":1,"expectedNextClientSequence":55,"gameState":"SEATED_READY","lifecycle":"ACTIVE","credit":0,"heldMedals":0,"bet":0,"pay":0,"bonusCount":0,"lampOn":false,"displayStops":{"left":5,"center":2,"right":0},"stoppedMask":7}}
[21:22:05] [Render thread/INFO] (PiriRuntimeAcceptance) PIRI_PHASE02_PACKET {"type":"PUBLIC_STATE","payload":{"sessionId":"078d0d75-5cc9-4666-a1b3-450e82603945","machineId":1,"expectedNextClientSequence":55,"gameState":"NORMAL_SPINNING","lifecycle":"ACTIVE","credit":0,"heldMedals":0,"bet":0,"pay":0,"bonusCount":0,"lampOn":false,"displayStops":{"left":5,"center":2,"right":0},"stoppedMask":0}}
[21:22:05] [Render thread/INFO] (PiriRuntimeAcceptance) PIRI_PHASE02_PACKET {"type":"SPIN_START","payload":{"sessionId":"078d0d75-5cc9-4666-a1b3-450e82603945","machineId":1,"spinId":"87c9ddfd-ae7a-4d97-a91b-f78cae6fb871","mode":"NORMAL","animation":"NORMAL","startPhase":{"left":5.0,"center":2.0,"right":0.0},"stopEnableAfterMs":400}}
[21:22:06] [Render thread/INFO] (PiriRuntimeAcceptance) PIRI_PHASE02_PACKET {"type":"ACTION_ACCEPTED","payload":{"clientSequence":55,"action":"STOP_LEFT"}}
[21:22:06] [Render thread/INFO] (PiriRuntimeAcceptance) PIRI_PHASE02_PACKET {"type":"REEL_STOP","payload":{"spinId":"87c9ddfd-ae7a-4d97-a91b-f78cae6fb871","reel":"LEFT","pressedIndex":13,"stopIndex":12,"slip":1,"durationMs":130}}
[21:22:07] [Render thread/INFO] (PiriRuntimeAcceptance) PIRI_PHASE02_PACKET {"type":"ACTION_ACCEPTED","payload":{"clientSequence":56,"action":"STOP_CENTER"}}
[21:22:07] [Render thread/INFO] (PiriRuntimeAcceptance) PIRI_PHASE02_PACKET {"type":"REEL_STOP","payload":{"spinId":"87c9ddfd-ae7a-4d97-a91b-f78cae6fb871","reel":"CENTER","pressedIndex":1,"stopIndex":19,"slip":3,"durationMs":230}}
[21:22:07] [Render thread/INFO] (PiriRuntimeAcceptance) PIRI_PHASE02_PACKET {"type":"ACTION_ACCEPTED","payload":{"clientSequence":57,"action":"STOP_RIGHT"}}
[21:22:07] [Render thread/INFO] (PiriRuntimeAcceptance) PIRI_PHASE02_PACKET {"type":"REEL_STOP","payload":{"spinId":"87c9ddfd-ae7a-4d97-a91b-f78cae6fb871","reel":"RIGHT","pressedIndex":12,"stopIndex":11,"slip":1,"durationMs":130}}
[21:22:07] [Render thread/INFO] (PiriRuntimeAcceptance) PIRI_PHASE02_PACKET {"type":"PUBLIC_STATE","payload":{"sessionId":"078d0d75-5cc9-4666-a1b3-450e82603945","machineId":1,"expectedNextClientSequence":58,"gameState":"SEATED_READY","lifecycle":"ACTIVE","credit":0,"heldMedals":0,"bet":0,"pay":0,"bonusCount":0,"lampOn":false,"displayStops":{"left":12,"center":19,"right":11},"stoppedMask":7}}
[21:22:08] [Render thread/INFO] (PiriRuntimeAcceptance) PIRI_PHASE02_PACKET {"type":"PUBLIC_STATE","payload":{"sessionId":"078d0d75-5cc9-4666-a1b3-450e82603945","machineId":1,"expectedNextClientSequence":58,"gameState":"NORMAL_SPINNING","lifecycle":"ACTIVE","credit":0,"heldMedals":0,"bet":0,"pay":0,"bonusCount":0,"lampOn":false,"displayStops":{"left":12,"center":19,"right":11},"stoppedMask":0}}
[21:22:08] [Render thread/INFO] (PiriRuntimeAcceptance) PIRI_PHASE02_PACKET {"type":"SPIN_START","payload":{"sessionId":"078d0d75-5cc9-4666-a1b3-450e82603945","machineId":1,"spinId":"950a40e0-68af-4991-b967-4ffa00042079","mode":"NORMAL","animation":"REVERSE_500MS","startPhase":{"left":12.0,"center":19.0,"right":11.0},"stopEnableAfterMs":800}}
[21:22:10] [Render thread/INFO] (PiriRuntimeAcceptance) PIRI_PHASE02_PACKET {"type":"ACTION_ACCEPTED","payload":{"clientSequence":58,"action":"STOP_LEFT"}}
[21:22:10] [Render thread/INFO] (PiriRuntimeAcceptance) PIRI_PHASE02_PACKET {"type":"REEL_STOP","payload":{"spinId":"950a40e0-68af-4991-b967-4ffa00042079","reel":"LEFT","pressedIndex":7,"stopIndex":6,"slip":1,"durationMs":130}}
[21:22:10] [Render thread/INFO] (PiriRuntimeAcceptance) PIRI_PHASE02_PACKET {"type":"ACTION_ACCEPTED","payload":{"clientSequence":59,"action":"STOP_RIGHT"}}
[21:22:10] [Render thread/INFO] (PiriRuntimeAcceptance) PIRI_PHASE02_PACKET {"type":"REEL_STOP","payload":{"spinId":"950a40e0-68af-4991-b967-4ffa00042079","reel":"RIGHT","pressedIndex":18,"stopIndex":18,"slip":0,"durationMs":80}}
[21:22:11] [Render thread/INFO] (PiriRuntimeAcceptance) PIRI_PHASE02_PACKET {"type":"ACTION_ACCEPTED","payload":{"clientSequence":60,"action":"STOP_CENTER"}}
[21:22:11] [Render thread/INFO] (PiriRuntimeAcceptance) PIRI_PHASE02_PACKET {"type":"REEL_STOP","payload":{"spinId":"950a40e0-68af-4991-b967-4ffa00042079","reel":"CENTER","pressedIndex":17,"stopIndex":14,"slip":3,"durationMs":230}}
[21:22:11] [Render thread/INFO] (PiriRuntimeAcceptance) PIRI_PHASE02_PACKET {"type":"PUBLIC_STATE","payload":{"sessionId":"078d0d75-5cc9-4666-a1b3-450e82603945","machineId":1,"expectedNextClientSequence":61,"gameState":"SEATED_READY","lifecycle":"ACTIVE","credit":0,"heldMedals":0,"bet":0,"pay":0,"bonusCount":0,"lampOn":false,"displayStops":{"left":6,"center":14,"right":18},"stoppedMask":7}}
[21:22:11] [Render thread/INFO] (PiriRuntimeAcceptance) PIRI_PHASE02_PACKET {"type":"PUBLIC_STATE","payload":{"sessionId":"078d0d75-5cc9-4666-a1b3-450e82603945","machineId":1,"expectedNextClientSequence":61,"gameState":"NORMAL_SPINNING","lifecycle":"ACTIVE","credit":0,"heldMedals":0,"bet":0,"pay":0,"bonusCount":0,"lampOn":false,"displayStops":{"left":6,"center":14,"right":18},"stoppedMask":0}}
[21:22:11] [Render thread/INFO] (PiriRuntimeAcceptance) PIRI_PHASE02_PACKET {"type":"SPIN_START","payload":{"sessionId":"078d0d75-5cc9-4666-a1b3-450e82603945","machineId":1,"spinId":"b08c234a-17d8-4c30-89f7-f5e0788427a5","mode":"NORMAL","animation":"RESUME_NORMAL","startPhase":{"left":6.0,"center":14.0,"right":18.0},"stopEnableAfterMs":200}}
[21:22:12] [Render thread/INFO] (PiriRuntimeAcceptance) PIRI_PHASE02_PACKET {"type":"ACTION_ACCEPTED","payload":{"clientSequence":61,"action":"STOP_CENTER"}}
[21:22:12] [Render thread/INFO] (PiriRuntimeAcceptance) PIRI_PHASE02_PACKET {"type":"REEL_STOP","payload":{"spinId":"b08c234a-17d8-4c30-89f7-f5e0788427a5","reel":"CENTER","pressedIndex":4,"stopIndex":3,"slip":1,"durationMs":130}}
[21:22:12] [Render thread/INFO] (PiriRuntimeAcceptance) PIRI_PHASE02_PACKET {"type":"ACTION_ACCEPTED","payload":{"clientSequence":62,"action":"STOP_LEFT"}}
[21:22:12] [Render thread/INFO] (PiriRuntimeAcceptance) PIRI_PHASE02_PACKET {"type":"REEL_STOP","payload":{"spinId":"b08c234a-17d8-4c30-89f7-f5e0788427a5","reel":"LEFT","pressedIndex":8,"stopIndex":2,"slip":6,"durationMs":380}}
[21:22:12] [Render thread/INFO] (PiriRuntimeAcceptance) PIRI_PHASE02_PACKET {"type":"TENPAI_SOUND","payload":{"spinId":"b08c234a-17d8-4c30-89f7-f5e0788427a5"}}
[21:22:13] [Render thread/INFO] (PiriRuntimeAcceptance) PIRI_PHASE02_PACKET {"type":"ACTION_ACCEPTED","payload":{"clientSequence":63,"action":"STOP_RIGHT"}}
[21:22:13] [Render thread/INFO] (PiriRuntimeAcceptance) PIRI_PHASE02_PACKET {"type":"REEL_STOP","payload":{"spinId":"b08c234a-17d8-4c30-89f7-f5e0788427a5","reel":"RIGHT","pressedIndex":11,"stopIndex":11,"slip":0,"durationMs":80}}
[21:22:13] [Render thread/INFO] (PiriRuntimeAcceptance) PIRI_PHASE02_PACKET {"type":"PUBLIC_STATE","payload":{"sessionId":"078d0d75-5cc9-4666-a1b3-450e82603945","machineId":1,"expectedNextClientSequence":64,"gameState":"SEATED_READY","lifecycle":"ACTIVE","credit":0,"heldMedals":0,"bet":0,"pay":0,"bonusCount":0,"lampOn":false,"displayStops":{"left":2,"center":3,"right":11},"stoppedMask":7}}
[21:22:13] [Render thread/INFO] (PiriRuntimeAcceptance) PIRI_PHASE02_PACKET {"type":"PUBLIC_STATE","payload":{"sessionId":"078d0d75-5cc9-4666-a1b3-450e82603945","machineId":1,"expectedNextClientSequence":64,"gameState":"NORMAL_SPINNING","lifecycle":"ACTIVE","credit":0,"heldMedals":0,"bet":0,"pay":0,"bonusCount":0,"lampOn":false,"displayStops":{"left":2,"center":3,"right":11},"stoppedMask":0}}
[21:22:13] [Render thread/INFO] (PiriRuntimeAcceptance) PIRI_PHASE02_PACKET {"type":"SPIN_START","payload":{"sessionId":"078d0d75-5cc9-4666-a1b3-450e82603945","machineId":1,"spinId":"0a93ed9f-fece-475b-9ddb-67ce3a4dcc84","mode":"NORMAL","animation":"NORMAL","startPhase":{"left":2.0,"center":3.0,"right":11.0},"stopEnableAfterMs":400}}
[21:22:14] [Render thread/INFO] (PiriRuntimeAcceptance) PIRI_PHASE02_PACKET {"type":"ACTION_ACCEPTED","payload":{"clientSequence":64,"action":"STOP_CENTER"}}
[21:22:14] [Render thread/INFO] (PiriRuntimeAcceptance) PIRI_PHASE02_PACKET {"type":"REEL_STOP","payload":{"spinId":"0a93ed9f-fece-475b-9ddb-67ce3a4dcc84","reel":"CENTER","pressedIndex":16,"stopIndex":15,"slip":1,"durationMs":130}}
[21:22:14] [Render thread/INFO] (PiriRuntimeAcceptance) PIRI_PHASE02_PACKET {"type":"ACTION_ACCEPTED","payload":{"clientSequence":65,"action":"STOP_RIGHT"}}
[21:22:14] [Render thread/INFO] (PiriRuntimeAcceptance) PIRI_PHASE02_PACKET {"type":"REEL_STOP","payload":{"spinId":"0a93ed9f-fece-475b-9ddb-67ce3a4dcc84","reel":"RIGHT","pressedIndex":15,"stopIndex":15,"slip":0,"durationMs":80}}
[21:22:15] [Render thread/INFO] (PiriRuntimeAcceptance) PIRI_PHASE02_PACKET {"type":"ACTION_ACCEPTED","payload":{"clientSequence":66,"action":"STOP_LEFT"}}
[21:22:15] [Render thread/INFO] (PiriRuntimeAcceptance) PIRI_PHASE02_PACKET {"type":"REEL_STOP","payload":{"spinId":"0a93ed9f-fece-475b-9ddb-67ce3a4dcc84","reel":"LEFT","pressedIndex":18,"stopIndex":18,"slip":0,"durationMs":80}}
[21:22:15] [Render thread/INFO] (PiriRuntimeAcceptance) PIRI_PHASE02_PACKET {"type":"PUBLIC_STATE","payload":{"sessionId":"078d0d75-5cc9-4666-a1b3-450e82603945","machineId":1,"expectedNextClientSequence":67,"gameState":"SEATED_READY","lifecycle":"ACTIVE","credit":0,"heldMedals":0,"bet":0,"pay":0,"bonusCount":0,"lampOn":false,"displayStops":{"left":18,"center":15,"right":15},"stoppedMask":7}}
[21:22:15] [Render thread/INFO] (PiriRuntimeAcceptance) PIRI_PHASE02_PACKET {"type":"PUBLIC_STATE","payload":{"sessionId":"078d0d75-5cc9-4666-a1b3-450e82603945","machineId":1,"expectedNextClientSequence":67,"gameState":"NORMAL_SPINNING","lifecycle":"ACTIVE","credit":0,"heldMedals":0,"bet":0,"pay":0,"bonusCount":0,"lampOn":false,"displayStops":{"left":18,"center":15,"right":15},"stoppedMask":0}}
[21:22:15] [Render thread/INFO] (PiriRuntimeAcceptance) PIRI_PHASE02_PACKET {"type":"SPIN_START","payload":{"sessionId":"078d0d75-5cc9-4666-a1b3-450e82603945","machineId":1,"spinId":"ed9e478f-4687-4667-82e1-fea496271d7f","mode":"NORMAL","animation":"REVERSE_500MS","startPhase":{"left":18.0,"center":15.0,"right":15.0},"stopEnableAfterMs":800}}
[21:22:17] [Render thread/INFO] (PiriRuntimeAcceptance) PIRI_PHASE02_PACKET {"type":"ACTION_ACCEPTED","payload":{"clientSequence":67,"action":"STOP_RIGHT"}}
[21:22:17] [Render thread/INFO] (PiriRuntimeAcceptance) PIRI_PHASE02_PACKET {"type":"REEL_STOP","payload":{"spinId":"ed9e478f-4687-4667-82e1-fea496271d7f","reel":"RIGHT","pressedIndex":9,"stopIndex":9,"slip":0,"durationMs":80}}
[21:22:17] [Render thread/INFO] (PiriRuntimeAcceptance) PIRI_PHASE02_PACKET {"type":"ACTION_ACCEPTED","payload":{"clientSequence":68,"action":"STOP_LEFT"}}
[21:22:17] [Render thread/INFO] (PiriRuntimeAcceptance) PIRI_PHASE02_PACKET {"type":"REEL_STOP","payload":{"spinId":"ed9e478f-4687-4667-82e1-fea496271d7f","reel":"LEFT","pressedIndex":3,"stopIndex":2,"slip":1,"durationMs":130}}
[21:22:18] [Render thread/INFO] (PiriRuntimeAcceptance) PIRI_PHASE02_PACKET {"type":"ACTION_ACCEPTED","payload":{"clientSequence":69,"action":"STOP_CENTER"}}
[21:22:18] [Render thread/INFO] (PiriRuntimeAcceptance) PIRI_PHASE02_PACKET {"type":"REEL_STOP","payload":{"spinId":"ed9e478f-4687-4667-82e1-fea496271d7f","reel":"CENTER","pressedIndex":8,"stopIndex":6,"slip":2,"durationMs":180}}
[21:22:18] [Render thread/INFO] (PiriRuntimeAcceptance) PIRI_PHASE02_PACKET {"type":"PUBLIC_STATE","payload":{"sessionId":"078d0d75-5cc9-4666-a1b3-450e82603945","machineId":1,"expectedNextClientSequence":70,"gameState":"SEATED_READY","lifecycle":"ACTIVE","credit":0,"heldMedals":0,"bet":0,"pay":0,"bonusCount":0,"lampOn":false,"displayStops":{"left":2,"center":6,"right":9},"stoppedMask":7}}
[21:22:18] [Render thread/INFO] (PiriRuntimeAcceptance) PIRI_PHASE02_PACKET {"type":"PUBLIC_STATE","payload":{"sessionId":"078d0d75-5cc9-4666-a1b3-450e82603945","machineId":1,"expectedNextClientSequence":70,"gameState":"NORMAL_SPINNING","lifecycle":"ACTIVE","credit":0,"heldMedals":0,"bet":0,"pay":0,"bonusCount":0,"lampOn":false,"displayStops":{"left":2,"center":6,"right":9},"stoppedMask":0}}
[21:22:18] [Render thread/INFO] (PiriRuntimeAcceptance) PIRI_PHASE02_PACKET {"type":"SPIN_START","payload":{"sessionId":"078d0d75-5cc9-4666-a1b3-450e82603945","machineId":1,"spinId":"885ec68d-c374-400e-a07b-2a2198af7ac9","mode":"NORMAL","animation":"RESUME_NORMAL","startPhase":{"left":2.0,"center":6.0,"right":9.0},"stopEnableAfterMs":200}}
[21:22:19] [Render thread/INFO] (PiriRuntimeAcceptance) PIRI_PHASE02_PACKET {"type":"ACTION_ACCEPTED","payload":{"clientSequence":70,"action":"STOP_RIGHT"}}
[21:22:19] [Render thread/INFO] (PiriRuntimeAcceptance) PIRI_PHASE02_PACKET {"type":"REEL_STOP","payload":{"spinId":"885ec68d-c374-400e-a07b-2a2198af7ac9","reel":"RIGHT","pressedIndex":20,"stopIndex":19,"slip":1,"durationMs":130}}
[21:22:19] [Render thread/INFO] (PiriRuntimeAcceptance) PIRI_PHASE02_PACKET {"type":"ACTION_ACCEPTED","payload":{"clientSequence":71,"action":"STOP_CENTER"}}
[21:22:19] [Render thread/INFO] (PiriRuntimeAcceptance) PIRI_PHASE02_PACKET {"type":"REEL_STOP","payload":{"spinId":"885ec68d-c374-400e-a07b-2a2198af7ac9","reel":"CENTER","pressedIndex":8,"stopIndex":7,"slip":1,"durationMs":130}}
[21:22:20] [Render thread/INFO] (PiriRuntimeAcceptance) PIRI_PHASE02_PACKET {"type":"ACTION_ACCEPTED","payload":{"clientSequence":72,"action":"STOP_LEFT"}}
[21:22:20] [Render thread/INFO] (PiriRuntimeAcceptance) PIRI_PHASE02_PACKET {"type":"REEL_STOP","payload":{"spinId":"885ec68d-c374-400e-a07b-2a2198af7ac9","reel":"LEFT","pressedIndex":16,"stopIndex":16,"slip":0,"durationMs":80}}
[21:22:20] [Render thread/INFO] (PiriRuntimeAcceptance) PIRI_PHASE02_PACKET {"type":"PUBLIC_STATE","payload":{"sessionId":"078d0d75-5cc9-4666-a1b3-450e82603945","machineId":1,"expectedNextClientSequence":73,"gameState":"SEATED_READY","lifecycle":"ACTIVE","credit":0,"heldMedals":0,"bet":0,"pay":0,"bonusCount":0,"lampOn":false,"displayStops":{"left":16,"center":7,"right":19},"stoppedMask":7}}
[21:22:20] [Render thread/INFO] (PiriRuntimeAcceptance) PIRI_PHASE02_PACKET {"type":"PUBLIC_STATE","payload":{"sessionId":"078d0d75-5cc9-4666-a1b3-450e82603945","machineId":1,"expectedNextClientSequence":73,"gameState":"NORMAL_SPINNING","lifecycle":"ACTIVE","credit":0,"heldMedals":0,"bet":0,"pay":0,"bonusCount":0,"lampOn":false,"displayStops":{"left":16,"center":7,"right":19},"stoppedMask":0}}
[21:22:20] [Render thread/INFO] (PiriRuntimeAcceptance) PIRI_PHASE02_PACKET {"type":"SPIN_START","payload":{"sessionId":"078d0d75-5cc9-4666-a1b3-450e82603945","machineId":1,"spinId":"26a5558a-5644-460a-99da-bd2d49423ce7","mode":"NORMAL","animation":"NORMAL","startPhase":{"left":16.0,"center":7.0,"right":19.0},"stopEnableAfterMs":400}}
[21:22:21] [Render thread/INFO] (PiriRuntimeAcceptance) PIRI_PHASE02_PACKET {"type":"ACTION_ACCEPTED","payload":{"clientSequence":73,"action":"STOP_LEFT"}}
[21:22:21] [Render thread/INFO] (PiriRuntimeAcceptance) PIRI_PHASE02_PACKET {"type":"REEL_STOP","payload":{"spinId":"26a5558a-5644-460a-99da-bd2d49423ce7","reel":"LEFT","pressedIndex":8,"stopIndex":7,"slip":1,"durationMs":130}}
[21:22:22] [Render thread/INFO] (PiriRuntimeAcceptance) PIRI_PHASE02_PACKET {"type":"ACTION_ACCEPTED","payload":{"clientSequence":74,"action":"STOP_CENTER"}}
[21:22:22] [Render thread/INFO] (PiriRuntimeAcceptance) PIRI_PHASE02_PACKET {"type":"REEL_STOP","payload":{"spinId":"26a5558a-5644-460a-99da-bd2d49423ce7","reel":"CENTER","pressedIndex":6,"stopIndex":6,"slip":0,"durationMs":80}}
[21:22:23] [Render thread/INFO] (PiriRuntimeAcceptance) PIRI_PHASE02_PACKET {"type":"ACTION_ACCEPTED","payload":{"clientSequence":75,"action":"STOP_RIGHT"}}
[21:22:23] [Render thread/INFO] (PiriRuntimeAcceptance) PIRI_PHASE02_PACKET {"type":"REEL_STOP","payload":{"spinId":"26a5558a-5644-460a-99da-bd2d49423ce7","reel":"RIGHT","pressedIndex":5,"stopIndex":4,"slip":1,"durationMs":130}}
[21:22:23] [Render thread/INFO] (PiriRuntimeAcceptance) PIRI_PHASE02_PACKET {"type":"PUBLIC_STATE","payload":{"sessionId":"078d0d75-5cc9-4666-a1b3-450e82603945","machineId":1,"expectedNextClientSequence":76,"gameState":"SEATED_READY","lifecycle":"ACTIVE","credit":0,"heldMedals":0,"bet":0,"pay":0,"bonusCount":0,"lampOn":false,"displayStops":{"left":7,"center":6,"right":4},"stoppedMask":7}}
[21:22:24] [Render thread/INFO] (PiriRuntimeAcceptance) PIRI_PHASE02_PACKET {"type":"PUBLIC_STATE","payload":{"sessionId":"078d0d75-5cc9-4666-a1b3-450e82603945","machineId":1,"expectedNextClientSequence":76,"gameState":"NORMAL_SPINNING","lifecycle":"ACTIVE","credit":0,"heldMedals":0,"bet":0,"pay":0,"bonusCount":0,"lampOn":false,"displayStops":{"left":7,"center":6,"right":4},"stoppedMask":0}}
[21:22:24] [Render thread/INFO] (PiriRuntimeAcceptance) PIRI_PHASE02_PACKET {"type":"SPIN_START","payload":{"sessionId":"078d0d75-5cc9-4666-a1b3-450e82603945","machineId":1,"spinId":"568c96f4-9f23-4af5-a0c4-8d4667f09d6c","mode":"NORMAL","animation":"REVERSE_500MS","startPhase":{"left":7.0,"center":6.0,"right":4.0},"stopEnableAfterMs":800}}
[21:22:25] [Render thread/INFO] (PiriRuntimeAcceptance) PIRI_PHASE02_PACKET {"type":"ACTION_ACCEPTED","payload":{"clientSequence":76,"action":"STOP_LEFT"}}
[21:22:25] [Render thread/INFO] (PiriRuntimeAcceptance) PIRI_PHASE02_PACKET {"type":"REEL_STOP","payload":{"spinId":"568c96f4-9f23-4af5-a0c4-8d4667f09d6c","reel":"LEFT","pressedIndex":1,"stopIndex":0,"slip":1,"durationMs":130}}
[21:22:26] [Render thread/INFO] (PiriRuntimeAcceptance) PIRI_PHASE02_PACKET {"type":"ACTION_ACCEPTED","payload":{"clientSequence":77,"action":"STOP_RIGHT"}}
[21:22:26] [Render thread/INFO] (PiriRuntimeAcceptance) PIRI_PHASE02_PACKET {"type":"REEL_STOP","payload":{"spinId":"568c96f4-9f23-4af5-a0c4-8d4667f09d6c","reel":"RIGHT","pressedIndex":10,"stopIndex":10,"slip":0,"durationMs":80}}
[21:22:26] [Render thread/INFO] (PiriRuntimeAcceptance) PIRI_PHASE02_PACKET {"type":"ACTION_ACCEPTED","payload":{"clientSequence":78,"action":"STOP_CENTER"}}
[21:22:26] [Render thread/INFO] (PiriRuntimeAcceptance) PIRI_PHASE02_PACKET {"type":"REEL_STOP","payload":{"spinId":"568c96f4-9f23-4af5-a0c4-8d4667f09d6c","reel":"CENTER","pressedIndex":3,"stopIndex":3,"slip":0,"durationMs":80}}
[21:22:26] [Render thread/INFO] (PiriRuntimeAcceptance) PIRI_PHASE02_PACKET {"type":"PUBLIC_STATE","payload":{"sessionId":"078d0d75-5cc9-4666-a1b3-450e82603945","machineId":1,"expectedNextClientSequence":79,"gameState":"SEATED_READY","lifecycle":"ACTIVE","credit":0,"heldMedals":0,"bet":0,"pay":0,"bonusCount":0,"lampOn":false,"displayStops":{"left":0,"center":3,"right":10},"stoppedMask":7}}
[21:22:27] [Render thread/INFO] (PiriRuntimeAcceptance) PIRI_PHASE02_PACKET {"type":"PUBLIC_STATE","payload":{"sessionId":"078d0d75-5cc9-4666-a1b3-450e82603945","machineId":1,"expectedNextClientSequence":79,"gameState":"NORMAL_SPINNING","lifecycle":"ACTIVE","credit":0,"heldMedals":0,"bet":0,"pay":0,"bonusCount":0,"lampOn":false,"displayStops":{"left":0,"center":3,"right":10},"stoppedMask":0}}
[21:22:27] [Render thread/INFO] (PiriRuntimeAcceptance) PIRI_PHASE02_PACKET {"type":"SPIN_START","payload":{"sessionId":"078d0d75-5cc9-4666-a1b3-450e82603945","machineId":1,"spinId":"504e00ba-9fb0-42b9-bc65-7d3cfdd863e2","mode":"NORMAL","animation":"RESUME_NORMAL","startPhase":{"left":0.0,"center":3.0,"right":10.0},"stopEnableAfterMs":200}}
[21:22:27] [Render thread/INFO] (PiriRuntimeAcceptance) PIRI_PHASE02_PACKET {"type":"ACTION_ACCEPTED","payload":{"clientSequence":79,"action":"STOP_CENTER"}}
[21:22:27] [Render thread/INFO] (PiriRuntimeAcceptance) PIRI_PHASE02_PACKET {"type":"REEL_STOP","payload":{"spinId":"504e00ba-9fb0-42b9-bc65-7d3cfdd863e2","reel":"CENTER","pressedIndex":15,"stopIndex":15,"slip":0,"durationMs":80}}
[21:22:28] [Render thread/INFO] (PiriRuntimeAcceptance) PIRI_PHASE02_PACKET {"type":"ACTION_ACCEPTED","payload":{"clientSequence":80,"action":"STOP_LEFT"}}
[21:22:28] [Render thread/INFO] (PiriRuntimeAcceptance) PIRI_PHASE02_PACKET {"type":"REEL_STOP","payload":{"spinId":"504e00ba-9fb0-42b9-bc65-7d3cfdd863e2","reel":"LEFT","pressedIndex":3,"stopIndex":0,"slip":3,"durationMs":230}}
[21:22:28] [Render thread/INFO] (PiriRuntimeAcceptance) PIRI_PHASE02_PACKET {"type":"ACTION_ACCEPTED","payload":{"clientSequence":81,"action":"STOP_RIGHT"}}
[21:22:28] [Render thread/INFO] (PiriRuntimeAcceptance) PIRI_PHASE02_PACKET {"type":"REEL_STOP","payload":{"spinId":"504e00ba-9fb0-42b9-bc65-7d3cfdd863e2","reel":"RIGHT","pressedIndex":4,"stopIndex":4,"slip":0,"durationMs":80}}
[21:22:28] [Render thread/INFO] (PiriRuntimeAcceptance) PIRI_PHASE02_PACKET {"type":"PUBLIC_STATE","payload":{"sessionId":"078d0d75-5cc9-4666-a1b3-450e82603945","machineId":1,"expectedNextClientSequence":82,"gameState":"SEATED_READY","lifecycle":"ACTIVE","credit":0,"heldMedals":0,"bet":0,"pay":0,"bonusCount":0,"lampOn":false,"displayStops":{"left":0,"center":15,"right":4},"stoppedMask":7}}
[21:22:29] [Render thread/INFO] (PiriRuntimeAcceptance) PIRI_PHASE02_PACKET {"type":"PUBLIC_STATE","payload":{"sessionId":"078d0d75-5cc9-4666-a1b3-450e82603945","machineId":1,"expectedNextClientSequence":82,"gameState":"NORMAL_SPINNING","lifecycle":"ACTIVE","credit":0,"heldMedals":0,"bet":0,"pay":0,"bonusCount":0,"lampOn":false,"displayStops":{"left":0,"center":15,"right":4},"stoppedMask":0}}
[21:22:29] [Render thread/INFO] (PiriRuntimeAcceptance) PIRI_PHASE02_PACKET {"type":"SPIN_START","payload":{"sessionId":"078d0d75-5cc9-4666-a1b3-450e82603945","machineId":1,"spinId":"fde3fc04-9730-480a-929b-fbe53a218e9b","mode":"NORMAL","animation":"NORMAL","startPhase":{"left":0.0,"center":15.0,"right":4.0},"stopEnableAfterMs":400}}
[21:22:29] [Render thread/INFO] (PiriRuntimeAcceptance) PIRI_PHASE02_PACKET {"type":"ACTION_ACCEPTED","payload":{"clientSequence":82,"action":"STOP_CENTER"}}
[21:22:29] [Render thread/INFO] (PiriRuntimeAcceptance) PIRI_PHASE02_PACKET {"type":"REEL_STOP","payload":{"spinId":"fde3fc04-9730-480a-929b-fbe53a218e9b","reel":"CENTER","pressedIndex":7,"stopIndex":7,"slip":0,"durationMs":80}}
[21:22:30] [Render thread/INFO] (PiriRuntimeAcceptance) PIRI_PHASE02_PACKET {"type":"ACTION_ACCEPTED","payload":{"clientSequence":83,"action":"STOP_RIGHT"}}
[21:22:30] [Render thread/INFO] (PiriRuntimeAcceptance) PIRI_PHASE02_PACKET {"type":"REEL_STOP","payload":{"spinId":"fde3fc04-9730-480a-929b-fbe53a218e9b","reel":"RIGHT","pressedIndex":8,"stopIndex":8,"slip":0,"durationMs":80}}
[21:22:30] [Render thread/INFO] (PiriRuntimeAcceptance) PIRI_PHASE02_PACKET {"type":"ACTION_ACCEPTED","payload":{"clientSequence":84,"action":"STOP_LEFT"}}
[21:22:30] [Render thread/INFO] (PiriRuntimeAcceptance) PIRI_PHASE02_PACKET {"type":"REEL_STOP","payload":{"spinId":"fde3fc04-9730-480a-929b-fbe53a218e9b","reel":"LEFT","pressedIndex":16,"stopIndex":9,"slip":7,"durationMs":430}}
[21:22:30] [Render thread/INFO] (PiriRuntimeAcceptance) PIRI_PHASE02_PACKET {"type":"PUBLIC_STATE","payload":{"sessionId":"078d0d75-5cc9-4666-a1b3-450e82603945","machineId":1,"expectedNextClientSequence":85,"gameState":"SEATED_READY","lifecycle":"ACTIVE","credit":0,"heldMedals":0,"bet":0,"pay":0,"bonusCount":0,"lampOn":false,"displayStops":{"left":9,"center":7,"right":8},"stoppedMask":7}}
[21:22:31] [Render thread/INFO] (PiriRuntimeAcceptance) PIRI_PHASE02_PACKET {"type":"PUBLIC_STATE","payload":{"sessionId":"078d0d75-5cc9-4666-a1b3-450e82603945","machineId":1,"expectedNextClientSequence":85,"gameState":"NORMAL_SPINNING","lifecycle":"ACTIVE","credit":0,"heldMedals":0,"bet":0,"pay":0,"bonusCount":0,"lampOn":false,"displayStops":{"left":9,"center":7,"right":8},"stoppedMask":0}}
[21:22:31] [Render thread/INFO] (PiriRuntimeAcceptance) PIRI_PHASE02_PACKET {"type":"SPIN_START","payload":{"sessionId":"078d0d75-5cc9-4666-a1b3-450e82603945","machineId":1,"spinId":"da503ce1-458e-468c-aa83-0272fe76eb9c","mode":"NORMAL","animation":"REVERSE_500MS","startPhase":{"left":9.0,"center":7.0,"right":8.0},"stopEnableAfterMs":800}}
[21:22:33] [Render thread/INFO] (PiriRuntimeAcceptance) PIRI_PHASE02_PACKET {"type":"ACTION_ACCEPTED","payload":{"clientSequence":85,"action":"STOP_RIGHT"}}
[21:22:33] [Render thread/INFO] (PiriRuntimeAcceptance) PIRI_PHASE02_PACKET {"type":"REEL_STOP","payload":{"spinId":"da503ce1-458e-468c-aa83-0272fe76eb9c","reel":"RIGHT","pressedIndex":19,"stopIndex":19,"slip":0,"durationMs":80}}
[21:22:33] [Render thread/INFO] (PiriRuntimeAcceptance) PIRI_PHASE02_PACKET {"type":"ACTION_ACCEPTED","payload":{"clientSequence":86,"action":"STOP_LEFT"}}
[21:22:33] [Render thread/INFO] (PiriRuntimeAcceptance) PIRI_PHASE02_PACKET {"type":"REEL_STOP","payload":{"spinId":"da503ce1-458e-468c-aa83-0272fe76eb9c","reel":"LEFT","pressedIndex":11,"stopIndex":9,"slip":2,"durationMs":180}}
[21:22:34] [Render thread/INFO] (PiriRuntimeAcceptance) PIRI_PHASE02_PACKET {"type":"ACTION_ACCEPTED","payload":{"clientSequence":87,"action":"STOP_CENTER"}}
[21:22:34] [Render thread/INFO] (PiriRuntimeAcceptance) PIRI_PHASE02_PACKET {"type":"REEL_STOP","payload":{"spinId":"da503ce1-458e-468c-aa83-0272fe76eb9c","reel":"CENTER","pressedIndex":0,"stopIndex":0,"slip":0,"durationMs":80}}
[21:22:34] [Render thread/INFO] (PiriRuntimeAcceptance) PIRI_PHASE02_PACKET {"type":"PUBLIC_STATE","payload":{"sessionId":"078d0d75-5cc9-4666-a1b3-450e82603945","machineId":1,"expectedNextClientSequence":88,"gameState":"SEATED_READY","lifecycle":"ACTIVE","credit":0,"heldMedals":0,"bet":0,"pay":0,"bonusCount":0,"lampOn":false,"displayStops":{"left":9,"center":0,"right":19},"stoppedMask":7}}
[21:22:34] [Render thread/INFO] (PiriRuntimeAcceptance) PIRI_PHASE02_PACKET {"type":"PUBLIC_STATE","payload":{"sessionId":"078d0d75-5cc9-4666-a1b3-450e82603945","machineId":1,"expectedNextClientSequence":88,"gameState":"NORMAL_SPINNING","lifecycle":"ACTIVE","credit":0,"heldMedals":0,"bet":0,"pay":0,"bonusCount":0,"lampOn":false,"displayStops":{"left":9,"center":0,"right":19},"stoppedMask":0}}
[21:22:34] [Render thread/INFO] (PiriRuntimeAcceptance) PIRI_PHASE02_PACKET {"type":"SPIN_START","payload":{"sessionId":"078d0d75-5cc9-4666-a1b3-450e82603945","machineId":1,"spinId":"06239153-2113-4e06-86f3-498e11fe2ac0","mode":"NORMAL","animation":"RESUME_NORMAL","startPhase":{"left":9.0,"center":0.0,"right":19.0},"stopEnableAfterMs":200}}
[21:22:35] [Render thread/INFO] (PiriRuntimeAcceptance) PIRI_PHASE02_PACKET {"type":"ACTION_ACCEPTED","payload":{"clientSequence":88,"action":"STOP_RIGHT"}}
[21:22:35] [Render thread/INFO] (PiriRuntimeAcceptance) PIRI_PHASE02_PACKET {"type":"REEL_STOP","payload":{"spinId":"06239153-2113-4e06-86f3-498e11fe2ac0","reel":"RIGHT","pressedIndex":9,"stopIndex":9,"slip":0,"durationMs":80}}
[21:22:35] [Render thread/INFO] (PiriRuntimeAcceptance) PIRI_PHASE02_PACKET {"type":"ACTION_ACCEPTED","payload":{"clientSequence":89,"action":"STOP_CENTER"}}
[21:22:35] [Render thread/INFO] (PiriRuntimeAcceptance) PIRI_PHASE02_PACKET {"type":"REEL_STOP","payload":{"spinId":"06239153-2113-4e06-86f3-498e11fe2ac0","reel":"CENTER","pressedIndex":2,"stopIndex":2,"slip":0,"durationMs":80}}
[21:22:36] [Render thread/INFO] (PiriRuntimeAcceptance) PIRI_PHASE02_PACKET {"type":"ACTION_ACCEPTED","payload":{"clientSequence":90,"action":"STOP_LEFT"}}
[21:22:36] [Render thread/INFO] (PiriRuntimeAcceptance) PIRI_PHASE02_PACKET {"type":"REEL_STOP","payload":{"spinId":"06239153-2113-4e06-86f3-498e11fe2ac0","reel":"LEFT","pressedIndex":2,"stopIndex":0,"slip":2,"durationMs":180}}
[21:22:36] [Render thread/INFO] (PiriRuntimeAcceptance) PIRI_PHASE02_PACKET {"type":"PUBLIC_STATE","payload":{"sessionId":"078d0d75-5cc9-4666-a1b3-450e82603945","machineId":1,"expectedNextClientSequence":91,"gameState":"SEATED_READY","lifecycle":"ACTIVE","credit":0,"heldMedals":0,"bet":0,"pay":0,"bonusCount":0,"lampOn":false,"displayStops":{"left":0,"center":2,"right":9},"stoppedMask":7}}
[21:22:36] [Render thread/INFO] (PiriRuntimeAcceptance) PIRI_PHASE02_PACKET {"type":"PUBLIC_STATE","payload":{"sessionId":"078d0d75-5cc9-4666-a1b3-450e82603945","machineId":1,"expectedNextClientSequence":91,"gameState":"NORMAL_SPINNING","lifecycle":"ACTIVE","credit":0,"heldMedals":0,"bet":0,"pay":0,"bonusCount":0,"lampOn":false,"displayStops":{"left":0,"center":2,"right":9},"stoppedMask":0}}
[21:22:36] [Render thread/INFO] (PiriRuntimeAcceptance) PIRI_PHASE02_PACKET {"type":"SPIN_START","payload":{"sessionId":"078d0d75-5cc9-4666-a1b3-450e82603945","machineId":1,"spinId":"210d9009-ad27-4ead-8006-fb594f811dcb","mode":"NORMAL","animation":"NORMAL","startPhase":{"left":0.0,"center":2.0,"right":9.0},"stopEnableAfterMs":400}}
[21:22:37] [Render thread/INFO] (PiriRuntimeAcceptance) PIRI_PHASE02_PACKET {"type":"ACTION_ACCEPTED","payload":{"clientSequence":91,"action":"STOP_LEFT"}}
[21:22:37] [Render thread/INFO] (PiriRuntimeAcceptance) PIRI_PHASE02_PACKET {"type":"REEL_STOP","payload":{"spinId":"210d9009-ad27-4ead-8006-fb594f811dcb","reel":"LEFT","pressedIndex":13,"stopIndex":13,"slip":0,"durationMs":80}}
[21:22:38] [Render thread/INFO] (PiriRuntimeAcceptance) PIRI_PHASE02_PACKET {"type":"ACTION_ACCEPTED","payload":{"clientSequence":92,"action":"STOP_CENTER"}}
[21:22:38] [Render thread/INFO] (PiriRuntimeAcceptance) PIRI_PHASE02_PACKET {"type":"REEL_STOP","payload":{"spinId":"210d9009-ad27-4ead-8006-fb594f811dcb","reel":"CENTER","pressedIndex":6,"stopIndex":6,"slip":0,"durationMs":80}}
[21:22:38] [Render thread/INFO] (PiriRuntimeAcceptance) PIRI_PHASE02_PACKET {"type":"ACTION_ACCEPTED","payload":{"clientSequence":93,"action":"STOP_RIGHT"}}
[21:22:38] [Render thread/INFO] (PiriRuntimeAcceptance) PIRI_PHASE02_PACKET {"type":"REEL_STOP","payload":{"spinId":"210d9009-ad27-4ead-8006-fb594f811dcb","reel":"RIGHT","pressedIndex":4,"stopIndex":4,"slip":0,"durationMs":80}}
[21:22:38] [Render thread/INFO] (PiriRuntimeAcceptance) PIRI_PHASE02_PACKET {"type":"PUBLIC_STATE","payload":{"sessionId":"078d0d75-5cc9-4666-a1b3-450e82603945","machineId":1,"expectedNextClientSequence":94,"gameState":"SEATED_READY","lifecycle":"ACTIVE","credit":0,"heldMedals":0,"bet":0,"pay":0,"bonusCount":0,"lampOn":false,"displayStops":{"left":13,"center":6,"right":4},"stoppedMask":7}}
[21:22:40] [Render thread/INFO] (PiriRuntimeAcceptance) PIRI_PHASE02_PACKET {"type":"PUBLIC_STATE","payload":{"sessionId":"078d0d75-5cc9-4666-a1b3-450e82603945","machineId":1,"expectedNextClientSequence":94,"gameState":"NORMAL_SPINNING","lifecycle":"ACTIVE","credit":0,"heldMedals":0,"bet":0,"pay":0,"bonusCount":0,"lampOn":false,"displayStops":{"left":13,"center":6,"right":4},"stoppedMask":0}}
[21:22:40] [Render thread/INFO] (PiriRuntimeAcceptance) PIRI_PHASE02_PACKET {"type":"SPIN_START","payload":{"sessionId":"078d0d75-5cc9-4666-a1b3-450e82603945","machineId":1,"spinId":"a681a4c4-47cd-4154-8cf6-b340aee53384","mode":"NORMAL","animation":"REVERSE_500MS","startPhase":{"left":13.0,"center":6.0,"right":4.0},"stopEnableAfterMs":800}}
[21:22:41] [Render thread/INFO] (PiriRuntimeAcceptance) PIRI_PHASE02_PACKET {"type":"ACTION_ACCEPTED","payload":{"clientSequence":94,"action":"STOP_LEFT"}}
[21:22:41] [Render thread/INFO] (PiriRuntimeAcceptance) PIRI_PHASE02_PACKET {"type":"REEL_STOP","payload":{"spinId":"a681a4c4-47cd-4154-8cf6-b340aee53384","reel":"LEFT","pressedIndex":7,"stopIndex":6,"slip":1,"durationMs":130}}
[21:22:41] [Render thread/INFO] (PiriRuntimeAcceptance) PIRI_PHASE02_PACKET {"type":"ACTION_ACCEPTED","payload":{"clientSequence":95,"action":"STOP_RIGHT"}}
[21:22:41] [Render thread/INFO] (PiriRuntimeAcceptance) PIRI_PHASE02_PACKET {"type":"REEL_STOP","payload":{"spinId":"a681a4c4-47cd-4154-8cf6-b340aee53384","reel":"RIGHT","pressedIndex":10,"stopIndex":10,"slip":0,"durationMs":80}}
[21:22:42] [Render thread/INFO] (PiriRuntimeAcceptance) PIRI_PHASE02_PACKET {"type":"ACTION_ACCEPTED","payload":{"clientSequence":96,"action":"STOP_CENTER"}}
[21:22:42] [Render thread/INFO] (PiriRuntimeAcceptance) PIRI_PHASE02_PACKET {"type":"REEL_STOP","payload":{"spinId":"a681a4c4-47cd-4154-8cf6-b340aee53384","reel":"CENTER","pressedIndex":4,"stopIndex":1,"slip":3,"durationMs":230}}
[21:22:42] [Render thread/INFO] (PiriRuntimeAcceptance) PIRI_PHASE02_PACKET {"type":"PUBLIC_STATE","payload":{"sessionId":"078d0d75-5cc9-4666-a1b3-450e82603945","machineId":1,"expectedNextClientSequence":97,"gameState":"SEATED_READY","lifecycle":"ACTIVE","credit":0,"heldMedals":0,"bet":0,"pay":0,"bonusCount":0,"lampOn":false,"displayStops":{"left":6,"center":1,"right":10},"stoppedMask":7}}
[21:22:43] [Render thread/INFO] (PiriRuntimeAcceptance) PIRI_PHASE02_PACKET {"type":"PUBLIC_STATE","payload":{"sessionId":"078d0d75-5cc9-4666-a1b3-450e82603945","machineId":1,"expectedNextClientSequence":97,"gameState":"NORMAL_SPINNING","lifecycle":"ACTIVE","credit":0,"heldMedals":0,"bet":0,"pay":0,"bonusCount":0,"lampOn":false,"displayStops":{"left":6,"center":1,"right":10},"stoppedMask":0}}
[21:22:43] [Render thread/INFO] (PiriRuntimeAcceptance) PIRI_PHASE02_PACKET {"type":"SPIN_START","payload":{"sessionId":"078d0d75-5cc9-4666-a1b3-450e82603945","machineId":1,"spinId":"42313b86-9476-4586-b294-debcfdc17a1c","mode":"NORMAL","animation":"RESUME_NORMAL","startPhase":{"left":6.0,"center":1.0,"right":10.0},"stopEnableAfterMs":200}}
[21:22:43] [Render thread/INFO] (PiriRuntimeAcceptance) PIRI_PHASE02_PACKET {"type":"ACTION_ACCEPTED","payload":{"clientSequence":97,"action":"STOP_CENTER"}}
[21:22:43] [Render thread/INFO] (PiriRuntimeAcceptance) PIRI_PHASE02_PACKET {"type":"REEL_STOP","payload":{"spinId":"42313b86-9476-4586-b294-debcfdc17a1c","reel":"CENTER","pressedIndex":12,"stopIndex":12,"slip":0,"durationMs":80}}
[21:22:44] [Render thread/INFO] (PiriRuntimeAcceptance) PIRI_PHASE02_PACKET {"type":"ACTION_ACCEPTED","payload":{"clientSequence":98,"action":"STOP_LEFT"}}
[21:22:44] [Render thread/INFO] (PiriRuntimeAcceptance) PIRI_PHASE02_PACKET {"type":"REEL_STOP","payload":{"spinId":"42313b86-9476-4586-b294-debcfdc17a1c","reel":"LEFT","pressedIndex":8,"stopIndex":6,"slip":2,"durationMs":180}}
[21:22:44] [Render thread/INFO] (PiriRuntimeAcceptance) PIRI_PHASE02_PACKET {"type":"ACTION_ACCEPTED","payload":{"clientSequence":99,"action":"STOP_RIGHT"}}
[21:22:44] [Render thread/INFO] (PiriRuntimeAcceptance) PIRI_PHASE02_PACKET {"type":"REEL_STOP","payload":{"spinId":"42313b86-9476-4586-b294-debcfdc17a1c","reel":"RIGHT","pressedIndex":3,"stopIndex":2,"slip":1,"durationMs":130}}
[21:22:44] [Render thread/INFO] (PiriRuntimeAcceptance) PIRI_PHASE02_PACKET {"type":"PUBLIC_STATE","payload":{"sessionId":"078d0d75-5cc9-4666-a1b3-450e82603945","machineId":1,"expectedNextClientSequence":100,"gameState":"SEATED_READY","lifecycle":"ACTIVE","credit":0,"heldMedals":0,"bet":0,"pay":0,"bonusCount":0,"lampOn":false,"displayStops":{"left":6,"center":12,"right":2},"stoppedMask":7}}
[21:22:45] [Render thread/INFO] (PiriRuntimeAcceptance) PIRI_PHASE02_PACKET {"type":"PUBLIC_STATE","payload":{"sessionId":"078d0d75-5cc9-4666-a1b3-450e82603945","machineId":1,"expectedNextClientSequence":100,"gameState":"NORMAL_SPINNING","lifecycle":"ACTIVE","credit":0,"heldMedals":0,"bet":0,"pay":0,"bonusCount":0,"lampOn":false,"displayStops":{"left":6,"center":12,"right":2},"stoppedMask":0}}
[21:22:45] [Render thread/INFO] (PiriRuntimeAcceptance) PIRI_PHASE02_PACKET {"type":"SPIN_START","payload":{"sessionId":"078d0d75-5cc9-4666-a1b3-450e82603945","machineId":1,"spinId":"662e037a-a310-4201-980d-cefed87db38c","mode":"NORMAL","animation":"NORMAL","startPhase":{"left":6.0,"center":12.0,"right":2.0},"stopEnableAfterMs":400}}
[21:22:45] [Render thread/INFO] (PiriRuntimeAcceptance) PIRI_PHASE02_PACKET {"type":"ACTION_ACCEPTED","payload":{"clientSequence":100,"action":"STOP_CENTER"}}
[21:22:45] [Render thread/INFO] (PiriRuntimeAcceptance) PIRI_PHASE02_PACKET {"type":"REEL_STOP","payload":{"spinId":"662e037a-a310-4201-980d-cefed87db38c","reel":"CENTER","pressedIndex":4,"stopIndex":4,"slip":0,"durationMs":80}}
[21:22:46] [Render thread/INFO] (PiriRuntimeAcceptance) PIRI_PHASE02_PACKET {"type":"ACTION_ACCEPTED","payload":{"clientSequence":101,"action":"STOP_RIGHT"}}
[21:22:46] [Render thread/INFO] (PiriRuntimeAcceptance) PIRI_PHASE02_PACKET {"type":"REEL_STOP","payload":{"spinId":"662e037a-a310-4201-980d-cefed87db38c","reel":"RIGHT","pressedIndex":18,"stopIndex":18,"slip":0,"durationMs":80}}
[21:22:47] [Render thread/INFO] (PiriRuntimeAcceptance) PIRI_PHASE02_PACKET {"type":"ACTION_ACCEPTED","payload":{"clientSequence":102,"action":"STOP_LEFT"}}
[21:22:47] [Render thread/INFO] (PiriRuntimeAcceptance) PIRI_PHASE02_PACKET {"type":"REEL_STOP","payload":{"spinId":"662e037a-a310-4201-980d-cefed87db38c","reel":"LEFT","pressedIndex":13,"stopIndex":12,"slip":1,"durationMs":130}}
[21:22:47] [Render thread/INFO] (PiriRuntimeAcceptance) PIRI_PHASE02_PACKET {"type":"PUBLIC_STATE","payload":{"sessionId":"078d0d75-5cc9-4666-a1b3-450e82603945","machineId":1,"expectedNextClientSequence":103,"gameState":"SEATED_READY","lifecycle":"ACTIVE","credit":0,"heldMedals":0,"bet":0,"pay":0,"bonusCount":0,"lampOn":false,"displayStops":{"left":12,"center":4,"right":18},"stoppedMask":7}}
[21:22:47] [Render thread/INFO] (PiriRuntimeAcceptance) PIRI_PHASE02_PACKET {"type":"PUBLIC_STATE","payload":{"sessionId":"078d0d75-5cc9-4666-a1b3-450e82603945","machineId":1,"expectedNextClientSequence":103,"gameState":"NORMAL_SPINNING","lifecycle":"ACTIVE","credit":0,"heldMedals":0,"bet":0,"pay":0,"bonusCount":0,"lampOn":false,"displayStops":{"left":12,"center":4,"right":18},"stoppedMask":0}}
[21:22:47] [Render thread/INFO] (PiriRuntimeAcceptance) PIRI_PHASE02_PACKET {"type":"SPIN_START","payload":{"sessionId":"078d0d75-5cc9-4666-a1b3-450e82603945","machineId":1,"spinId":"6ed6a6aa-221c-42a7-a022-79ac84c3a485","mode":"NORMAL","animation":"REVERSE_500MS","startPhase":{"left":12.0,"center":4.0,"right":18.0},"stopEnableAfterMs":800}}
[21:22:49] [Render thread/INFO] (PiriRuntimeAcceptance) PIRI_PHASE02_PACKET {"type":"ACTION_ACCEPTED","payload":{"clientSequence":103,"action":"STOP_RIGHT"}}
[21:22:49] [Render thread/INFO] (PiriRuntimeAcceptance) PIRI_PHASE02_PACKET {"type":"REEL_STOP","payload":{"spinId":"6ed6a6aa-221c-42a7-a022-79ac84c3a485","reel":"RIGHT","pressedIndex":13,"stopIndex":13,"slip":0,"durationMs":80}}
[21:22:49] [Render thread/INFO] (PiriRuntimeAcceptance) PIRI_PHASE02_PACKET {"type":"ACTION_ACCEPTED","payload":{"clientSequence":104,"action":"STOP_LEFT"}}
[21:22:49] [Render thread/INFO] (PiriRuntimeAcceptance) PIRI_PHASE02_PACKET {"type":"REEL_STOP","payload":{"spinId":"6ed6a6aa-221c-42a7-a022-79ac84c3a485","reel":"LEFT","pressedIndex":14,"stopIndex":14,"slip":0,"durationMs":80}}
[21:22:50] [Render thread/INFO] (PiriRuntimeAcceptance) PIRI_PHASE02_PACKET {"type":"ACTION_ACCEPTED","payload":{"clientSequence":105,"action":"STOP_CENTER"}}
[21:22:50] [Render thread/INFO] (PiriRuntimeAcceptance) PIRI_PHASE02_PACKET {"type":"REEL_STOP","payload":{"spinId":"6ed6a6aa-221c-42a7-a022-79ac84c3a485","reel":"CENTER","pressedIndex":18,"stopIndex":18,"slip":0,"durationMs":80}}
[21:22:50] [Render thread/INFO] (PiriRuntimeAcceptance) PIRI_PHASE02_PACKET {"type":"PUBLIC_STATE","payload":{"sessionId":"078d0d75-5cc9-4666-a1b3-450e82603945","machineId":1,"expectedNextClientSequence":106,"gameState":"SEATED_READY","lifecycle":"ACTIVE","credit":0,"heldMedals":0,"bet":0,"pay":0,"bonusCount":0,"lampOn":false,"displayStops":{"left":14,"center":18,"right":13},"stoppedMask":7}}
[21:22:50] [Render thread/INFO] (PiriRuntimeAcceptance) PIRI_PHASE02_PACKET {"type":"PUBLIC_STATE","payload":{"sessionId":"078d0d75-5cc9-4666-a1b3-450e82603945","machineId":1,"expectedNextClientSequence":106,"gameState":"NORMAL_SPINNING","lifecycle":"ACTIVE","credit":0,"heldMedals":0,"bet":0,"pay":0,"bonusCount":0,"lampOn":false,"displayStops":{"left":14,"center":18,"right":13},"stoppedMask":0}}
[21:22:50] [Render thread/INFO] (PiriRuntimeAcceptance) PIRI_PHASE02_PACKET {"type":"SPIN_START","payload":{"sessionId":"078d0d75-5cc9-4666-a1b3-450e82603945","machineId":1,"spinId":"b357b4de-702b-4c4f-932c-6eeb6d416537","mode":"NORMAL","animation":"RESUME_NORMAL","startPhase":{"left":14.0,"center":18.0,"right":13.0},"stopEnableAfterMs":200}}
[21:22:51] [Render thread/INFO] (PiriRuntimeAcceptance) PIRI_PHASE02_PACKET {"type":"ACTION_ACCEPTED","payload":{"clientSequence":106,"action":"STOP_RIGHT"}}
[21:22:51] [Render thread/INFO] (PiriRuntimeAcceptance) PIRI_PHASE02_PACKET {"type":"REEL_STOP","payload":{"spinId":"b357b4de-702b-4c4f-932c-6eeb6d416537","reel":"RIGHT","pressedIndex":3,"stopIndex":3,"slip":0,"durationMs":80}}
[21:22:51] [Render thread/INFO] (PiriRuntimeAcceptance) PIRI_PHASE02_PACKET {"type":"ACTION_ACCEPTED","payload":{"clientSequence":107,"action":"STOP_CENTER"}}
[21:22:51] [Render thread/INFO] (PiriRuntimeAcceptance) PIRI_PHASE02_PACKET {"type":"REEL_STOP","payload":{"spinId":"b357b4de-702b-4c4f-932c-6eeb6d416537","reel":"CENTER","pressedIndex":20,"stopIndex":20,"slip":0,"durationMs":80}}
[21:22:52] [Render thread/INFO] (PiriRuntimeAcceptance) PIRI_PHASE02_PACKET {"type":"ACTION_ACCEPTED","payload":{"clientSequence":108,"action":"STOP_LEFT"}}
[21:22:52] [Render thread/INFO] (PiriRuntimeAcceptance) PIRI_PHASE02_PACKET {"type":"REEL_STOP","payload":{"spinId":"b357b4de-702b-4c4f-932c-6eeb6d416537","reel":"LEFT","pressedIndex":7,"stopIndex":5,"slip":2,"durationMs":180}}
[21:22:52] [Render thread/INFO] (PiriRuntimeAcceptance) PIRI_PHASE02_PACKET {"type":"PUBLIC_STATE","payload":{"sessionId":"078d0d75-5cc9-4666-a1b3-450e82603945","machineId":1,"expectedNextClientSequence":109,"gameState":"SEATED_READY","lifecycle":"ACTIVE","credit":0,"heldMedals":0,"bet":0,"pay":0,"bonusCount":0,"lampOn":false,"displayStops":{"left":5,"center":20,"right":3},"stoppedMask":7}}
[21:22:52] [Render thread/INFO] (PiriRuntimeAcceptance) PIRI_PHASE02_PACKET {"type":"PUBLIC_STATE","payload":{"sessionId":"078d0d75-5cc9-4666-a1b3-450e82603945","machineId":1,"expectedNextClientSequence":109,"gameState":"BONUS_ENTRY_SPINNING_BIG","lifecycle":"ACTIVE","credit":0,"heldMedals":0,"bet":0,"pay":0,"bonusCount":0,"lampOn":true,"displayStops":{"left":5,"center":20,"right":3},"stoppedMask":0}}
[21:22:52] [Render thread/INFO] (PiriRuntimeAcceptance) PIRI_PHASE02_PACKET {"type":"SPIN_START","payload":{"sessionId":"078d0d75-5cc9-4666-a1b3-450e82603945","machineId":1,"spinId":"fdf2fbdd-2e6c-4975-9b2d-93d988fd70fa","mode":"BONUS_ENTRY","animation":"NORMAL","startPhase":{"left":5.0,"center":20.0,"right":3.0},"stopEnableAfterMs":400}}
[21:22:53] [Render thread/INFO] (PiriRuntimeAcceptance) PIRI_PHASE02_PACKET {"type":"ACTION_ACCEPTED","payload":{"clientSequence":109,"action":"STOP_LEFT"}}
[21:22:53] [Render thread/INFO] (PiriRuntimeAcceptance) PIRI_PHASE02_PACKET {"type":"REEL_STOP","payload":{"spinId":"fdf2fbdd-2e6c-4975-9b2d-93d988fd70fa","reel":"LEFT","pressedIndex":18,"stopIndex":15,"slip":3,"durationMs":230}}
[21:22:54] [Render thread/INFO] (PiriRuntimeAcceptance) PIRI_PHASE02_PACKET {"type":"ACTION_ACCEPTED","payload":{"clientSequence":110,"action":"STOP_CENTER"}}
[21:22:54] [Render thread/INFO] (PiriRuntimeAcceptance) PIRI_PHASE02_PACKET {"type":"REEL_STOP","payload":{"spinId":"fdf2fbdd-2e6c-4975-9b2d-93d988fd70fa","reel":"CENTER","pressedIndex":3,"stopIndex":3,"slip":0,"durationMs":80}}
[21:22:54] [Render thread/INFO] (PiriRuntimeAcceptance) PIRI_PHASE02_PACKET {"type":"TENPAI_SOUND","payload":{"spinId":"fdf2fbdd-2e6c-4975-9b2d-93d988fd70fa"}}
[21:22:54] [Render thread/INFO] (PiriRuntimeAcceptance) PIRI_PHASE02_PACKET {"type":"ACTION_ACCEPTED","payload":{"clientSequence":111,"action":"STOP_RIGHT"}}
[21:22:54] [Render thread/INFO] (PiriRuntimeAcceptance) PIRI_PHASE02_PACKET {"type":"REEL_STOP","payload":{"spinId":"fdf2fbdd-2e6c-4975-9b2d-93d988fd70fa","reel":"RIGHT","pressedIndex":19,"stopIndex":2,"slip":17,"durationMs":930}}
[21:22:54] [Render thread/INFO] (PiriRuntimeAcceptance) PIRI_PHASE02_PACKET {"type":"PUBLIC_STATE","payload":{"sessionId":"078d0d75-5cc9-4666-a1b3-450e82603945","machineId":1,"expectedNextClientSequence":112,"gameState":"SEATED_READY","lifecycle":"ACTIVE","credit":0,"heldMedals":0,"bet":0,"pay":0,"bonusCount":0,"lampOn":true,"displayStops":{"left":15,"center":3,"right":2},"stoppedMask":7}}
[21:22:56] [Render thread/INFO] (PiriRuntimeAcceptance) PIRI_PHASE02_PACKET {"type":"PUBLIC_STATE","payload":{"sessionId":"078d0d75-5cc9-4666-a1b3-450e82603945","machineId":1,"expectedNextClientSequence":112,"gameState":"BONUS_ENTRY_SPINNING_BIG","lifecycle":"ACTIVE","credit":0,"heldMedals":0,"bet":0,"pay":0,"bonusCount":0,"lampOn":true,"displayStops":{"left":15,"center":3,"right":2},"stoppedMask":0}}
[21:22:56] [Render thread/INFO] (PiriRuntimeAcceptance) PIRI_PHASE02_PACKET {"type":"SPIN_START","payload":{"sessionId":"078d0d75-5cc9-4666-a1b3-450e82603945","machineId":1,"spinId":"7623041e-124f-443b-b1e6-bebd92fc1a6c","mode":"BONUS_ENTRY","animation":"REVERSE_500MS","startPhase":{"left":15.0,"center":3.0,"right":2.0},"stopEnableAfterMs":800}}
[21:22:58] [Render thread/INFO] (PiriRuntimeAcceptance) PIRI_PHASE02_PACKET {"type":"ACTION_ACCEPTED","payload":{"clientSequence":112,"action":"STOP_LEFT"}}
[21:22:58] [Render thread/INFO] (PiriRuntimeAcceptance) PIRI_PHASE02_PACKET {"type":"REEL_STOP","payload":{"spinId":"7623041e-124f-443b-b1e6-bebd92fc1a6c","reel":"LEFT","pressedIndex":10,"stopIndex":4,"slip":6,"durationMs":380}}
[21:22:58] [Render thread/INFO] (PiriRuntimeAcceptance) PIRI_PHASE02_PACKET {"type":"ACTION_ACCEPTED","payload":{"clientSequence":113,"action":"STOP_RIGHT"}}
[21:22:58] [Render thread/INFO] (PiriRuntimeAcceptance) PIRI_PHASE02_PACKET {"type":"REEL_STOP","payload":{"spinId":"7623041e-124f-443b-b1e6-bebd92fc1a6c","reel":"RIGHT","pressedIndex":9,"stopIndex":4,"slip":5,"durationMs":330}}
[21:22:58] [Render thread/INFO] (PiriRuntimeAcceptance) PIRI_PHASE02_PACKET {"type":"TENPAI_SOUND","payload":{"spinId":"7623041e-124f-443b-b1e6-bebd92fc1a6c"}}
[21:22:59] [Render thread/INFO] (PiriRuntimeAcceptance) PIRI_PHASE02_PACKET {"type":"ACTION_ACCEPTED","payload":{"clientSequence":114,"action":"STOP_CENTER"}}
[21:22:59] [Render thread/INFO] (PiriRuntimeAcceptance) PIRI_PHASE02_PACKET {"type":"REEL_STOP","payload":{"spinId":"7623041e-124f-443b-b1e6-bebd92fc1a6c","reel":"CENTER","pressedIndex":17,"stopIndex":4,"slip":13,"durationMs":730}}
[21:22:59] [Render thread/INFO] (PiriRuntimeAcceptance) PIRI_PHASE02_PACKET {"type":"PUBLIC_STATE","payload":{"sessionId":"078d0d75-5cc9-4666-a1b3-450e82603945","machineId":1,"expectedNextClientSequence":115,"gameState":"SEATED_READY","lifecycle":"ACTIVE","credit":0,"heldMedals":0,"bet":0,"pay":0,"bonusCount":0,"lampOn":true,"displayStops":{"left":4,"center":4,"right":4},"stoppedMask":7}}
[21:23:00] [Render thread/INFO] (PiriRuntimeAcceptance) PIRI_PHASE02_PACKET {"type":"PUBLIC_STATE","payload":{"sessionId":"078d0d75-5cc9-4666-a1b3-450e82603945","machineId":1,"expectedNextClientSequence":115,"gameState":"BONUS_ENTRY_SPINNING_BIG","lifecycle":"ACTIVE","credit":0,"heldMedals":0,"bet":0,"pay":0,"bonusCount":0,"lampOn":true,"displayStops":{"left":4,"center":4,"right":4},"stoppedMask":0}}
[21:23:00] [Render thread/INFO] (PiriRuntimeAcceptance) PIRI_PHASE02_PACKET {"type":"SPIN_START","payload":{"sessionId":"078d0d75-5cc9-4666-a1b3-450e82603945","machineId":1,"spinId":"2909363c-494d-4ef8-9f6e-78bd3e6fa728","mode":"BONUS_ENTRY","animation":"RESUME_NORMAL","startPhase":{"left":4.0,"center":4.0,"right":4.0},"stopEnableAfterMs":200}}
[21:23:01] [Render thread/INFO] (PiriRuntimeAcceptance) PIRI_PHASE02_PACKET {"type":"ACTION_ACCEPTED","payload":{"clientSequence":115,"action":"STOP_CENTER"}}
[21:23:01] [Render thread/INFO] (PiriRuntimeAcceptance) PIRI_PHASE02_PACKET {"type":"REEL_STOP","payload":{"spinId":"2909363c-494d-4ef8-9f6e-78bd3e6fa728","reel":"CENTER","pressedIndex":15,"stopIndex":4,"slip":11,"durationMs":630}}
[21:23:01] [Render thread/INFO] (PiriRuntimeAcceptance) PIRI_PHASE02_PACKET {"type":"ACTION_ACCEPTED","payload":{"clientSequence":116,"action":"STOP_LEFT"}}
[21:23:01] [Render thread/INFO] (PiriRuntimeAcceptance) PIRI_PHASE02_PACKET {"type":"REEL_STOP","payload":{"spinId":"2909363c-494d-4ef8-9f6e-78bd3e6fa728","reel":"LEFT","pressedIndex":7,"stopIndex":4,"slip":3,"durationMs":230}}
[21:23:01] [Render thread/INFO] (PiriRuntimeAcceptance) PIRI_PHASE02_PACKET {"type":"TENPAI_SOUND","payload":{"spinId":"2909363c-494d-4ef8-9f6e-78bd3e6fa728"}}
[21:23:02] [Render thread/INFO] (PiriRuntimeAcceptance) PIRI_PHASE02_PACKET {"type":"ACTION_ACCEPTED","payload":{"clientSequence":117,"action":"STOP_RIGHT"}}
[21:23:02] [Render thread/INFO] (PiriRuntimeAcceptance) PIRI_PHASE02_PACKET {"type":"REEL_STOP","payload":{"spinId":"2909363c-494d-4ef8-9f6e-78bd3e6fa728","reel":"RIGHT","pressedIndex":18,"stopIndex":4,"slip":14,"durationMs":780}}
[21:23:02] [Render thread/INFO] (PiriRuntimeAcceptance) PIRI_PHASE02_PACKET {"type":"PUBLIC_STATE","payload":{"sessionId":"078d0d75-5cc9-4666-a1b3-450e82603945","machineId":1,"expectedNextClientSequence":118,"gameState":"SEATED_READY","lifecycle":"ACTIVE","credit":0,"heldMedals":0,"bet":0,"pay":0,"bonusCount":0,"lampOn":true,"displayStops":{"left":4,"center":4,"right":4},"stoppedMask":7}}
[21:23:03] [Render thread/INFO] (PiriRuntimeAcceptance) PIRI_PHASE02_PACKET {"type":"PUBLIC_STATE","payload":{"sessionId":"078d0d75-5cc9-4666-a1b3-450e82603945","machineId":1,"expectedNextClientSequence":118,"gameState":"BONUS_ENTRY_SPINNING_BIG","lifecycle":"ACTIVE","credit":0,"heldMedals":0,"bet":0,"pay":0,"bonusCount":0,"lampOn":true,"displayStops":{"left":4,"center":4,"right":4},"stoppedMask":0}}
[21:23:03] [Render thread/INFO] (PiriRuntimeAcceptance) PIRI_PHASE02_PACKET {"type":"SPIN_START","payload":{"sessionId":"078d0d75-5cc9-4666-a1b3-450e82603945","machineId":1,"spinId":"d12dc05b-05ba-49a2-b548-166d321f3e96","mode":"BONUS_ENTRY","animation":"NORMAL","startPhase":{"left":4.0,"center":4.0,"right":4.0},"stopEnableAfterMs":400}}
[21:23:04] [Render thread/INFO] (PiriRuntimeAcceptance) PIRI_PHASE02_PACKET {"type":"ACTION_ACCEPTED","payload":{"clientSequence":118,"action":"STOP_CENTER"}}
[21:23:04] [Render thread/INFO] (PiriRuntimeAcceptance) PIRI_PHASE02_PACKET {"type":"REEL_STOP","payload":{"spinId":"d12dc05b-05ba-49a2-b548-166d321f3e96","reel":"CENTER","pressedIndex":17,"stopIndex":4,"slip":13,"durationMs":730}}
[21:23:04] [Render thread/INFO] (PiriRuntimeAcceptance) PIRI_PHASE02_PACKET {"type":"ACTION_ACCEPTED","payload":{"clientSequence":119,"action":"STOP_RIGHT"}}
[21:23:04] [Render thread/INFO] (PiriRuntimeAcceptance) PIRI_PHASE02_PACKET {"type":"REEL_STOP","payload":{"spinId":"d12dc05b-05ba-49a2-b548-166d321f3e96","reel":"RIGHT","pressedIndex":8,"stopIndex":4,"slip":4,"durationMs":280}}
[21:23:04] [Render thread/INFO] (PiriRuntimeAcceptance) PIRI_PHASE02_PACKET {"type":"TENPAI_SOUND","payload":{"spinId":"d12dc05b-05ba-49a2-b548-166d321f3e96"}}
[21:23:05] [Render thread/INFO] (PiriRuntimeAcceptance) PIRI_PHASE02_PACKET {"type":"ACTION_ACCEPTED","payload":{"clientSequence":120,"action":"STOP_LEFT"}}
[21:23:05] [Render thread/INFO] (PiriRuntimeAcceptance) PIRI_PHASE02_PACKET {"type":"REEL_STOP","payload":{"spinId":"d12dc05b-05ba-49a2-b548-166d321f3e96","reel":"LEFT","pressedIndex":20,"stopIndex":15,"slip":5,"durationMs":330}}
[21:23:05] [Render thread/INFO] (PiriRuntimeAcceptance) PIRI_PHASE02_PACKET {"type":"PUBLIC_STATE","payload":{"sessionId":"078d0d75-5cc9-4666-a1b3-450e82603945","machineId":1,"expectedNextClientSequence":121,"gameState":"SEATED_READY","lifecycle":"ACTIVE","credit":0,"heldMedals":0,"bet":0,"pay":0,"bonusCount":0,"lampOn":true,"displayStops":{"left":15,"center":4,"right":4},"stoppedMask":7}}
[21:23:05] [Render thread/INFO] (PiriRuntimeAcceptance) PIRI_PHASE02_PACKET {"type":"PUBLIC_STATE","payload":{"sessionId":"078d0d75-5cc9-4666-a1b3-450e82603945","machineId":1,"expectedNextClientSequence":121,"gameState":"BONUS_ENTRY_SPINNING_BIG","lifecycle":"ACTIVE","credit":0,"heldMedals":0,"bet":0,"pay":0,"bonusCount":0,"lampOn":true,"displayStops":{"left":15,"center":4,"right":4},"stoppedMask":0}}
[21:23:05] [Render thread/INFO] (PiriRuntimeAcceptance) PIRI_PHASE02_PACKET {"type":"SPIN_START","payload":{"sessionId":"078d0d75-5cc9-4666-a1b3-450e82603945","machineId":1,"spinId":"a0a19ef8-36fe-444b-87af-a8f8d752854b","mode":"BONUS_ENTRY","animation":"REVERSE_500MS","startPhase":{"left":15.0,"center":4.0,"right":4.0},"stopEnableAfterMs":800}}
[21:23:07] [Render thread/INFO] (PiriRuntimeAcceptance) PIRI_PHASE02_PACKET {"type":"ACTION_ACCEPTED","payload":{"clientSequence":121,"action":"STOP_RIGHT"}}
[21:23:07] [Render thread/INFO] (PiriRuntimeAcceptance) PIRI_PHASE02_PACKET {"type":"REEL_STOP","payload":{"spinId":"a0a19ef8-36fe-444b-87af-a8f8d752854b","reel":"RIGHT","pressedIndex":19,"stopIndex":4,"slip":15,"durationMs":830}}
[21:23:07] [Render thread/INFO] (PiriRuntimeAcceptance) PIRI_PHASE02_PACKET {"type":"ACTION_ACCEPTED","payload":{"clientSequence":122,"action":"STOP_LEFT"}}
[21:23:07] [Render thread/INFO] (PiriRuntimeAcceptance) PIRI_PHASE02_PACKET {"type":"REEL_STOP","payload":{"spinId":"a0a19ef8-36fe-444b-87af-a8f8d752854b","reel":"LEFT","pressedIndex":0,"stopIndex":15,"slip":6,"durationMs":380}}
[21:23:07] [Render thread/INFO] (PiriRuntimeAcceptance) PIRI_PHASE02_PACKET {"type":"TENPAI_SOUND","payload":{"spinId":"a0a19ef8-36fe-444b-87af-a8f8d752854b"}}
[21:23:08] [Render thread/INFO] (PiriRuntimeAcceptance) PIRI_PHASE02_PACKET {"type":"ACTION_ACCEPTED","payload":{"clientSequence":123,"action":"STOP_CENTER"}}
[21:23:08] [Render thread/INFO] (PiriRuntimeAcceptance) PIRI_PHASE02_PACKET {"type":"REEL_STOP","payload":{"spinId":"a0a19ef8-36fe-444b-87af-a8f8d752854b","reel":"CENTER","pressedIndex":2,"stopIndex":4,"slip":19,"durationMs":1030}}
[21:23:08] [Render thread/INFO] (PiriRuntimeAcceptance) PIRI_PHASE02_PACKET {"type":"PUBLIC_STATE","payload":{"sessionId":"078d0d75-5cc9-4666-a1b3-450e82603945","machineId":1,"expectedNextClientSequence":124,"gameState":"SEATED_READY","lifecycle":"ACTIVE","credit":0,"heldMedals":0,"bet":0,"pay":0,"bonusCount":0,"lampOn":true,"displayStops":{"left":15,"center":4,"right":4},"stoppedMask":7}}
[21:23:09] [Render thread/INFO] (PiriRuntimeAcceptance) PIRI_PHASE02_PACKET {"type":"PUBLIC_STATE","payload":{"sessionId":"078d0d75-5cc9-4666-a1b3-450e82603945","machineId":1,"expectedNextClientSequence":124,"gameState":"BONUS_ENTRY_SPINNING_BIG","lifecycle":"ACTIVE","credit":0,"heldMedals":0,"bet":0,"pay":0,"bonusCount":0,"lampOn":true,"displayStops":{"left":15,"center":4,"right":4},"stoppedMask":0}}
[21:23:09] [Render thread/INFO] (PiriRuntimeAcceptance) PIRI_PHASE02_PACKET {"type":"SPIN_START","payload":{"sessionId":"078d0d75-5cc9-4666-a1b3-450e82603945","machineId":1,"spinId":"eb70e147-5ad5-4a6d-9cc7-50ac6158420e","mode":"BONUS_ENTRY","animation":"RESUME_NORMAL","startPhase":{"left":15.0,"center":4.0,"right":4.0},"stopEnableAfterMs":200}}
[21:23:10] [Render thread/INFO] (PiriRuntimeAcceptance) PIRI_PHASE02_PACKET {"type":"ACTION_ACCEPTED","payload":{"clientSequence":124,"action":"STOP_RIGHT"}}
[21:23:10] [Render thread/INFO] (PiriRuntimeAcceptance) PIRI_PHASE02_PACKET {"type":"REEL_STOP","payload":{"spinId":"eb70e147-5ad5-4a6d-9cc7-50ac6158420e","reel":"RIGHT","pressedIndex":11,"stopIndex":4,"slip":7,"durationMs":430}}
[21:23:10] [Render thread/INFO] (PiriRuntimeAcceptance) PIRI_PHASE02_PACKET {"type":"ACTION_ACCEPTED","payload":{"clientSequence":125,"action":"STOP_CENTER"}}
[21:23:10] [Render thread/INFO] (PiriRuntimeAcceptance) PIRI_PHASE02_PACKET {"type":"REEL_STOP","payload":{"spinId":"eb70e147-5ad5-4a6d-9cc7-50ac6158420e","reel":"CENTER","pressedIndex":2,"stopIndex":4,"slip":19,"durationMs":1030}}
[21:23:10] [Render thread/INFO] (PiriRuntimeAcceptance) PIRI_PHASE02_PACKET {"type":"TENPAI_SOUND","payload":{"spinId":"eb70e147-5ad5-4a6d-9cc7-50ac6158420e"}}
[21:23:11] [Render thread/INFO] (PiriRuntimeAcceptance) PIRI_PHASE02_PACKET {"type":"ACTION_ACCEPTED","payload":{"clientSequence":126,"action":"STOP_LEFT"}}
[21:23:11] [Render thread/INFO] (PiriRuntimeAcceptance) PIRI_PHASE02_PACKET {"type":"REEL_STOP","payload":{"spinId":"eb70e147-5ad5-4a6d-9cc7-50ac6158420e","reel":"LEFT","pressedIndex":4,"stopIndex":4,"slip":0,"durationMs":80}}
[21:23:11] [Render thread/INFO] (PiriRuntimeAcceptance) PIRI_PHASE02_PACKET {"type":"PUBLIC_STATE","payload":{"sessionId":"078d0d75-5cc9-4666-a1b3-450e82603945","machineId":1,"expectedNextClientSequence":127,"gameState":"SEATED_READY","lifecycle":"ACTIVE","credit":0,"heldMedals":0,"bet":0,"pay":0,"bonusCount":0,"lampOn":true,"displayStops":{"left":4,"center":4,"right":4},"stoppedMask":7}}
[21:23:12] [Render thread/INFO] (PiriRuntimeAcceptance) PIRI_PHASE02_PACKET {"type":"PUBLIC_STATE","payload":{"sessionId":"078d0d75-5cc9-4666-a1b3-450e82603945","machineId":1,"expectedNextClientSequence":127,"gameState":"BONUS_ENTRY_SPINNING_REG","lifecycle":"ACTIVE","credit":0,"heldMedals":0,"bet":0,"pay":0,"bonusCount":0,"lampOn":true,"displayStops":{"left":4,"center":4,"right":4},"stoppedMask":0}}
[21:23:12] [Render thread/INFO] (PiriRuntimeAcceptance) PIRI_PHASE02_PACKET {"type":"SPIN_START","payload":{"sessionId":"078d0d75-5cc9-4666-a1b3-450e82603945","machineId":1,"spinId":"b665b990-96e8-489b-b331-f30de71fd2e4","mode":"BONUS_ENTRY","animation":"NORMAL","startPhase":{"left":4.0,"center":4.0,"right":4.0},"stopEnableAfterMs":400}}
[21:23:13] [Render thread/INFO] (PiriRuntimeAcceptance) PIRI_PHASE02_PACKET {"type":"ACTION_ACCEPTED","payload":{"clientSequence":127,"action":"STOP_LEFT"}}
[21:23:13] [Render thread/INFO] (PiriRuntimeAcceptance) PIRI_PHASE02_PACKET {"type":"REEL_STOP","payload":{"spinId":"b665b990-96e8-489b-b331-f30de71fd2e4","reel":"LEFT","pressedIndex":17,"stopIndex":15,"slip":2,"durationMs":180}}
[21:23:14] [Render thread/INFO] (PiriRuntimeAcceptance) PIRI_PHASE02_PACKET {"type":"ACTION_ACCEPTED","payload":{"clientSequence":128,"action":"STOP_CENTER"}}
[21:23:14] [Render thread/INFO] (PiriRuntimeAcceptance) PIRI_PHASE02_PACKET {"type":"REEL_STOP","payload":{"spinId":"b665b990-96e8-489b-b331-f30de71fd2e4","reel":"CENTER","pressedIndex":20,"stopIndex":4,"slip":16,"durationMs":880}}
[21:23:14] [Render thread/INFO] (PiriRuntimeAcceptance) PIRI_PHASE02_PACKET {"type":"TENPAI_SOUND","payload":{"spinId":"b665b990-96e8-489b-b331-f30de71fd2e4"}}
[21:23:14] [Render thread/INFO] (PiriRuntimeAcceptance) PIRI_PHASE02_PACKET {"type":"ACTION_ACCEPTED","payload":{"clientSequence":129,"action":"STOP_RIGHT"}}
[21:23:14] [Render thread/INFO] (PiriRuntimeAcceptance) PIRI_PHASE02_PACKET {"type":"REEL_STOP","payload":{"spinId":"b665b990-96e8-489b-b331-f30de71fd2e4","reel":"RIGHT","pressedIndex":11,"stopIndex":5,"slip":6,"durationMs":380}}
[21:23:14] [Render thread/INFO] (PiriRuntimeAcceptance) PIRI_PHASE02_PACKET {"type":"PUBLIC_STATE","payload":{"sessionId":"078d0d75-5cc9-4666-a1b3-450e82603945","machineId":1,"expectedNextClientSequence":130,"gameState":"SEATED_READY","lifecycle":"ACTIVE","credit":0,"heldMedals":0,"bet":0,"pay":0,"bonusCount":0,"lampOn":true,"displayStops":{"left":15,"center":4,"right":5},"stoppedMask":7}}
[21:23:16] [Render thread/INFO] (PiriRuntimeAcceptance) PIRI_PHASE02_PACKET {"type":"PUBLIC_STATE","payload":{"sessionId":"078d0d75-5cc9-4666-a1b3-450e82603945","machineId":1,"expectedNextClientSequence":130,"gameState":"BONUS_ENTRY_SPINNING_REG","lifecycle":"ACTIVE","credit":0,"heldMedals":0,"bet":0,"pay":0,"bonusCount":0,"lampOn":true,"displayStops":{"left":15,"center":4,"right":5},"stoppedMask":0}}
[21:23:16] [Render thread/INFO] (PiriRuntimeAcceptance) PIRI_PHASE02_PACKET {"type":"SPIN_START","payload":{"sessionId":"078d0d75-5cc9-4666-a1b3-450e82603945","machineId":1,"spinId":"0e200643-d3fb-473d-9de9-14951a2e7a39","mode":"BONUS_ENTRY","animation":"REVERSE_500MS","startPhase":{"left":15.0,"center":4.0,"right":5.0},"stopEnableAfterMs":800}}
[21:23:17] [Render thread/INFO] (PiriRuntimeAcceptance) PIRI_PHASE02_PACKET {"type":"ACTION_ACCEPTED","payload":{"clientSequence":130,"action":"STOP_LEFT"}}
[21:23:17] [Render thread/INFO] (PiriRuntimeAcceptance) PIRI_PHASE02_PACKET {"type":"REEL_STOP","payload":{"spinId":"0e200643-d3fb-473d-9de9-14951a2e7a39","reel":"LEFT","pressedIndex":10,"stopIndex":4,"slip":6,"durationMs":380}}
[21:23:17] [Render thread/INFO] (PiriRuntimeAcceptance) PIRI_PHASE02_PACKET {"type":"ACTION_ACCEPTED","payload":{"clientSequence":131,"action":"STOP_RIGHT"}}
[21:23:17] [Render thread/INFO] (PiriRuntimeAcceptance) PIRI_PHASE02_PACKET {"type":"REEL_STOP","payload":{"spinId":"0e200643-d3fb-473d-9de9-14951a2e7a39","reel":"RIGHT","pressedIndex":12,"stopIndex":5,"slip":7,"durationMs":430}}
[21:23:18] [Render thread/INFO] (PiriRuntimeAcceptance) PIRI_PHASE02_PACKET {"type":"ACTION_ACCEPTED","payload":{"clientSequence":132,"action":"STOP_CENTER"}}
[21:23:18] [Render thread/INFO] (PiriRuntimeAcceptance) PIRI_PHASE02_PACKET {"type":"REEL_STOP","payload":{"spinId":"0e200643-d3fb-473d-9de9-14951a2e7a39","reel":"CENTER","pressedIndex":2,"stopIndex":4,"slip":19,"durationMs":1030}}
[21:23:18] [Render thread/INFO] (PiriRuntimeAcceptance) PIRI_PHASE02_PACKET {"type":"PUBLIC_STATE","payload":{"sessionId":"078d0d75-5cc9-4666-a1b3-450e82603945","machineId":1,"expectedNextClientSequence":133,"gameState":"SEATED_READY","lifecycle":"ACTIVE","credit":0,"heldMedals":0,"bet":0,"pay":0,"bonusCount":0,"lampOn":true,"displayStops":{"left":4,"center":4,"right":5},"stoppedMask":7}}
[21:23:20] [Render thread/INFO] (PiriRuntimeAcceptance) PIRI_PHASE02_PACKET {"type":"PUBLIC_STATE","payload":{"sessionId":"078d0d75-5cc9-4666-a1b3-450e82603945","machineId":1,"expectedNextClientSequence":133,"gameState":"BONUS_ENTRY_SPINNING_REG","lifecycle":"ACTIVE","credit":0,"heldMedals":0,"bet":0,"pay":0,"bonusCount":0,"lampOn":true,"displayStops":{"left":4,"center":4,"right":5},"stoppedMask":0}}
[21:23:20] [Render thread/INFO] (PiriRuntimeAcceptance) PIRI_PHASE02_PACKET {"type":"SPIN_START","payload":{"sessionId":"078d0d75-5cc9-4666-a1b3-450e82603945","machineId":1,"spinId":"befd453a-22c9-41cb-bf16-bd2d3436e39a","mode":"BONUS_ENTRY","animation":"RESUME_NORMAL","startPhase":{"left":4.0,"center":4.0,"right":5.0},"stopEnableAfterMs":200}}
[21:23:20] [Render thread/INFO] (PiriRuntimeAcceptance) PIRI_PHASE02_PACKET {"type":"ACTION_ACCEPTED","payload":{"clientSequence":133,"action":"STOP_CENTER"}}
[21:23:20] [Render thread/INFO] (PiriRuntimeAcceptance) PIRI_PHASE02_PACKET {"type":"REEL_STOP","payload":{"spinId":"befd453a-22c9-41cb-bf16-bd2d3436e39a","reel":"CENTER","pressedIndex":16,"stopIndex":4,"slip":12,"durationMs":680}}
[21:23:21] [Render thread/INFO] (PiriRuntimeAcceptance) PIRI_PHASE02_PACKET {"type":"ACTION_ACCEPTED","payload":{"clientSequence":134,"action":"STOP_LEFT"}}
[21:23:21] [Render thread/INFO] (PiriRuntimeAcceptance) PIRI_PHASE02_PACKET {"type":"REEL_STOP","payload":{"spinId":"befd453a-22c9-41cb-bf16-bd2d3436e39a","reel":"LEFT","pressedIndex":6,"stopIndex":4,"slip":2,"durationMs":180}}
[21:23:21] [Render thread/INFO] (PiriRuntimeAcceptance) PIRI_PHASE02_PACKET {"type":"TENPAI_SOUND","payload":{"spinId":"befd453a-22c9-41cb-bf16-bd2d3436e39a"}}
[21:23:21] [Render thread/INFO] (PiriRuntimeAcceptance) PIRI_PHASE02_PACKET {"type":"ACTION_ACCEPTED","payload":{"clientSequence":135,"action":"STOP_RIGHT"}}
[21:23:21] [Render thread/INFO] (PiriRuntimeAcceptance) PIRI_PHASE02_PACKET {"type":"REEL_STOP","payload":{"spinId":"befd453a-22c9-41cb-bf16-bd2d3436e39a","reel":"RIGHT","pressedIndex":19,"stopIndex":5,"slip":14,"durationMs":780}}
[21:23:21] [Render thread/INFO] (PiriRuntimeAcceptance) PIRI_PHASE02_PACKET {"type":"PUBLIC_STATE","payload":{"sessionId":"078d0d75-5cc9-4666-a1b3-450e82603945","machineId":1,"expectedNextClientSequence":136,"gameState":"SEATED_READY","lifecycle":"ACTIVE","credit":0,"heldMedals":0,"bet":0,"pay":0,"bonusCount":0,"lampOn":true,"displayStops":{"left":4,"center":4,"right":5},"stoppedMask":7}}
[21:23:22] [Render thread/INFO] (PiriRuntimeAcceptance) PIRI_PHASE02_PACKET {"type":"PUBLIC_STATE","payload":{"sessionId":"078d0d75-5cc9-4666-a1b3-450e82603945","machineId":1,"expectedNextClientSequence":136,"gameState":"BONUS_ENTRY_SPINNING_REG","lifecycle":"ACTIVE","credit":0,"heldMedals":0,"bet":0,"pay":0,"bonusCount":0,"lampOn":true,"displayStops":{"left":4,"center":4,"right":5},"stoppedMask":0}}
[21:23:22] [Render thread/INFO] (PiriRuntimeAcceptance) PIRI_PHASE02_PACKET {"type":"SPIN_START","payload":{"sessionId":"078d0d75-5cc9-4666-a1b3-450e82603945","machineId":1,"spinId":"af3b1d76-fbe9-4b7e-ac42-8bfba60ed06f","mode":"BONUS_ENTRY","animation":"NORMAL","startPhase":{"left":4.0,"center":4.0,"right":5.0},"stopEnableAfterMs":400}}
[21:23:23] [Render thread/INFO] (PiriRuntimeAcceptance) PIRI_PHASE02_PACKET {"type":"ACTION_ACCEPTED","payload":{"clientSequence":136,"action":"STOP_CENTER"}}
[21:23:23] [Render thread/INFO] (PiriRuntimeAcceptance) PIRI_PHASE02_PACKET {"type":"REEL_STOP","payload":{"spinId":"af3b1d76-fbe9-4b7e-ac42-8bfba60ed06f","reel":"CENTER","pressedIndex":17,"stopIndex":4,"slip":13,"durationMs":730}}
[21:23:24] [Render thread/INFO] (PiriRuntimeAcceptance) PIRI_PHASE02_PACKET {"type":"ACTION_ACCEPTED","payload":{"clientSequence":137,"action":"STOP_RIGHT"}}
[21:23:24] [Render thread/INFO] (PiriRuntimeAcceptance) PIRI_PHASE02_PACKET {"type":"REEL_STOP","payload":{"spinId":"af3b1d76-fbe9-4b7e-ac42-8bfba60ed06f","reel":"RIGHT","pressedIndex":9,"stopIndex":5,"slip":4,"durationMs":280}}
[21:23:24] [Render thread/INFO] (PiriRuntimeAcceptance) PIRI_PHASE02_PACKET {"type":"ACTION_ACCEPTED","payload":{"clientSequence":138,"action":"STOP_LEFT"}}
[21:23:24] [Render thread/INFO] (PiriRuntimeAcceptance) PIRI_PHASE02_PACKET {"type":"REEL_STOP","payload":{"spinId":"af3b1d76-fbe9-4b7e-ac42-8bfba60ed06f","reel":"LEFT","pressedIndex":20,"stopIndex":15,"slip":5,"durationMs":330}}
[21:23:24] [Render thread/INFO] (PiriRuntimeAcceptance) PIRI_PHASE02_PACKET {"type":"PUBLIC_STATE","payload":{"sessionId":"078d0d75-5cc9-4666-a1b3-450e82603945","machineId":1,"expectedNextClientSequence":139,"gameState":"SEATED_READY","lifecycle":"ACTIVE","credit":0,"heldMedals":0,"bet":0,"pay":0,"bonusCount":0,"lampOn":true,"displayStops":{"left":15,"center":4,"right":5},"stoppedMask":7}}
[21:23:25] [Render thread/INFO] (PiriRuntimeAcceptance) PIRI_PHASE02_PACKET {"type":"PUBLIC_STATE","payload":{"sessionId":"078d0d75-5cc9-4666-a1b3-450e82603945","machineId":1,"expectedNextClientSequence":139,"gameState":"BONUS_ENTRY_SPINNING_REG","lifecycle":"ACTIVE","credit":0,"heldMedals":0,"bet":0,"pay":0,"bonusCount":0,"lampOn":true,"displayStops":{"left":15,"center":4,"right":5},"stoppedMask":0}}
[21:23:25] [Render thread/INFO] (PiriRuntimeAcceptance) PIRI_PHASE02_PACKET {"type":"SPIN_START","payload":{"sessionId":"078d0d75-5cc9-4666-a1b3-450e82603945","machineId":1,"spinId":"6da853a9-94eb-4f69-a1c0-98ce13e917e6","mode":"BONUS_ENTRY","animation":"REVERSE_500MS","startPhase":{"left":15.0,"center":4.0,"right":5.0},"stopEnableAfterMs":800}}
[21:23:26] [Render thread/INFO] (PiriRuntimeAcceptance) PIRI_PHASE02_PACKET {"type":"ACTION_ACCEPTED","payload":{"clientSequence":139,"action":"STOP_RIGHT"}}
[21:23:26] [Render thread/INFO] (PiriRuntimeAcceptance) PIRI_PHASE02_PACKET {"type":"REEL_STOP","payload":{"spinId":"6da853a9-94eb-4f69-a1c0-98ce13e917e6","reel":"RIGHT","pressedIndex":20,"stopIndex":5,"slip":15,"durationMs":830}}
[21:23:27] [Render thread/INFO] (PiriRuntimeAcceptance) PIRI_PHASE02_PACKET {"type":"ACTION_ACCEPTED","payload":{"clientSequence":140,"action":"STOP_LEFT"}}
[21:23:27] [Render thread/INFO] (PiriRuntimeAcceptance) PIRI_PHASE02_PACKET {"type":"REEL_STOP","payload":{"spinId":"6da853a9-94eb-4f69-a1c0-98ce13e917e6","reel":"LEFT","pressedIndex":0,"stopIndex":15,"slip":6,"durationMs":380}}
[21:23:27] [Render thread/INFO] (PiriRuntimeAcceptance) PIRI_PHASE02_PACKET {"type":"ACTION_ACCEPTED","payload":{"clientSequence":141,"action":"STOP_CENTER"}}
[21:23:27] [Render thread/INFO] (PiriRuntimeAcceptance) PIRI_PHASE02_PACKET {"type":"REEL_STOP","payload":{"spinId":"6da853a9-94eb-4f69-a1c0-98ce13e917e6","reel":"CENTER","pressedIndex":1,"stopIndex":4,"slip":18,"durationMs":980}}
[21:23:27] [Render thread/INFO] (PiriRuntimeAcceptance) PIRI_PHASE02_PACKET {"type":"PUBLIC_STATE","payload":{"sessionId":"078d0d75-5cc9-4666-a1b3-450e82603945","machineId":1,"expectedNextClientSequence":142,"gameState":"SEATED_READY","lifecycle":"ACTIVE","credit":0,"heldMedals":0,"bet":0,"pay":0,"bonusCount":0,"lampOn":true,"displayStops":{"left":15,"center":4,"right":5},"stoppedMask":7}}
[21:23:29] [Render thread/INFO] (PiriRuntimeAcceptance) PIRI_PHASE02_PACKET {"type":"PUBLIC_STATE","payload":{"sessionId":"078d0d75-5cc9-4666-a1b3-450e82603945","machineId":1,"expectedNextClientSequence":142,"gameState":"BONUS_ENTRY_SPINNING_REG","lifecycle":"ACTIVE","credit":0,"heldMedals":0,"bet":0,"pay":0,"bonusCount":0,"lampOn":true,"displayStops":{"left":15,"center":4,"right":5},"stoppedMask":0}}
[21:23:29] [Render thread/INFO] (PiriRuntimeAcceptance) PIRI_PHASE02_PACKET {"type":"SPIN_START","payload":{"sessionId":"078d0d75-5cc9-4666-a1b3-450e82603945","machineId":1,"spinId":"c09dde18-cd59-4088-91c5-a0bf6ac2cf8b","mode":"BONUS_ENTRY","animation":"RESUME_NORMAL","startPhase":{"left":15.0,"center":4.0,"right":5.0},"stopEnableAfterMs":200}}
[21:23:29] [Render thread/INFO] (PiriRuntimeAcceptance) PIRI_PHASE02_PACKET {"type":"ACTION_ACCEPTED","payload":{"clientSequence":142,"action":"STOP_RIGHT"}}
[21:23:29] [Render thread/INFO] (PiriRuntimeAcceptance) PIRI_PHASE02_PACKET {"type":"REEL_STOP","payload":{"spinId":"c09dde18-cd59-4088-91c5-a0bf6ac2cf8b","reel":"RIGHT","pressedIndex":12,"stopIndex":5,"slip":7,"durationMs":430}}
[21:23:30] [Render thread/INFO] (PiriRuntimeAcceptance) PIRI_PHASE02_PACKET {"type":"ACTION_ACCEPTED","payload":{"clientSequence":143,"action":"STOP_CENTER"}}
[21:23:30] [Render thread/INFO] (PiriRuntimeAcceptance) PIRI_PHASE02_PACKET {"type":"REEL_STOP","payload":{"spinId":"c09dde18-cd59-4088-91c5-a0bf6ac2cf8b","reel":"CENTER","pressedIndex":2,"stopIndex":4,"slip":19,"durationMs":1030}}
[21:23:30] [Render thread/INFO] (PiriRuntimeAcceptance) PIRI_PHASE02_PACKET {"type":"ACTION_ACCEPTED","payload":{"clientSequence":144,"action":"STOP_LEFT"}}
[21:23:30] [Render thread/INFO] (PiriRuntimeAcceptance) PIRI_PHASE02_PACKET {"type":"REEL_STOP","payload":{"spinId":"c09dde18-cd59-4088-91c5-a0bf6ac2cf8b","reel":"LEFT","pressedIndex":4,"stopIndex":4,"slip":0,"durationMs":80}}
[21:23:30] [Render thread/INFO] (PiriRuntimeAcceptance) PIRI_PHASE02_PACKET {"type":"PUBLIC_STATE","payload":{"sessionId":"078d0d75-5cc9-4666-a1b3-450e82603945","machineId":1,"expectedNextClientSequence":145,"gameState":"SEATED_READY","lifecycle":"ACTIVE","credit":0,"heldMedals":0,"bet":0,"pay":0,"bonusCount":0,"lampOn":true,"displayStops":{"left":4,"center":4,"right":5},"stoppedMask":7}}
[21:23:31] [Render thread/INFO] (PiriRuntimeAcceptance) PIRI_PHASE02_PACKET {"type":"PUBLIC_STATE","payload":{"sessionId":"078d0d75-5cc9-4666-a1b3-450e82603945","machineId":1,"expectedNextClientSequence":145,"gameState":"NORMAL_SPINNING","lifecycle":"ACTIVE","credit":0,"heldMedals":0,"bet":0,"pay":0,"bonusCount":0,"lampOn":false,"displayStops":{"left":4,"center":4,"right":5},"stoppedMask":0}}
[21:23:31] [Render thread/INFO] (PiriRuntimeAcceptance) PIRI_PHASE02_PACKET {"type":"SPIN_START","payload":{"sessionId":"078d0d75-5cc9-4666-a1b3-450e82603945","machineId":1,"spinId":"36ecb2fd-5806-4ce5-ba81-2ae7cdeb229d","mode":"NORMAL","animation":"NORMAL","startPhase":{"left":4.0,"center":4.0,"right":5.0},"stopEnableAfterMs":400}}
[21:23:32] [Render thread/INFO] (PiriRuntimeAcceptance) PIRI_PHASE02_PACKET {"type":"ACTION_ACCEPTED","payload":{"clientSequence":145,"action":"STOP_LEFT"}}
[21:23:32] [Render thread/INFO] (PiriRuntimeAcceptance) PIRI_PHASE02_PACKET {"type":"REEL_STOP","payload":{"spinId":"36ecb2fd-5806-4ce5-ba81-2ae7cdeb229d","reel":"LEFT","pressedIndex":17,"stopIndex":8,"slip":9,"durationMs":530}}
[21:23:33] [Render thread/INFO] (PiriRuntimeAcceptance) PIRI_PHASE02_PACKET {"type":"ACTION_ACCEPTED","payload":{"clientSequence":146,"action":"STOP_CENTER"}}
[21:23:33] [Render thread/INFO] (PiriRuntimeAcceptance) PIRI_PHASE02_PACKET {"type":"REEL_STOP","payload":{"spinId":"36ecb2fd-5806-4ce5-ba81-2ae7cdeb229d","reel":"CENTER","pressedIndex":4,"stopIndex":4,"slip":0,"durationMs":80}}
[21:23:33] [Render thread/INFO] (PiriRuntimeAcceptance) PIRI_PHASE02_PACKET {"type":"ACTION_ACCEPTED","payload":{"clientSequence":147,"action":"STOP_RIGHT"}}
[21:23:33] [Render thread/INFO] (PiriRuntimeAcceptance) PIRI_PHASE02_PACKET {"type":"REEL_STOP","payload":{"spinId":"36ecb2fd-5806-4ce5-ba81-2ae7cdeb229d","reel":"RIGHT","pressedIndex":17,"stopIndex":17,"slip":0,"durationMs":80}}
[21:23:33] [Render thread/INFO] (PiriRuntimeAcceptance) PIRI_PHASE02_PACKET {"type":"PUBLIC_STATE","payload":{"sessionId":"078d0d75-5cc9-4666-a1b3-450e82603945","machineId":1,"expectedNextClientSequence":148,"gameState":"SEATED_READY","lifecycle":"ACTIVE","credit":0,"heldMedals":0,"bet":0,"pay":0,"bonusCount":0,"lampOn":false,"displayStops":{"left":8,"center":4,"right":17},"stoppedMask":7}}
[21:23:35] [Render thread/INFO] (PiriRuntimeAcceptance) PIRI_PHASE02_PACKET {"type":"PUBLIC_STATE","payload":{"sessionId":"078d0d75-5cc9-4666-a1b3-450e82603945","machineId":1,"expectedNextClientSequence":148,"gameState":"NORMAL_SPINNING","lifecycle":"ACTIVE","credit":0,"heldMedals":0,"bet":0,"pay":0,"bonusCount":0,"lampOn":false,"displayStops":{"left":8,"center":4,"right":17},"stoppedMask":0}}
[21:23:35] [Render thread/INFO] (PiriRuntimeAcceptance) PIRI_PHASE02_PACKET {"type":"SPIN_START","payload":{"sessionId":"078d0d75-5cc9-4666-a1b3-450e82603945","machineId":1,"spinId":"9d3ff1fd-fb15-4b4d-83d9-f023ab4684c1","mode":"NORMAL","animation":"REVERSE_500MS","startPhase":{"left":8.0,"center":4.0,"right":17.0},"stopEnableAfterMs":800}}
[21:23:36] [Render thread/INFO] (PiriRuntimeAcceptance) PIRI_PHASE02_PACKET {"type":"ACTION_ACCEPTED","payload":{"clientSequence":148,"action":"STOP_LEFT"}}
[21:23:36] [Render thread/INFO] (PiriRuntimeAcceptance) PIRI_PHASE02_PACKET {"type":"REEL_STOP","payload":{"spinId":"9d3ff1fd-fb15-4b4d-83d9-f023ab4684c1","reel":"LEFT","pressedIndex":3,"stopIndex":20,"slip":4,"durationMs":280}}
[21:23:36] [Render thread/INFO] (PiriRuntimeAcceptance) PIRI_PHASE02_PACKET {"type":"ACTION_ACCEPTED","payload":{"clientSequence":149,"action":"STOP_RIGHT"}}
[21:23:36] [Render thread/INFO] (PiriRuntimeAcceptance) PIRI_PHASE02_PACKET {"type":"REEL_STOP","payload":{"spinId":"9d3ff1fd-fb15-4b4d-83d9-f023ab4684c1","reel":"RIGHT","pressedIndex":3,"stopIndex":3,"slip":0,"durationMs":80}}
[21:23:37] [Render thread/INFO] (PiriRuntimeAcceptance) PIRI_PHASE02_PACKET {"type":"ACTION_ACCEPTED","payload":{"clientSequence":150,"action":"STOP_CENTER"}}
[21:23:37] [Render thread/INFO] (PiriRuntimeAcceptance) PIRI_PHASE02_PACKET {"type":"REEL_STOP","payload":{"spinId":"9d3ff1fd-fb15-4b4d-83d9-f023ab4684c1","reel":"CENTER","pressedIndex":2,"stopIndex":2,"slip":0,"durationMs":80}}
[21:23:37] [Render thread/INFO] (PiriRuntimeAcceptance) PIRI_PHASE02_PACKET {"type":"PUBLIC_STATE","payload":{"sessionId":"078d0d75-5cc9-4666-a1b3-450e82603945","machineId":1,"expectedNextClientSequence":151,"gameState":"SEATED_READY","lifecycle":"ACTIVE","credit":0,"heldMedals":0,"bet":0,"pay":0,"bonusCount":0,"lampOn":false,"displayStops":{"left":20,"center":2,"right":3},"stoppedMask":7}}
[21:23:37] [Render thread/INFO] (PiriRuntimeAcceptance) PIRI_PHASE02_PACKET {"type":"PUBLIC_STATE","payload":{"sessionId":"078d0d75-5cc9-4666-a1b3-450e82603945","machineId":1,"expectedNextClientSequence":151,"gameState":"NORMAL_SPINNING","lifecycle":"ACTIVE","credit":0,"heldMedals":0,"bet":0,"pay":0,"bonusCount":0,"lampOn":false,"displayStops":{"left":20,"center":2,"right":3},"stoppedMask":0}}
[21:23:37] [Render thread/INFO] (PiriRuntimeAcceptance) PIRI_PHASE02_PACKET {"type":"SPIN_START","payload":{"sessionId":"078d0d75-5cc9-4666-a1b3-450e82603945","machineId":1,"spinId":"d01ddc9d-9773-44c6-b7a2-c42f852c809e","mode":"NORMAL","animation":"RESUME_NORMAL","startPhase":{"left":20.0,"center":2.0,"right":3.0},"stopEnableAfterMs":200}}
[21:23:38] [Render thread/INFO] (PiriRuntimeAcceptance) PIRI_PHASE02_PACKET {"type":"ACTION_ACCEPTED","payload":{"clientSequence":151,"action":"STOP_CENTER"}}
[21:23:38] [Render thread/INFO] (PiriRuntimeAcceptance) PIRI_PHASE02_PACKET {"type":"REEL_STOP","payload":{"spinId":"d01ddc9d-9773-44c6-b7a2-c42f852c809e","reel":"CENTER","pressedIndex":13,"stopIndex":13,"slip":0,"durationMs":80}}
[21:23:39] [Render thread/INFO] (PiriRuntimeAcceptance) PIRI_PHASE02_PACKET {"type":"ACTION_ACCEPTED","payload":{"clientSequence":152,"action":"STOP_LEFT"}}
[21:23:39] [Render thread/INFO] (PiriRuntimeAcceptance) PIRI_PHASE02_PACKET {"type":"REEL_STOP","payload":{"spinId":"d01ddc9d-9773-44c6-b7a2-c42f852c809e","reel":"LEFT","pressedIndex":13,"stopIndex":8,"slip":5,"durationMs":330}}
[21:23:39] [Render thread/INFO] (PiriRuntimeAcceptance) PIRI_PHASE02_PACKET {"type":"ACTION_ACCEPTED","payload":{"clientSequence":153,"action":"STOP_RIGHT"}}
[21:23:39] [Render thread/INFO] (PiriRuntimeAcceptance) PIRI_PHASE02_PACKET {"type":"REEL_STOP","payload":{"spinId":"d01ddc9d-9773-44c6-b7a2-c42f852c809e","reel":"RIGHT","pressedIndex":8,"stopIndex":7,"slip":1,"durationMs":130}}
[21:23:39] [Render thread/INFO] (PiriRuntimeAcceptance) PIRI_PHASE02_PACKET {"type":"PUBLIC_STATE","payload":{"sessionId":"078d0d75-5cc9-4666-a1b3-450e82603945","machineId":1,"expectedNextClientSequence":154,"gameState":"SEATED_READY","lifecycle":"ACTIVE","credit":0,"heldMedals":0,"bet":0,"pay":0,"bonusCount":0,"lampOn":false,"displayStops":{"left":8,"center":13,"right":7},"stoppedMask":7}}
[21:23:40] [Render thread/INFO] (PiriRuntimeAcceptance) PIRI_PHASE02_PACKET {"type":"PUBLIC_STATE","payload":{"sessionId":"078d0d75-5cc9-4666-a1b3-450e82603945","machineId":1,"expectedNextClientSequence":154,"gameState":"NORMAL_SPINNING","lifecycle":"ACTIVE","credit":0,"heldMedals":0,"bet":0,"pay":0,"bonusCount":0,"lampOn":false,"displayStops":{"left":8,"center":13,"right":7},"stoppedMask":0}}
[21:23:40] [Render thread/INFO] (PiriRuntimeAcceptance) PIRI_PHASE02_PACKET {"type":"SPIN_START","payload":{"sessionId":"078d0d75-5cc9-4666-a1b3-450e82603945","machineId":1,"spinId":"f501b2c3-eb8d-4cac-989f-02d94faf2aec","mode":"NORMAL","animation":"NORMAL","startPhase":{"left":8.0,"center":13.0,"right":7.0},"stopEnableAfterMs":400}}
[21:23:41] [Render thread/INFO] (PiriRuntimeAcceptance) PIRI_PHASE02_PACKET {"type":"ACTION_ACCEPTED","payload":{"clientSequence":154,"action":"STOP_CENTER"}}
[21:23:41] [Render thread/INFO] (PiriRuntimeAcceptance) PIRI_PHASE02_PACKET {"type":"REEL_STOP","payload":{"spinId":"f501b2c3-eb8d-4cac-989f-02d94faf2aec","reel":"CENTER","pressedIndex":5,"stopIndex":5,"slip":0,"durationMs":80}}
[21:23:41] [Render thread/INFO] (PiriRuntimeAcceptance) PIRI_PHASE02_PACKET {"type":"ACTION_ACCEPTED","payload":{"clientSequence":155,"action":"STOP_RIGHT"}}
[21:23:41] [Render thread/INFO] (PiriRuntimeAcceptance) PIRI_PHASE02_PACKET {"type":"REEL_STOP","payload":{"spinId":"f501b2c3-eb8d-4cac-989f-02d94faf2aec","reel":"RIGHT","pressedIndex":11,"stopIndex":11,"slip":0,"durationMs":80}}
[21:23:42] [Render thread/INFO] (PiriRuntimeAcceptance) PIRI_PHASE02_PACKET {"type":"ACTION_ACCEPTED","payload":{"clientSequence":156,"action":"STOP_LEFT"}}
[21:23:42] [Render thread/INFO] (PiriRuntimeAcceptance) PIRI_PHASE02_PACKET {"type":"REEL_STOP","payload":{"spinId":"f501b2c3-eb8d-4cac-989f-02d94faf2aec","reel":"LEFT","pressedIndex":19,"stopIndex":8,"slip":11,"durationMs":630}}
[21:23:42] [Render thread/INFO] (PiriRuntimeAcceptance) PIRI_PHASE02_PACKET {"type":"PUBLIC_STATE","payload":{"sessionId":"078d0d75-5cc9-4666-a1b3-450e82603945","machineId":1,"expectedNextClientSequence":157,"gameState":"SEATED_READY","lifecycle":"ACTIVE","credit":0,"heldMedals":0,"bet":0,"pay":0,"bonusCount":0,"lampOn":false,"displayStops":{"left":8,"center":5,"right":11},"stoppedMask":7}}
[21:23:43] [Render thread/INFO] (PiriRuntimeAcceptance) PIRI_PHASE02_PACKET {"type":"PUBLIC_STATE","payload":{"sessionId":"078d0d75-5cc9-4666-a1b3-450e82603945","machineId":1,"expectedNextClientSequence":157,"gameState":"NORMAL_SPINNING","lifecycle":"ACTIVE","credit":0,"heldMedals":0,"bet":0,"pay":0,"bonusCount":0,"lampOn":false,"displayStops":{"left":8,"center":5,"right":11},"stoppedMask":0}}
[21:23:43] [Render thread/INFO] (PiriRuntimeAcceptance) PIRI_PHASE02_PACKET {"type":"SPIN_START","payload":{"sessionId":"078d0d75-5cc9-4666-a1b3-450e82603945","machineId":1,"spinId":"9e9cb35f-8989-4959-8e40-7e116540b6f4","mode":"NORMAL","animation":"REVERSE_500MS","startPhase":{"left":8.0,"center":5.0,"right":11.0},"stopEnableAfterMs":800}}
[21:23:44] [Render thread/INFO] (PiriRuntimeAcceptance) PIRI_PHASE02_PACKET {"type":"ACTION_ACCEPTED","payload":{"clientSequence":157,"action":"STOP_RIGHT"}}
[21:23:44] [Render thread/INFO] (PiriRuntimeAcceptance) PIRI_PHASE02_PACKET {"type":"REEL_STOP","payload":{"spinId":"9e9cb35f-8989-4959-8e40-7e116540b6f4","reel":"RIGHT","pressedIndex":1,"stopIndex":1,"slip":0,"durationMs":80}}
[21:23:45] [Render thread/INFO] (PiriRuntimeAcceptance) PIRI_PHASE02_PACKET {"type":"ACTION_ACCEPTED","payload":{"clientSequence":158,"action":"STOP_LEFT"}}
[21:23:45] [Render thread/INFO] (PiriRuntimeAcceptance) PIRI_PHASE02_PACKET {"type":"REEL_STOP","payload":{"spinId":"9e9cb35f-8989-4959-8e40-7e116540b6f4","reel":"LEFT","pressedIndex":10,"stopIndex":8,"slip":2,"durationMs":180}}
[21:23:45] [Render thread/INFO] (PiriRuntimeAcceptance) PIRI_PHASE02_PACKET {"type":"ACTION_ACCEPTED","payload":{"clientSequence":159,"action":"STOP_CENTER"}}
[21:23:45] [Render thread/INFO] (PiriRuntimeAcceptance) PIRI_PHASE02_PACKET {"type":"REEL_STOP","payload":{"spinId":"9e9cb35f-8989-4959-8e40-7e116540b6f4","reel":"CENTER","pressedIndex":19,"stopIndex":19,"slip":0,"durationMs":80}}
[21:23:45] [Render thread/INFO] (PiriRuntimeAcceptance) PIRI_PHASE02_PACKET {"type":"PUBLIC_STATE","payload":{"sessionId":"078d0d75-5cc9-4666-a1b3-450e82603945","machineId":1,"expectedNextClientSequence":160,"gameState":"SEATED_READY","lifecycle":"ACTIVE","credit":0,"heldMedals":0,"bet":0,"pay":0,"bonusCount":0,"lampOn":false,"displayStops":{"left":8,"center":19,"right":1},"stoppedMask":7}}
[21:23:46] [Render thread/INFO] (PiriRuntimeAcceptance) PIRI_PHASE02_PACKET {"type":"PUBLIC_STATE","payload":{"sessionId":"078d0d75-5cc9-4666-a1b3-450e82603945","machineId":1,"expectedNextClientSequence":160,"gameState":"NORMAL_SPINNING","lifecycle":"ACTIVE","credit":0,"heldMedals":0,"bet":0,"pay":0,"bonusCount":0,"lampOn":false,"displayStops":{"left":8,"center":19,"right":1},"stoppedMask":0}}
[21:23:46] [Render thread/INFO] (PiriRuntimeAcceptance) PIRI_PHASE02_PACKET {"type":"SPIN_START","payload":{"sessionId":"078d0d75-5cc9-4666-a1b3-450e82603945","machineId":1,"spinId":"294e7532-3ce0-4306-9926-8b5be6d19466","mode":"NORMAL","animation":"RESUME_NORMAL","startPhase":{"left":8.0,"center":19.0,"right":1.0},"stopEnableAfterMs":200}}
[21:23:46] [Render thread/INFO] (PiriRuntimeAcceptance) PIRI_PHASE02_PACKET {"type":"ACTION_ACCEPTED","payload":{"clientSequence":160,"action":"STOP_RIGHT"}}
[21:23:46] [Render thread/INFO] (PiriRuntimeAcceptance) PIRI_PHASE02_PACKET {"type":"REEL_STOP","payload":{"spinId":"294e7532-3ce0-4306-9926-8b5be6d19466","reel":"RIGHT","pressedIndex":13,"stopIndex":13,"slip":0,"durationMs":80}}
[21:23:47] [Render thread/INFO] (PiriRuntimeAcceptance) PIRI_PHASE02_PACKET {"type":"ACTION_ACCEPTED","payload":{"clientSequence":161,"action":"STOP_CENTER"}}
[21:23:47] [Render thread/INFO] (PiriRuntimeAcceptance) PIRI_PHASE02_PACKET {"type":"REEL_STOP","payload":{"spinId":"294e7532-3ce0-4306-9926-8b5be6d19466","reel":"CENTER","pressedIndex":17,"stopIndex":17,"slip":0,"durationMs":80}}
[21:23:48] [Render thread/INFO] (PiriRuntimeAcceptance) PIRI_PHASE02_PACKET {"type":"ACTION_ACCEPTED","payload":{"clientSequence":162,"action":"STOP_LEFT"}}
[21:23:48] [Render thread/INFO] (PiriRuntimeAcceptance) PIRI_PHASE02_PACKET {"type":"REEL_STOP","payload":{"spinId":"294e7532-3ce0-4306-9926-8b5be6d19466","reel":"LEFT","pressedIndex":13,"stopIndex":8,"slip":5,"durationMs":330}}
[21:23:48] [Render thread/INFO] (PiriRuntimeAcceptance) PIRI_PHASE02_PACKET {"type":"PUBLIC_STATE","payload":{"sessionId":"078d0d75-5cc9-4666-a1b3-450e82603945","machineId":1,"expectedNextClientSequence":163,"gameState":"SEATED_READY","lifecycle":"ACTIVE","credit":0,"heldMedals":0,"bet":0,"pay":0,"bonusCount":0,"lampOn":false,"displayStops":{"left":8,"center":17,"right":13},"stoppedMask":7}}
[21:23:49] [Render thread/INFO] (PiriRuntimeAcceptance) PIRI_PHASE02_PACKET {"type":"PUBLIC_STATE","payload":{"sessionId":"078d0d75-5cc9-4666-a1b3-450e82603945","machineId":1,"expectedNextClientSequence":163,"gameState":"NORMAL_SPINNING","lifecycle":"ACTIVE","credit":0,"heldMedals":0,"bet":0,"pay":0,"bonusCount":0,"lampOn":false,"displayStops":{"left":8,"center":17,"right":13},"stoppedMask":0}}
[21:23:49] [Render thread/INFO] (PiriRuntimeAcceptance) PIRI_PHASE02_PACKET {"type":"SPIN_START","payload":{"sessionId":"078d0d75-5cc9-4666-a1b3-450e82603945","machineId":1,"spinId":"239836c8-a973-4485-8536-1c2645e5b041","mode":"NORMAL","animation":"NORMAL","startPhase":{"left":8.0,"center":17.0,"right":13.0},"stopEnableAfterMs":400}}
[21:23:49] [Render thread/INFO] (PiriRuntimeAcceptance) PIRI_PHASE02_PACKET {"type":"ACTION_ACCEPTED","payload":{"clientSequence":163,"action":"STOP_LEFT"}}
[21:23:49] [Render thread/INFO] (PiriRuntimeAcceptance) PIRI_PHASE02_PACKET {"type":"REEL_STOP","payload":{"spinId":"239836c8-a973-4485-8536-1c2645e5b041","reel":"LEFT","pressedIndex":0,"stopIndex":18,"slip":3,"durationMs":230}}
[21:23:50] [Render thread/INFO] (PiriRuntimeAcceptance) PIRI_PHASE02_PACKET {"type":"ACTION_ACCEPTED","payload":{"clientSequence":164,"action":"STOP_CENTER"}}
[21:23:50] [Render thread/INFO] (PiriRuntimeAcceptance) PIRI_PHASE02_PACKET {"type":"REEL_STOP","payload":{"spinId":"239836c8-a973-4485-8536-1c2645e5b041","reel":"CENTER","pressedIndex":0,"stopIndex":0,"slip":0,"durationMs":80}}
[21:23:50] [Render thread/INFO] (PiriRuntimeAcceptance) PIRI_PHASE02_PACKET {"type":"TENPAI_SOUND","payload":{"spinId":"239836c8-a973-4485-8536-1c2645e5b041"}}
[21:23:51] [Render thread/INFO] (PiriRuntimeAcceptance) PIRI_PHASE02_PACKET {"type":"ACTION_ACCEPTED","payload":{"clientSequence":165,"action":"STOP_RIGHT"}}
[21:23:51] [Render thread/INFO] (PiriRuntimeAcceptance) PIRI_PHASE02_PACKET {"type":"REEL_STOP","payload":{"spinId":"239836c8-a973-4485-8536-1c2645e5b041","reel":"RIGHT","pressedIndex":4,"stopIndex":4,"slip":0,"durationMs":80}}
[21:23:51] [Render thread/INFO] (PiriRuntimeAcceptance) PIRI_PHASE02_PACKET {"type":"PUBLIC_STATE","payload":{"sessionId":"078d0d75-5cc9-4666-a1b3-450e82603945","machineId":1,"expectedNextClientSequence":166,"gameState":"SEATED_READY","lifecycle":"ACTIVE","credit":0,"heldMedals":0,"bet":0,"pay":0,"bonusCount":0,"lampOn":false,"displayStops":{"left":18,"center":0,"right":4},"stoppedMask":7}}
[21:23:52] [Render thread/INFO] (PiriRuntimeAcceptance) PIRI_PHASE02_PACKET {"type":"PUBLIC_STATE","payload":{"sessionId":"078d0d75-5cc9-4666-a1b3-450e82603945","machineId":1,"expectedNextClientSequence":166,"gameState":"NORMAL_SPINNING","lifecycle":"ACTIVE","credit":0,"heldMedals":0,"bet":0,"pay":0,"bonusCount":0,"lampOn":false,"displayStops":{"left":18,"center":0,"right":4},"stoppedMask":0}}
[21:23:52] [Render thread/INFO] (PiriRuntimeAcceptance) PIRI_PHASE02_PACKET {"type":"SPIN_START","payload":{"sessionId":"078d0d75-5cc9-4666-a1b3-450e82603945","machineId":1,"spinId":"91f0b5d3-0ac2-4c6e-84cd-47ec8d7cfeb7","mode":"NORMAL","animation":"REVERSE_500MS","startPhase":{"left":18.0,"center":0.0,"right":4.0},"stopEnableAfterMs":800}}
[21:23:53] [Render thread/INFO] (PiriRuntimeAcceptance) PIRI_PHASE02_PACKET {"type":"ACTION_ACCEPTED","payload":{"clientSequence":166,"action":"STOP_LEFT"}}
[21:23:53] [Render thread/INFO] (PiriRuntimeAcceptance) PIRI_PHASE02_PACKET {"type":"REEL_STOP","payload":{"spinId":"91f0b5d3-0ac2-4c6e-84cd-47ec8d7cfeb7","reel":"LEFT","pressedIndex":13,"stopIndex":13,"slip":0,"durationMs":80}}
[21:23:54] [Render thread/INFO] (PiriRuntimeAcceptance) PIRI_PHASE02_PACKET {"type":"ACTION_ACCEPTED","payload":{"clientSequence":167,"action":"STOP_RIGHT"}}
[21:23:54] [Render thread/INFO] (PiriRuntimeAcceptance) PIRI_PHASE02_PACKET {"type":"REEL_STOP","payload":{"spinId":"91f0b5d3-0ac2-4c6e-84cd-47ec8d7cfeb7","reel":"RIGHT","pressedIndex":11,"stopIndex":11,"slip":0,"durationMs":80}}
[21:23:54] [Render thread/INFO] (PiriRuntimeAcceptance) PIRI_PHASE02_PACKET {"type":"TENPAI_SOUND","payload":{"spinId":"91f0b5d3-0ac2-4c6e-84cd-47ec8d7cfeb7"}}
[21:23:54] [Render thread/INFO] (PiriRuntimeAcceptance) PIRI_PHASE02_PACKET {"type":"ACTION_ACCEPTED","payload":{"clientSequence":168,"action":"STOP_CENTER"}}
[21:23:54] [Render thread/INFO] (PiriRuntimeAcceptance) PIRI_PHASE02_PACKET {"type":"REEL_STOP","payload":{"spinId":"91f0b5d3-0ac2-4c6e-84cd-47ec8d7cfeb7","reel":"CENTER","pressedIndex":19,"stopIndex":19,"slip":0,"durationMs":80}}
[21:23:54] [Render thread/INFO] (PiriRuntimeAcceptance) PIRI_PHASE02_PACKET {"type":"PUBLIC_STATE","payload":{"sessionId":"078d0d75-5cc9-4666-a1b3-450e82603945","machineId":1,"expectedNextClientSequence":169,"gameState":"SEATED_READY","lifecycle":"ACTIVE","credit":0,"heldMedals":0,"bet":0,"pay":0,"bonusCount":0,"lampOn":false,"displayStops":{"left":13,"center":19,"right":11},"stoppedMask":7}}
[21:23:55] [Render thread/INFO] (PiriRuntimeAcceptance) PIRI_PHASE02_PACKET {"type":"PUBLIC_STATE","payload":{"sessionId":"078d0d75-5cc9-4666-a1b3-450e82603945","machineId":1,"expectedNextClientSequence":169,"gameState":"NORMAL_SPINNING","lifecycle":"ACTIVE","credit":0,"heldMedals":0,"bet":0,"pay":0,"bonusCount":0,"lampOn":false,"displayStops":{"left":13,"center":19,"right":11},"stoppedMask":0}}
[21:23:55] [Render thread/INFO] (PiriRuntimeAcceptance) PIRI_PHASE02_PACKET {"type":"SPIN_START","payload":{"sessionId":"078d0d75-5cc9-4666-a1b3-450e82603945","machineId":1,"spinId":"9fabacf8-9a6a-4511-bee3-457a4a310905","mode":"NORMAL","animation":"RESUME_NORMAL","startPhase":{"left":13.0,"center":19.0,"right":11.0},"stopEnableAfterMs":200}}
[21:23:55] [Render thread/INFO] (PiriRuntimeAcceptance) PIRI_PHASE02_PACKET {"type":"ACTION_ACCEPTED","payload":{"clientSequence":169,"action":"STOP_CENTER"}}
[21:23:55] [Render thread/INFO] (PiriRuntimeAcceptance) PIRI_PHASE02_PACKET {"type":"REEL_STOP","payload":{"spinId":"9fabacf8-9a6a-4511-bee3-457a4a310905","reel":"CENTER","pressedIndex":5,"stopIndex":5,"slip":0,"durationMs":80}}
[21:23:56] [Render thread/INFO] (PiriRuntimeAcceptance) PIRI_PHASE02_PACKET {"type":"ACTION_ACCEPTED","payload":{"clientSequence":170,"action":"STOP_LEFT"}}
[21:23:56] [Render thread/INFO] (PiriRuntimeAcceptance) PIRI_PHASE02_PACKET {"type":"REEL_STOP","payload":{"spinId":"9fabacf8-9a6a-4511-bee3-457a4a310905","reel":"LEFT","pressedIndex":11,"stopIndex":11,"slip":0,"durationMs":80}}
[21:23:56] [Render thread/INFO] (PiriRuntimeAcceptance) PIRI_PHASE02_PACKET {"type":"TENPAI_SOUND","payload":{"spinId":"9fabacf8-9a6a-4511-bee3-457a4a310905"}}
[21:23:56] [Render thread/INFO] (PiriRuntimeAcceptance) PIRI_PHASE02_PACKET {"type":"ACTION_ACCEPTED","payload":{"clientSequence":171,"action":"STOP_RIGHT"}}
[21:23:56] [Render thread/INFO] (PiriRuntimeAcceptance) PIRI_PHASE02_PACKET {"type":"REEL_STOP","payload":{"spinId":"9fabacf8-9a6a-4511-bee3-457a4a310905","reel":"RIGHT","pressedIndex":0,"stopIndex":0,"slip":0,"durationMs":80}}
[21:23:56] [Render thread/INFO] (PiriRuntimeAcceptance) PIRI_PHASE02_PACKET {"type":"PUBLIC_STATE","payload":{"sessionId":"078d0d75-5cc9-4666-a1b3-450e82603945","machineId":1,"expectedNextClientSequence":172,"gameState":"SEATED_READY","lifecycle":"ACTIVE","credit":0,"heldMedals":0,"bet":0,"pay":0,"bonusCount":0,"lampOn":false,"displayStops":{"left":11,"center":5,"right":0},"stoppedMask":7}}
[21:23:57] [Render thread/INFO] (PiriRuntimeAcceptance) PIRI_PHASE02_PACKET {"type":"PUBLIC_STATE","payload":{"sessionId":"078d0d75-5cc9-4666-a1b3-450e82603945","machineId":1,"expectedNextClientSequence":172,"gameState":"NORMAL_SPINNING","lifecycle":"ACTIVE","credit":0,"heldMedals":0,"bet":0,"pay":0,"bonusCount":0,"lampOn":false,"displayStops":{"left":11,"center":5,"right":0},"stoppedMask":0}}
[21:23:57] [Render thread/INFO] (PiriRuntimeAcceptance) PIRI_PHASE02_PACKET {"type":"SPIN_START","payload":{"sessionId":"078d0d75-5cc9-4666-a1b3-450e82603945","machineId":1,"spinId":"330bef5f-c4aa-432b-9b33-832ecd7ba396","mode":"NORMAL","animation":"NORMAL","startPhase":{"left":11.0,"center":5.0,"right":0.0},"stopEnableAfterMs":400}}
[21:23:58] [Render thread/INFO] (PiriRuntimeAcceptance) PIRI_PHASE02_PACKET {"type":"ACTION_ACCEPTED","payload":{"clientSequence":172,"action":"STOP_CENTER"}}
[21:23:58] [Render thread/INFO] (PiriRuntimeAcceptance) PIRI_PHASE02_PACKET {"type":"REEL_STOP","payload":{"spinId":"330bef5f-c4aa-432b-9b33-832ecd7ba396","reel":"CENTER","pressedIndex":13,"stopIndex":13,"slip":0,"durationMs":80}}
[21:23:58] [Render thread/INFO] (PiriRuntimeAcceptance) PIRI_PHASE02_PACKET {"type":"ACTION_ACCEPTED","payload":{"clientSequence":173,"action":"STOP_RIGHT"}}
[21:23:58] [Render thread/INFO] (PiriRuntimeAcceptance) PIRI_PHASE02_PACKET {"type":"REEL_STOP","payload":{"spinId":"330bef5f-c4aa-432b-9b33-832ecd7ba396","reel":"RIGHT","pressedIndex":20,"stopIndex":20,"slip":0,"durationMs":80}}
[21:23:58] [Render thread/INFO] (PiriRuntimeAcceptance) PIRI_PHASE02_PACKET {"type":"TENPAI_SOUND","payload":{"spinId":"330bef5f-c4aa-432b-9b33-832ecd7ba396"}}
[21:23:59] [Render thread/INFO] (PiriRuntimeAcceptance) PIRI_PHASE02_PACKET {"type":"ACTION_ACCEPTED","payload":{"clientSequence":174,"action":"STOP_LEFT"}}
[21:23:59] [Render thread/INFO] (PiriRuntimeAcceptance) PIRI_PHASE02_PACKET {"type":"REEL_STOP","payload":{"spinId":"330bef5f-c4aa-432b-9b33-832ecd7ba396","reel":"LEFT","pressedIndex":1,"stopIndex":18,"slip":4,"durationMs":280}}
[21:23:59] [Render thread/INFO] (PiriRuntimeAcceptance) PIRI_PHASE02_PACKET {"type":"PUBLIC_STATE","payload":{"sessionId":"078d0d75-5cc9-4666-a1b3-450e82603945","machineId":1,"expectedNextClientSequence":175,"gameState":"SEATED_READY","lifecycle":"ACTIVE","credit":0,"heldMedals":0,"bet":0,"pay":0,"bonusCount":0,"lampOn":false,"displayStops":{"left":18,"center":13,"right":20},"stoppedMask":7}}
[21:24:00] [Render thread/INFO] (PiriRuntimeAcceptance) PIRI_PHASE02_PACKET {"type":"PUBLIC_STATE","payload":{"sessionId":"078d0d75-5cc9-4666-a1b3-450e82603945","machineId":1,"expectedNextClientSequence":175,"gameState":"NORMAL_SPINNING","lifecycle":"ACTIVE","credit":0,"heldMedals":0,"bet":0,"pay":0,"bonusCount":0,"lampOn":false,"displayStops":{"left":18,"center":13,"right":20},"stoppedMask":0}}
[21:24:00] [Render thread/INFO] (PiriRuntimeAcceptance) PIRI_PHASE02_PACKET {"type":"SPIN_START","payload":{"sessionId":"078d0d75-5cc9-4666-a1b3-450e82603945","machineId":1,"spinId":"482c4987-3734-44eb-aa00-09d7d63aeb91","mode":"NORMAL","animation":"REVERSE_500MS","startPhase":{"left":18.0,"center":13.0,"right":20.0},"stopEnableAfterMs":800}}
[21:24:01] [Render thread/INFO] (PiriRuntimeAcceptance) PIRI_PHASE02_PACKET {"type":"ACTION_ACCEPTED","payload":{"clientSequence":175,"action":"STOP_RIGHT"}}
[21:24:01] [Render thread/INFO] (PiriRuntimeAcceptance) PIRI_PHASE02_PACKET {"type":"REEL_STOP","payload":{"spinId":"482c4987-3734-44eb-aa00-09d7d63aeb91","reel":"RIGHT","pressedIndex":14,"stopIndex":14,"slip":0,"durationMs":80}}
[21:24:01] [Render thread/INFO] (PiriRuntimeAcceptance) PIRI_PHASE02_PACKET {"type":"ACTION_ACCEPTED","payload":{"clientSequence":176,"action":"STOP_LEFT"}}
[21:24:01] [Render thread/INFO] (PiriRuntimeAcceptance) PIRI_PHASE02_PACKET {"type":"REEL_STOP","payload":{"spinId":"482c4987-3734-44eb-aa00-09d7d63aeb91","reel":"LEFT","pressedIndex":3,"stopIndex":3,"slip":0,"durationMs":80}}
[21:24:01] [Render thread/INFO] (PiriRuntimeAcceptance) PIRI_PHASE02_PACKET {"type":"TENPAI_SOUND","payload":{"spinId":"482c4987-3734-44eb-aa00-09d7d63aeb91"}}
[21:24:02] [Render thread/INFO] (PiriRuntimeAcceptance) PIRI_PHASE02_PACKET {"type":"ACTION_ACCEPTED","payload":{"clientSequence":177,"action":"STOP_CENTER"}}
[21:24:02] [Render thread/INFO] (PiriRuntimeAcceptance) PIRI_PHASE02_PACKET {"type":"REEL_STOP","payload":{"spinId":"482c4987-3734-44eb-aa00-09d7d63aeb91","reel":"CENTER","pressedIndex":10,"stopIndex":10,"slip":0,"durationMs":80}}
[21:24:02] [Render thread/INFO] (PiriRuntimeAcceptance) PIRI_PHASE02_PACKET {"type":"PUBLIC_STATE","payload":{"sessionId":"078d0d75-5cc9-4666-a1b3-450e82603945","machineId":1,"expectedNextClientSequence":178,"gameState":"SEATED_READY","lifecycle":"ACTIVE","credit":0,"heldMedals":0,"bet":0,"pay":0,"bonusCount":0,"lampOn":false,"displayStops":{"left":3,"center":10,"right":14},"stoppedMask":7}}
[21:24:02] [Render thread/INFO] (PiriRuntimeAcceptance) PIRI_PHASE02_PACKET {"type":"PUBLIC_STATE","payload":{"sessionId":"078d0d75-5cc9-4666-a1b3-450e82603945","machineId":1,"expectedNextClientSequence":178,"gameState":"NORMAL_SPINNING","lifecycle":"ACTIVE","credit":0,"heldMedals":0,"bet":0,"pay":0,"bonusCount":0,"lampOn":false,"displayStops":{"left":3,"center":10,"right":14},"stoppedMask":0}}
[21:24:02] [Render thread/INFO] (PiriRuntimeAcceptance) PIRI_PHASE02_PACKET {"type":"SPIN_START","payload":{"sessionId":"078d0d75-5cc9-4666-a1b3-450e82603945","machineId":1,"spinId":"05d6de6f-9668-421b-9ee1-3be126665e63","mode":"NORMAL","animation":"RESUME_NORMAL","startPhase":{"left":3.0,"center":10.0,"right":14.0},"stopEnableAfterMs":200}}
[21:24:03] [Render thread/INFO] (PiriRuntimeAcceptance) PIRI_PHASE02_PACKET {"type":"ACTION_ACCEPTED","payload":{"clientSequence":178,"action":"STOP_RIGHT"}}
[21:24:03] [Render thread/INFO] (PiriRuntimeAcceptance) PIRI_PHASE02_PACKET {"type":"REEL_STOP","payload":{"spinId":"05d6de6f-9668-421b-9ee1-3be126665e63","reel":"RIGHT","pressedIndex":0,"stopIndex":0,"slip":0,"durationMs":80}}
[21:24:04] [Render thread/INFO] (PiriRuntimeAcceptance) PIRI_PHASE02_PACKET {"type":"ACTION_ACCEPTED","payload":{"clientSequence":179,"action":"STOP_CENTER"}}
[21:24:04] [Render thread/INFO] (PiriRuntimeAcceptance) PIRI_PHASE02_PACKET {"type":"REEL_STOP","payload":{"spinId":"05d6de6f-9668-421b-9ee1-3be126665e63","reel":"CENTER","pressedIndex":8,"stopIndex":8,"slip":0,"durationMs":80}}
[21:24:04] [Render thread/INFO] (PiriRuntimeAcceptance) PIRI_PHASE02_PACKET {"type":"TENPAI_SOUND","payload":{"spinId":"05d6de6f-9668-421b-9ee1-3be126665e63"}}
[21:24:04] [Render thread/INFO] (PiriRuntimeAcceptance) PIRI_PHASE02_PACKET {"type":"ACTION_ACCEPTED","payload":{"clientSequence":180,"action":"STOP_LEFT"}}
[21:24:04] [Render thread/INFO] (PiriRuntimeAcceptance) PIRI_PHASE02_PACKET {"type":"REEL_STOP","payload":{"spinId":"05d6de6f-9668-421b-9ee1-3be126665e63","reel":"LEFT","pressedIndex":13,"stopIndex":13,"slip":0,"durationMs":80}}
[21:24:04] [Render thread/INFO] (PiriRuntimeAcceptance) PIRI_PHASE02_PACKET {"type":"PUBLIC_STATE","payload":{"sessionId":"078d0d75-5cc9-4666-a1b3-450e82603945","machineId":1,"expectedNextClientSequence":181,"gameState":"SEATED_READY","lifecycle":"ACTIVE","credit":0,"heldMedals":0,"bet":0,"pay":0,"bonusCount":0,"lampOn":false,"displayStops":{"left":13,"center":8,"right":0},"stoppedMask":7}}
[21:24:05] [Render thread/INFO] (PiriRuntimeAcceptance) PIRI_PHASE02_PACKET {"type":"PUBLIC_STATE","payload":{"sessionId":"078d0d75-5cc9-4666-a1b3-450e82603945","machineId":1,"expectedNextClientSequence":181,"gameState":"NORMAL_SPINNING","lifecycle":"ACTIVE","credit":0,"heldMedals":0,"bet":0,"pay":0,"bonusCount":0,"lampOn":false,"displayStops":{"left":13,"center":8,"right":0},"stoppedMask":0}}
[21:24:05] [Render thread/INFO] (PiriRuntimeAcceptance) PIRI_PHASE02_PACKET {"type":"SPIN_START","payload":{"sessionId":"078d0d75-5cc9-4666-a1b3-450e82603945","machineId":1,"spinId":"fade4d4e-7dd9-41e8-9c67-c4177d532446","mode":"NORMAL","animation":"NORMAL","startPhase":{"left":13.0,"center":8.0,"right":0.0},"stopEnableAfterMs":400}}
[21:24:06] [Render thread/INFO] (PiriRuntimeAcceptance) PIRI_PHASE02_PACKET {"type":"ACTION_ACCEPTED","payload":{"clientSequence":181,"action":"STOP_LEFT"}}
[21:24:06] [Render thread/INFO] (PiriRuntimeAcceptance) PIRI_PHASE02_PACKET {"type":"REEL_STOP","payload":{"spinId":"fade4d4e-7dd9-41e8-9c67-c4177d532446","reel":"LEFT","pressedIndex":0,"stopIndex":0,"slip":0,"durationMs":80}}
[21:24:06] [Render thread/INFO] (PiriRuntimeAcceptance) PIRI_PHASE02_PACKET {"type":"ACTION_ACCEPTED","payload":{"clientSequence":182,"action":"STOP_CENTER"}}
[21:24:06] [Render thread/INFO] (PiriRuntimeAcceptance) PIRI_PHASE02_PACKET {"type":"REEL_STOP","payload":{"spinId":"fade4d4e-7dd9-41e8-9c67-c4177d532446","reel":"CENTER","pressedIndex":7,"stopIndex":7,"slip":0,"durationMs":80}}
[21:24:06] [Render thread/INFO] (PiriRuntimeAcceptance) PIRI_PHASE02_PACKET {"type":"TENPAI_SOUND","payload":{"spinId":"fade4d4e-7dd9-41e8-9c67-c4177d532446"}}
[21:24:07] [Render thread/INFO] (PiriRuntimeAcceptance) PIRI_PHASE02_PACKET {"type":"ACTION_ACCEPTED","payload":{"clientSequence":183,"action":"STOP_RIGHT"}}
[21:24:07] [Render thread/INFO] (PiriRuntimeAcceptance) PIRI_PHASE02_PACKET {"type":"REEL_STOP","payload":{"spinId":"fade4d4e-7dd9-41e8-9c67-c4177d532446","reel":"RIGHT","pressedIndex":11,"stopIndex":11,"slip":0,"durationMs":80}}
[21:24:07] [Render thread/INFO] (PiriRuntimeAcceptance) PIRI_PHASE02_PACKET {"type":"PUBLIC_STATE","payload":{"sessionId":"078d0d75-5cc9-4666-a1b3-450e82603945","machineId":1,"expectedNextClientSequence":184,"gameState":"SEATED_READY","lifecycle":"ACTIVE","credit":0,"heldMedals":0,"bet":0,"pay":0,"bonusCount":0,"lampOn":false,"displayStops":{"left":0,"center":7,"right":11},"stoppedMask":7}}
[21:24:08] [Render thread/INFO] (PiriRuntimeAcceptance) PIRI_PHASE02_PACKET {"type":"PUBLIC_STATE","payload":{"sessionId":"078d0d75-5cc9-4666-a1b3-450e82603945","machineId":1,"expectedNextClientSequence":184,"gameState":"NORMAL_SPINNING","lifecycle":"ACTIVE","credit":0,"heldMedals":0,"bet":0,"pay":0,"bonusCount":0,"lampOn":false,"displayStops":{"left":0,"center":7,"right":11},"stoppedMask":0}}
[21:24:08] [Render thread/INFO] (PiriRuntimeAcceptance) PIRI_PHASE02_PACKET {"type":"SPIN_START","payload":{"sessionId":"078d0d75-5cc9-4666-a1b3-450e82603945","machineId":1,"spinId":"2ef673e2-a07e-479f-925d-1a248d18eb7c","mode":"NORMAL","animation":"REVERSE_500MS","startPhase":{"left":0.0,"center":7.0,"right":11.0},"stopEnableAfterMs":800}}
[21:24:09] [Render thread/INFO] (PiriRuntimeAcceptance) PIRI_PHASE02_PACKET {"type":"ACTION_ACCEPTED","payload":{"clientSequence":184,"action":"STOP_LEFT"}}
[21:24:09] [Render thread/INFO] (PiriRuntimeAcceptance) PIRI_PHASE02_PACKET {"type":"REEL_STOP","payload":{"spinId":"2ef673e2-a07e-479f-925d-1a248d18eb7c","reel":"LEFT","pressedIndex":16,"stopIndex":9,"slip":7,"durationMs":430}}
[21:24:10] [Render thread/INFO] (PiriRuntimeAcceptance) PIRI_PHASE02_PACKET {"type":"ACTION_ACCEPTED","payload":{"clientSequence":185,"action":"STOP_RIGHT"}}
[21:24:10] [Render thread/INFO] (PiriRuntimeAcceptance) PIRI_PHASE02_PACKET {"type":"REEL_STOP","payload":{"spinId":"2ef673e2-a07e-479f-925d-1a248d18eb7c","reel":"RIGHT","pressedIndex":18,"stopIndex":18,"slip":0,"durationMs":80}}
[21:24:10] [Render thread/INFO] (PiriRuntimeAcceptance) PIRI_PHASE02_PACKET {"type":"TENPAI_SOUND","payload":{"spinId":"2ef673e2-a07e-479f-925d-1a248d18eb7c"}}
[21:24:10] [Render thread/INFO] (PiriRuntimeAcceptance) PIRI_PHASE02_PACKET {"type":"ACTION_ACCEPTED","payload":{"clientSequence":186,"action":"STOP_CENTER"}}
[21:24:10] [Render thread/INFO] (PiriRuntimeAcceptance) PIRI_PHASE02_PACKET {"type":"REEL_STOP","payload":{"spinId":"2ef673e2-a07e-479f-925d-1a248d18eb7c","reel":"CENTER","pressedIndex":5,"stopIndex":5,"slip":0,"durationMs":80}}
[21:24:10] [Render thread/INFO] (PiriRuntimeAcceptance) PIRI_PHASE02_PACKET {"type":"PUBLIC_STATE","payload":{"sessionId":"078d0d75-5cc9-4666-a1b3-450e82603945","machineId":1,"expectedNextClientSequence":187,"gameState":"SEATED_READY","lifecycle":"ACTIVE","credit":0,"heldMedals":0,"bet":0,"pay":0,"bonusCount":0,"lampOn":false,"displayStops":{"left":9,"center":5,"right":18},"stoppedMask":7}}
[21:24:11] [Render thread/INFO] (PiriRuntimeAcceptance) PIRI_PHASE02_PACKET {"type":"PUBLIC_STATE","payload":{"sessionId":"078d0d75-5cc9-4666-a1b3-450e82603945","machineId":1,"expectedNextClientSequence":187,"gameState":"NORMAL_SPINNING","lifecycle":"ACTIVE","credit":0,"heldMedals":0,"bet":0,"pay":0,"bonusCount":0,"lampOn":false,"displayStops":{"left":9,"center":5,"right":18},"stoppedMask":0}}
[21:24:11] [Render thread/INFO] (PiriRuntimeAcceptance) PIRI_PHASE02_PACKET {"type":"SPIN_START","payload":{"sessionId":"078d0d75-5cc9-4666-a1b3-450e82603945","machineId":1,"spinId":"73cba040-ad54-426a-901b-7e2182466ada","mode":"NORMAL","animation":"RESUME_NORMAL","startPhase":{"left":9.0,"center":5.0,"right":18.0},"stopEnableAfterMs":200}}
[21:24:11] [Render thread/INFO] (PiriRuntimeAcceptance) PIRI_PHASE02_PACKET {"type":"ACTION_ACCEPTED","payload":{"clientSequence":187,"action":"STOP_CENTER"}}
[21:24:11] [Render thread/INFO] (PiriRuntimeAcceptance) PIRI_PHASE02_PACKET {"type":"REEL_STOP","payload":{"spinId":"73cba040-ad54-426a-901b-7e2182466ada","reel":"CENTER","pressedIndex":16,"stopIndex":16,"slip":0,"durationMs":80}}
[21:24:12] [Render thread/INFO] (PiriRuntimeAcceptance) PIRI_PHASE02_PACKET {"type":"ACTION_ACCEPTED","payload":{"clientSequence":188,"action":"STOP_LEFT"}}
[21:24:12] [Render thread/INFO] (PiriRuntimeAcceptance) PIRI_PHASE02_PACKET {"type":"REEL_STOP","payload":{"spinId":"73cba040-ad54-426a-901b-7e2182466ada","reel":"LEFT","pressedIndex":12,"stopIndex":9,"slip":3,"durationMs":230}}
[21:24:12] [Render thread/INFO] (PiriRuntimeAcceptance) PIRI_PHASE02_PACKET {"type":"TENPAI_SOUND","payload":{"spinId":"73cba040-ad54-426a-901b-7e2182466ada"}}
[21:24:12] [Render thread/INFO] (PiriRuntimeAcceptance) PIRI_PHASE02_PACKET {"type":"ACTION_ACCEPTED","payload":{"clientSequence":189,"action":"STOP_RIGHT"}}
[21:24:12] [Render thread/INFO] (PiriRuntimeAcceptance) PIRI_PHASE02_PACKET {"type":"REEL_STOP","payload":{"spinId":"73cba040-ad54-426a-901b-7e2182466ada","reel":"RIGHT","pressedIndex":12,"stopIndex":11,"slip":1,"durationMs":130}}
[21:24:12] [Render thread/INFO] (PiriRuntimeAcceptance) PIRI_PHASE02_PACKET {"type":"PUBLIC_STATE","payload":{"sessionId":"078d0d75-5cc9-4666-a1b3-450e82603945","machineId":1,"expectedNextClientSequence":190,"gameState":"SEATED_READY","lifecycle":"ACTIVE","credit":0,"heldMedals":0,"bet":0,"pay":0,"bonusCount":0,"lampOn":false,"displayStops":{"left":9,"center":16,"right":11},"stoppedMask":7}}
[21:24:13] [Render thread/INFO] (PiriRuntimeAcceptance) PIRI_PHASE02_PACKET {"type":"PUBLIC_STATE","payload":{"sessionId":"078d0d75-5cc9-4666-a1b3-450e82603945","machineId":1,"expectedNextClientSequence":190,"gameState":"NORMAL_SPINNING","lifecycle":"ACTIVE","credit":0,"heldMedals":0,"bet":0,"pay":0,"bonusCount":0,"lampOn":false,"displayStops":{"left":9,"center":16,"right":11},"stoppedMask":0}}
[21:24:13] [Render thread/INFO] (PiriRuntimeAcceptance) PIRI_PHASE02_PACKET {"type":"SPIN_START","payload":{"sessionId":"078d0d75-5cc9-4666-a1b3-450e82603945","machineId":1,"spinId":"fe7875d6-55c5-4def-8bc8-6b4291be2479","mode":"NORMAL","animation":"NORMAL","startPhase":{"left":9.0,"center":16.0,"right":11.0},"stopEnableAfterMs":400}}
[21:24:14] [Render thread/INFO] (PiriRuntimeAcceptance) PIRI_PHASE02_PACKET {"type":"ACTION_ACCEPTED","payload":{"clientSequence":190,"action":"STOP_CENTER"}}
[21:24:14] [Render thread/INFO] (PiriRuntimeAcceptance) PIRI_PHASE02_PACKET {"type":"REEL_STOP","payload":{"spinId":"fe7875d6-55c5-4def-8bc8-6b4291be2479","reel":"CENTER","pressedIndex":3,"stopIndex":3,"slip":0,"durationMs":80}}
[21:24:14] [Render thread/INFO] (PiriRuntimeAcceptance) PIRI_PHASE02_PACKET {"type":"ACTION_ACCEPTED","payload":{"clientSequence":191,"action":"STOP_RIGHT"}}
[21:24:14] [Render thread/INFO] (PiriRuntimeAcceptance) PIRI_PHASE02_PACKET {"type":"REEL_STOP","payload":{"spinId":"fe7875d6-55c5-4def-8bc8-6b4291be2479","reel":"RIGHT","pressedIndex":10,"stopIndex":10,"slip":0,"durationMs":80}}
[21:24:14] [Render thread/INFO] (PiriRuntimeAcceptance) PIRI_PHASE02_PACKET {"type":"TENPAI_SOUND","payload":{"spinId":"fe7875d6-55c5-4def-8bc8-6b4291be2479"}}
[21:24:15] [Render thread/INFO] (PiriRuntimeAcceptance) PIRI_PHASE02_PACKET {"type":"ACTION_ACCEPTED","payload":{"clientSequence":192,"action":"STOP_LEFT"}}
[21:24:15] [Render thread/INFO] (PiriRuntimeAcceptance) PIRI_PHASE02_PACKET {"type":"REEL_STOP","payload":{"spinId":"fe7875d6-55c5-4def-8bc8-6b4291be2479","reel":"LEFT","pressedIndex":20,"stopIndex":19,"slip":1,"durationMs":130}}
[21:24:15] [Render thread/INFO] (PiriRuntimeAcceptance) PIRI_PHASE02_PACKET {"type":"PUBLIC_STATE","payload":{"sessionId":"078d0d75-5cc9-4666-a1b3-450e82603945","machineId":1,"expectedNextClientSequence":193,"gameState":"SEATED_READY","lifecycle":"ACTIVE","credit":0,"heldMedals":0,"bet":0,"pay":0,"bonusCount":0,"lampOn":false,"displayStops":{"left":19,"center":3,"right":10},"stoppedMask":7}}
[21:24:15] [Render thread/INFO] (PiriRuntimeAcceptance) PIRI_PHASE02_PACKET {"type":"PUBLIC_STATE","payload":{"sessionId":"078d0d75-5cc9-4666-a1b3-450e82603945","machineId":1,"expectedNextClientSequence":193,"gameState":"NORMAL_SPINNING","lifecycle":"ACTIVE","credit":0,"heldMedals":0,"bet":0,"pay":0,"bonusCount":0,"lampOn":false,"displayStops":{"left":19,"center":3,"right":10},"stoppedMask":0}}
[21:24:15] [Render thread/INFO] (PiriRuntimeAcceptance) PIRI_PHASE02_PACKET {"type":"SPIN_START","payload":{"sessionId":"078d0d75-5cc9-4666-a1b3-450e82603945","machineId":1,"spinId":"a006d318-3f85-4bac-89c1-482429db756d","mode":"NORMAL","animation":"REVERSE_500MS","startPhase":{"left":19.0,"center":3.0,"right":10.0},"stopEnableAfterMs":800}}
[21:24:17] [Render thread/INFO] (PiriRuntimeAcceptance) PIRI_PHASE02_PACKET {"type":"ACTION_ACCEPTED","payload":{"clientSequence":193,"action":"STOP_RIGHT"}}
[21:24:17] [Render thread/INFO] (PiriRuntimeAcceptance) PIRI_PHASE02_PACKET {"type":"REEL_STOP","payload":{"spinId":"a006d318-3f85-4bac-89c1-482429db756d","reel":"RIGHT","pressedIndex":5,"stopIndex":5,"slip":0,"durationMs":80}}
[21:24:17] [Render thread/INFO] (PiriRuntimeAcceptance) PIRI_PHASE02_PACKET {"type":"ACTION_ACCEPTED","payload":{"clientSequence":194,"action":"STOP_LEFT"}}
[21:24:17] [Render thread/INFO] (PiriRuntimeAcceptance) PIRI_PHASE02_PACKET {"type":"REEL_STOP","payload":{"spinId":"a006d318-3f85-4bac-89c1-482429db756d","reel":"LEFT","pressedIndex":5,"stopIndex":0,"slip":5,"durationMs":330}}
[21:24:17] [Render thread/INFO] (PiriRuntimeAcceptance) PIRI_PHASE02_PACKET {"type":"TENPAI_SOUND","payload":{"spinId":"a006d318-3f85-4bac-89c1-482429db756d"}}
[21:24:18] [Render thread/INFO] (PiriRuntimeAcceptance) PIRI_PHASE02_PACKET {"type":"ACTION_ACCEPTED","payload":{"clientSequence":195,"action":"STOP_CENTER"}}
[21:24:18] [Render thread/INFO] (PiriRuntimeAcceptance) PIRI_PHASE02_PACKET {"type":"REEL_STOP","payload":{"spinId":"a006d318-3f85-4bac-89c1-482429db756d","reel":"CENTER","pressedIndex":17,"stopIndex":16,"slip":1,"durationMs":130}}
[21:24:18] [Render thread/INFO] (PiriRuntimeAcceptance) PIRI_PHASE02_PACKET {"type":"PUBLIC_STATE","payload":{"sessionId":"078d0d75-5cc9-4666-a1b3-450e82603945","machineId":1,"expectedNextClientSequence":196,"gameState":"SEATED_READY","lifecycle":"ACTIVE","credit":0,"heldMedals":0,"bet":0,"pay":0,"bonusCount":0,"lampOn":false,"displayStops":{"left":0,"center":16,"right":5},"stoppedMask":7}}
[21:24:19] [Render thread/INFO] (PiriRuntimeAcceptance) PIRI_PHASE02_PACKET {"type":"PUBLIC_STATE","payload":{"sessionId":"078d0d75-5cc9-4666-a1b3-450e82603945","machineId":1,"expectedNextClientSequence":196,"gameState":"NORMAL_SPINNING","lifecycle":"ACTIVE","credit":0,"heldMedals":0,"bet":0,"pay":0,"bonusCount":0,"lampOn":false,"displayStops":{"left":0,"center":16,"right":5},"stoppedMask":0}}
[21:24:19] [Render thread/INFO] (PiriRuntimeAcceptance) PIRI_PHASE02_PACKET {"type":"SPIN_START","payload":{"sessionId":"078d0d75-5cc9-4666-a1b3-450e82603945","machineId":1,"spinId":"ed27f0e2-aa51-440a-85ea-eef559cfbc3e","mode":"NORMAL","animation":"RESUME_NORMAL","startPhase":{"left":0.0,"center":16.0,"right":5.0},"stopEnableAfterMs":200}}
[21:24:19] [Render thread/INFO] (PiriRuntimeAcceptance) PIRI_PHASE02_PACKET {"type":"ACTION_ACCEPTED","payload":{"clientSequence":196,"action":"STOP_RIGHT"}}
[21:24:19] [Render thread/INFO] (PiriRuntimeAcceptance) PIRI_PHASE02_PACKET {"type":"REEL_STOP","payload":{"spinId":"ed27f0e2-aa51-440a-85ea-eef559cfbc3e","reel":"RIGHT","pressedIndex":17,"stopIndex":17,"slip":0,"durationMs":80}}
[21:24:20] [Render thread/INFO] (PiriRuntimeAcceptance) PIRI_PHASE02_PACKET {"type":"ACTION_ACCEPTED","payload":{"clientSequence":197,"action":"STOP_CENTER"}}
[21:24:20] [Render thread/INFO] (PiriRuntimeAcceptance) PIRI_PHASE02_PACKET {"type":"REEL_STOP","payload":{"spinId":"ed27f0e2-aa51-440a-85ea-eef559cfbc3e","reel":"CENTER","pressedIndex":18,"stopIndex":18,"slip":0,"durationMs":80}}
[21:24:20] [Render thread/INFO] (PiriRuntimeAcceptance) PIRI_PHASE02_PACKET {"type":"TENPAI_SOUND","payload":{"spinId":"ed27f0e2-aa51-440a-85ea-eef559cfbc3e"}}
[21:24:20] [Render thread/INFO] (PiriRuntimeAcceptance) PIRI_PHASE02_PACKET {"type":"ACTION_ACCEPTED","payload":{"clientSequence":198,"action":"STOP_LEFT"}}
[21:24:20] [Render thread/INFO] (PiriRuntimeAcceptance) PIRI_PHASE02_PACKET {"type":"REEL_STOP","payload":{"spinId":"ed27f0e2-aa51-440a-85ea-eef559cfbc3e","reel":"LEFT","pressedIndex":14,"stopIndex":9,"slip":5,"durationMs":330}}
[21:24:20] [Render thread/INFO] (PiriRuntimeAcceptance) PIRI_PHASE02_PACKET {"type":"PUBLIC_STATE","payload":{"sessionId":"078d0d75-5cc9-4666-a1b3-450e82603945","machineId":1,"expectedNextClientSequence":199,"gameState":"SEATED_READY","lifecycle":"ACTIVE","credit":0,"heldMedals":0,"bet":0,"pay":0,"bonusCount":0,"lampOn":false,"displayStops":{"left":9,"center":18,"right":17},"stoppedMask":7}}
[21:24:21] [Render thread/INFO] (PiriRuntimeAcceptance) PIRI_PHASE02_PACKET {"type":"PUBLIC_STATE","payload":{"sessionId":"078d0d75-5cc9-4666-a1b3-450e82603945","machineId":1,"expectedNextClientSequence":199,"gameState":"NORMAL_SPINNING","lifecycle":"ACTIVE","credit":0,"heldMedals":0,"bet":0,"pay":0,"bonusCount":0,"lampOn":false,"displayStops":{"left":9,"center":18,"right":17},"stoppedMask":0}}
[21:24:21] [Render thread/INFO] (PiriRuntimeAcceptance) PIRI_PHASE02_PACKET {"type":"SPIN_START","payload":{"sessionId":"078d0d75-5cc9-4666-a1b3-450e82603945","machineId":1,"spinId":"44fd890c-40f6-45ba-8f55-c224c9b8e850","mode":"NORMAL","animation":"NORMAL","startPhase":{"left":9.0,"center":18.0,"right":17.0},"stopEnableAfterMs":400}}
[21:24:22] [Render thread/INFO] (PiriRuntimeAcceptance) PIRI_PHASE02_PACKET {"type":"ACTION_ACCEPTED","payload":{"clientSequence":199,"action":"STOP_LEFT"}}
[21:24:22] [Render thread/INFO] (PiriRuntimeAcceptance) PIRI_PHASE02_PACKET {"type":"REEL_STOP","payload":{"spinId":"44fd890c-40f6-45ba-8f55-c224c9b8e850","reel":"LEFT","pressedIndex":1,"stopIndex":5,"slip":17,"durationMs":930}}
[21:24:22] [Render thread/INFO] (PiriRuntimeAcceptance) PIRI_PHASE02_PACKET {"type":"ACTION_ACCEPTED","payload":{"clientSequence":200,"action":"STOP_CENTER"}}
[21:24:22] [Render thread/INFO] (PiriRuntimeAcceptance) PIRI_PHASE02_PACKET {"type":"REEL_STOP","payload":{"spinId":"44fd890c-40f6-45ba-8f55-c224c9b8e850","reel":"CENTER","pressedIndex":1,"stopIndex":1,"slip":0,"durationMs":80}}
[21:24:22] [Render thread/INFO] (PiriRuntimeAcceptance) PIRI_PHASE02_PACKET {"type":"TENPAI_SOUND","payload":{"spinId":"44fd890c-40f6-45ba-8f55-c224c9b8e850"}}
[21:24:23] [Render thread/INFO] (PiriRuntimeAcceptance) PIRI_PHASE02_PACKET {"type":"ACTION_ACCEPTED","payload":{"clientSequence":201,"action":"STOP_RIGHT"}}
[21:24:23] [Render thread/INFO] (PiriRuntimeAcceptance) PIRI_PHASE02_PACKET {"type":"REEL_STOP","payload":{"spinId":"44fd890c-40f6-45ba-8f55-c224c9b8e850","reel":"RIGHT","pressedIndex":12,"stopIndex":11,"slip":1,"durationMs":130}}
[21:24:23] [Render thread/INFO] (PiriRuntimeAcceptance) PIRI_PHASE02_PACKET {"type":"PUBLIC_STATE","payload":{"sessionId":"078d0d75-5cc9-4666-a1b3-450e82603945","machineId":1,"expectedNextClientSequence":202,"gameState":"SEATED_READY","lifecycle":"ACTIVE","credit":0,"heldMedals":0,"bet":0,"pay":0,"bonusCount":0,"lampOn":false,"displayStops":{"left":5,"center":1,"right":11},"stoppedMask":7}}
[21:24:25] [Render thread/INFO] (PiriRuntimeAcceptance) PIRI_PHASE02_PACKET {"type":"PUBLIC_STATE","payload":{"sessionId":"078d0d75-5cc9-4666-a1b3-450e82603945","machineId":1,"expectedNextClientSequence":202,"gameState":"NORMAL_SPINNING","lifecycle":"ACTIVE","credit":0,"heldMedals":0,"bet":0,"pay":0,"bonusCount":0,"lampOn":false,"displayStops":{"left":5,"center":1,"right":11},"stoppedMask":0}}
[21:24:25] [Render thread/INFO] (PiriRuntimeAcceptance) PIRI_PHASE02_PACKET {"type":"SPIN_START","payload":{"sessionId":"078d0d75-5cc9-4666-a1b3-450e82603945","machineId":1,"spinId":"48215167-d75b-4d71-96a0-c2eb275c62bf","mode":"NORMAL","animation":"REVERSE_500MS","startPhase":{"left":5.0,"center":1.0,"right":11.0},"stopEnableAfterMs":800}}
[21:24:26] [Render thread/INFO] (PiriRuntimeAcceptance) PIRI_PHASE02_PACKET {"type":"ACTION_ACCEPTED","payload":{"clientSequence":202,"action":"STOP_LEFT"}}
[21:24:26] [Render thread/INFO] (PiriRuntimeAcceptance) PIRI_PHASE02_PACKET {"type":"REEL_STOP","payload":{"spinId":"48215167-d75b-4d71-96a0-c2eb275c62bf","reel":"LEFT","pressedIndex":0,"stopIndex":5,"slip":16,"durationMs":880}}
[21:24:26] [Render thread/INFO] (PiriRuntimeAcceptance) PIRI_PHASE02_PACKET {"type":"ACTION_ACCEPTED","payload":{"clientSequence":203,"action":"STOP_RIGHT"}}
[21:24:26] [Render thread/INFO] (PiriRuntimeAcceptance) PIRI_PHASE02_PACKET {"type":"REEL_STOP","payload":{"spinId":"48215167-d75b-4d71-96a0-c2eb275c62bf","reel":"RIGHT","pressedIndex":18,"stopIndex":17,"slip":1,"durationMs":130}}
[21:24:26] [Render thread/INFO] (PiriRuntimeAcceptance) PIRI_PHASE02_PACKET {"type":"TENPAI_SOUND","payload":{"spinId":"48215167-d75b-4d71-96a0-c2eb275c62bf"}}
[21:24:27] [Render thread/INFO] (PiriRuntimeAcceptance) PIRI_PHASE02_PACKET {"type":"ACTION_ACCEPTED","payload":{"clientSequence":204,"action":"STOP_CENTER"}}
[21:24:27] [Render thread/INFO] (PiriRuntimeAcceptance) PIRI_PHASE02_PACKET {"type":"REEL_STOP","payload":{"spinId":"48215167-d75b-4d71-96a0-c2eb275c62bf","reel":"CENTER","pressedIndex":19,"stopIndex":2,"slip":17,"durationMs":930}}
[21:24:27] [Render thread/INFO] (PiriRuntimeAcceptance) PIRI_PHASE02_PACKET {"type":"PUBLIC_STATE","payload":{"sessionId":"078d0d75-5cc9-4666-a1b3-450e82603945","machineId":1,"expectedNextClientSequence":205,"gameState":"SEATED_READY","lifecycle":"ACTIVE","credit":0,"heldMedals":0,"bet":0,"pay":0,"bonusCount":0,"lampOn":false,"displayStops":{"left":5,"center":2,"right":17},"stoppedMask":7}}
[21:24:28] [Render thread/INFO] (PiriRuntimeAcceptance) PIRI_PHASE02_PACKET {"type":"PUBLIC_STATE","payload":{"sessionId":"078d0d75-5cc9-4666-a1b3-450e82603945","machineId":1,"expectedNextClientSequence":205,"gameState":"NORMAL_SPINNING","lifecycle":"ACTIVE","credit":0,"heldMedals":0,"bet":0,"pay":0,"bonusCount":0,"lampOn":false,"displayStops":{"left":5,"center":2,"right":17},"stoppedMask":0}}
[21:24:28] [Render thread/INFO] (PiriRuntimeAcceptance) PIRI_PHASE02_PACKET {"type":"SPIN_START","payload":{"sessionId":"078d0d75-5cc9-4666-a1b3-450e82603945","machineId":1,"spinId":"76b0d399-42db-4897-ac67-fba30490166e","mode":"NORMAL","animation":"RESUME_NORMAL","startPhase":{"left":5.0,"center":2.0,"right":17.0},"stopEnableAfterMs":200}}
[21:24:29] [Render thread/INFO] (PiriRuntimeAcceptance) PIRI_PHASE02_PACKET {"type":"ACTION_ACCEPTED","payload":{"clientSequence":205,"action":"STOP_CENTER"}}
[21:24:29] [Render thread/INFO] (PiriRuntimeAcceptance) PIRI_PHASE02_PACKET {"type":"REEL_STOP","payload":{"spinId":"76b0d399-42db-4897-ac67-fba30490166e","reel":"CENTER","pressedIndex":14,"stopIndex":2,"slip":12,"durationMs":680}}
[21:24:29] [Render thread/INFO] (PiriRuntimeAcceptance) PIRI_PHASE02_PACKET {"type":"ACTION_ACCEPTED","payload":{"clientSequence":206,"action":"STOP_LEFT"}}
[21:24:29] [Render thread/INFO] (PiriRuntimeAcceptance) PIRI_PHASE02_PACKET {"type":"REEL_STOP","payload":{"spinId":"76b0d399-42db-4897-ac67-fba30490166e","reel":"LEFT","pressedIndex":8,"stopIndex":5,"slip":3,"durationMs":230}}
[21:24:29] [Render thread/INFO] (PiriRuntimeAcceptance) PIRI_PHASE02_PACKET {"type":"TENPAI_SOUND","payload":{"spinId":"76b0d399-42db-4897-ac67-fba30490166e"}}
[21:24:30] [Render thread/INFO] (PiriRuntimeAcceptance) PIRI_PHASE02_PACKET {"type":"ACTION_ACCEPTED","payload":{"clientSequence":207,"action":"STOP_RIGHT"}}
[21:24:30] [Render thread/INFO] (PiriRuntimeAcceptance) PIRI_PHASE02_PACKET {"type":"REEL_STOP","payload":{"spinId":"76b0d399-42db-4897-ac67-fba30490166e","reel":"RIGHT","pressedIndex":11,"stopIndex":9,"slip":2,"durationMs":180}}
[21:24:30] [Render thread/INFO] (PiriRuntimeAcceptance) PIRI_PHASE02_PACKET {"type":"PUBLIC_STATE","payload":{"sessionId":"078d0d75-5cc9-4666-a1b3-450e82603945","machineId":1,"expectedNextClientSequence":208,"gameState":"SEATED_READY","lifecycle":"ACTIVE","credit":0,"heldMedals":0,"bet":0,"pay":0,"bonusCount":0,"lampOn":false,"displayStops":{"left":5,"center":2,"right":9},"stoppedMask":7}}
[21:24:30] [Render thread/INFO] (PiriRuntimeAcceptance) PIRI_PHASE02_PACKET {"type":"PUBLIC_STATE","payload":{"sessionId":"078d0d75-5cc9-4666-a1b3-450e82603945","machineId":1,"expectedNextClientSequence":208,"gameState":"NORMAL_SPINNING","lifecycle":"ACTIVE","credit":0,"heldMedals":0,"bet":0,"pay":0,"bonusCount":0,"lampOn":false,"displayStops":{"left":5,"center":2,"right":9},"stoppedMask":0}}
[21:24:30] [Render thread/INFO] (PiriRuntimeAcceptance) PIRI_PHASE02_PACKET {"type":"SPIN_START","payload":{"sessionId":"078d0d75-5cc9-4666-a1b3-450e82603945","machineId":1,"spinId":"fddf7527-c41c-4607-b04a-9fe2ed378c4a","mode":"NORMAL","animation":"NORMAL","startPhase":{"left":5.0,"center":2.0,"right":9.0},"stopEnableAfterMs":400}}
[21:24:31] [Render thread/INFO] (PiriRuntimeAcceptance) PIRI_PHASE02_PACKET {"type":"ACTION_ACCEPTED","payload":{"clientSequence":208,"action":"STOP_CENTER"}}
[21:24:31] [Render thread/INFO] (PiriRuntimeAcceptance) PIRI_PHASE02_PACKET {"type":"REEL_STOP","payload":{"spinId":"fddf7527-c41c-4607-b04a-9fe2ed378c4a","reel":"CENTER","pressedIndex":15,"stopIndex":2,"slip":13,"durationMs":730}}
[21:24:32] [Render thread/INFO] (PiriRuntimeAcceptance) PIRI_PHASE02_PACKET {"type":"ACTION_ACCEPTED","payload":{"clientSequence":209,"action":"STOP_RIGHT"}}
[21:24:32] [Render thread/INFO] (PiriRuntimeAcceptance) PIRI_PHASE02_PACKET {"type":"REEL_STOP","payload":{"spinId":"fddf7527-c41c-4607-b04a-9fe2ed378c4a","reel":"RIGHT","pressedIndex":13,"stopIndex":13,"slip":0,"durationMs":80}}
[21:24:32] [Render thread/INFO] (PiriRuntimeAcceptance) PIRI_PHASE02_PACKET {"type":"TENPAI_SOUND","payload":{"spinId":"fddf7527-c41c-4607-b04a-9fe2ed378c4a"}}
[21:24:32] [Render thread/INFO] (PiriRuntimeAcceptance) PIRI_PHASE02_PACKET {"type":"ACTION_ACCEPTED","payload":{"clientSequence":210,"action":"STOP_LEFT"}}
[21:24:32] [Render thread/INFO] (PiriRuntimeAcceptance) PIRI_PHASE02_PACKET {"type":"REEL_STOP","payload":{"spinId":"fddf7527-c41c-4607-b04a-9fe2ed378c4a","reel":"LEFT","pressedIndex":0,"stopIndex":5,"slip":16,"durationMs":880}}
[21:24:32] [Render thread/INFO] (PiriRuntimeAcceptance) PIRI_PHASE02_PACKET {"type":"PUBLIC_STATE","payload":{"sessionId":"078d0d75-5cc9-4666-a1b3-450e82603945","machineId":1,"expectedNextClientSequence":211,"gameState":"SEATED_READY","lifecycle":"ACTIVE","credit":0,"heldMedals":0,"bet":0,"pay":0,"bonusCount":0,"lampOn":false,"displayStops":{"left":5,"center":2,"right":13},"stoppedMask":7}}
[21:24:34] [Render thread/INFO] (PiriRuntimeAcceptance) PIRI_PHASE02_PACKET {"type":"PUBLIC_STATE","payload":{"sessionId":"078d0d75-5cc9-4666-a1b3-450e82603945","machineId":1,"expectedNextClientSequence":211,"gameState":"NORMAL_SPINNING","lifecycle":"ACTIVE","credit":0,"heldMedals":0,"bet":0,"pay":0,"bonusCount":0,"lampOn":false,"displayStops":{"left":5,"center":2,"right":13},"stoppedMask":0}}
[21:24:34] [Render thread/INFO] (PiriRuntimeAcceptance) PIRI_PHASE02_PACKET {"type":"SPIN_START","payload":{"sessionId":"078d0d75-5cc9-4666-a1b3-450e82603945","machineId":1,"spinId":"3c319121-6b57-4f8e-a5a6-51a51cb9447a","mode":"NORMAL","animation":"REVERSE_500MS","startPhase":{"left":5.0,"center":2.0,"right":13.0},"stopEnableAfterMs":800}}
[21:24:35] [Render thread/INFO] (PiriRuntimeAcceptance) PIRI_PHASE02_PACKET {"type":"ACTION_ACCEPTED","payload":{"clientSequence":211,"action":"STOP_RIGHT"}}
[21:24:35] [Render thread/INFO] (PiriRuntimeAcceptance) PIRI_PHASE02_PACKET {"type":"REEL_STOP","payload":{"spinId":"3c319121-6b57-4f8e-a5a6-51a51cb9447a","reel":"RIGHT","pressedIndex":8,"stopIndex":8,"slip":0,"durationMs":80}}
[21:24:35] [Render thread/INFO] (PiriRuntimeAcceptance) PIRI_PHASE02_PACKET {"type":"ACTION_ACCEPTED","payload":{"clientSequence":212,"action":"STOP_LEFT"}}
[21:24:35] [Render thread/INFO] (PiriRuntimeAcceptance) PIRI_PHASE02_PACKET {"type":"REEL_STOP","payload":{"spinId":"3c319121-6b57-4f8e-a5a6-51a51cb9447a","reel":"LEFT","pressedIndex":12,"stopIndex":4,"slip":8,"durationMs":480}}
[21:24:35] [Render thread/INFO] (PiriRuntimeAcceptance) PIRI_PHASE02_PACKET {"type":"TENPAI_SOUND","payload":{"spinId":"3c319121-6b57-4f8e-a5a6-51a51cb9447a"}}
[21:24:36] [Render thread/INFO] (PiriRuntimeAcceptance) PIRI_PHASE02_PACKET {"type":"ACTION_ACCEPTED","payload":{"clientSequence":213,"action":"STOP_CENTER"}}
[21:24:36] [Render thread/INFO] (PiriRuntimeAcceptance) PIRI_PHASE02_PACKET {"type":"REEL_STOP","payload":{"spinId":"3c319121-6b57-4f8e-a5a6-51a51cb9447a","reel":"CENTER","pressedIndex":0,"stopIndex":1,"slip":20,"durationMs":1080}}
[21:24:36] [Render thread/INFO] (PiriRuntimeAcceptance) PIRI_PHASE02_PACKET {"type":"PUBLIC_STATE","payload":{"sessionId":"078d0d75-5cc9-4666-a1b3-450e82603945","machineId":1,"expectedNextClientSequence":214,"gameState":"SEATED_READY","lifecycle":"ACTIVE","credit":0,"heldMedals":0,"bet":0,"pay":0,"bonusCount":0,"lampOn":false,"displayStops":{"left":4,"center":1,"right":8},"stoppedMask":7}}
[21:24:37] [Render thread/INFO] (PiriRuntimeAcceptance) PIRI_PHASE02_PACKET {"type":"PUBLIC_STATE","payload":{"sessionId":"078d0d75-5cc9-4666-a1b3-450e82603945","machineId":1,"expectedNextClientSequence":214,"gameState":"NORMAL_SPINNING","lifecycle":"ACTIVE","credit":0,"heldMedals":0,"bet":0,"pay":0,"bonusCount":0,"lampOn":false,"displayStops":{"left":4,"center":1,"right":8},"stoppedMask":0}}
[21:24:37] [Render thread/INFO] (PiriRuntimeAcceptance) PIRI_PHASE02_PACKET {"type":"SPIN_START","payload":{"sessionId":"078d0d75-5cc9-4666-a1b3-450e82603945","machineId":1,"spinId":"4c611432-5b35-472d-9c8a-930b1f758519","mode":"NORMAL","animation":"RESUME_NORMAL","startPhase":{"left":4.0,"center":1.0,"right":8.0},"stopEnableAfterMs":200}}
[21:24:38] [Render thread/INFO] (PiriRuntimeAcceptance) PIRI_PHASE02_PACKET {"type":"ACTION_ACCEPTED","payload":{"clientSequence":214,"action":"STOP_RIGHT"}}
[21:24:38] [Render thread/INFO] (PiriRuntimeAcceptance) PIRI_PHASE02_PACKET {"type":"REEL_STOP","payload":{"spinId":"4c611432-5b35-472d-9c8a-930b1f758519","reel":"RIGHT","pressedIndex":15,"stopIndex":15,"slip":0,"durationMs":80}}
[21:24:39] [Render thread/INFO] (PiriRuntimeAcceptance) PIRI_PHASE02_PACKET {"type":"ACTION_ACCEPTED","payload":{"clientSequence":215,"action":"STOP_CENTER"}}
[21:24:39] [Render thread/INFO] (PiriRuntimeAcceptance) PIRI_PHASE02_PACKET {"type":"REEL_STOP","payload":{"spinId":"4c611432-5b35-472d-9c8a-930b1f758519","reel":"CENTER","pressedIndex":20,"stopIndex":1,"slip":19,"durationMs":1030}}
[21:24:39] [Render thread/INFO] (PiriRuntimeAcceptance) PIRI_PHASE02_PACKET {"type":"TENPAI_SOUND","payload":{"spinId":"4c611432-5b35-472d-9c8a-930b1f758519"}}
[21:24:39] [Render thread/INFO] (PiriRuntimeAcceptance) PIRI_PHASE02_PACKET {"type":"ACTION_ACCEPTED","payload":{"clientSequence":216,"action":"STOP_LEFT"}}
[21:24:39] [Render thread/INFO] (PiriRuntimeAcceptance) PIRI_PHASE02_PACKET {"type":"REEL_STOP","payload":{"spinId":"4c611432-5b35-472d-9c8a-930b1f758519","reel":"LEFT","pressedIndex":14,"stopIndex":5,"slip":9,"durationMs":530}}
[21:24:39] [Render thread/INFO] (PiriRuntimeAcceptance) PIRI_PHASE02_PACKET {"type":"PUBLIC_STATE","payload":{"sessionId":"078d0d75-5cc9-4666-a1b3-450e82603945","machineId":1,"expectedNextClientSequence":217,"gameState":"SEATED_READY","lifecycle":"ACTIVE","credit":0,"heldMedals":0,"bet":0,"pay":0,"bonusCount":0,"lampOn":false,"displayStops":{"left":5,"center":1,"right":15},"stoppedMask":7}}
[21:24:40] [Render thread/INFO] (PiriRuntimeAcceptance) PIRI_PHASE02_PACKET {"type":"SESSION_END","payload":{"sessionId":"078d0d75-5cc9-4666-a1b3-450e82603945"}}
[21:24:41] [Render thread/INFO] (Minecraft) Stopping!

BUILD SUCCESSFUL in 4m 16s
15 actionable tasks: 3 executed, 12 up-to-date
