
> Configure project :fabric
Fabric Loom: 1.10.5

> Configure project :runtime-test-client
Fabric Loom: 1.10.5

> Task :common:compileJava UP-TO-DATE
> Task :fabric:compileJava UP-TO-DATE
> Task :fabric:processResources UP-TO-DATE
> Task :fabric:classes UP-TO-DATE
> Task :paper:compileJava UP-TO-DATE
> Task :fabric:compileTestJava UP-TO-DATE
> Task :common:processResources NO-SOURCE
> Task :common:classes UP-TO-DATE
> Task :fabric:jar UP-TO-DATE
> Task :fabric:processIncludeJars UP-TO-DATE
> Task :fabric:remapJar UP-TO-DATE
> Task :runtime-test-client:compileJava UP-TO-DATE
> Task :runtime-test-client:processResources UP-TO-DATE
> Task :runtime-test-client:classes UP-TO-DATE
> Task :runtime-test-client:generateLog4jConfig UP-TO-DATE
> Task :runtime-test-client:generateRemapClasspath UP-TO-DATE
> Task :runtime-test-client:generateDLIConfig UP-TO-DATE
> Task :runtime-test-client:configureLaunch UP-TO-DATE
> Task :runtime-test-client:downloadAssets
> Task :runtime-test-client:configureClientLaunch

> Task :runtime-test-client:runClient
[10:06:56] [main/INFO] (FabricLoader/GameProvider) Loading Minecraft 1.21 with Fabric Loader 0.16.14
[10:06:56] [main/INFO] (FabricLoader) Loading 56 mods:
	- fabric-api 0.102.0+1.21
	- fabric-api-base 0.4.42+6573ed8cd1
	- fabric-api-lookup-api-v1 1.6.68+b5597344d1
	- fabric-biome-api-v1 13.0.29+5bd9f1bcd1
	- fabric-block-api-v1 1.0.22+0af3f5a7d1
	- fabric-block-view-api-v2 1.0.10+6573ed8cd1
	- fabric-blockrenderlayer-v1 1.1.52+0af3f5a7d1
	- fabric-client-tags-api-v1 1.1.15+6573ed8cd1
	- fabric-command-api-v1 1.2.49+f71b366fd1
	- fabric-command-api-v2 2.2.28+6ced4dd9d1
	- fabric-commands-v0 0.2.66+df3654b3d1
	- fabric-content-registries-v0 8.0.16+b5597344d1
	- fabric-convention-tags-v1 2.0.19+7f945d5bd1
	- fabric-convention-tags-v2 2.5.0+c5e2b5c6d1
	- fabric-crash-report-info-v1 0.2.29+0af3f5a7d1
	- fabric-data-attachment-api-v1 1.1.27+6a6dfa19d1
	- fabric-data-generation-api-v1 20.2.16+16c4ae25d1
	- fabric-dimensions-v1 4.0.0+6fc22b99d1
	- fabric-entity-events-v1 1.6.12+6fc22b99d1
	- fabric-events-interaction-v0 0.7.12+ba9dae06d1
	- fabric-game-rule-api-v1 1.0.53+6ced4dd9d1
	- fabric-gametest-api-v1 2.0.4+6fc22b99d1
	- fabric-item-api-v1 11.0.0+afdfc921d1
	- fabric-item-group-api-v1 4.1.4+78017270d1
	- fabric-key-binding-api-v1 1.0.47+0af3f5a7d1
	- fabric-keybindings-v0 0.2.45+df3654b3d1
	- fabric-lifecycle-events-v1 2.3.12+6c1df360d1
	- fabric-loot-api-v2 3.0.14+3f89f5a5d1
	- fabric-loot-api-v3 1.0.2+3f89f5a5d1
	- fabric-message-api-v1 6.0.13+6573ed8cd1
	- fabric-model-loading-api-v1 2.0.0+fe474d6bd1
	- fabric-networking-api-v1 4.2.2+60c3209bd1
	- fabric-object-builder-api-v1 15.2.0+a551f7a4d1
	- fabric-particles-v1 4.0.2+6573ed8cd1
	- fabric-recipe-api-v1 5.0.12+65089712d1
	- fabric-registry-sync-v0 5.1.2+60c3209bd1
	- fabric-renderer-api-v1 3.4.0+c705a49cd1
	- fabric-renderer-indigo 1.7.0+c705a49cd1
	- fabric-renderer-registries-v1 3.2.68+df3654b3d1
	- fabric-rendering-data-attachment-v1 0.3.48+73761d2ed1
	- fabric-rendering-fluids-v1 3.1.6+b5597344d1
	- fabric-rendering-v0 1.1.71+df3654b3d1
	- fabric-rendering-v1 5.0.5+df16efd0d1
	- fabric-resource-conditions-api-v1 4.3.0+8dc279b1d1
	- fabric-resource-loader-v0 1.3.0+56599129d1
	- fabric-screen-api-v1 2.0.24+b5597344d1
	- fabric-screen-handler-api-v1 1.3.86+b5597344d1
	- fabric-sound-api-v1 1.0.23+6573ed8cd1
	- fabric-transfer-api-v1 5.1.16+3dccd343d1
	- fabric-transitive-access-wideners-v1 6.1.0+176f9036d1
	- fabricloader 0.16.14
	- java 21
	- minecraft 1.21
	- mixinextras 0.4.1
	- piri_juggler 1.0.0
	- piri_runtime_acceptance 1.0.0
[10:06:57] [main/INFO] (FabricLoader/Mixin) SpongePowered MIXIN Subsystem Version=0.8.7 Source=file:/C:/Users/PC_user/.gradle/caches/modules-2/files-2.1/net.fabricmc/sponge-mixin/0.15.5+mixin.0.8.7/22f9eb729e216a091673a574a5906dc1b9027fb3/sponge-mixin-0.15.5+mixin.0.8.7.jar Service=Knot/Fabric Env=CLIENT
[10:06:57] [main/INFO] (FabricLoader/Mixin) Loaded Fabric development mappings for mixin remapper!
[10:06:57] [main/INFO] (FabricLoader/Mixin) Compatibility level set to JAVA_17
[10:06:57] [main/INFO] (FabricLoader/Mixin) Compatibility level set to JAVA_21
[10:06:58] [main/INFO] (FabricLoader/MixinExtras|Service) Initializing MixinExtras via com.llamalad7.mixinextras.service.MixinExtrasServiceImpl(version=0.4.1).
[10:06:59] [Datafixer Bootstrap/INFO] (Minecraft) 226 Datafixer optimizations took 274 milliseconds
[10:06:59] [main/WARN] (PerfmonDisabled) Invalid registry value type detected for PerfOS counters. Should be REG_DWORD. Ignoring: HKEY_LOCAL_MACHINE\SYSTEM\CurrentControlSet\Services\PerfOS\Performance\Disable Performance Counters.
[10:07:05] [Render thread/INFO] (Minecraft) Environment: Environment[sessionHost=https://sessionserver.mojang.com, servicesHost=https://api.minecraftservices.com, name=PROD]
[10:07:05] [Render thread/INFO] (Minecraft) Setting user: PiriRuntimeTest
[10:07:05] [Render thread/INFO] (PiriRuntimeAcceptance) PIRI_RUNTIME_CLIENT_READY Minecraft=1.21 FabricLoader=0.16.14 scenario=phase05-game
[10:07:06] [Render thread/INFO] (Indigo) [Indigo] Registering Indigo renderer!
[10:07:06] [Render thread/INFO] (Minecraft) Backend library: LWJGL version 3.3.3-snapshot
[10:07:07] [Render thread/INFO] (Minecraft) Reloading ResourceManager: vanilla, fabric, fabric-api, fabric-api-base, fabric-api-lookup-api-v1, fabric-biome-api-v1, fabric-block-api-v1, fabric-block-view-api-v2, fabric-blockrenderlayer-v1, fabric-client-tags-api-v1, fabric-command-api-v1, fabric-command-api-v2, fabric-commands-v0, fabric-content-registries-v0, fabric-convention-tags-v1, fabric-convention-tags-v2, fabric-crash-report-info-v1, fabric-data-attachment-api-v1, fabric-data-generation-api-v1, fabric-dimensions-v1, fabric-entity-events-v1, fabric-events-interaction-v0, fabric-game-rule-api-v1, fabric-gametest-api-v1, fabric-item-api-v1, fabric-item-group-api-v1, fabric-key-binding-api-v1, fabric-keybindings-v0, fabric-lifecycle-events-v1, fabric-loot-api-v2, fabric-loot-api-v3, fabric-message-api-v1, fabric-model-loading-api-v1, fabric-networking-api-v1, fabric-object-builder-api-v1, fabric-particles-v1, fabric-recipe-api-v1, fabric-registry-sync-v0, fabric-renderer-api-v1, fabric-renderer-indigo, fabric-renderer-registries-v1, fabric-rendering-data-attachment-v1, fabric-rendering-fluids-v1, fabric-rendering-v0, fabric-rendering-v1, fabric-resource-conditions-api-v1, fabric-resource-loader-v0, fabric-screen-api-v1, fabric-screen-handler-api-v1, fabric-sound-api-v1, fabric-transfer-api-v1, fabric-transitive-access-wideners-v1, fabricloader, piri_juggler
[10:07:07] [Worker-Main-3/WARN] (Minecraft) File piri:sounds/bet.ogg does not exist, cannot add it to event piri:bet
[10:07:07] [Worker-Main-3/WARN] (Minecraft) File piri:sounds/bonus_end.ogg does not exist, cannot add it to event piri:bonus_end
[10:07:07] [Worker-Main-3/WARN] (Minecraft) File piri:sounds/bonus_start.ogg does not exist, cannot add it to event piri:bonus_start
[10:07:07] [Worker-Main-3/WARN] (Minecraft) File piri:sounds/error.ogg does not exist, cannot add it to event piri:error
[10:07:07] [Worker-Main-3/WARN] (Minecraft) File piri:sounds/lever.ogg does not exist, cannot add it to event piri:lever
[10:07:07] [Worker-Main-3/WARN] (Minecraft) File piri:sounds/notice.ogg does not exist, cannot add it to event piri:notice
[10:07:07] [Worker-Main-3/WARN] (Minecraft) File piri:sounds/notice_strong.ogg does not exist, cannot add it to event piri:notice_strong
[10:07:07] [Worker-Main-3/WARN] (Minecraft) File piri:sounds/payout.ogg does not exist, cannot add it to event piri:payout
[10:07:07] [Worker-Main-3/WARN] (Minecraft) File piri:sounds/stop.ogg does not exist, cannot add it to event piri:stop
[10:07:07] [Worker-Main-3/WARN] (Minecraft) File piri:sounds/tenpai.ogg does not exist, cannot add it to event piri:tenpai
[10:07:07] [Worker-Main-13/INFO] (Minecraft) Found unifont_all_no_pua-15.1.05.hex, loading
[10:07:07] [Worker-Main-14/INFO] (Minecraft) Found unifont_jp_patch-15.1.05.hex, loading
[10:07:09] [Render thread/WARN] (Minecraft) Missing sound for event: minecraft:item.goat_horn.play
[10:07:09] [Render thread/WARN] (Minecraft) Missing sound for event: minecraft:entity.goat.screaming.horn_break
[10:07:09] [Render thread/INFO] (Minecraft) OpenAL initialized on device OpenAL Soft on Headphones (High Definition Audio Device)
[10:07:09] [Render thread/INFO] (Minecraft) Sound engine started
[10:07:09] [Render thread/INFO] (Minecraft) Created: 1024x512x4 minecraft:textures/atlas/blocks.png-atlas
[10:07:09] [Render thread/INFO] (Minecraft) Created: 256x256x4 minecraft:textures/atlas/signs.png-atlas
[10:07:09] [Render thread/INFO] (Minecraft) Created: 512x512x4 minecraft:textures/atlas/shield_patterns.png-atlas
[10:07:09] [Render thread/INFO] (Minecraft) Created: 512x512x4 minecraft:textures/atlas/banner_patterns.png-atlas
[10:07:09] [Render thread/INFO] (Minecraft) Created: 1024x1024x4 minecraft:textures/atlas/armor_trims.png-atlas
[10:07:09] [Render thread/INFO] (Minecraft) Created: 128x64x4 minecraft:textures/atlas/decorated_pot.png-atlas
[10:07:09] [Render thread/INFO] (Minecraft) Created: 256x256x4 minecraft:textures/atlas/chest.png-atlas
[10:07:09] [Render thread/INFO] (Minecraft) Created: 512x256x4 minecraft:textures/atlas/shulker_boxes.png-atlas
[10:07:09] [Render thread/INFO] (Minecraft) Created: 512x256x4 minecraft:textures/atlas/beds.png-atlas
[10:07:09] [Render thread/INFO] (Minecraft) Created: 512x256x0 minecraft:textures/atlas/particles.png-atlas
[10:07:09] [Render thread/INFO] (Minecraft) Created: 512x256x0 minecraft:textures/atlas/paintings.png-atlas
[10:07:09] [Render thread/INFO] (Minecraft) Created: 256x128x0 minecraft:textures/atlas/mob_effects.png-atlas
[10:07:09] [Render thread/INFO] (Minecraft) Created: 64x64x0 minecraft:textures/atlas/map_decorations.png-atlas
[10:07:09] [Render thread/INFO] (Minecraft) Created: 1024x512x0 minecraft:textures/atlas/gui.png-atlas
[10:07:09] [Render thread/WARN] (Minecraft) Shader rendertype_entity_translucent_emissive could not find sampler named Sampler2 in the specified shader program.
[10:07:09] [Render thread/INFO] (Minecraft) Connecting to 127.0.0.1, 25589
[10:07:11] [Render thread/WARN] (Minecraft) Ignoring player info update for unknown player 2b9a0e28-4a8f-3fe1-a65b-c41ad05e8077 ([UPDATE_GAME_MODE])
[10:07:11] [Render thread/INFO] (Minecraft) [System] [CHAT] PiriRuntimeTest joined the game
[10:07:11] [Render thread/INFO] (Minecraft) Loaded 2 advancements
[10:07:11] [Render thread/INFO] (PiriRuntimeAcceptance) PIRI_RUNTIME_HELLO protocol=1 payload={"protocol":1,"modVersion":"1.0.0"}
[10:07:11] [Render thread/INFO] (PiriRuntimeAcceptance) PIRI_PHASE02_PACKET {"type":"HELLO_ACK","payload":{"protocol":1,"serverVersion":"1.0.0"}}
[10:07:12] [Render thread/INFO] (Minecraft) [System] [CHAT] MACHINE_CREATED 1
[10:07:13] [Render thread/INFO] (PiriRuntimeAcceptance) PIRI_PHASE02_REAL_CLICK block=BlockPos{x=0, y=66, z=0} result=SUCCESS
[10:07:13] [Render thread/INFO] (PiriRuntimeAcceptance) PIRI_PHASE02_PACKET {"type":"OPEN_MACHINE","payload":{"sessionId":"5267f3eb-5c85-4c6b-b2cf-d9c01834646e","machineId":1,"expectedNextClientSequence":1}}
[10:07:13] [Render thread/INFO] (PiriRuntimeAcceptance) PIRI_PHASE02_PACKET {"type":"PUBLIC_STATE","payload":{"sessionId":"5267f3eb-5c85-4c6b-b2cf-d9c01834646e","machineId":1,"expectedNextClientSequence":1,"gameState":"SEATED_READY","lifecycle":"ACTIVE","credit":0,"heldMedals":0,"bet":0,"pay":0,"bonusCount":0,"lampOn":false,"displayStops":{"left":0,"center":0,"right":0},"stoppedMask":0}}
[10:07:13] [Render thread/INFO] (PiriRuntimeAcceptance) PIRI_PHASE02_PACKET {"type":"ACTION_REJECTED","payload":{"clientSequence":1,"errorCode":"NOT_ENOUGH_CREDIT"}}
[10:07:13] [Render thread/INFO] (PiriRuntimeAcceptance) PIRI_PHASE02_PACKET {"type":"PUBLIC_STATE","payload":{"sessionId":"5267f3eb-5c85-4c6b-b2cf-d9c01834646e","machineId":1,"expectedNextClientSequence":2,"gameState":"SEATED_READY","lifecycle":"ACTIVE","credit":0,"heldMedals":0,"bet":0,"pay":0,"bonusCount":0,"lampOn":false,"displayStops":{"left":0,"center":0,"right":0},"stoppedMask":0}}
[10:07:14] [Render thread/INFO] (PiriRuntimeAcceptance) PIRI_PHASE02_REAL_CLICK block=BlockPos{x=0, y=66, z=0} result=SUCCESS
[10:07:14] [Render thread/INFO] (PiriRuntimeAcceptance) PIRI_PHASE02_PACKET {"type":"OPEN_MACHINE","payload":{"sessionId":"5267f3eb-5c85-4c6b-b2cf-d9c01834646e","machineId":1,"expectedNextClientSequence":2}}
[10:07:14] [Render thread/INFO] (PiriRuntimeAcceptance) PIRI_PHASE02_PACKET {"type":"PUBLIC_STATE","payload":{"sessionId":"5267f3eb-5c85-4c6b-b2cf-d9c01834646e","machineId":1,"expectedNextClientSequence":2,"gameState":"SEATED_READY","lifecycle":"ACTIVE","credit":2,"heldMedals":800,"bet":0,"pay":0,"bonusCount":0,"lampOn":false,"displayStops":{"left":0,"center":0,"right":0},"stoppedMask":0}}
[10:07:15] [Render thread/INFO] (PiriRuntimeAcceptance) PIRI_PHASE02_PACKET {"type":"ACTION_REJECTED","payload":{"clientSequence":3,"errorCode":"BUSY"}}
[10:07:15] [Render thread/INFO] (PiriRuntimeAcceptance) PIRI_PHASE02_PACKET {"type":"ACTION_ACCEPTED","payload":{"clientSequence":2,"action":"SPACE_ACTION"}}
[10:07:15] [Render thread/INFO] (PiriRuntimeAcceptance) PIRI_PHASE02_PACKET {"type":"PUBLIC_STATE","payload":{"sessionId":"5267f3eb-5c85-4c6b-b2cf-d9c01834646e","machineId":1,"expectedNextClientSequence":3,"gameState":"NORMAL_BETTED","lifecycle":"ACTIVE","credit":0,"heldMedals":799,"bet":3,"pay":0,"bonusCount":0,"lampOn":false,"displayStops":{"left":0,"center":0,"right":0},"stoppedMask":0}}
[10:07:15] [Render thread/INFO] (PiriRuntimeAcceptance) PIRI_PHASE02_PACKET {"type":"ACTION_ACCEPTED","payload":{"clientSequence":4,"action":"SPACE_ACTION"}}
[10:07:15] [Render thread/INFO] (PiriRuntimeAcceptance) PIRI_PHASE02_PACKET {"type":"PUBLIC_STATE","payload":{"sessionId":"5267f3eb-5c85-4c6b-b2cf-d9c01834646e","machineId":1,"expectedNextClientSequence":5,"gameState":"NORMAL_SPINNING","lifecycle":"ACTIVE","credit":0,"heldMedals":799,"bet":3,"pay":0,"bonusCount":0,"lampOn":false,"displayStops":{"left":0,"center":0,"right":0},"stoppedMask":0}}
[10:07:15] [Render thread/INFO] (PiriRuntimeAcceptance) PIRI_PHASE02_PACKET {"type":"SPIN_START","payload":{"sessionId":"5267f3eb-5c85-4c6b-b2cf-d9c01834646e","machineId":1,"spinId":"f48ca511-7a7d-4f29-87a2-acebeb441eab","mode":"NORMAL","animation":"NORMAL","startPhase":{"left":0.0,"center":0.0,"right":0.0},"stopEnableAfterMs":400}}
[10:07:16] [Render thread/INFO] (PiriRuntimeAcceptance) PIRI_PHASE02_PACKET {"type":"ACTION_ACCEPTED","payload":{"clientSequence":5,"action":"STOP_LEFT"}}
[10:07:16] [Render thread/INFO] (PiriRuntimeAcceptance) PIRI_PHASE02_PACKET {"type":"REEL_STOP","payload":{"spinId":"f48ca511-7a7d-4f29-87a2-acebeb441eab","reel":"LEFT","pressedIndex":13,"stopIndex":13,"slip":0,"durationMs":80}}
[10:07:16] [Render thread/INFO] (PiriRuntimeAcceptance) PIRI_PHASE02_PACKET {"type":"PUBLIC_STATE","payload":{"sessionId":"5267f3eb-5c85-4c6b-b2cf-d9c01834646e","machineId":1,"expectedNextClientSequence":6,"gameState":"NORMAL_SPINNING","lifecycle":"ACTIVE","credit":0,"heldMedals":799,"bet":3,"pay":0,"bonusCount":0,"lampOn":false,"displayStops":{"left":13,"center":0,"right":0},"stoppedMask":1}}
[10:07:17] [Render thread/INFO] (PiriRuntimeAcceptance) PIRI_PHASE02_PACKET {"type":"ACTION_ACCEPTED","payload":{"clientSequence":6,"action":"STOP_CENTER"}}
[10:07:17] [Render thread/INFO] (PiriRuntimeAcceptance) PIRI_PHASE02_PACKET {"type":"REEL_STOP","payload":{"spinId":"f48ca511-7a7d-4f29-87a2-acebeb441eab","reel":"CENTER","pressedIndex":4,"stopIndex":4,"slip":0,"durationMs":80}}
[10:07:17] [Render thread/INFO] (PiriRuntimeAcceptance) PIRI_PHASE02_PACKET {"type":"PUBLIC_STATE","payload":{"sessionId":"5267f3eb-5c85-4c6b-b2cf-d9c01834646e","machineId":1,"expectedNextClientSequence":7,"gameState":"NORMAL_SPINNING","lifecycle":"ACTIVE","credit":0,"heldMedals":799,"bet":3,"pay":0,"bonusCount":0,"lampOn":false,"displayStops":{"left":13,"center":4,"right":0},"stoppedMask":3}}
[10:07:17] [Render thread/INFO] (PiriRuntimeAcceptance) PIRI_PHASE02_PACKET {"type":"ACTION_ACCEPTED","payload":{"clientSequence":7,"action":"STOP_RIGHT"}}
[10:07:17] [Render thread/INFO] (PiriRuntimeAcceptance) PIRI_PHASE02_PACKET {"type":"REEL_STOP","payload":{"spinId":"f48ca511-7a7d-4f29-87a2-acebeb441eab","reel":"RIGHT","pressedIndex":16,"stopIndex":16,"slip":0,"durationMs":80}}
[10:07:17] [Render thread/INFO] (PiriRuntimeAcceptance) PIRI_PHASE02_PACKET {"type":"PUBLIC_STATE","payload":{"sessionId":"5267f3eb-5c85-4c6b-b2cf-d9c01834646e","machineId":1,"expectedNextClientSequence":8,"gameState":"SEATED_READY","lifecycle":"ACTIVE","credit":0,"heldMedals":799,"bet":0,"pay":0,"bonusCount":0,"lampOn":false,"displayStops":{"left":13,"center":4,"right":16},"stoppedMask":7}}
[10:07:18] [Render thread/INFO] (PiriRuntimeAcceptance) PIRI_PHASE02_PACKET {"type":"ACTION_ACCEPTED","payload":{"clientSequence":8,"action":"SPACE_ACTION"}}
[10:07:18] [Render thread/INFO] (PiriRuntimeAcceptance) PIRI_PHASE02_PACKET {"type":"PUBLIC_STATE","payload":{"sessionId":"5267f3eb-5c85-4c6b-b2cf-d9c01834646e","machineId":1,"expectedNextClientSequence":9,"gameState":"NORMAL_BETTED","lifecycle":"ACTIVE","credit":0,"heldMedals":796,"bet":3,"pay":0,"bonusCount":0,"lampOn":false,"displayStops":{"left":13,"center":4,"right":16},"stoppedMask":7}}
[10:07:19] [Render thread/INFO] (PiriRuntimeAcceptance) PIRI_PHASE02_PACKET {"type":"ACTION_ACCEPTED","payload":{"clientSequence":9,"action":"SPACE_ACTION"}}
[10:07:19] [Render thread/INFO] (PiriRuntimeAcceptance) PIRI_PHASE02_PACKET {"type":"PUBLIC_STATE","payload":{"sessionId":"5267f3eb-5c85-4c6b-b2cf-d9c01834646e","machineId":1,"expectedNextClientSequence":10,"gameState":"NORMAL_SPINNING","lifecycle":"ACTIVE","credit":0,"heldMedals":796,"bet":3,"pay":0,"bonusCount":0,"lampOn":false,"displayStops":{"left":13,"center":4,"right":16},"stoppedMask":0}}
[10:07:19] [Render thread/INFO] (PiriRuntimeAcceptance) PIRI_PHASE02_PACKET {"type":"SPIN_START","payload":{"sessionId":"5267f3eb-5c85-4c6b-b2cf-d9c01834646e","machineId":1,"spinId":"0c9ae8eb-f432-42ea-af9c-64aaad80d28e","mode":"NORMAL","animation":"NORMAL","startPhase":{"left":13.0,"center":4.0,"right":16.0},"stopEnableAfterMs":400}}
[10:07:20] [Render thread/INFO] (PiriRuntimeAcceptance) PIRI_PHASE02_PACKET {"type":"ACTION_ACCEPTED","payload":{"clientSequence":10,"action":"STOP_LEFT"}}
[10:07:20] [Render thread/INFO] (PiriRuntimeAcceptance) PIRI_PHASE02_PACKET {"type":"REEL_STOP","payload":{"spinId":"0c9ae8eb-f432-42ea-af9c-64aaad80d28e","reel":"LEFT","pressedIndex":5,"stopIndex":5,"slip":0,"durationMs":80}}
[10:07:20] [Render thread/INFO] (PiriRuntimeAcceptance) PIRI_PHASE02_PACKET {"type":"PUBLIC_STATE","payload":{"sessionId":"5267f3eb-5c85-4c6b-b2cf-d9c01834646e","machineId":1,"expectedNextClientSequence":11,"gameState":"NORMAL_SPINNING","lifecycle":"ACTIVE","credit":0,"heldMedals":796,"bet":3,"pay":0,"bonusCount":0,"lampOn":false,"displayStops":{"left":5,"center":4,"right":16},"stoppedMask":1}}
[10:07:20] [Render thread/INFO] (PiriRuntimeAcceptance) PIRI_PHASE02_PACKET {"type":"ACTION_ACCEPTED","payload":{"clientSequence":11,"action":"STOP_RIGHT"}}
[10:07:20] [Render thread/INFO] (PiriRuntimeAcceptance) PIRI_PHASE02_PACKET {"type":"REEL_STOP","payload":{"spinId":"0c9ae8eb-f432-42ea-af9c-64aaad80d28e","reel":"RIGHT","pressedIndex":16,"stopIndex":15,"slip":1,"durationMs":130}}
[10:07:20] [Render thread/INFO] (PiriRuntimeAcceptance) PIRI_PHASE02_PACKET {"type":"PUBLIC_STATE","payload":{"sessionId":"5267f3eb-5c85-4c6b-b2cf-d9c01834646e","machineId":1,"expectedNextClientSequence":12,"gameState":"NORMAL_SPINNING","lifecycle":"ACTIVE","credit":0,"heldMedals":796,"bet":3,"pay":0,"bonusCount":0,"lampOn":false,"displayStops":{"left":5,"center":4,"right":15},"stoppedMask":5}}
[10:07:21] [Render thread/INFO] (PiriRuntimeAcceptance) PIRI_PHASE02_PACKET {"type":"ACTION_ACCEPTED","payload":{"clientSequence":12,"action":"STOP_CENTER"}}
[10:07:21] [Render thread/INFO] (PiriRuntimeAcceptance) PIRI_PHASE02_PACKET {"type":"REEL_STOP","payload":{"spinId":"0c9ae8eb-f432-42ea-af9c-64aaad80d28e","reel":"CENTER","pressedIndex":16,"stopIndex":14,"slip":2,"durationMs":180}}
[10:07:21] [Render thread/INFO] (PiriRuntimeAcceptance) PIRI_PHASE02_PACKET {"type":"PUBLIC_STATE","payload":{"sessionId":"5267f3eb-5c85-4c6b-b2cf-d9c01834646e","machineId":1,"expectedNextClientSequence":13,"gameState":"REPLAY_READY","lifecycle":"ACTIVE","credit":0,"heldMedals":796,"bet":3,"pay":0,"bonusCount":0,"lampOn":false,"displayStops":{"left":5,"center":14,"right":15},"stoppedMask":7}}
[10:07:22] [Render thread/INFO] (PiriRuntimeAcceptance) PIRI_PHASE02_PACKET {"type":"ACTION_ACCEPTED","payload":{"clientSequence":13,"action":"SPACE_ACTION"}}
[10:07:22] [Render thread/INFO] (PiriRuntimeAcceptance) PIRI_PHASE02_PACKET {"type":"PUBLIC_STATE","payload":{"sessionId":"5267f3eb-5c85-4c6b-b2cf-d9c01834646e","machineId":1,"expectedNextClientSequence":14,"gameState":"NORMAL_SPINNING","lifecycle":"ACTIVE","credit":0,"heldMedals":796,"bet":3,"pay":0,"bonusCount":0,"lampOn":false,"displayStops":{"left":5,"center":14,"right":15},"stoppedMask":0}}
[10:07:22] [Render thread/INFO] (PiriRuntimeAcceptance) PIRI_PHASE02_PACKET {"type":"SPIN_START","payload":{"sessionId":"5267f3eb-5c85-4c6b-b2cf-d9c01834646e","machineId":1,"spinId":"3a082cb4-09f4-437a-b9ac-4954b8abf67b","mode":"NORMAL","animation":"NORMAL","startPhase":{"left":5.0,"center":14.0,"right":15.0},"stopEnableAfterMs":400}}
[10:07:23] [Render thread/INFO] (PiriRuntimeAcceptance) PIRI_PHASE02_PACKET {"type":"ACTION_ACCEPTED","payload":{"clientSequence":14,"action":"STOP_CENTER"}}
[10:07:23] [Render thread/INFO] (PiriRuntimeAcceptance) PIRI_PHASE02_PACKET {"type":"REEL_STOP","payload":{"spinId":"3a082cb4-09f4-437a-b9ac-4954b8abf67b","reel":"CENTER","pressedIndex":7,"stopIndex":7,"slip":0,"durationMs":80}}
[10:07:23] [Render thread/INFO] (PiriRuntimeAcceptance) PIRI_PHASE02_PACKET {"type":"PUBLIC_STATE","payload":{"sessionId":"5267f3eb-5c85-4c6b-b2cf-d9c01834646e","machineId":1,"expectedNextClientSequence":15,"gameState":"NORMAL_SPINNING","lifecycle":"ACTIVE","credit":0,"heldMedals":796,"bet":3,"pay":0,"bonusCount":0,"lampOn":false,"displayStops":{"left":5,"center":7,"right":15},"stoppedMask":2}}
[10:07:24] [Render thread/INFO] (PiriRuntimeAcceptance) PIRI_PHASE02_PACKET {"type":"ACTION_ACCEPTED","payload":{"clientSequence":15,"action":"STOP_LEFT"}}
[10:07:24] [Render thread/INFO] (PiriRuntimeAcceptance) PIRI_PHASE02_PACKET {"type":"REEL_STOP","payload":{"spinId":"3a082cb4-09f4-437a-b9ac-4954b8abf67b","reel":"LEFT","pressedIndex":10,"stopIndex":2,"slip":8,"durationMs":480}}
[10:07:24] [Render thread/INFO] (PiriRuntimeAcceptance) PIRI_PHASE02_PACKET {"type":"PUBLIC_STATE","payload":{"sessionId":"5267f3eb-5c85-4c6b-b2cf-d9c01834646e","machineId":1,"expectedNextClientSequence":16,"gameState":"NORMAL_SPINNING","lifecycle":"ACTIVE","credit":0,"heldMedals":796,"bet":3,"pay":0,"bonusCount":0,"lampOn":false,"displayStops":{"left":2,"center":7,"right":15},"stoppedMask":3}}
[10:07:24] [Render thread/INFO] (PiriRuntimeAcceptance) PIRI_PHASE02_PACKET {"type":"ACTION_ACCEPTED","payload":{"clientSequence":16,"action":"STOP_RIGHT"}}
[10:07:24] [Render thread/INFO] (PiriRuntimeAcceptance) PIRI_PHASE02_PACKET {"type":"REEL_STOP","payload":{"spinId":"3a082cb4-09f4-437a-b9ac-4954b8abf67b","reel":"RIGHT","pressedIndex":10,"stopIndex":7,"slip":3,"durationMs":230}}
[10:07:24] [Render thread/INFO] (PiriRuntimeAcceptance) PIRI_PHASE02_PACKET {"type":"PUBLIC_STATE","payload":{"sessionId":"5267f3eb-5c85-4c6b-b2cf-d9c01834646e","machineId":1,"expectedNextClientSequence":17,"gameState":"REPLAY_READY","lifecycle":"ACTIVE","credit":0,"heldMedals":796,"bet":3,"pay":0,"bonusCount":0,"lampOn":false,"displayStops":{"left":2,"center":7,"right":7},"stoppedMask":7}}
[10:07:25] [Render thread/INFO] (PiriRuntimeAcceptance) PIRI_PHASE02_PACKET {"type":"ACTION_ACCEPTED","payload":{"clientSequence":17,"action":"SPACE_ACTION"}}
[10:07:25] [Render thread/INFO] (PiriRuntimeAcceptance) PIRI_PHASE02_PACKET {"type":"PUBLIC_STATE","payload":{"sessionId":"5267f3eb-5c85-4c6b-b2cf-d9c01834646e","machineId":1,"expectedNextClientSequence":18,"gameState":"NORMAL_SPINNING","lifecycle":"ACTIVE","credit":0,"heldMedals":796,"bet":3,"pay":0,"bonusCount":0,"lampOn":false,"displayStops":{"left":2,"center":7,"right":7},"stoppedMask":0}}
[10:07:25] [Render thread/INFO] (PiriRuntimeAcceptance) PIRI_PHASE02_PACKET {"type":"SPIN_START","payload":{"sessionId":"5267f3eb-5c85-4c6b-b2cf-d9c01834646e","machineId":1,"spinId":"2c1b4fe4-e079-43b2-8670-ec20cba0ff87","mode":"NORMAL","animation":"NORMAL","startPhase":{"left":2.0,"center":7.0,"right":7.0},"stopEnableAfterMs":400}}
[10:07:26] [Render thread/INFO] (PiriRuntimeAcceptance) PIRI_PHASE02_PACKET {"type":"ACTION_ACCEPTED","payload":{"clientSequence":18,"action":"STOP_CENTER"}}
[10:07:26] [Render thread/INFO] (PiriRuntimeAcceptance) PIRI_PHASE02_PACKET {"type":"REEL_STOP","payload":{"spinId":"2c1b4fe4-e079-43b2-8670-ec20cba0ff87","reel":"CENTER","pressedIndex":0,"stopIndex":0,"slip":0,"durationMs":80}}
[10:07:26] [Render thread/INFO] (PiriRuntimeAcceptance) PIRI_PHASE02_PACKET {"type":"PUBLIC_STATE","payload":{"sessionId":"5267f3eb-5c85-4c6b-b2cf-d9c01834646e","machineId":1,"expectedNextClientSequence":19,"gameState":"NORMAL_SPINNING","lifecycle":"ACTIVE","credit":0,"heldMedals":796,"bet":3,"pay":0,"bonusCount":0,"lampOn":false,"displayStops":{"left":2,"center":0,"right":7},"stoppedMask":2}}
[10:07:26] [Render thread/INFO] (PiriRuntimeAcceptance) PIRI_PHASE02_PACKET {"type":"ACTION_ACCEPTED","payload":{"clientSequence":19,"action":"STOP_RIGHT"}}
[10:07:26] [Render thread/INFO] (PiriRuntimeAcceptance) PIRI_PHASE02_PACKET {"type":"REEL_STOP","payload":{"spinId":"2c1b4fe4-e079-43b2-8670-ec20cba0ff87","reel":"RIGHT","pressedIndex":11,"stopIndex":11,"slip":0,"durationMs":80}}
[10:07:26] [Render thread/INFO] (PiriRuntimeAcceptance) PIRI_PHASE02_PACKET {"type":"PUBLIC_STATE","payload":{"sessionId":"5267f3eb-5c85-4c6b-b2cf-d9c01834646e","machineId":1,"expectedNextClientSequence":20,"gameState":"NORMAL_SPINNING","lifecycle":"ACTIVE","credit":0,"heldMedals":796,"bet":3,"pay":0,"bonusCount":0,"lampOn":false,"displayStops":{"left":2,"center":0,"right":11},"stoppedMask":6}}
[10:07:27] [Render thread/INFO] (PiriRuntimeAcceptance) PIRI_PHASE02_PACKET {"type":"ACTION_ACCEPTED","payload":{"clientSequence":20,"action":"STOP_LEFT"}}
[10:07:27] [Render thread/INFO] (PiriRuntimeAcceptance) PIRI_PHASE02_PACKET {"type":"REEL_STOP","payload":{"spinId":"2c1b4fe4-e079-43b2-8670-ec20cba0ff87","reel":"LEFT","pressedIndex":18,"stopIndex":18,"slip":0,"durationMs":80}}
[10:07:27] [Render thread/INFO] (PiriRuntimeAcceptance) PIRI_PHASE02_PACKET {"type":"PUBLIC_STATE","payload":{"sessionId":"5267f3eb-5c85-4c6b-b2cf-d9c01834646e","machineId":1,"expectedNextClientSequence":21,"gameState":"SEATED_READY","lifecycle":"ACTIVE","credit":0,"heldMedals":796,"bet":0,"pay":0,"bonusCount":0,"lampOn":false,"displayStops":{"left":18,"center":0,"right":11},"stoppedMask":7}}
[10:07:27] [Render thread/INFO] (PiriRuntimeAcceptance) PIRI_PHASE02_PACKET {"type":"ACTION_ACCEPTED","payload":{"clientSequence":21,"action":"SPACE_ACTION"}}
[10:07:27] [Render thread/INFO] (PiriRuntimeAcceptance) PIRI_PHASE02_PACKET {"type":"PUBLIC_STATE","payload":{"sessionId":"5267f3eb-5c85-4c6b-b2cf-d9c01834646e","machineId":1,"expectedNextClientSequence":22,"gameState":"NORMAL_BETTED","lifecycle":"ACTIVE","credit":0,"heldMedals":793,"bet":3,"pay":0,"bonusCount":0,"lampOn":false,"displayStops":{"left":18,"center":0,"right":11},"stoppedMask":7}}
[10:07:28] [Render thread/INFO] (PiriRuntimeAcceptance) PIRI_PHASE02_PACKET {"type":"ACTION_ACCEPTED","payload":{"clientSequence":22,"action":"SPACE_ACTION"}}
[10:07:28] [Render thread/INFO] (PiriRuntimeAcceptance) PIRI_PHASE02_PACKET {"type":"PUBLIC_STATE","payload":{"sessionId":"5267f3eb-5c85-4c6b-b2cf-d9c01834646e","machineId":1,"expectedNextClientSequence":23,"gameState":"NORMAL_SPINNING","lifecycle":"ACTIVE","credit":0,"heldMedals":793,"bet":3,"pay":0,"bonusCount":0,"lampOn":false,"displayStops":{"left":18,"center":0,"right":11},"stoppedMask":0}}
[10:07:28] [Render thread/INFO] (PiriRuntimeAcceptance) PIRI_PHASE02_PACKET {"type":"SPIN_START","payload":{"sessionId":"5267f3eb-5c85-4c6b-b2cf-d9c01834646e","machineId":1,"spinId":"6f74e819-6ec2-4678-844f-7a7c1db1af87","mode":"NORMAL","animation":"NORMAL","startPhase":{"left":18.0,"center":0.0,"right":11.0},"stopEnableAfterMs":400}}
[10:07:29] [Render thread/INFO] (PiriRuntimeAcceptance) PIRI_PHASE02_PACKET {"type":"ACTION_ACCEPTED","payload":{"clientSequence":23,"action":"STOP_RIGHT"}}
[10:07:29] [Render thread/INFO] (PiriRuntimeAcceptance) PIRI_PHASE02_PACKET {"type":"REEL_STOP","payload":{"spinId":"6f74e819-6ec2-4678-844f-7a7c1db1af87","reel":"RIGHT","pressedIndex":4,"stopIndex":4,"slip":0,"durationMs":80}}
[10:07:29] [Render thread/INFO] (PiriRuntimeAcceptance) PIRI_PHASE02_PACKET {"type":"PUBLIC_STATE","payload":{"sessionId":"5267f3eb-5c85-4c6b-b2cf-d9c01834646e","machineId":1,"expectedNextClientSequence":24,"gameState":"NORMAL_SPINNING","lifecycle":"ACTIVE","credit":0,"heldMedals":793,"bet":3,"pay":0,"bonusCount":0,"lampOn":false,"displayStops":{"left":18,"center":0,"right":4},"stoppedMask":4}}
[10:07:29] [Render thread/INFO] (PiriRuntimeAcceptance) PIRI_PHASE02_PACKET {"type":"ACTION_ACCEPTED","payload":{"clientSequence":24,"action":"STOP_LEFT"}}
[10:07:29] [Render thread/INFO] (PiriRuntimeAcceptance) PIRI_PHASE02_PACKET {"type":"REEL_STOP","payload":{"spinId":"6f74e819-6ec2-4678-844f-7a7c1db1af87","reel":"LEFT","pressedIndex":2,"stopIndex":2,"slip":0,"durationMs":80}}
[10:07:29] [Render thread/INFO] (PiriRuntimeAcceptance) PIRI_PHASE02_PACKET {"type":"TENPAI_SOUND","payload":{"spinId":"6f74e819-6ec2-4678-844f-7a7c1db1af87"}}
[10:07:29] [Render thread/INFO] (PiriRuntimeAcceptance) PIRI_PHASE02_PACKET {"type":"PUBLIC_STATE","payload":{"sessionId":"5267f3eb-5c85-4c6b-b2cf-d9c01834646e","machineId":1,"expectedNextClientSequence":25,"gameState":"NORMAL_SPINNING","lifecycle":"ACTIVE","credit":0,"heldMedals":793,"bet":3,"pay":0,"bonusCount":0,"lampOn":false,"displayStops":{"left":2,"center":0,"right":4},"stoppedMask":5}}
[10:07:30] [Render thread/INFO] (PiriRuntimeAcceptance) PIRI_PHASE02_PACKET {"type":"ACTION_ACCEPTED","payload":{"clientSequence":25,"action":"STOP_CENTER"}}
[10:07:30] [Render thread/INFO] (PiriRuntimeAcceptance) PIRI_PHASE02_PACKET {"type":"REEL_STOP","payload":{"spinId":"6f74e819-6ec2-4678-844f-7a7c1db1af87","reel":"CENTER","pressedIndex":12,"stopIndex":12,"slip":0,"durationMs":80}}
[10:07:30] [Render thread/INFO] (PiriRuntimeAcceptance) PIRI_PHASE02_PACKET {"type":"PUBLIC_STATE","payload":{"sessionId":"5267f3eb-5c85-4c6b-b2cf-d9c01834646e","machineId":1,"expectedNextClientSequence":26,"gameState":"SEATED_READY","lifecycle":"ACTIVE","credit":0,"heldMedals":793,"bet":0,"pay":0,"bonusCount":0,"lampOn":false,"displayStops":{"left":2,"center":12,"right":4},"stoppedMask":7}}
[10:07:30] [Render thread/INFO] (PiriRuntimeAcceptance) PIRI_PHASE02_PACKET {"type":"ACTION_ACCEPTED","payload":{"clientSequence":26,"action":"SPACE_ACTION"}}
[10:07:30] [Render thread/INFO] (PiriRuntimeAcceptance) PIRI_PHASE02_PACKET {"type":"PUBLIC_STATE","payload":{"sessionId":"5267f3eb-5c85-4c6b-b2cf-d9c01834646e","machineId":1,"expectedNextClientSequence":27,"gameState":"NORMAL_BETTED","lifecycle":"ACTIVE","credit":0,"heldMedals":790,"bet":3,"pay":0,"bonusCount":0,"lampOn":false,"displayStops":{"left":2,"center":12,"right":4},"stoppedMask":7}}
[10:07:31] [Render thread/INFO] (PiriRuntimeAcceptance) PIRI_PHASE02_PACKET {"type":"ACTION_ACCEPTED","payload":{"clientSequence":27,"action":"SPACE_ACTION"}}
[10:07:31] [Render thread/INFO] (PiriRuntimeAcceptance) PIRI_PHASE02_PACKET {"type":"PUBLIC_STATE","payload":{"sessionId":"5267f3eb-5c85-4c6b-b2cf-d9c01834646e","machineId":1,"expectedNextClientSequence":28,"gameState":"NORMAL_SPINNING","lifecycle":"ACTIVE","credit":0,"heldMedals":790,"bet":3,"pay":0,"bonusCount":0,"lampOn":false,"displayStops":{"left":2,"center":12,"right":4},"stoppedMask":0}}
[10:07:31] [Render thread/INFO] (PiriRuntimeAcceptance) PIRI_PHASE02_PACKET {"type":"SPIN_START","payload":{"sessionId":"5267f3eb-5c85-4c6b-b2cf-d9c01834646e","machineId":1,"spinId":"f04fb1e4-9bb3-4bd0-a1b9-0588caf296a4","mode":"NORMAL","animation":"NORMAL","startPhase":{"left":2.0,"center":12.0,"right":4.0},"stopEnableAfterMs":400}}
[10:07:32] [Render thread/INFO] (PiriRuntimeAcceptance) PIRI_PHASE02_PACKET {"type":"ACTION_ACCEPTED","payload":{"clientSequence":28,"action":"STOP_RIGHT"}}
[10:07:32] [Render thread/INFO] (PiriRuntimeAcceptance) PIRI_PHASE02_PACKET {"type":"REEL_STOP","payload":{"spinId":"f04fb1e4-9bb3-4bd0-a1b9-0588caf296a4","reel":"RIGHT","pressedIndex":18,"stopIndex":18,"slip":0,"durationMs":80}}
[10:07:32] [Render thread/INFO] (PiriRuntimeAcceptance) PIRI_PHASE02_PACKET {"type":"PUBLIC_STATE","payload":{"sessionId":"5267f3eb-5c85-4c6b-b2cf-d9c01834646e","machineId":1,"expectedNextClientSequence":29,"gameState":"NORMAL_SPINNING","lifecycle":"ACTIVE","credit":0,"heldMedals":790,"bet":3,"pay":0,"bonusCount":0,"lampOn":false,"displayStops":{"left":2,"center":12,"right":18},"stoppedMask":4}}
[10:07:32] [Render thread/INFO] (PiriRuntimeAcceptance) PIRI_PHASE02_PACKET {"type":"ACTION_ACCEPTED","payload":{"clientSequence":29,"action":"STOP_CENTER"}}
[10:07:32] [Render thread/INFO] (PiriRuntimeAcceptance) PIRI_PHASE02_PACKET {"type":"REEL_STOP","payload":{"spinId":"f04fb1e4-9bb3-4bd0-a1b9-0588caf296a4","reel":"CENTER","pressedIndex":16,"stopIndex":16,"slip":0,"durationMs":80}}
[10:07:32] [Render thread/INFO] (PiriRuntimeAcceptance) PIRI_PHASE02_PACKET {"type":"PUBLIC_STATE","payload":{"sessionId":"5267f3eb-5c85-4c6b-b2cf-d9c01834646e","machineId":1,"expectedNextClientSequence":30,"gameState":"NORMAL_SPINNING","lifecycle":"ACTIVE","credit":0,"heldMedals":790,"bet":3,"pay":0,"bonusCount":0,"lampOn":false,"displayStops":{"left":2,"center":16,"right":18},"stoppedMask":6}}
[10:07:33] [Render thread/INFO] (PiriRuntimeAcceptance) PIRI_PHASE02_PACKET {"type":"ACTION_ACCEPTED","payload":{"clientSequence":30,"action":"STOP_LEFT"}}
[10:07:33] [Render thread/INFO] (PiriRuntimeAcceptance) PIRI_PHASE02_PACKET {"type":"REEL_STOP","payload":{"spinId":"f04fb1e4-9bb3-4bd0-a1b9-0588caf296a4","reel":"LEFT","pressedIndex":18,"stopIndex":17,"slip":1,"durationMs":130}}
[10:07:33] [Render thread/INFO] (PiriRuntimeAcceptance) PIRI_PHASE02_PACKET {"type":"PAYOUT","payload":{}}
[10:07:33] [Render thread/INFO] (PiriRuntimeAcceptance) PIRI_PHASE02_PACKET {"type":"PUBLIC_STATE","payload":{"sessionId":"5267f3eb-5c85-4c6b-b2cf-d9c01834646e","machineId":1,"expectedNextClientSequence":31,"gameState":"SEATED_READY","lifecycle":"ACTIVE","credit":8,"heldMedals":790,"bet":0,"pay":8,"bonusCount":0,"lampOn":false,"displayStops":{"left":17,"center":16,"right":18},"stoppedMask":7}}
[10:07:33] [Render thread/INFO] (PiriRuntimeAcceptance) PIRI_PHASE02_PACKET {"type":"ACTION_ACCEPTED","payload":{"clientSequence":31,"action":"SPACE_ACTION"}}
[10:07:33] [Render thread/INFO] (PiriRuntimeAcceptance) PIRI_PHASE02_PACKET {"type":"PUBLIC_STATE","payload":{"sessionId":"5267f3eb-5c85-4c6b-b2cf-d9c01834646e","machineId":1,"expectedNextClientSequence":32,"gameState":"NORMAL_BETTED","lifecycle":"ACTIVE","credit":5,"heldMedals":790,"bet":3,"pay":0,"bonusCount":0,"lampOn":false,"displayStops":{"left":17,"center":16,"right":18},"stoppedMask":7}}
[10:07:34] [Render thread/INFO] (PiriRuntimeAcceptance) PIRI_PHASE02_PACKET {"type":"ACTION_ACCEPTED","payload":{"clientSequence":32,"action":"SPACE_ACTION"}}
[10:07:34] [Render thread/INFO] (PiriRuntimeAcceptance) PIRI_PHASE02_PACKET {"type":"PUBLIC_STATE","payload":{"sessionId":"5267f3eb-5c85-4c6b-b2cf-d9c01834646e","machineId":1,"expectedNextClientSequence":33,"gameState":"NORMAL_SPINNING","lifecycle":"ACTIVE","credit":5,"heldMedals":790,"bet":3,"pay":0,"bonusCount":0,"lampOn":false,"displayStops":{"left":17,"center":16,"right":18},"stoppedMask":0}}
[10:07:34] [Render thread/INFO] (PiriRuntimeAcceptance) PIRI_PHASE02_PACKET {"type":"SPIN_START","payload":{"sessionId":"5267f3eb-5c85-4c6b-b2cf-d9c01834646e","machineId":1,"spinId":"68b9e3a7-4250-424e-96e9-506705451405","mode":"NORMAL","animation":"NORMAL","startPhase":{"left":17.0,"center":16.0,"right":18.0},"stopEnableAfterMs":400}}
[10:07:34] [Render thread/INFO] (PiriRuntimeAcceptance) PIRI_PHASE02_PACKET {"type":"ACTION_ACCEPTED","payload":{"clientSequence":33,"action":"STOP_LEFT"}}
[10:07:34] [Render thread/INFO] (PiriRuntimeAcceptance) PIRI_PHASE02_PACKET {"type":"REEL_STOP","payload":{"spinId":"68b9e3a7-4250-424e-96e9-506705451405","reel":"LEFT","pressedIndex":10,"stopIndex":10,"slip":0,"durationMs":80}}
[10:07:34] [Render thread/INFO] (PiriRuntimeAcceptance) PIRI_PHASE02_PACKET {"type":"PUBLIC_STATE","payload":{"sessionId":"5267f3eb-5c85-4c6b-b2cf-d9c01834646e","machineId":1,"expectedNextClientSequence":34,"gameState":"NORMAL_SPINNING","lifecycle":"ACTIVE","credit":5,"heldMedals":790,"bet":3,"pay":0,"bonusCount":0,"lampOn":false,"displayStops":{"left":10,"center":16,"right":18},"stoppedMask":1}}
[10:07:35] [Render thread/INFO] (PiriRuntimeAcceptance) PIRI_PHASE02_PACKET {"type":"ACTION_ACCEPTED","payload":{"clientSequence":34,"action":"STOP_CENTER"}}
[10:07:35] [Render thread/INFO] (PiriRuntimeAcceptance) PIRI_PHASE02_PACKET {"type":"REEL_STOP","payload":{"spinId":"68b9e3a7-4250-424e-96e9-506705451405","reel":"CENTER","pressedIndex":16,"stopIndex":16,"slip":0,"durationMs":80}}
[10:07:35] [Render thread/INFO] (PiriRuntimeAcceptance) PIRI_PHASE02_PACKET {"type":"PUBLIC_STATE","payload":{"sessionId":"5267f3eb-5c85-4c6b-b2cf-d9c01834646e","machineId":1,"expectedNextClientSequence":35,"gameState":"NORMAL_SPINNING","lifecycle":"ACTIVE","credit":5,"heldMedals":790,"bet":3,"pay":0,"bonusCount":0,"lampOn":false,"displayStops":{"left":10,"center":16,"right":18},"stoppedMask":3}}
[10:07:36] [Render thread/INFO] (PiriRuntimeAcceptance) PIRI_PHASE02_PACKET {"type":"ACTION_ACCEPTED","payload":{"clientSequence":35,"action":"STOP_RIGHT"}}
[10:07:36] [Render thread/INFO] (PiriRuntimeAcceptance) PIRI_PHASE02_PACKET {"type":"REEL_STOP","payload":{"spinId":"68b9e3a7-4250-424e-96e9-506705451405","reel":"RIGHT","pressedIndex":9,"stopIndex":9,"slip":0,"durationMs":80}}
[10:07:36] [Render thread/INFO] (PiriRuntimeAcceptance) PIRI_PHASE02_PACKET {"type":"PUBLIC_STATE","payload":{"sessionId":"5267f3eb-5c85-4c6b-b2cf-d9c01834646e","machineId":1,"expectedNextClientSequence":36,"gameState":"SEATED_READY","lifecycle":"ACTIVE","credit":5,"heldMedals":790,"bet":0,"pay":0,"bonusCount":0,"lampOn":false,"displayStops":{"left":10,"center":16,"right":9},"stoppedMask":7}}
[10:07:36] [Render thread/INFO] (PiriRuntimeAcceptance) PIRI_PHASE02_PACKET {"type":"ACTION_ACCEPTED","payload":{"clientSequence":36,"action":"SPACE_ACTION"}}
[10:07:36] [Render thread/INFO] (PiriRuntimeAcceptance) PIRI_PHASE02_PACKET {"type":"PUBLIC_STATE","payload":{"sessionId":"5267f3eb-5c85-4c6b-b2cf-d9c01834646e","machineId":1,"expectedNextClientSequence":37,"gameState":"NORMAL_BETTED","lifecycle":"ACTIVE","credit":2,"heldMedals":790,"bet":3,"pay":0,"bonusCount":0,"lampOn":false,"displayStops":{"left":10,"center":16,"right":9},"stoppedMask":7}}
[10:07:37] [Render thread/INFO] (PiriRuntimeAcceptance) PIRI_PHASE02_PACKET {"type":"ACTION_ACCEPTED","payload":{"clientSequence":37,"action":"SPACE_ACTION"}}
[10:07:37] [Render thread/INFO] (PiriRuntimeAcceptance) PIRI_PHASE02_PACKET {"type":"PUBLIC_STATE","payload":{"sessionId":"5267f3eb-5c85-4c6b-b2cf-d9c01834646e","machineId":1,"expectedNextClientSequence":38,"gameState":"NORMAL_SPINNING","lifecycle":"ACTIVE","credit":2,"heldMedals":790,"bet":3,"pay":0,"bonusCount":0,"lampOn":false,"displayStops":{"left":10,"center":16,"right":9},"stoppedMask":0}}
[10:07:37] [Render thread/INFO] (PiriRuntimeAcceptance) PIRI_PHASE02_PACKET {"type":"SPIN_START","payload":{"sessionId":"5267f3eb-5c85-4c6b-b2cf-d9c01834646e","machineId":1,"spinId":"f560d202-688e-49c3-8c3a-70724a6976ee","mode":"NORMAL","animation":"NORMAL","startPhase":{"left":10.0,"center":16.0,"right":9.0},"stopEnableAfterMs":400}}
[10:07:37] [Render thread/INFO] (PiriRuntimeAcceptance) PIRI_PHASE02_PACKET {"type":"ACTION_ACCEPTED","payload":{"clientSequence":38,"action":"STOP_LEFT"}}
[10:07:37] [Render thread/INFO] (PiriRuntimeAcceptance) PIRI_PHASE02_PACKET {"type":"REEL_STOP","payload":{"spinId":"f560d202-688e-49c3-8c3a-70724a6976ee","reel":"LEFT","pressedIndex":3,"stopIndex":3,"slip":0,"durationMs":80}}
[10:07:37] [Render thread/INFO] (PiriRuntimeAcceptance) PIRI_PHASE02_PACKET {"type":"PUBLIC_STATE","payload":{"sessionId":"5267f3eb-5c85-4c6b-b2cf-d9c01834646e","machineId":1,"expectedNextClientSequence":39,"gameState":"NORMAL_SPINNING","lifecycle":"ACTIVE","credit":2,"heldMedals":790,"bet":3,"pay":0,"bonusCount":0,"lampOn":false,"displayStops":{"left":3,"center":16,"right":9},"stoppedMask":1}}
[10:07:38] [Render thread/INFO] (PiriRuntimeAcceptance) PIRI_PHASE02_PACKET {"type":"ACTION_ACCEPTED","payload":{"clientSequence":39,"action":"STOP_RIGHT"}}
[10:07:38] [Render thread/INFO] (PiriRuntimeAcceptance) PIRI_PHASE02_PACKET {"type":"REEL_STOP","payload":{"spinId":"f560d202-688e-49c3-8c3a-70724a6976ee","reel":"RIGHT","pressedIndex":14,"stopIndex":14,"slip":0,"durationMs":80}}
[10:07:38] [Render thread/INFO] (PiriRuntimeAcceptance) PIRI_PHASE02_PACKET {"type":"PUBLIC_STATE","payload":{"sessionId":"5267f3eb-5c85-4c6b-b2cf-d9c01834646e","machineId":1,"expectedNextClientSequence":40,"gameState":"NORMAL_SPINNING","lifecycle":"ACTIVE","credit":2,"heldMedals":790,"bet":3,"pay":0,"bonusCount":0,"lampOn":false,"displayStops":{"left":3,"center":16,"right":14},"stoppedMask":5}}
[10:07:38] [Render thread/INFO] (PiriRuntimeAcceptance) PIRI_PHASE02_PACKET {"type":"ACTION_ACCEPTED","payload":{"clientSequence":40,"action":"STOP_CENTER"}}
[10:07:38] [Render thread/INFO] (PiriRuntimeAcceptance) PIRI_PHASE02_PACKET {"type":"REEL_STOP","payload":{"spinId":"f560d202-688e-49c3-8c3a-70724a6976ee","reel":"CENTER","pressedIndex":12,"stopIndex":11,"slip":1,"durationMs":130}}
[10:07:38] [Render thread/INFO] (PiriRuntimeAcceptance) PIRI_PHASE02_PACKET {"type":"PUBLIC_STATE","payload":{"sessionId":"5267f3eb-5c85-4c6b-b2cf-d9c01834646e","machineId":1,"expectedNextClientSequence":41,"gameState":"SEATED_READY","lifecycle":"ACTIVE","credit":2,"heldMedals":790,"bet":0,"pay":0,"bonusCount":0,"lampOn":false,"displayStops":{"left":3,"center":11,"right":14},"stoppedMask":7}}
[10:07:39] [Render thread/INFO] (PiriRuntimeAcceptance) PIRI_PHASE02_PACKET {"type":"ACTION_ACCEPTED","payload":{"clientSequence":41,"action":"SPACE_ACTION"}}
[10:07:39] [Render thread/INFO] (PiriRuntimeAcceptance) PIRI_PHASE02_PACKET {"type":"PUBLIC_STATE","payload":{"sessionId":"5267f3eb-5c85-4c6b-b2cf-d9c01834646e","machineId":1,"expectedNextClientSequence":42,"gameState":"NORMAL_BETTED","lifecycle":"ACTIVE","credit":0,"heldMedals":789,"bet":3,"pay":0,"bonusCount":0,"lampOn":false,"displayStops":{"left":3,"center":11,"right":14},"stoppedMask":7}}
[10:07:39] [Render thread/INFO] (PiriRuntimeAcceptance) PIRI_PHASE02_PACKET {"type":"ACTION_ACCEPTED","payload":{"clientSequence":42,"action":"SPACE_ACTION"}}
[10:07:39] [Render thread/INFO] (PiriRuntimeAcceptance) PIRI_PHASE02_PACKET {"type":"PUBLIC_STATE","payload":{"sessionId":"5267f3eb-5c85-4c6b-b2cf-d9c01834646e","machineId":1,"expectedNextClientSequence":43,"gameState":"NORMAL_SPINNING","lifecycle":"ACTIVE","credit":0,"heldMedals":789,"bet":3,"pay":0,"bonusCount":0,"lampOn":false,"displayStops":{"left":3,"center":11,"right":14},"stoppedMask":0}}
[10:07:39] [Render thread/INFO] (PiriRuntimeAcceptance) PIRI_PHASE02_PACKET {"type":"SPIN_START","payload":{"sessionId":"5267f3eb-5c85-4c6b-b2cf-d9c01834646e","machineId":1,"spinId":"18e1b011-3094-4c1f-9635-5b60a8b64ce7","mode":"NORMAL","animation":"NORMAL","startPhase":{"left":3.0,"center":11.0,"right":14.0},"stopEnableAfterMs":400}}
[10:07:40] [Render thread/INFO] (PiriRuntimeAcceptance) PIRI_PHASE02_PACKET {"type":"ACTION_ACCEPTED","payload":{"clientSequence":43,"action":"STOP_CENTER"}}
[10:07:40] [Render thread/INFO] (PiriRuntimeAcceptance) PIRI_PHASE02_PACKET {"type":"REEL_STOP","payload":{"spinId":"18e1b011-3094-4c1f-9635-5b60a8b64ce7","reel":"CENTER","pressedIndex":20,"stopIndex":20,"slip":0,"durationMs":80}}
[10:07:40] [Render thread/INFO] (PiriRuntimeAcceptance) PIRI_PHASE02_PACKET {"type":"PUBLIC_STATE","payload":{"sessionId":"5267f3eb-5c85-4c6b-b2cf-d9c01834646e","machineId":1,"expectedNextClientSequence":44,"gameState":"NORMAL_SPINNING","lifecycle":"ACTIVE","credit":0,"heldMedals":789,"bet":3,"pay":0,"bonusCount":0,"lampOn":false,"displayStops":{"left":3,"center":20,"right":14},"stoppedMask":2}}
[10:07:41] [Render thread/INFO] (PiriRuntimeAcceptance) PIRI_PHASE02_PACKET {"type":"ACTION_ACCEPTED","payload":{"clientSequence":44,"action":"STOP_LEFT"}}
[10:07:41] [Render thread/INFO] (PiriRuntimeAcceptance) PIRI_PHASE02_PACKET {"type":"REEL_STOP","payload":{"spinId":"18e1b011-3094-4c1f-9635-5b60a8b64ce7","reel":"LEFT","pressedIndex":3,"stopIndex":3,"slip":0,"durationMs":80}}
[10:07:41] [Render thread/INFO] (PiriRuntimeAcceptance) PIRI_PHASE02_PACKET {"type":"PUBLIC_STATE","payload":{"sessionId":"5267f3eb-5c85-4c6b-b2cf-d9c01834646e","machineId":1,"expectedNextClientSequence":45,"gameState":"NORMAL_SPINNING","lifecycle":"ACTIVE","credit":0,"heldMedals":789,"bet":3,"pay":0,"bonusCount":0,"lampOn":false,"displayStops":{"left":3,"center":20,"right":14},"stoppedMask":3}}
[10:07:41] [Render thread/INFO] (PiriRuntimeAcceptance) PIRI_PHASE02_PACKET {"type":"ACTION_ACCEPTED","payload":{"clientSequence":45,"action":"STOP_RIGHT"}}
[10:07:41] [Render thread/INFO] (PiriRuntimeAcceptance) PIRI_PHASE02_PACKET {"type":"REEL_STOP","payload":{"spinId":"18e1b011-3094-4c1f-9635-5b60a8b64ce7","reel":"RIGHT","pressedIndex":5,"stopIndex":5,"slip":0,"durationMs":80}}
[10:07:41] [Render thread/INFO] (PiriRuntimeAcceptance) PIRI_PHASE02_PACKET {"type":"PUBLIC_STATE","payload":{"sessionId":"5267f3eb-5c85-4c6b-b2cf-d9c01834646e","machineId":1,"expectedNextClientSequence":46,"gameState":"SEATED_READY","lifecycle":"ACTIVE","credit":0,"heldMedals":789,"bet":0,"pay":0,"bonusCount":0,"lampOn":false,"displayStops":{"left":3,"center":20,"right":5},"stoppedMask":7}}
[10:07:42] [Render thread/INFO] (PiriRuntimeAcceptance) PIRI_PHASE02_PACKET {"type":"ACTION_ACCEPTED","payload":{"clientSequence":46,"action":"SPACE_ACTION"}}
[10:07:42] [Render thread/INFO] (PiriRuntimeAcceptance) PIRI_PHASE02_PACKET {"type":"PUBLIC_STATE","payload":{"sessionId":"5267f3eb-5c85-4c6b-b2cf-d9c01834646e","machineId":1,"expectedNextClientSequence":47,"gameState":"NORMAL_BETTED","lifecycle":"ACTIVE","credit":0,"heldMedals":786,"bet":3,"pay":0,"bonusCount":0,"lampOn":false,"displayStops":{"left":3,"center":20,"right":5},"stoppedMask":7}}
[10:07:42] [Render thread/INFO] (PiriRuntimeAcceptance) PIRI_PHASE02_PACKET {"type":"ACTION_ACCEPTED","payload":{"clientSequence":47,"action":"SPACE_ACTION"}}
[10:07:42] [Render thread/INFO] (PiriRuntimeAcceptance) PIRI_PHASE02_PACKET {"type":"PUBLIC_STATE","payload":{"sessionId":"5267f3eb-5c85-4c6b-b2cf-d9c01834646e","machineId":1,"expectedNextClientSequence":48,"gameState":"NORMAL_SPINNING","lifecycle":"ACTIVE","credit":0,"heldMedals":786,"bet":3,"pay":0,"bonusCount":0,"lampOn":false,"displayStops":{"left":3,"center":20,"right":5},"stoppedMask":0}}
[10:07:42] [Render thread/INFO] (PiriRuntimeAcceptance) PIRI_PHASE02_PACKET {"type":"SPIN_START","payload":{"sessionId":"5267f3eb-5c85-4c6b-b2cf-d9c01834646e","machineId":1,"spinId":"6702db46-8b6f-48d9-a1ef-855024905c95","mode":"NORMAL","animation":"NORMAL","startPhase":{"left":3.0,"center":20.0,"right":5.0},"stopEnableAfterMs":400}}
[10:07:43] [Render thread/INFO] (PiriRuntimeAcceptance) PIRI_PHASE02_PACKET {"type":"ACTION_ACCEPTED","payload":{"clientSequence":48,"action":"STOP_CENTER"}}
[10:07:43] [Render thread/INFO] (PiriRuntimeAcceptance) PIRI_PHASE02_PACKET {"type":"REEL_STOP","payload":{"spinId":"6702db46-8b6f-48d9-a1ef-855024905c95","reel":"CENTER","pressedIndex":13,"stopIndex":13,"slip":0,"durationMs":80}}
[10:07:43] [Render thread/INFO] (PiriRuntimeAcceptance) PIRI_PHASE02_PACKET {"type":"PUBLIC_STATE","payload":{"sessionId":"5267f3eb-5c85-4c6b-b2cf-d9c01834646e","machineId":1,"expectedNextClientSequence":49,"gameState":"NORMAL_SPINNING","lifecycle":"ACTIVE","credit":0,"heldMedals":786,"bet":3,"pay":0,"bonusCount":0,"lampOn":false,"displayStops":{"left":3,"center":13,"right":5},"stoppedMask":2}}
[10:07:44] [Render thread/INFO] (PiriRuntimeAcceptance) PIRI_PHASE02_PACKET {"type":"ACTION_ACCEPTED","payload":{"clientSequence":49,"action":"STOP_RIGHT"}}
[10:07:44] [Render thread/INFO] (PiriRuntimeAcceptance) PIRI_PHASE02_PACKET {"type":"REEL_STOP","payload":{"spinId":"6702db46-8b6f-48d9-a1ef-855024905c95","reel":"RIGHT","pressedIndex":10,"stopIndex":10,"slip":0,"durationMs":80}}
[10:07:44] [Render thread/INFO] (PiriRuntimeAcceptance) PIRI_PHASE02_PACKET {"type":"PUBLIC_STATE","payload":{"sessionId":"5267f3eb-5c85-4c6b-b2cf-d9c01834646e","machineId":1,"expectedNextClientSequence":50,"gameState":"NORMAL_SPINNING","lifecycle":"ACTIVE","credit":0,"heldMedals":786,"bet":3,"pay":0,"bonusCount":0,"lampOn":false,"displayStops":{"left":3,"center":13,"right":10},"stoppedMask":6}}
[10:07:44] [Render thread/INFO] (PiriRuntimeAcceptance) PIRI_PHASE02_PACKET {"type":"ACTION_ACCEPTED","payload":{"clientSequence":50,"action":"STOP_LEFT"}}
[10:07:44] [Render thread/INFO] (PiriRuntimeAcceptance) PIRI_PHASE02_PACKET {"type":"REEL_STOP","payload":{"spinId":"6702db46-8b6f-48d9-a1ef-855024905c95","reel":"LEFT","pressedIndex":20,"stopIndex":19,"slip":1,"durationMs":130}}
[10:07:44] [Render thread/INFO] (PiriRuntimeAcceptance) PIRI_PHASE02_PACKET {"type":"PAYOUT","payload":{}}
[10:07:44] [Render thread/INFO] (PiriRuntimeAcceptance) PIRI_PHASE02_PACKET {"type":"PUBLIC_STATE","payload":{"sessionId":"5267f3eb-5c85-4c6b-b2cf-d9c01834646e","machineId":1,"expectedNextClientSequence":51,"gameState":"SEATED_READY","lifecycle":"ACTIVE","credit":2,"heldMedals":786,"bet":0,"pay":2,"bonusCount":0,"lampOn":false,"displayStops":{"left":19,"center":13,"right":10},"stoppedMask":7}}
[10:07:45] [Render thread/INFO] (PiriRuntimeAcceptance) PIRI_PHASE02_PACKET {"type":"ACTION_ACCEPTED","payload":{"clientSequence":51,"action":"SPACE_ACTION"}}
[10:07:45] [Render thread/INFO] (PiriRuntimeAcceptance) PIRI_PHASE02_PACKET {"type":"PUBLIC_STATE","payload":{"sessionId":"5267f3eb-5c85-4c6b-b2cf-d9c01834646e","machineId":1,"expectedNextClientSequence":52,"gameState":"NORMAL_BETTED","lifecycle":"ACTIVE","credit":0,"heldMedals":785,"bet":3,"pay":0,"bonusCount":0,"lampOn":false,"displayStops":{"left":19,"center":13,"right":10},"stoppedMask":7}}
[10:07:45] [Render thread/INFO] (PiriRuntimeAcceptance) PIRI_PHASE02_PACKET {"type":"ACTION_ACCEPTED","payload":{"clientSequence":52,"action":"SPACE_ACTION"}}
[10:07:45] [Render thread/INFO] (PiriRuntimeAcceptance) PIRI_PHASE02_PACKET {"type":"PUBLIC_STATE","payload":{"sessionId":"5267f3eb-5c85-4c6b-b2cf-d9c01834646e","machineId":1,"expectedNextClientSequence":53,"gameState":"NORMAL_SPINNING","lifecycle":"ACTIVE","credit":0,"heldMedals":785,"bet":3,"pay":0,"bonusCount":0,"lampOn":false,"displayStops":{"left":19,"center":13,"right":10},"stoppedMask":0}}
[10:07:45] [Render thread/INFO] (PiriRuntimeAcceptance) PIRI_PHASE02_PACKET {"type":"SPIN_START","payload":{"sessionId":"5267f3eb-5c85-4c6b-b2cf-d9c01834646e","machineId":1,"spinId":"331a67c9-1425-43b9-803f-19fc8597961e","mode":"NORMAL","animation":"NORMAL","startPhase":{"left":19.0,"center":13.0,"right":10.0},"stopEnableAfterMs":400}}
[10:07:46] [Render thread/INFO] (PiriRuntimeAcceptance) PIRI_PHASE02_PACKET {"type":"ACTION_ACCEPTED","payload":{"clientSequence":53,"action":"STOP_RIGHT"}}
[10:07:46] [Render thread/INFO] (PiriRuntimeAcceptance) PIRI_PHASE02_PACKET {"type":"REEL_STOP","payload":{"spinId":"331a67c9-1425-43b9-803f-19fc8597961e","reel":"RIGHT","pressedIndex":2,"stopIndex":2,"slip":0,"durationMs":80}}
[10:07:46] [Render thread/INFO] (PiriRuntimeAcceptance) PIRI_PHASE02_PACKET {"type":"PUBLIC_STATE","payload":{"sessionId":"5267f3eb-5c85-4c6b-b2cf-d9c01834646e","machineId":1,"expectedNextClientSequence":54,"gameState":"NORMAL_SPINNING","lifecycle":"ACTIVE","credit":0,"heldMedals":785,"bet":3,"pay":0,"bonusCount":0,"lampOn":false,"displayStops":{"left":19,"center":13,"right":2},"stoppedMask":4}}
[10:07:47] [Render thread/INFO] (PiriRuntimeAcceptance) PIRI_PHASE02_PACKET {"type":"ACTION_ACCEPTED","payload":{"clientSequence":54,"action":"STOP_LEFT"}}
[10:07:47] [Render thread/INFO] (PiriRuntimeAcceptance) PIRI_PHASE02_PACKET {"type":"REEL_STOP","payload":{"spinId":"331a67c9-1425-43b9-803f-19fc8597961e","reel":"LEFT","pressedIndex":2,"stopIndex":2,"slip":0,"durationMs":80}}
[10:07:47] [Render thread/INFO] (PiriRuntimeAcceptance) PIRI_PHASE02_PACKET {"type":"TENPAI_SOUND","payload":{"spinId":"331a67c9-1425-43b9-803f-19fc8597961e"}}
[10:07:47] [Render thread/INFO] (PiriRuntimeAcceptance) PIRI_PHASE02_PACKET {"type":"PUBLIC_STATE","payload":{"sessionId":"5267f3eb-5c85-4c6b-b2cf-d9c01834646e","machineId":1,"expectedNextClientSequence":55,"gameState":"NORMAL_SPINNING","lifecycle":"ACTIVE","credit":0,"heldMedals":785,"bet":3,"pay":0,"bonusCount":0,"lampOn":false,"displayStops":{"left":2,"center":13,"right":2},"stoppedMask":5}}
[10:07:47] [Render thread/INFO] (PiriRuntimeAcceptance) PIRI_PHASE02_PACKET {"type":"ACTION_ACCEPTED","payload":{"clientSequence":55,"action":"STOP_CENTER"}}
[10:07:47] [Render thread/INFO] (PiriRuntimeAcceptance) PIRI_PHASE02_PACKET {"type":"REEL_STOP","payload":{"spinId":"331a67c9-1425-43b9-803f-19fc8597961e","reel":"CENTER","pressedIndex":8,"stopIndex":6,"slip":2,"durationMs":180}}
[10:07:47] [Render thread/INFO] (PiriRuntimeAcceptance) PIRI_PHASE02_PACKET {"type":"PUBLIC_STATE","payload":{"sessionId":"5267f3eb-5c85-4c6b-b2cf-d9c01834646e","machineId":1,"expectedNextClientSequence":56,"gameState":"SEATED_READY","lifecycle":"ACTIVE","credit":0,"heldMedals":785,"bet":0,"pay":0,"bonusCount":0,"lampOn":false,"displayStops":{"left":2,"center":6,"right":2},"stoppedMask":7}}
[10:07:48] [Render thread/INFO] (PiriRuntimeAcceptance) PIRI_PHASE02_PACKET {"type":"ACTION_ACCEPTED","payload":{"clientSequence":56,"action":"SPACE_ACTION"}}
[10:07:48] [Render thread/INFO] (PiriRuntimeAcceptance) PIRI_PHASE02_PACKET {"type":"PUBLIC_STATE","payload":{"sessionId":"5267f3eb-5c85-4c6b-b2cf-d9c01834646e","machineId":1,"expectedNextClientSequence":57,"gameState":"NORMAL_BETTED","lifecycle":"ACTIVE","credit":0,"heldMedals":782,"bet":3,"pay":0,"bonusCount":0,"lampOn":false,"displayStops":{"left":2,"center":6,"right":2},"stoppedMask":7}}
[10:07:49] [Render thread/INFO] (PiriRuntimeAcceptance) PIRI_PHASE02_PACKET {"type":"ACTION_ACCEPTED","payload":{"clientSequence":57,"action":"SPACE_ACTION"}}
[10:07:49] [Render thread/INFO] (PiriRuntimeAcceptance) PIRI_PHASE02_PACKET {"type":"PUBLIC_STATE","payload":{"sessionId":"5267f3eb-5c85-4c6b-b2cf-d9c01834646e","machineId":1,"expectedNextClientSequence":58,"gameState":"NORMAL_SPINNING","lifecycle":"ACTIVE","credit":0,"heldMedals":782,"bet":3,"pay":0,"bonusCount":0,"lampOn":false,"displayStops":{"left":2,"center":6,"right":2},"stoppedMask":0}}
[10:07:49] [Render thread/INFO] (PiriRuntimeAcceptance) PIRI_PHASE02_PACKET {"type":"SPIN_START","payload":{"sessionId":"5267f3eb-5c85-4c6b-b2cf-d9c01834646e","machineId":1,"spinId":"962f46b2-9cde-4eab-9f81-5ea41c9cbee4","mode":"NORMAL","animation":"NORMAL","startPhase":{"left":2.0,"center":6.0,"right":2.0},"stopEnableAfterMs":400}}
[10:07:49] [Render thread/INFO] (PiriRuntimeAcceptance) PIRI_PHASE02_PACKET {"type":"ACTION_ACCEPTED","payload":{"clientSequence":58,"action":"STOP_RIGHT"}}
[10:07:49] [Render thread/INFO] (PiriRuntimeAcceptance) PIRI_PHASE02_PACKET {"type":"REEL_STOP","payload":{"spinId":"962f46b2-9cde-4eab-9f81-5ea41c9cbee4","reel":"RIGHT","pressedIndex":16,"stopIndex":16,"slip":0,"durationMs":80}}
[10:07:49] [Render thread/INFO] (PiriRuntimeAcceptance) PIRI_PHASE02_PACKET {"type":"PUBLIC_STATE","payload":{"sessionId":"5267f3eb-5c85-4c6b-b2cf-d9c01834646e","machineId":1,"expectedNextClientSequence":59,"gameState":"NORMAL_SPINNING","lifecycle":"ACTIVE","credit":0,"heldMedals":782,"bet":3,"pay":0,"bonusCount":0,"lampOn":false,"displayStops":{"left":2,"center":6,"right":16},"stoppedMask":4}}
[10:07:50] [Render thread/INFO] (PiriRuntimeAcceptance) PIRI_PHASE02_PACKET {"type":"ACTION_ACCEPTED","payload":{"clientSequence":59,"action":"STOP_CENTER"}}
[10:07:50] [Render thread/INFO] (PiriRuntimeAcceptance) PIRI_PHASE02_PACKET {"type":"REEL_STOP","payload":{"spinId":"962f46b2-9cde-4eab-9f81-5ea41c9cbee4","reel":"CENTER","pressedIndex":11,"stopIndex":11,"slip":0,"durationMs":80}}
[10:07:50] [Render thread/INFO] (PiriRuntimeAcceptance) PIRI_PHASE02_PACKET {"type":"PUBLIC_STATE","payload":{"sessionId":"5267f3eb-5c85-4c6b-b2cf-d9c01834646e","machineId":1,"expectedNextClientSequence":60,"gameState":"NORMAL_SPINNING","lifecycle":"ACTIVE","credit":0,"heldMedals":782,"bet":3,"pay":0,"bonusCount":0,"lampOn":false,"displayStops":{"left":2,"center":11,"right":16},"stoppedMask":6}}
[10:07:50] [Render thread/INFO] (PiriRuntimeAcceptance) PIRI_PHASE02_PACKET {"type":"ACTION_ACCEPTED","payload":{"clientSequence":60,"action":"STOP_LEFT"}}
[10:07:50] [Render thread/INFO] (PiriRuntimeAcceptance) PIRI_PHASE02_PACKET {"type":"REEL_STOP","payload":{"spinId":"962f46b2-9cde-4eab-9f81-5ea41c9cbee4","reel":"LEFT","pressedIndex":19,"stopIndex":18,"slip":1,"durationMs":130}}
[10:07:50] [Render thread/INFO] (PiriRuntimeAcceptance) PIRI_PHASE02_PACKET {"type":"PUBLIC_STATE","payload":{"sessionId":"5267f3eb-5c85-4c6b-b2cf-d9c01834646e","machineId":1,"expectedNextClientSequence":61,"gameState":"SEATED_READY","lifecycle":"ACTIVE","credit":0,"heldMedals":782,"bet":0,"pay":0,"bonusCount":0,"lampOn":false,"displayStops":{"left":18,"center":11,"right":16},"stoppedMask":7}}
[10:07:51] [Render thread/INFO] (PiriRuntimeAcceptance) PIRI_PHASE02_PACKET {"type":"ACTION_ACCEPTED","payload":{"clientSequence":61,"action":"SPACE_ACTION"}}
[10:07:51] [Render thread/INFO] (PiriRuntimeAcceptance) PIRI_PHASE02_PACKET {"type":"PUBLIC_STATE","payload":{"sessionId":"5267f3eb-5c85-4c6b-b2cf-d9c01834646e","machineId":1,"expectedNextClientSequence":62,"gameState":"NORMAL_BETTED","lifecycle":"ACTIVE","credit":0,"heldMedals":779,"bet":3,"pay":0,"bonusCount":0,"lampOn":false,"displayStops":{"left":18,"center":11,"right":16},"stoppedMask":7}}
[10:07:51] [Render thread/INFO] (PiriRuntimeAcceptance) PIRI_PHASE02_PACKET {"type":"ACTION_ACCEPTED","payload":{"clientSequence":62,"action":"SPACE_ACTION"}}
[10:07:51] [Render thread/INFO] (PiriRuntimeAcceptance) PIRI_PHASE02_PACKET {"type":"PUBLIC_STATE","payload":{"sessionId":"5267f3eb-5c85-4c6b-b2cf-d9c01834646e","machineId":1,"expectedNextClientSequence":63,"gameState":"NORMAL_SPINNING","lifecycle":"ACTIVE","credit":0,"heldMedals":779,"bet":3,"pay":0,"bonusCount":0,"lampOn":false,"displayStops":{"left":18,"center":11,"right":16},"stoppedMask":0}}
[10:07:51] [Render thread/INFO] (PiriRuntimeAcceptance) PIRI_PHASE02_PACKET {"type":"SPIN_START","payload":{"sessionId":"5267f3eb-5c85-4c6b-b2cf-d9c01834646e","machineId":1,"spinId":"3c64ffb1-40e4-4e82-9587-40c9a0e8b622","mode":"NORMAL","animation":"NORMAL","startPhase":{"left":18.0,"center":11.0,"right":16.0},"stopEnableAfterMs":400}}
[10:07:52] [Render thread/INFO] (PiriRuntimeAcceptance) PIRI_PHASE02_PACKET {"type":"ACTION_ACCEPTED","payload":{"clientSequence":63,"action":"STOP_LEFT"}}
[10:07:52] [Render thread/INFO] (PiriRuntimeAcceptance) PIRI_PHASE02_PACKET {"type":"REEL_STOP","payload":{"spinId":"3c64ffb1-40e4-4e82-9587-40c9a0e8b622","reel":"LEFT","pressedIndex":11,"stopIndex":11,"slip":0,"durationMs":80}}
[10:07:52] [Render thread/INFO] (PiriRuntimeAcceptance) PIRI_PHASE02_PACKET {"type":"PUBLIC_STATE","payload":{"sessionId":"5267f3eb-5c85-4c6b-b2cf-d9c01834646e","machineId":1,"expectedNextClientSequence":64,"gameState":"NORMAL_SPINNING","lifecycle":"ACTIVE","credit":0,"heldMedals":779,"bet":3,"pay":0,"bonusCount":0,"lampOn":false,"displayStops":{"left":11,"center":11,"right":16},"stoppedMask":1}}
[10:07:53] [Render thread/INFO] (PiriRuntimeAcceptance) PIRI_PHASE02_PACKET {"type":"ACTION_ACCEPTED","payload":{"clientSequence":64,"action":"STOP_CENTER"}}
[10:07:53] [Render thread/INFO] (PiriRuntimeAcceptance) PIRI_PHASE02_PACKET {"type":"REEL_STOP","payload":{"spinId":"3c64ffb1-40e4-4e82-9587-40c9a0e8b622","reel":"CENTER","pressedIndex":11,"stopIndex":11,"slip":0,"durationMs":80}}
[10:07:53] [Render thread/INFO] (PiriRuntimeAcceptance) PIRI_PHASE02_PACKET {"type":"PUBLIC_STATE","payload":{"sessionId":"5267f3eb-5c85-4c6b-b2cf-d9c01834646e","machineId":1,"expectedNextClientSequence":65,"gameState":"NORMAL_SPINNING","lifecycle":"ACTIVE","credit":0,"heldMedals":779,"bet":3,"pay":0,"bonusCount":0,"lampOn":false,"displayStops":{"left":11,"center":11,"right":16},"stoppedMask":3}}
[10:07:53] [Render thread/INFO] (PiriRuntimeAcceptance) PIRI_PHASE02_PACKET {"type":"ACTION_ACCEPTED","payload":{"clientSequence":65,"action":"STOP_RIGHT"}}
[10:07:53] [Render thread/INFO] (PiriRuntimeAcceptance) PIRI_PHASE02_PACKET {"type":"REEL_STOP","payload":{"spinId":"3c64ffb1-40e4-4e82-9587-40c9a0e8b622","reel":"RIGHT","pressedIndex":7,"stopIndex":7,"slip":0,"durationMs":80}}
[10:07:53] [Render thread/INFO] (PiriRuntimeAcceptance) PIRI_PHASE02_PACKET {"type":"PUBLIC_STATE","payload":{"sessionId":"5267f3eb-5c85-4c6b-b2cf-d9c01834646e","machineId":1,"expectedNextClientSequence":66,"gameState":"SEATED_READY","lifecycle":"ACTIVE","credit":0,"heldMedals":779,"bet":0,"pay":0,"bonusCount":0,"lampOn":false,"displayStops":{"left":11,"center":11,"right":7},"stoppedMask":7}}
[10:07:54] [Render thread/INFO] (PiriRuntimeAcceptance) PIRI_PHASE02_PACKET {"type":"ACTION_ACCEPTED","payload":{"clientSequence":66,"action":"SPACE_ACTION"}}
[10:07:54] [Render thread/INFO] (PiriRuntimeAcceptance) PIRI_PHASE02_PACKET {"type":"PUBLIC_STATE","payload":{"sessionId":"5267f3eb-5c85-4c6b-b2cf-d9c01834646e","machineId":1,"expectedNextClientSequence":67,"gameState":"NORMAL_BETTED","lifecycle":"ACTIVE","credit":0,"heldMedals":776,"bet":3,"pay":0,"bonusCount":0,"lampOn":false,"displayStops":{"left":11,"center":11,"right":7},"stoppedMask":7}}
[10:07:54] [Render thread/INFO] (PiriRuntimeAcceptance) PIRI_PHASE02_PACKET {"type":"ACTION_ACCEPTED","payload":{"clientSequence":67,"action":"SPACE_ACTION"}}
[10:07:54] [Render thread/INFO] (PiriRuntimeAcceptance) PIRI_PHASE02_PACKET {"type":"PUBLIC_STATE","payload":{"sessionId":"5267f3eb-5c85-4c6b-b2cf-d9c01834646e","machineId":1,"expectedNextClientSequence":68,"gameState":"NORMAL_SPINNING","lifecycle":"ACTIVE","credit":0,"heldMedals":776,"bet":3,"pay":0,"bonusCount":0,"lampOn":false,"displayStops":{"left":11,"center":11,"right":7},"stoppedMask":0}}
[10:07:54] [Render thread/INFO] (PiriRuntimeAcceptance) PIRI_PHASE02_PACKET {"type":"SPIN_START","payload":{"sessionId":"5267f3eb-5c85-4c6b-b2cf-d9c01834646e","machineId":1,"spinId":"5a7b9b03-3ced-4d24-9c39-efa805aa99a6","mode":"NORMAL","animation":"NORMAL","startPhase":{"left":11.0,"center":11.0,"right":7.0},"stopEnableAfterMs":400}}
[10:07:55] [Render thread/INFO] (PiriRuntimeAcceptance) PIRI_PHASE02_PACKET {"type":"ACTION_ACCEPTED","payload":{"clientSequence":68,"action":"STOP_LEFT"}}
[10:07:55] [Render thread/INFO] (PiriRuntimeAcceptance) PIRI_PHASE02_PACKET {"type":"REEL_STOP","payload":{"spinId":"5a7b9b03-3ced-4d24-9c39-efa805aa99a6","reel":"LEFT","pressedIndex":3,"stopIndex":3,"slip":0,"durationMs":80}}
[10:07:55] [Render thread/INFO] (PiriRuntimeAcceptance) PIRI_PHASE02_PACKET {"type":"PUBLIC_STATE","payload":{"sessionId":"5267f3eb-5c85-4c6b-b2cf-d9c01834646e","machineId":1,"expectedNextClientSequence":69,"gameState":"NORMAL_SPINNING","lifecycle":"ACTIVE","credit":0,"heldMedals":776,"bet":3,"pay":0,"bonusCount":0,"lampOn":false,"displayStops":{"left":3,"center":11,"right":7},"stoppedMask":1}}
[10:07:56] [Render thread/INFO] (PiriRuntimeAcceptance) PIRI_PHASE02_PACKET {"type":"ACTION_ACCEPTED","payload":{"clientSequence":69,"action":"STOP_RIGHT"}}
[10:07:56] [Render thread/INFO] (PiriRuntimeAcceptance) PIRI_PHASE02_PACKET {"type":"REEL_STOP","payload":{"spinId":"5a7b9b03-3ced-4d24-9c39-efa805aa99a6","reel":"RIGHT","pressedIndex":11,"stopIndex":11,"slip":0,"durationMs":80}}
[10:07:56] [Render thread/INFO] (PiriRuntimeAcceptance) PIRI_PHASE02_PACKET {"type":"PUBLIC_STATE","payload":{"sessionId":"5267f3eb-5c85-4c6b-b2cf-d9c01834646e","machineId":1,"expectedNextClientSequence":70,"gameState":"NORMAL_SPINNING","lifecycle":"ACTIVE","credit":0,"heldMedals":776,"bet":3,"pay":0,"bonusCount":0,"lampOn":false,"displayStops":{"left":3,"center":11,"right":11},"stoppedMask":5}}
[10:07:56] [Render thread/INFO] (PiriRuntimeAcceptance) PIRI_PHASE02_PACKET {"type":"ACTION_ACCEPTED","payload":{"clientSequence":70,"action":"STOP_CENTER"}}
[10:07:56] [Render thread/INFO] (PiriRuntimeAcceptance) PIRI_PHASE02_PACKET {"type":"REEL_STOP","payload":{"spinId":"5a7b9b03-3ced-4d24-9c39-efa805aa99a6","reel":"CENTER","pressedIndex":6,"stopIndex":6,"slip":0,"durationMs":80}}
[10:07:56] [Render thread/INFO] (PiriRuntimeAcceptance) PIRI_PHASE02_PACKET {"type":"PUBLIC_STATE","payload":{"sessionId":"5267f3eb-5c85-4c6b-b2cf-d9c01834646e","machineId":1,"expectedNextClientSequence":71,"gameState":"SEATED_READY","lifecycle":"ACTIVE","credit":0,"heldMedals":776,"bet":0,"pay":0,"bonusCount":0,"lampOn":false,"displayStops":{"left":3,"center":6,"right":11},"stoppedMask":7}}
[10:07:57] [Render thread/INFO] (PiriRuntimeAcceptance) PIRI_PHASE02_PACKET {"type":"ACTION_ACCEPTED","payload":{"clientSequence":71,"action":"SPACE_ACTION"}}
[10:07:57] [Render thread/INFO] (PiriRuntimeAcceptance) PIRI_PHASE02_PACKET {"type":"PUBLIC_STATE","payload":{"sessionId":"5267f3eb-5c85-4c6b-b2cf-d9c01834646e","machineId":1,"expectedNextClientSequence":72,"gameState":"NORMAL_BETTED","lifecycle":"ACTIVE","credit":0,"heldMedals":773,"bet":3,"pay":0,"bonusCount":0,"lampOn":false,"displayStops":{"left":3,"center":6,"right":11},"stoppedMask":7}}
[10:07:57] [Render thread/INFO] (PiriRuntimeAcceptance) PIRI_PHASE02_PACKET {"type":"ACTION_ACCEPTED","payload":{"clientSequence":72,"action":"SPACE_ACTION"}}
[10:07:57] [Render thread/INFO] (PiriRuntimeAcceptance) PIRI_PHASE02_PACKET {"type":"PUBLIC_STATE","payload":{"sessionId":"5267f3eb-5c85-4c6b-b2cf-d9c01834646e","machineId":1,"expectedNextClientSequence":73,"gameState":"NORMAL_SPINNING","lifecycle":"ACTIVE","credit":0,"heldMedals":773,"bet":3,"pay":0,"bonusCount":0,"lampOn":false,"displayStops":{"left":3,"center":6,"right":11},"stoppedMask":0}}
[10:07:57] [Render thread/INFO] (PiriRuntimeAcceptance) PIRI_PHASE02_PACKET {"type":"SPIN_START","payload":{"sessionId":"5267f3eb-5c85-4c6b-b2cf-d9c01834646e","machineId":1,"spinId":"7eb2f035-f03c-41ae-b5c1-c424e311fb4e","mode":"NORMAL","animation":"NORMAL","startPhase":{"left":3.0,"center":6.0,"right":11.0},"stopEnableAfterMs":400}}
[10:07:58] [Render thread/INFO] (PiriRuntimeAcceptance) PIRI_PHASE02_PACKET {"type":"ACTION_ACCEPTED","payload":{"clientSequence":73,"action":"STOP_CENTER"}}
[10:07:58] [Render thread/INFO] (PiriRuntimeAcceptance) PIRI_PHASE02_PACKET {"type":"REEL_STOP","payload":{"spinId":"7eb2f035-f03c-41ae-b5c1-c424e311fb4e","reel":"CENTER","pressedIndex":19,"stopIndex":19,"slip":0,"durationMs":80}}
[10:07:58] [Render thread/INFO] (PiriRuntimeAcceptance) PIRI_PHASE02_PACKET {"type":"PUBLIC_STATE","payload":{"sessionId":"5267f3eb-5c85-4c6b-b2cf-d9c01834646e","machineId":1,"expectedNextClientSequence":74,"gameState":"NORMAL_SPINNING","lifecycle":"ACTIVE","credit":0,"heldMedals":773,"bet":3,"pay":0,"bonusCount":0,"lampOn":false,"displayStops":{"left":3,"center":19,"right":11},"stoppedMask":2}}
[10:07:59] [Render thread/INFO] (PiriRuntimeAcceptance) PIRI_PHASE02_PACKET {"type":"ACTION_ACCEPTED","payload":{"clientSequence":74,"action":"STOP_LEFT"}}
[10:07:59] [Render thread/INFO] (PiriRuntimeAcceptance) PIRI_PHASE02_PACKET {"type":"REEL_STOP","payload":{"spinId":"7eb2f035-f03c-41ae-b5c1-c424e311fb4e","reel":"LEFT","pressedIndex":7,"stopIndex":6,"slip":1,"durationMs":130}}
[10:07:59] [Render thread/INFO] (PiriRuntimeAcceptance) PIRI_PHASE02_PACKET {"type":"PUBLIC_STATE","payload":{"sessionId":"5267f3eb-5c85-4c6b-b2cf-d9c01834646e","machineId":1,"expectedNextClientSequence":75,"gameState":"NORMAL_SPINNING","lifecycle":"ACTIVE","credit":0,"heldMedals":773,"bet":3,"pay":0,"bonusCount":0,"lampOn":false,"displayStops":{"left":6,"center":19,"right":11},"stoppedMask":3}}
[10:07:59] [Render thread/INFO] (PiriRuntimeAcceptance) PIRI_PHASE02_PACKET {"type":"ACTION_ACCEPTED","payload":{"clientSequence":75,"action":"STOP_RIGHT"}}
[10:07:59] [Render thread/INFO] (PiriRuntimeAcceptance) PIRI_PHASE02_PACKET {"type":"REEL_STOP","payload":{"spinId":"7eb2f035-f03c-41ae-b5c1-c424e311fb4e","reel":"RIGHT","pressedIndex":6,"stopIndex":6,"slip":0,"durationMs":80}}
[10:07:59] [Render thread/INFO] (PiriRuntimeAcceptance) PIRI_PHASE02_PACKET {"type":"PAYOUT","payload":{}}
[10:07:59] [Render thread/INFO] (PiriRuntimeAcceptance) PIRI_PHASE02_PACKET {"type":"PUBLIC_STATE","payload":{"sessionId":"5267f3eb-5c85-4c6b-b2cf-d9c01834646e","machineId":1,"expectedNextClientSequence":76,"gameState":"SEATED_READY","lifecycle":"ACTIVE","credit":8,"heldMedals":773,"bet":0,"pay":8,"bonusCount":0,"lampOn":false,"displayStops":{"left":6,"center":19,"right":6},"stoppedMask":7}}
[10:08:00] [Render thread/INFO] (PiriRuntimeAcceptance) PIRI_PHASE02_PACKET {"type":"ACTION_ACCEPTED","payload":{"clientSequence":76,"action":"SPACE_ACTION"}}
[10:08:00] [Render thread/INFO] (PiriRuntimeAcceptance) PIRI_PHASE02_PACKET {"type":"PUBLIC_STATE","payload":{"sessionId":"5267f3eb-5c85-4c6b-b2cf-d9c01834646e","machineId":1,"expectedNextClientSequence":77,"gameState":"NORMAL_BETTED","lifecycle":"ACTIVE","credit":5,"heldMedals":773,"bet":3,"pay":0,"bonusCount":0,"lampOn":false,"displayStops":{"left":6,"center":19,"right":6},"stoppedMask":7}}
[10:08:00] [Render thread/INFO] (PiriRuntimeAcceptance) PIRI_PHASE02_PACKET {"type":"ACTION_ACCEPTED","payload":{"clientSequence":77,"action":"SPACE_ACTION"}}
[10:08:00] [Render thread/INFO] (PiriRuntimeAcceptance) PIRI_PHASE02_PACKET {"type":"PUBLIC_STATE","payload":{"sessionId":"5267f3eb-5c85-4c6b-b2cf-d9c01834646e","machineId":1,"expectedNextClientSequence":78,"gameState":"NORMAL_SPINNING","lifecycle":"ACTIVE","credit":5,"heldMedals":773,"bet":3,"pay":0,"bonusCount":0,"lampOn":false,"displayStops":{"left":6,"center":19,"right":6},"stoppedMask":0}}
[10:08:00] [Render thread/INFO] (PiriRuntimeAcceptance) PIRI_PHASE02_PACKET {"type":"SPIN_START","payload":{"sessionId":"5267f3eb-5c85-4c6b-b2cf-d9c01834646e","machineId":1,"spinId":"670a41fe-b601-45a4-958d-ce292a03d77a","mode":"NORMAL","animation":"NORMAL","startPhase":{"left":6.0,"center":19.0,"right":6.0},"stopEnableAfterMs":400}}
[10:08:01] [Render thread/INFO] (PiriRuntimeAcceptance) PIRI_PHASE02_PACKET {"type":"ACTION_ACCEPTED","payload":{"clientSequence":78,"action":"STOP_CENTER"}}
[10:08:01] [Render thread/INFO] (PiriRuntimeAcceptance) PIRI_PHASE02_PACKET {"type":"REEL_STOP","payload":{"spinId":"670a41fe-b601-45a4-958d-ce292a03d77a","reel":"CENTER","pressedIndex":11,"stopIndex":11,"slip":0,"durationMs":80}}
[10:08:01] [Render thread/INFO] (PiriRuntimeAcceptance) PIRI_PHASE02_PACKET {"type":"PUBLIC_STATE","payload":{"sessionId":"5267f3eb-5c85-4c6b-b2cf-d9c01834646e","machineId":1,"expectedNextClientSequence":79,"gameState":"NORMAL_SPINNING","lifecycle":"ACTIVE","credit":5,"heldMedals":773,"bet":3,"pay":0,"bonusCount":0,"lampOn":false,"displayStops":{"left":6,"center":11,"right":6},"stoppedMask":2}}
[10:08:01] [Render thread/INFO] (PiriRuntimeAcceptance) PIRI_PHASE02_PACKET {"type":"ACTION_ACCEPTED","payload":{"clientSequence":79,"action":"STOP_RIGHT"}}
[10:08:01] [Render thread/INFO] (PiriRuntimeAcceptance) PIRI_PHASE02_PACKET {"type":"REEL_STOP","payload":{"spinId":"670a41fe-b601-45a4-958d-ce292a03d77a","reel":"RIGHT","pressedIndex":10,"stopIndex":10,"slip":0,"durationMs":80}}
[10:08:01] [Render thread/INFO] (PiriRuntimeAcceptance) PIRI_PHASE02_PACKET {"type":"PUBLIC_STATE","payload":{"sessionId":"5267f3eb-5c85-4c6b-b2cf-d9c01834646e","machineId":1,"expectedNextClientSequence":80,"gameState":"NORMAL_SPINNING","lifecycle":"ACTIVE","credit":5,"heldMedals":773,"bet":3,"pay":0,"bonusCount":0,"lampOn":false,"displayStops":{"left":6,"center":11,"right":10},"stoppedMask":6}}
[10:08:02] [Render thread/INFO] (PiriRuntimeAcceptance) PIRI_PHASE02_PACKET {"type":"ACTION_ACCEPTED","payload":{"clientSequence":80,"action":"STOP_LEFT"}}
[10:08:02] [Render thread/INFO] (PiriRuntimeAcceptance) PIRI_PHASE02_PACKET {"type":"REEL_STOP","payload":{"spinId":"670a41fe-b601-45a4-958d-ce292a03d77a","reel":"LEFT","pressedIndex":1,"stopIndex":18,"slip":4,"durationMs":280}}
[10:08:02] [Render thread/INFO] (PiriRuntimeAcceptance) PIRI_PHASE02_PACKET {"type":"PUBLIC_STATE","payload":{"sessionId":"5267f3eb-5c85-4c6b-b2cf-d9c01834646e","machineId":1,"expectedNextClientSequence":81,"gameState":"SEATED_READY","lifecycle":"ACTIVE","credit":5,"heldMedals":773,"bet":0,"pay":0,"bonusCount":0,"lampOn":false,"displayStops":{"left":18,"center":11,"right":10},"stoppedMask":7}}
[10:08:03] [Render thread/INFO] (PiriRuntimeAcceptance) PIRI_PHASE02_PACKET {"type":"ACTION_ACCEPTED","payload":{"clientSequence":81,"action":"SPACE_ACTION"}}
[10:08:03] [Render thread/INFO] (PiriRuntimeAcceptance) PIRI_PHASE02_PACKET {"type":"PUBLIC_STATE","payload":{"sessionId":"5267f3eb-5c85-4c6b-b2cf-d9c01834646e","machineId":1,"expectedNextClientSequence":82,"gameState":"NORMAL_BETTED","lifecycle":"ACTIVE","credit":2,"heldMedals":773,"bet":3,"pay":0,"bonusCount":0,"lampOn":false,"displayStops":{"left":18,"center":11,"right":10},"stoppedMask":7}}
[10:08:03] [Render thread/INFO] (PiriRuntimeAcceptance) PIRI_PHASE02_PACKET {"type":"ACTION_ACCEPTED","payload":{"clientSequence":82,"action":"SPACE_ACTION"}}
[10:08:03] [Render thread/INFO] (PiriRuntimeAcceptance) PIRI_PHASE02_PACKET {"type":"PUBLIC_STATE","payload":{"sessionId":"5267f3eb-5c85-4c6b-b2cf-d9c01834646e","machineId":1,"expectedNextClientSequence":83,"gameState":"NORMAL_SPINNING","lifecycle":"ACTIVE","credit":2,"heldMedals":773,"bet":3,"pay":0,"bonusCount":0,"lampOn":false,"displayStops":{"left":18,"center":11,"right":10},"stoppedMask":0}}
[10:08:03] [Render thread/INFO] (PiriRuntimeAcceptance) PIRI_PHASE02_PACKET {"type":"SPIN_START","payload":{"sessionId":"5267f3eb-5c85-4c6b-b2cf-d9c01834646e","machineId":1,"spinId":"d0fe0be4-79a1-4dd6-a303-2b15517619a3","mode":"NORMAL","animation":"NORMAL","startPhase":{"left":18.0,"center":11.0,"right":10.0},"stopEnableAfterMs":400}}
[10:08:04] [Render thread/INFO] (PiriRuntimeAcceptance) PIRI_PHASE02_PACKET {"type":"ACTION_ACCEPTED","payload":{"clientSequence":83,"action":"STOP_RIGHT"}}
[10:08:04] [Render thread/INFO] (PiriRuntimeAcceptance) PIRI_PHASE02_PACKET {"type":"REEL_STOP","payload":{"spinId":"d0fe0be4-79a1-4dd6-a303-2b15517619a3","reel":"RIGHT","pressedIndex":2,"stopIndex":2,"slip":0,"durationMs":80}}
[10:08:04] [Render thread/INFO] (PiriRuntimeAcceptance) PIRI_PHASE02_PACKET {"type":"PUBLIC_STATE","payload":{"sessionId":"5267f3eb-5c85-4c6b-b2cf-d9c01834646e","machineId":1,"expectedNextClientSequence":84,"gameState":"NORMAL_SPINNING","lifecycle":"ACTIVE","credit":2,"heldMedals":773,"bet":3,"pay":0,"bonusCount":0,"lampOn":false,"displayStops":{"left":18,"center":11,"right":2},"stoppedMask":4}}
[10:08:04] [Render thread/INFO] (PiriRuntimeAcceptance) PIRI_PHASE02_PACKET {"type":"ACTION_ACCEPTED","payload":{"clientSequence":84,"action":"STOP_LEFT"}}
[10:08:04] [Render thread/INFO] (PiriRuntimeAcceptance) PIRI_PHASE02_PACKET {"type":"REEL_STOP","payload":{"spinId":"d0fe0be4-79a1-4dd6-a303-2b15517619a3","reel":"LEFT","pressedIndex":1,"stopIndex":1,"slip":0,"durationMs":80}}
[10:08:04] [Render thread/INFO] (PiriRuntimeAcceptance) PIRI_PHASE02_PACKET {"type":"PUBLIC_STATE","payload":{"sessionId":"5267f3eb-5c85-4c6b-b2cf-d9c01834646e","machineId":1,"expectedNextClientSequence":85,"gameState":"NORMAL_SPINNING","lifecycle":"ACTIVE","credit":2,"heldMedals":773,"bet":3,"pay":0,"bonusCount":0,"lampOn":false,"displayStops":{"left":1,"center":11,"right":2},"stoppedMask":5}}
[10:08:05] [Render thread/INFO] (PiriRuntimeAcceptance) PIRI_PHASE02_PACKET {"type":"ACTION_ACCEPTED","payload":{"clientSequence":85,"action":"STOP_CENTER"}}
[10:08:05] [Render thread/INFO] (PiriRuntimeAcceptance) PIRI_PHASE02_PACKET {"type":"REEL_STOP","payload":{"spinId":"d0fe0be4-79a1-4dd6-a303-2b15517619a3","reel":"CENTER","pressedIndex":2,"stopIndex":2,"slip":0,"durationMs":80}}
[10:08:05] [Render thread/INFO] (PiriRuntimeAcceptance) PIRI_PHASE02_PACKET {"type":"PUBLIC_STATE","payload":{"sessionId":"5267f3eb-5c85-4c6b-b2cf-d9c01834646e","machineId":1,"expectedNextClientSequence":86,"gameState":"SEATED_READY","lifecycle":"ACTIVE","credit":2,"heldMedals":773,"bet":0,"pay":0,"bonusCount":0,"lampOn":false,"displayStops":{"left":1,"center":2,"right":2},"stoppedMask":7}}
[10:08:06] [Render thread/INFO] (PiriRuntimeAcceptance) PIRI_PHASE02_PACKET {"type":"ACTION_ACCEPTED","payload":{"clientSequence":86,"action":"SPACE_ACTION"}}
[10:08:06] [Render thread/INFO] (PiriRuntimeAcceptance) PIRI_PHASE02_PACKET {"type":"PUBLIC_STATE","payload":{"sessionId":"5267f3eb-5c85-4c6b-b2cf-d9c01834646e","machineId":1,"expectedNextClientSequence":87,"gameState":"NORMAL_BETTED","lifecycle":"ACTIVE","credit":0,"heldMedals":772,"bet":3,"pay":0,"bonusCount":0,"lampOn":false,"displayStops":{"left":1,"center":2,"right":2},"stoppedMask":7}}
[10:08:06] [Render thread/INFO] (PiriRuntimeAcceptance) PIRI_PHASE02_PACKET {"type":"ACTION_ACCEPTED","payload":{"clientSequence":87,"action":"SPACE_ACTION"}}
[10:08:06] [Render thread/INFO] (PiriRuntimeAcceptance) PIRI_PHASE02_PACKET {"type":"PUBLIC_STATE","payload":{"sessionId":"5267f3eb-5c85-4c6b-b2cf-d9c01834646e","machineId":1,"expectedNextClientSequence":88,"gameState":"NORMAL_SPINNING","lifecycle":"ACTIVE","credit":0,"heldMedals":772,"bet":3,"pay":0,"bonusCount":0,"lampOn":false,"displayStops":{"left":1,"center":2,"right":2},"stoppedMask":0}}
[10:08:06] [Render thread/INFO] (PiriRuntimeAcceptance) PIRI_PHASE02_PACKET {"type":"SPIN_START","payload":{"sessionId":"5267f3eb-5c85-4c6b-b2cf-d9c01834646e","machineId":1,"spinId":"ca16aae2-e889-4c2c-abb7-447f1a9a2922","mode":"NORMAL","animation":"NORMAL","startPhase":{"left":1.0,"center":2.0,"right":2.0},"stopEnableAfterMs":400}}
[10:08:07] [Render thread/INFO] (PiriRuntimeAcceptance) PIRI_PHASE02_PACKET {"type":"ACTION_ACCEPTED","payload":{"clientSequence":88,"action":"STOP_RIGHT"}}
[10:08:07] [Render thread/INFO] (PiriRuntimeAcceptance) PIRI_PHASE02_PACKET {"type":"REEL_STOP","payload":{"spinId":"ca16aae2-e889-4c2c-abb7-447f1a9a2922","reel":"RIGHT","pressedIndex":16,"stopIndex":16,"slip":0,"durationMs":80}}
[10:08:07] [Render thread/INFO] (PiriRuntimeAcceptance) PIRI_PHASE02_PACKET {"type":"PUBLIC_STATE","payload":{"sessionId":"5267f3eb-5c85-4c6b-b2cf-d9c01834646e","machineId":1,"expectedNextClientSequence":89,"gameState":"NORMAL_SPINNING","lifecycle":"ACTIVE","credit":0,"heldMedals":772,"bet":3,"pay":0,"bonusCount":0,"lampOn":false,"displayStops":{"left":1,"center":2,"right":16},"stoppedMask":4}}
[10:08:07] [Render thread/INFO] (PiriRuntimeAcceptance) PIRI_PHASE02_PACKET {"type":"ACTION_ACCEPTED","payload":{"clientSequence":89,"action":"STOP_CENTER"}}
[10:08:07] [Render thread/INFO] (PiriRuntimeAcceptance) PIRI_PHASE02_PACKET {"type":"REEL_STOP","payload":{"spinId":"ca16aae2-e889-4c2c-abb7-447f1a9a2922","reel":"CENTER","pressedIndex":7,"stopIndex":7,"slip":0,"durationMs":80}}
[10:08:07] [Render thread/INFO] (PiriRuntimeAcceptance) PIRI_PHASE02_PACKET {"type":"PUBLIC_STATE","payload":{"sessionId":"5267f3eb-5c85-4c6b-b2cf-d9c01834646e","machineId":1,"expectedNextClientSequence":90,"gameState":"NORMAL_SPINNING","lifecycle":"ACTIVE","credit":0,"heldMedals":772,"bet":3,"pay":0,"bonusCount":0,"lampOn":false,"displayStops":{"left":1,"center":7,"right":16},"stoppedMask":6}}
[10:08:08] [Render thread/INFO] (PiriRuntimeAcceptance) PIRI_PHASE02_PACKET {"type":"ACTION_ACCEPTED","payload":{"clientSequence":90,"action":"STOP_LEFT"}}
[10:08:08] [Render thread/INFO] (PiriRuntimeAcceptance) PIRI_PHASE02_PACKET {"type":"REEL_STOP","payload":{"spinId":"ca16aae2-e889-4c2c-abb7-447f1a9a2922","reel":"LEFT","pressedIndex":17,"stopIndex":17,"slip":0,"durationMs":80}}
[10:08:08] [Render thread/INFO] (PiriRuntimeAcceptance) PIRI_PHASE02_PACKET {"type":"PUBLIC_STATE","payload":{"sessionId":"5267f3eb-5c85-4c6b-b2cf-d9c01834646e","machineId":1,"expectedNextClientSequence":91,"gameState":"SEATED_READY","lifecycle":"ACTIVE","credit":0,"heldMedals":772,"bet":0,"pay":0,"bonusCount":0,"lampOn":false,"displayStops":{"left":17,"center":7,"right":16},"stoppedMask":7}}
[10:08:08] [Render thread/INFO] (PiriRuntimeAcceptance) PIRI_PHASE02_PACKET {"type":"ACTION_ACCEPTED","payload":{"clientSequence":91,"action":"SPACE_ACTION"}}
[10:08:08] [Render thread/INFO] (PiriRuntimeAcceptance) PIRI_PHASE02_PACKET {"type":"PUBLIC_STATE","payload":{"sessionId":"5267f3eb-5c85-4c6b-b2cf-d9c01834646e","machineId":1,"expectedNextClientSequence":92,"gameState":"NORMAL_BETTED","lifecycle":"ACTIVE","credit":0,"heldMedals":769,"bet":3,"pay":0,"bonusCount":0,"lampOn":false,"displayStops":{"left":17,"center":7,"right":16},"stoppedMask":7}}
[10:08:09] [Render thread/INFO] (PiriRuntimeAcceptance) PIRI_PHASE02_PACKET {"type":"ACTION_ACCEPTED","payload":{"clientSequence":92,"action":"SPACE_ACTION"}}
[10:08:09] [Render thread/INFO] (PiriRuntimeAcceptance) PIRI_PHASE02_PACKET {"type":"PUBLIC_STATE","payload":{"sessionId":"5267f3eb-5c85-4c6b-b2cf-d9c01834646e","machineId":1,"expectedNextClientSequence":93,"gameState":"NORMAL_SPINNING","lifecycle":"ACTIVE","credit":0,"heldMedals":769,"bet":3,"pay":0,"bonusCount":0,"lampOn":false,"displayStops":{"left":17,"center":7,"right":16},"stoppedMask":0}}
[10:08:09] [Render thread/INFO] (PiriRuntimeAcceptance) PIRI_PHASE02_PACKET {"type":"SPIN_START","payload":{"sessionId":"5267f3eb-5c85-4c6b-b2cf-d9c01834646e","machineId":1,"spinId":"b3898e6c-11f2-45f7-ad1e-740002d72030","mode":"NORMAL","animation":"NORMAL","startPhase":{"left":17.0,"center":7.0,"right":16.0},"stopEnableAfterMs":400}}
[10:08:10] [Render thread/INFO] (PiriRuntimeAcceptance) PIRI_PHASE02_PACKET {"type":"ACTION_ACCEPTED","payload":{"clientSequence":93,"action":"STOP_LEFT"}}
[10:08:10] [Render thread/INFO] (PiriRuntimeAcceptance) PIRI_PHASE02_PACKET {"type":"REEL_STOP","payload":{"spinId":"b3898e6c-11f2-45f7-ad1e-740002d72030","reel":"LEFT","pressedIndex":9,"stopIndex":6,"slip":3,"durationMs":230}}
[10:08:10] [Render thread/INFO] (PiriRuntimeAcceptance) PIRI_PHASE02_PACKET {"type":"PUBLIC_STATE","payload":{"sessionId":"5267f3eb-5c85-4c6b-b2cf-d9c01834646e","machineId":1,"expectedNextClientSequence":94,"gameState":"NORMAL_SPINNING","lifecycle":"ACTIVE","credit":0,"heldMedals":769,"bet":3,"pay":0,"bonusCount":0,"lampOn":false,"displayStops":{"left":6,"center":7,"right":16},"stoppedMask":1}}
[10:08:10] [Render thread/INFO] (PiriRuntimeAcceptance) PIRI_PHASE02_PACKET {"type":"ACTION_ACCEPTED","payload":{"clientSequence":94,"action":"STOP_CENTER"}}
[10:08:10] [Render thread/INFO] (PiriRuntimeAcceptance) PIRI_PHASE02_PACKET {"type":"REEL_STOP","payload":{"spinId":"b3898e6c-11f2-45f7-ad1e-740002d72030","reel":"CENTER","pressedIndex":11,"stopIndex":10,"slip":1,"durationMs":130}}
[10:08:10] [Render thread/INFO] (PiriRuntimeAcceptance) PIRI_PHASE02_PACKET {"type":"PUBLIC_STATE","payload":{"sessionId":"5267f3eb-5c85-4c6b-b2cf-d9c01834646e","machineId":1,"expectedNextClientSequence":95,"gameState":"NORMAL_SPINNING","lifecycle":"ACTIVE","credit":0,"heldMedals":769,"bet":3,"pay":0,"bonusCount":0,"lampOn":false,"displayStops":{"left":6,"center":10,"right":16},"stoppedMask":3}}
[10:08:11] [Render thread/INFO] (PiriRuntimeAcceptance) PIRI_PHASE02_PACKET {"type":"ACTION_ACCEPTED","payload":{"clientSequence":95,"action":"STOP_RIGHT"}}
[10:08:11] [Render thread/INFO] (PiriRuntimeAcceptance) PIRI_PHASE02_PACKET {"type":"REEL_STOP","payload":{"spinId":"b3898e6c-11f2-45f7-ad1e-740002d72030","reel":"RIGHT","pressedIndex":11,"stopIndex":10,"slip":1,"durationMs":130}}
[10:08:11] [Render thread/INFO] (PiriRuntimeAcceptance) PIRI_PHASE02_PACKET {"type":"PUBLIC_STATE","payload":{"sessionId":"5267f3eb-5c85-4c6b-b2cf-d9c01834646e","machineId":1,"expectedNextClientSequence":96,"gameState":"REPLAY_READY","lifecycle":"ACTIVE","credit":0,"heldMedals":769,"bet":3,"pay":0,"bonusCount":0,"lampOn":false,"displayStops":{"left":6,"center":10,"right":10},"stoppedMask":7}}
[10:08:11] [Render thread/INFO] (PiriRuntimeAcceptance) PIRI_PHASE02_PACKET {"type":"ACTION_ACCEPTED","payload":{"clientSequence":96,"action":"SPACE_ACTION"}}
[10:08:11] [Render thread/INFO] (PiriRuntimeAcceptance) PIRI_PHASE02_PACKET {"type":"PUBLIC_STATE","payload":{"sessionId":"5267f3eb-5c85-4c6b-b2cf-d9c01834646e","machineId":1,"expectedNextClientSequence":97,"gameState":"NORMAL_SPINNING","lifecycle":"ACTIVE","credit":0,"heldMedals":769,"bet":3,"pay":0,"bonusCount":0,"lampOn":false,"displayStops":{"left":6,"center":10,"right":10},"stoppedMask":0}}
[10:08:11] [Render thread/INFO] (PiriRuntimeAcceptance) PIRI_PHASE02_PACKET {"type":"SPIN_START","payload":{"sessionId":"5267f3eb-5c85-4c6b-b2cf-d9c01834646e","machineId":1,"spinId":"5778bd95-301e-4212-8bc8-cdec1f97dbcb","mode":"NORMAL","animation":"NORMAL","startPhase":{"left":6.0,"center":10.0,"right":10.0},"stopEnableAfterMs":400}}
[10:08:12] [Render thread/INFO] (PiriRuntimeAcceptance) PIRI_PHASE02_PACKET {"type":"ACTION_ACCEPTED","payload":{"clientSequence":97,"action":"STOP_LEFT"}}
[10:08:12] [Render thread/INFO] (PiriRuntimeAcceptance) PIRI_PHASE02_PACKET {"type":"REEL_STOP","payload":{"spinId":"5778bd95-301e-4212-8bc8-cdec1f97dbcb","reel":"LEFT","pressedIndex":19,"stopIndex":18,"slip":1,"durationMs":130}}
[10:08:12] [Render thread/INFO] (PiriRuntimeAcceptance) PIRI_PHASE02_PACKET {"type":"PUBLIC_STATE","payload":{"sessionId":"5267f3eb-5c85-4c6b-b2cf-d9c01834646e","machineId":1,"expectedNextClientSequence":98,"gameState":"NORMAL_SPINNING","lifecycle":"ACTIVE","credit":0,"heldMedals":769,"bet":3,"pay":0,"bonusCount":0,"lampOn":false,"displayStops":{"left":18,"center":10,"right":10},"stoppedMask":1}}
[10:08:13] [Render thread/INFO] (PiriRuntimeAcceptance) PIRI_PHASE02_PACKET {"type":"ACTION_ACCEPTED","payload":{"clientSequence":98,"action":"STOP_RIGHT"}}
[10:08:13] [Render thread/INFO] (PiriRuntimeAcceptance) PIRI_PHASE02_PACKET {"type":"REEL_STOP","payload":{"spinId":"5778bd95-301e-4212-8bc8-cdec1f97dbcb","reel":"RIGHT","pressedIndex":14,"stopIndex":11,"slip":3,"durationMs":230}}
[10:08:13] [Render thread/INFO] (PiriRuntimeAcceptance) PIRI_PHASE02_PACKET {"type":"PUBLIC_STATE","payload":{"sessionId":"5267f3eb-5c85-4c6b-b2cf-d9c01834646e","machineId":1,"expectedNextClientSequence":99,"gameState":"NORMAL_SPINNING","lifecycle":"ACTIVE","credit":0,"heldMedals":769,"bet":3,"pay":0,"bonusCount":0,"lampOn":false,"displayStops":{"left":18,"center":10,"right":11},"stoppedMask":5}}
[10:08:13] [Render thread/INFO] (PiriRuntimeAcceptance) PIRI_PHASE02_PACKET {"type":"ACTION_ACCEPTED","payload":{"clientSequence":99,"action":"STOP_CENTER"}}
[10:08:13] [Render thread/INFO] (PiriRuntimeAcceptance) PIRI_PHASE02_PACKET {"type":"REEL_STOP","payload":{"spinId":"5778bd95-301e-4212-8bc8-cdec1f97dbcb","reel":"CENTER","pressedIndex":5,"stopIndex":4,"slip":1,"durationMs":130}}
[10:08:13] [Render thread/INFO] (PiriRuntimeAcceptance) PIRI_PHASE02_PACKET {"type":"PAYOUT","payload":{}}
[10:08:13] [Render thread/INFO] (PiriRuntimeAcceptance) PIRI_PHASE02_PACKET {"type":"PUBLIC_STATE","payload":{"sessionId":"5267f3eb-5c85-4c6b-b2cf-d9c01834646e","machineId":1,"expectedNextClientSequence":100,"gameState":"SEATED_READY","lifecycle":"ACTIVE","credit":8,"heldMedals":769,"bet":0,"pay":8,"bonusCount":0,"lampOn":false,"displayStops":{"left":18,"center":4,"right":11},"stoppedMask":7}}
[10:08:14] [Render thread/INFO] (PiriRuntimeAcceptance) PIRI_PHASE02_PACKET {"type":"ACTION_ACCEPTED","payload":{"clientSequence":100,"action":"SPACE_ACTION"}}
[10:08:14] [Render thread/INFO] (PiriRuntimeAcceptance) PIRI_PHASE02_PACKET {"type":"PUBLIC_STATE","payload":{"sessionId":"5267f3eb-5c85-4c6b-b2cf-d9c01834646e","machineId":1,"expectedNextClientSequence":101,"gameState":"NORMAL_BETTED","lifecycle":"ACTIVE","credit":5,"heldMedals":769,"bet":3,"pay":0,"bonusCount":0,"lampOn":false,"displayStops":{"left":18,"center":4,"right":11},"stoppedMask":7}}
[10:08:14] [Render thread/INFO] (PiriRuntimeAcceptance) PIRI_PHASE02_PACKET {"type":"ACTION_ACCEPTED","payload":{"clientSequence":101,"action":"SPACE_ACTION"}}
[10:08:14] [Render thread/INFO] (PiriRuntimeAcceptance) PIRI_PHASE02_PACKET {"type":"PUBLIC_STATE","payload":{"sessionId":"5267f3eb-5c85-4c6b-b2cf-d9c01834646e","machineId":1,"expectedNextClientSequence":102,"gameState":"NORMAL_SPINNING","lifecycle":"ACTIVE","credit":5,"heldMedals":769,"bet":3,"pay":0,"bonusCount":0,"lampOn":false,"displayStops":{"left":18,"center":4,"right":11},"stoppedMask":0}}
[10:08:14] [Render thread/INFO] (PiriRuntimeAcceptance) PIRI_PHASE02_PACKET {"type":"SPIN_START","payload":{"sessionId":"5267f3eb-5c85-4c6b-b2cf-d9c01834646e","machineId":1,"spinId":"3ef773af-c31b-4c37-91a6-2194f295450a","mode":"NORMAL","animation":"NORMAL","startPhase":{"left":18.0,"center":4.0,"right":11.0},"stopEnableAfterMs":400}}
[10:08:15] [Render thread/INFO] (PiriRuntimeAcceptance) PIRI_PHASE02_PACKET {"type":"ACTION_ACCEPTED","payload":{"clientSequence":102,"action":"STOP_CENTER"}}
[10:08:15] [Render thread/INFO] (PiriRuntimeAcceptance) PIRI_PHASE02_PACKET {"type":"REEL_STOP","payload":{"spinId":"3ef773af-c31b-4c37-91a6-2194f295450a","reel":"CENTER","pressedIndex":18,"stopIndex":18,"slip":0,"durationMs":80}}
[10:08:15] [Render thread/INFO] (PiriRuntimeAcceptance) PIRI_PHASE02_PACKET {"type":"PUBLIC_STATE","payload":{"sessionId":"5267f3eb-5c85-4c6b-b2cf-d9c01834646e","machineId":1,"expectedNextClientSequence":103,"gameState":"NORMAL_SPINNING","lifecycle":"ACTIVE","credit":5,"heldMedals":769,"bet":3,"pay":0,"bonusCount":0,"lampOn":false,"displayStops":{"left":18,"center":18,"right":11},"stoppedMask":2}}
[10:08:15] [Render thread/INFO] (PiriRuntimeAcceptance) PIRI_PHASE02_PACKET {"type":"ACTION_ACCEPTED","payload":{"clientSequence":103,"action":"STOP_LEFT"}}
[10:08:15] [Render thread/INFO] (PiriRuntimeAcceptance) PIRI_PHASE02_PACKET {"type":"REEL_STOP","payload":{"spinId":"3ef773af-c31b-4c37-91a6-2194f295450a","reel":"LEFT","pressedIndex":2,"stopIndex":2,"slip":0,"durationMs":80}}
[10:08:15] [Render thread/INFO] (PiriRuntimeAcceptance) PIRI_PHASE02_PACKET {"type":"PUBLIC_STATE","payload":{"sessionId":"5267f3eb-5c85-4c6b-b2cf-d9c01834646e","machineId":1,"expectedNextClientSequence":104,"gameState":"NORMAL_SPINNING","lifecycle":"ACTIVE","credit":5,"heldMedals":769,"bet":3,"pay":0,"bonusCount":0,"lampOn":false,"displayStops":{"left":2,"center":18,"right":11},"stoppedMask":3}}
[10:08:16] [Render thread/INFO] (PiriRuntimeAcceptance) PIRI_PHASE02_PACKET {"type":"ACTION_ACCEPTED","payload":{"clientSequence":104,"action":"STOP_RIGHT"}}
[10:08:16] [Render thread/INFO] (PiriRuntimeAcceptance) PIRI_PHASE02_PACKET {"type":"REEL_STOP","payload":{"spinId":"3ef773af-c31b-4c37-91a6-2194f295450a","reel":"RIGHT","pressedIndex":7,"stopIndex":7,"slip":0,"durationMs":80}}
[10:08:16] [Render thread/INFO] (PiriRuntimeAcceptance) PIRI_PHASE02_PACKET {"type":"PUBLIC_STATE","payload":{"sessionId":"5267f3eb-5c85-4c6b-b2cf-d9c01834646e","machineId":1,"expectedNextClientSequence":105,"gameState":"SEATED_READY","lifecycle":"ACTIVE","credit":5,"heldMedals":769,"bet":0,"pay":0,"bonusCount":0,"lampOn":false,"displayStops":{"left":2,"center":18,"right":7},"stoppedMask":7}}
[10:08:16] [Render thread/INFO] (PiriRuntimeAcceptance) PIRI_PHASE02_PACKET {"type":"ACTION_ACCEPTED","payload":{"clientSequence":105,"action":"SPACE_ACTION"}}
[10:08:16] [Render thread/INFO] (PiriRuntimeAcceptance) PIRI_PHASE02_PACKET {"type":"PUBLIC_STATE","payload":{"sessionId":"5267f3eb-5c85-4c6b-b2cf-d9c01834646e","machineId":1,"expectedNextClientSequence":106,"gameState":"NORMAL_BETTED","lifecycle":"ACTIVE","credit":2,"heldMedals":769,"bet":3,"pay":0,"bonusCount":0,"lampOn":false,"displayStops":{"left":2,"center":18,"right":7},"stoppedMask":7}}
[10:08:17] [Render thread/INFO] (PiriRuntimeAcceptance) PIRI_PHASE02_PACKET {"type":"ACTION_ACCEPTED","payload":{"clientSequence":106,"action":"SPACE_ACTION"}}
[10:08:17] [Render thread/INFO] (PiriRuntimeAcceptance) PIRI_PHASE02_PACKET {"type":"PUBLIC_STATE","payload":{"sessionId":"5267f3eb-5c85-4c6b-b2cf-d9c01834646e","machineId":1,"expectedNextClientSequence":107,"gameState":"NORMAL_SPINNING","lifecycle":"ACTIVE","credit":2,"heldMedals":769,"bet":3,"pay":0,"bonusCount":0,"lampOn":false,"displayStops":{"left":2,"center":18,"right":7},"stoppedMask":0}}
[10:08:17] [Render thread/INFO] (PiriRuntimeAcceptance) PIRI_PHASE02_PACKET {"type":"SPIN_START","payload":{"sessionId":"5267f3eb-5c85-4c6b-b2cf-d9c01834646e","machineId":1,"spinId":"3b25b845-bb66-43f2-a423-42dd30b9c410","mode":"NORMAL","animation":"NORMAL","startPhase":{"left":2.0,"center":18.0,"right":7.0},"stopEnableAfterMs":400}}
[10:08:18] [Render thread/INFO] (PiriRuntimeAcceptance) PIRI_PHASE02_PACKET {"type":"ACTION_ACCEPTED","payload":{"clientSequence":107,"action":"STOP_CENTER"}}
[10:08:18] [Render thread/INFO] (PiriRuntimeAcceptance) PIRI_PHASE02_PACKET {"type":"REEL_STOP","payload":{"spinId":"3b25b845-bb66-43f2-a423-42dd30b9c410","reel":"CENTER","pressedIndex":10,"stopIndex":10,"slip":0,"durationMs":80}}
[10:08:18] [Render thread/INFO] (PiriRuntimeAcceptance) PIRI_PHASE02_PACKET {"type":"PUBLIC_STATE","payload":{"sessionId":"5267f3eb-5c85-4c6b-b2cf-d9c01834646e","machineId":1,"expectedNextClientSequence":108,"gameState":"NORMAL_SPINNING","lifecycle":"ACTIVE","credit":2,"heldMedals":769,"bet":3,"pay":0,"bonusCount":0,"lampOn":false,"displayStops":{"left":2,"center":10,"right":7},"stoppedMask":2}}
[10:08:18] [Render thread/INFO] (PiriRuntimeAcceptance) PIRI_PHASE02_PACKET {"type":"ACTION_ACCEPTED","payload":{"clientSequence":108,"action":"STOP_RIGHT"}}
[10:08:18] [Render thread/INFO] (PiriRuntimeAcceptance) PIRI_PHASE02_PACKET {"type":"REEL_STOP","payload":{"spinId":"3b25b845-bb66-43f2-a423-42dd30b9c410","reel":"RIGHT","pressedIndex":11,"stopIndex":11,"slip":0,"durationMs":80}}
[10:08:18] [Render thread/INFO] (PiriRuntimeAcceptance) PIRI_PHASE02_PACKET {"type":"PUBLIC_STATE","payload":{"sessionId":"5267f3eb-5c85-4c6b-b2cf-d9c01834646e","machineId":1,"expectedNextClientSequence":109,"gameState":"NORMAL_SPINNING","lifecycle":"ACTIVE","credit":2,"heldMedals":769,"bet":3,"pay":0,"bonusCount":0,"lampOn":false,"displayStops":{"left":2,"center":10,"right":11},"stoppedMask":6}}
[10:08:19] [Render thread/INFO] (PiriRuntimeAcceptance) PIRI_PHASE02_PACKET {"type":"ACTION_ACCEPTED","payload":{"clientSequence":109,"action":"STOP_LEFT"}}
[10:08:19] [Render thread/INFO] (PiriRuntimeAcceptance) PIRI_PHASE02_PACKET {"type":"REEL_STOP","payload":{"spinId":"3b25b845-bb66-43f2-a423-42dd30b9c410","reel":"LEFT","pressedIndex":18,"stopIndex":18,"slip":0,"durationMs":80}}
[10:08:19] [Render thread/INFO] (PiriRuntimeAcceptance) PIRI_PHASE02_PACKET {"type":"PUBLIC_STATE","payload":{"sessionId":"5267f3eb-5c85-4c6b-b2cf-d9c01834646e","machineId":1,"expectedNextClientSequence":110,"gameState":"SEATED_READY","lifecycle":"ACTIVE","credit":2,"heldMedals":769,"bet":0,"pay":0,"bonusCount":0,"lampOn":false,"displayStops":{"left":18,"center":10,"right":11},"stoppedMask":7}}
[10:08:19] [Render thread/INFO] (PiriRuntimeAcceptance) PIRI_PHASE02_PACKET {"type":"ACTION_ACCEPTED","payload":{"clientSequence":110,"action":"SPACE_ACTION"}}
[10:08:19] [Render thread/INFO] (PiriRuntimeAcceptance) PIRI_PHASE02_PACKET {"type":"PUBLIC_STATE","payload":{"sessionId":"5267f3eb-5c85-4c6b-b2cf-d9c01834646e","machineId":1,"expectedNextClientSequence":111,"gameState":"NORMAL_BETTED","lifecycle":"ACTIVE","credit":0,"heldMedals":768,"bet":3,"pay":0,"bonusCount":0,"lampOn":false,"displayStops":{"left":18,"center":10,"right":11},"stoppedMask":7}}
[10:08:20] [Render thread/INFO] (PiriRuntimeAcceptance) PIRI_PHASE02_PACKET {"type":"ACTION_ACCEPTED","payload":{"clientSequence":111,"action":"SPACE_ACTION"}}
[10:08:20] [Render thread/INFO] (PiriRuntimeAcceptance) PIRI_PHASE02_PACKET {"type":"PUBLIC_STATE","payload":{"sessionId":"5267f3eb-5c85-4c6b-b2cf-d9c01834646e","machineId":1,"expectedNextClientSequence":112,"gameState":"NORMAL_SPINNING","lifecycle":"ACTIVE","credit":0,"heldMedals":768,"bet":3,"pay":0,"bonusCount":0,"lampOn":false,"displayStops":{"left":18,"center":10,"right":11},"stoppedMask":0}}
[10:08:20] [Render thread/INFO] (PiriRuntimeAcceptance) PIRI_PHASE02_PACKET {"type":"SPIN_START","payload":{"sessionId":"5267f3eb-5c85-4c6b-b2cf-d9c01834646e","machineId":1,"spinId":"cf9f9719-3625-4c0a-b3b6-17590f31d7d1","mode":"NORMAL","animation":"NORMAL","startPhase":{"left":18.0,"center":10.0,"right":11.0},"stopEnableAfterMs":400}}
[10:08:21] [Render thread/INFO] (PiriRuntimeAcceptance) PIRI_PHASE02_PACKET {"type":"ACTION_ACCEPTED","payload":{"clientSequence":112,"action":"STOP_RIGHT"}}
[10:08:21] [Render thread/INFO] (PiriRuntimeAcceptance) PIRI_PHASE02_PACKET {"type":"REEL_STOP","payload":{"spinId":"cf9f9719-3625-4c0a-b3b6-17590f31d7d1","reel":"RIGHT","pressedIndex":4,"stopIndex":4,"slip":0,"durationMs":80}}
[10:08:21] [Render thread/INFO] (PiriRuntimeAcceptance) PIRI_PHASE02_PACKET {"type":"PUBLIC_STATE","payload":{"sessionId":"5267f3eb-5c85-4c6b-b2cf-d9c01834646e","machineId":1,"expectedNextClientSequence":113,"gameState":"NORMAL_SPINNING","lifecycle":"ACTIVE","credit":0,"heldMedals":768,"bet":3,"pay":0,"bonusCount":0,"lampOn":false,"displayStops":{"left":18,"center":10,"right":4},"stoppedMask":4}}
[10:08:21] [Render thread/INFO] (PiriRuntimeAcceptance) PIRI_PHASE02_PACKET {"type":"ACTION_ACCEPTED","payload":{"clientSequence":113,"action":"STOP_LEFT"}}
[10:08:21] [Render thread/INFO] (PiriRuntimeAcceptance) PIRI_PHASE02_PACKET {"type":"REEL_STOP","payload":{"spinId":"cf9f9719-3625-4c0a-b3b6-17590f31d7d1","reel":"LEFT","pressedIndex":18,"stopIndex":18,"slip":0,"durationMs":80}}
[10:08:21] [Render thread/INFO] (PiriRuntimeAcceptance) PIRI_PHASE02_PACKET {"type":"PUBLIC_STATE","payload":{"sessionId":"5267f3eb-5c85-4c6b-b2cf-d9c01834646e","machineId":1,"expectedNextClientSequence":114,"gameState":"NORMAL_SPINNING","lifecycle":"ACTIVE","credit":0,"heldMedals":768,"bet":3,"pay":0,"bonusCount":0,"lampOn":false,"displayStops":{"left":18,"center":10,"right":4},"stoppedMask":5}}
[10:08:22] [Render thread/INFO] (PiriRuntimeAcceptance) PIRI_PHASE02_PACKET {"type":"ACTION_ACCEPTED","payload":{"clientSequence":114,"action":"STOP_CENTER"}}
[10:08:22] [Render thread/INFO] (PiriRuntimeAcceptance) PIRI_PHASE02_PACKET {"type":"REEL_STOP","payload":{"spinId":"cf9f9719-3625-4c0a-b3b6-17590f31d7d1","reel":"CENTER","pressedIndex":1,"stopIndex":1,"slip":0,"durationMs":80}}
[10:08:22] [Render thread/INFO] (PiriRuntimeAcceptance) PIRI_PHASE02_PACKET {"type":"PUBLIC_STATE","payload":{"sessionId":"5267f3eb-5c85-4c6b-b2cf-d9c01834646e","machineId":1,"expectedNextClientSequence":115,"gameState":"SEATED_READY","lifecycle":"ACTIVE","credit":0,"heldMedals":768,"bet":0,"pay":0,"bonusCount":0,"lampOn":false,"displayStops":{"left":18,"center":1,"right":4},"stoppedMask":7}}
[10:08:22] [Render thread/INFO] (PiriRuntimeAcceptance) PIRI_PHASE02_PACKET {"type":"ACTION_ACCEPTED","payload":{"clientSequence":115,"action":"SPACE_ACTION"}}
[10:08:22] [Render thread/INFO] (PiriRuntimeAcceptance) PIRI_PHASE02_PACKET {"type":"PUBLIC_STATE","payload":{"sessionId":"5267f3eb-5c85-4c6b-b2cf-d9c01834646e","machineId":1,"expectedNextClientSequence":116,"gameState":"NORMAL_BETTED","lifecycle":"ACTIVE","credit":0,"heldMedals":765,"bet":3,"pay":0,"bonusCount":0,"lampOn":false,"displayStops":{"left":18,"center":1,"right":4},"stoppedMask":7}}
[10:08:23] [Render thread/INFO] (PiriRuntimeAcceptance) PIRI_PHASE02_PACKET {"type":"ACTION_ACCEPTED","payload":{"clientSequence":116,"action":"SPACE_ACTION"}}
[10:08:23] [Render thread/INFO] (PiriRuntimeAcceptance) PIRI_PHASE02_PACKET {"type":"PUBLIC_STATE","payload":{"sessionId":"5267f3eb-5c85-4c6b-b2cf-d9c01834646e","machineId":1,"expectedNextClientSequence":117,"gameState":"NORMAL_SPINNING","lifecycle":"ACTIVE","credit":0,"heldMedals":765,"bet":3,"pay":0,"bonusCount":0,"lampOn":false,"displayStops":{"left":18,"center":1,"right":4},"stoppedMask":0}}
[10:08:23] [Render thread/INFO] (PiriRuntimeAcceptance) PIRI_PHASE02_PACKET {"type":"SPIN_START","payload":{"sessionId":"5267f3eb-5c85-4c6b-b2cf-d9c01834646e","machineId":1,"spinId":"0c0274c2-acf6-4544-ac56-0f48788fe171","mode":"NORMAL","animation":"NORMAL","startPhase":{"left":18.0,"center":1.0,"right":4.0},"stopEnableAfterMs":400}}
[10:08:24] [Render thread/INFO] (PiriRuntimeAcceptance) PIRI_PHASE02_PACKET {"type":"ACTION_ACCEPTED","payload":{"clientSequence":117,"action":"STOP_RIGHT"}}
[10:08:24] [Render thread/INFO] (PiriRuntimeAcceptance) PIRI_PHASE02_PACKET {"type":"REEL_STOP","payload":{"spinId":"0c0274c2-acf6-4544-ac56-0f48788fe171","reel":"RIGHT","pressedIndex":17,"stopIndex":17,"slip":0,"durationMs":80}}
[10:08:24] [Render thread/INFO] (PiriRuntimeAcceptance) PIRI_PHASE02_PACKET {"type":"PUBLIC_STATE","payload":{"sessionId":"5267f3eb-5c85-4c6b-b2cf-d9c01834646e","machineId":1,"expectedNextClientSequence":118,"gameState":"NORMAL_SPINNING","lifecycle":"ACTIVE","credit":0,"heldMedals":765,"bet":3,"pay":0,"bonusCount":0,"lampOn":false,"displayStops":{"left":18,"center":1,"right":17},"stoppedMask":4}}
[10:08:24] [Render thread/INFO] (PiriRuntimeAcceptance) PIRI_PHASE02_PACKET {"type":"ACTION_ACCEPTED","payload":{"clientSequence":118,"action":"STOP_CENTER"}}
[10:08:24] [Render thread/INFO] (PiriRuntimeAcceptance) PIRI_PHASE02_PACKET {"type":"REEL_STOP","payload":{"spinId":"0c0274c2-acf6-4544-ac56-0f48788fe171","reel":"CENTER","pressedIndex":5,"stopIndex":5,"slip":0,"durationMs":80}}
[10:08:24] [Render thread/INFO] (PiriRuntimeAcceptance) PIRI_PHASE02_PACKET {"type":"PUBLIC_STATE","payload":{"sessionId":"5267f3eb-5c85-4c6b-b2cf-d9c01834646e","machineId":1,"expectedNextClientSequence":119,"gameState":"NORMAL_SPINNING","lifecycle":"ACTIVE","credit":0,"heldMedals":765,"bet":3,"pay":0,"bonusCount":0,"lampOn":false,"displayStops":{"left":18,"center":5,"right":17},"stoppedMask":6}}
[10:08:25] [Render thread/INFO] (PiriRuntimeAcceptance) PIRI_PHASE02_PACKET {"type":"ACTION_ACCEPTED","payload":{"clientSequence":119,"action":"STOP_LEFT"}}
[10:08:25] [Render thread/INFO] (PiriRuntimeAcceptance) PIRI_PHASE02_PACKET {"type":"REEL_STOP","payload":{"spinId":"0c0274c2-acf6-4544-ac56-0f48788fe171","reel":"LEFT","pressedIndex":13,"stopIndex":13,"slip":0,"durationMs":80}}
[10:08:25] [Render thread/INFO] (PiriRuntimeAcceptance) PIRI_PHASE02_PACKET {"type":"PUBLIC_STATE","payload":{"sessionId":"5267f3eb-5c85-4c6b-b2cf-d9c01834646e","machineId":1,"expectedNextClientSequence":120,"gameState":"SEATED_READY","lifecycle":"ACTIVE","credit":0,"heldMedals":765,"bet":0,"pay":0,"bonusCount":0,"lampOn":false,"displayStops":{"left":13,"center":5,"right":17},"stoppedMask":7}}
[10:08:25] [Render thread/INFO] (PiriRuntimeAcceptance) PIRI_PHASE02_PACKET {"type":"ACTION_ACCEPTED","payload":{"clientSequence":120,"action":"SPACE_ACTION"}}
[10:08:25] [Render thread/INFO] (PiriRuntimeAcceptance) PIRI_PHASE02_PACKET {"type":"PUBLIC_STATE","payload":{"sessionId":"5267f3eb-5c85-4c6b-b2cf-d9c01834646e","machineId":1,"expectedNextClientSequence":121,"gameState":"NORMAL_BETTED","lifecycle":"ACTIVE","credit":0,"heldMedals":762,"bet":3,"pay":0,"bonusCount":0,"lampOn":false,"displayStops":{"left":13,"center":5,"right":17},"stoppedMask":7}}
[10:08:26] [Render thread/INFO] (PiriRuntimeAcceptance) PIRI_PHASE02_PACKET {"type":"ACTION_ACCEPTED","payload":{"clientSequence":121,"action":"SPACE_ACTION"}}
[10:08:26] [Render thread/INFO] (PiriRuntimeAcceptance) PIRI_PHASE02_PACKET {"type":"PUBLIC_STATE","payload":{"sessionId":"5267f3eb-5c85-4c6b-b2cf-d9c01834646e","machineId":1,"expectedNextClientSequence":122,"gameState":"NORMAL_SPINNING","lifecycle":"ACTIVE","credit":0,"heldMedals":762,"bet":3,"pay":0,"bonusCount":0,"lampOn":false,"displayStops":{"left":13,"center":5,"right":17},"stoppedMask":0}}
[10:08:26] [Render thread/INFO] (PiriRuntimeAcceptance) PIRI_PHASE02_PACKET {"type":"SPIN_START","payload":{"sessionId":"5267f3eb-5c85-4c6b-b2cf-d9c01834646e","machineId":1,"spinId":"589e676c-ee5d-4a88-bb13-713631f104e7","mode":"NORMAL","animation":"NORMAL","startPhase":{"left":13.0,"center":5.0,"right":17.0},"stopEnableAfterMs":400}}
[10:08:26] [Render thread/INFO] (PiriRuntimeAcceptance) PIRI_PHASE02_PACKET {"type":"ACTION_ACCEPTED","payload":{"clientSequence":122,"action":"STOP_LEFT"}}
[10:08:26] [Render thread/INFO] (PiriRuntimeAcceptance) PIRI_PHASE02_PACKET {"type":"REEL_STOP","payload":{"spinId":"589e676c-ee5d-4a88-bb13-713631f104e7","reel":"LEFT","pressedIndex":6,"stopIndex":6,"slip":0,"durationMs":80}}
[10:08:26] [Render thread/INFO] (PiriRuntimeAcceptance) PIRI_PHASE02_PACKET {"type":"PUBLIC_STATE","payload":{"sessionId":"5267f3eb-5c85-4c6b-b2cf-d9c01834646e","machineId":1,"expectedNextClientSequence":123,"gameState":"NORMAL_SPINNING","lifecycle":"ACTIVE","credit":0,"heldMedals":762,"bet":3,"pay":0,"bonusCount":0,"lampOn":false,"displayStops":{"left":6,"center":5,"right":17},"stoppedMask":1}}
[10:08:27] [Render thread/INFO] (PiriRuntimeAcceptance) PIRI_PHASE02_PACKET {"type":"ACTION_ACCEPTED","payload":{"clientSequence":123,"action":"STOP_CENTER"}}
[10:08:27] [Render thread/INFO] (PiriRuntimeAcceptance) PIRI_PHASE02_PACKET {"type":"REEL_STOP","payload":{"spinId":"589e676c-ee5d-4a88-bb13-713631f104e7","reel":"CENTER","pressedIndex":10,"stopIndex":10,"slip":0,"durationMs":80}}
[10:08:27] [Render thread/INFO] (PiriRuntimeAcceptance) PIRI_PHASE02_PACKET {"type":"PUBLIC_STATE","payload":{"sessionId":"5267f3eb-5c85-4c6b-b2cf-d9c01834646e","machineId":1,"expectedNextClientSequence":124,"gameState":"NORMAL_SPINNING","lifecycle":"ACTIVE","credit":0,"heldMedals":762,"bet":3,"pay":0,"bonusCount":0,"lampOn":false,"displayStops":{"left":6,"center":10,"right":17},"stoppedMask":3}}
[10:08:27] [Render thread/INFO] (PiriRuntimeAcceptance) PIRI_PHASE02_PACKET {"type":"ACTION_ACCEPTED","payload":{"clientSequence":124,"action":"STOP_RIGHT"}}
[10:08:27] [Render thread/INFO] (PiriRuntimeAcceptance) PIRI_PHASE02_PACKET {"type":"REEL_STOP","payload":{"spinId":"589e676c-ee5d-4a88-bb13-713631f104e7","reel":"RIGHT","pressedIndex":13,"stopIndex":13,"slip":0,"durationMs":80}}
[10:08:27] [Render thread/INFO] (PiriRuntimeAcceptance) PIRI_PHASE02_PACKET {"type":"PUBLIC_STATE","payload":{"sessionId":"5267f3eb-5c85-4c6b-b2cf-d9c01834646e","machineId":1,"expectedNextClientSequence":125,"gameState":"SEATED_READY","lifecycle":"ACTIVE","credit":0,"heldMedals":762,"bet":0,"pay":0,"bonusCount":0,"lampOn":false,"displayStops":{"left":6,"center":10,"right":13},"stoppedMask":7}}
[10:08:28] [Render thread/INFO] (PiriRuntimeAcceptance) PIRI_PHASE02_PACKET {"type":"ACTION_ACCEPTED","payload":{"clientSequence":125,"action":"SPACE_ACTION"}}
[10:08:28] [Render thread/INFO] (PiriRuntimeAcceptance) PIRI_PHASE02_PACKET {"type":"PUBLIC_STATE","payload":{"sessionId":"5267f3eb-5c85-4c6b-b2cf-d9c01834646e","machineId":1,"expectedNextClientSequence":126,"gameState":"NORMAL_BETTED","lifecycle":"ACTIVE","credit":0,"heldMedals":759,"bet":3,"pay":0,"bonusCount":0,"lampOn":false,"displayStops":{"left":6,"center":10,"right":13},"stoppedMask":7}}
[10:08:28] [Render thread/INFO] (PiriRuntimeAcceptance) PIRI_PHASE02_PACKET {"type":"ACTION_ACCEPTED","payload":{"clientSequence":126,"action":"SPACE_ACTION"}}
[10:08:28] [Render thread/INFO] (PiriRuntimeAcceptance) PIRI_PHASE02_PACKET {"type":"PUBLIC_STATE","payload":{"sessionId":"5267f3eb-5c85-4c6b-b2cf-d9c01834646e","machineId":1,"expectedNextClientSequence":127,"gameState":"NORMAL_SPINNING","lifecycle":"ACTIVE","credit":0,"heldMedals":759,"bet":3,"pay":0,"bonusCount":0,"lampOn":false,"displayStops":{"left":6,"center":10,"right":13},"stoppedMask":0}}
[10:08:28] [Render thread/INFO] (PiriRuntimeAcceptance) PIRI_PHASE02_PACKET {"type":"SPIN_START","payload":{"sessionId":"5267f3eb-5c85-4c6b-b2cf-d9c01834646e","machineId":1,"spinId":"f0fc6a39-9896-4957-af20-2e38f1ec64c9","mode":"NORMAL","animation":"NORMAL","startPhase":{"left":6.0,"center":10.0,"right":13.0},"stopEnableAfterMs":400}}
[10:08:29] [Render thread/INFO] (PiriRuntimeAcceptance) PIRI_PHASE02_PACKET {"type":"ACTION_ACCEPTED","payload":{"clientSequence":127,"action":"STOP_LEFT"}}
[10:08:29] [Render thread/INFO] (PiriRuntimeAcceptance) PIRI_PHASE02_PACKET {"type":"REEL_STOP","payload":{"spinId":"f0fc6a39-9896-4957-af20-2e38f1ec64c9","reel":"LEFT","pressedIndex":19,"stopIndex":18,"slip":1,"durationMs":130}}
[10:08:29] [Render thread/INFO] (PiriRuntimeAcceptance) PIRI_PHASE02_PACKET {"type":"PUBLIC_STATE","payload":{"sessionId":"5267f3eb-5c85-4c6b-b2cf-d9c01834646e","machineId":1,"expectedNextClientSequence":128,"gameState":"NORMAL_SPINNING","lifecycle":"ACTIVE","credit":0,"heldMedals":759,"bet":3,"pay":0,"bonusCount":0,"lampOn":false,"displayStops":{"left":18,"center":10,"right":13},"stoppedMask":1}}
[10:08:30] [Render thread/INFO] (PiriRuntimeAcceptance) PIRI_PHASE02_PACKET {"type":"ACTION_ACCEPTED","payload":{"clientSequence":128,"action":"STOP_RIGHT"}}
[10:08:30] [Render thread/INFO] (PiriRuntimeAcceptance) PIRI_PHASE02_PACKET {"type":"REEL_STOP","payload":{"spinId":"f0fc6a39-9896-4957-af20-2e38f1ec64c9","reel":"RIGHT","pressedIndex":18,"stopIndex":18,"slip":0,"durationMs":80}}
[10:08:30] [Render thread/INFO] (PiriRuntimeAcceptance) PIRI_PHASE02_PACKET {"type":"PUBLIC_STATE","payload":{"sessionId":"5267f3eb-5c85-4c6b-b2cf-d9c01834646e","machineId":1,"expectedNextClientSequence":129,"gameState":"NORMAL_SPINNING","lifecycle":"ACTIVE","credit":0,"heldMedals":759,"bet":3,"pay":0,"bonusCount":0,"lampOn":false,"displayStops":{"left":18,"center":10,"right":18},"stoppedMask":5}}
[10:08:30] [Render thread/INFO] (PiriRuntimeAcceptance) PIRI_PHASE02_PACKET {"type":"ACTION_ACCEPTED","payload":{"clientSequence":129,"action":"STOP_CENTER"}}
[10:08:30] [Render thread/INFO] (PiriRuntimeAcceptance) PIRI_PHASE02_PACKET {"type":"REEL_STOP","payload":{"spinId":"f0fc6a39-9896-4957-af20-2e38f1ec64c9","reel":"CENTER","pressedIndex":6,"stopIndex":6,"slip":0,"durationMs":80}}
[10:08:30] [Render thread/INFO] (PiriRuntimeAcceptance) PIRI_PHASE02_PACKET {"type":"PUBLIC_STATE","payload":{"sessionId":"5267f3eb-5c85-4c6b-b2cf-d9c01834646e","machineId":1,"expectedNextClientSequence":130,"gameState":"SEATED_READY","lifecycle":"ACTIVE","credit":0,"heldMedals":759,"bet":0,"pay":0,"bonusCount":0,"lampOn":false,"displayStops":{"left":18,"center":6,"right":18},"stoppedMask":7}}
[10:08:31] [Render thread/INFO] (PiriRuntimeAcceptance) PIRI_PHASE02_PACKET {"type":"ACTION_ACCEPTED","payload":{"clientSequence":130,"action":"SPACE_ACTION"}}
[10:08:31] [Render thread/INFO] (PiriRuntimeAcceptance) PIRI_PHASE02_PACKET {"type":"PUBLIC_STATE","payload":{"sessionId":"5267f3eb-5c85-4c6b-b2cf-d9c01834646e","machineId":1,"expectedNextClientSequence":131,"gameState":"NORMAL_BETTED","lifecycle":"ACTIVE","credit":0,"heldMedals":756,"bet":3,"pay":0,"bonusCount":0,"lampOn":false,"displayStops":{"left":18,"center":6,"right":18},"stoppedMask":7}}
[10:08:31] [Render thread/INFO] (PiriRuntimeAcceptance) PIRI_PHASE02_PACKET {"type":"ACTION_ACCEPTED","payload":{"clientSequence":131,"action":"SPACE_ACTION"}}
[10:08:31] [Render thread/INFO] (PiriRuntimeAcceptance) PIRI_PHASE02_PACKET {"type":"PUBLIC_STATE","payload":{"sessionId":"5267f3eb-5c85-4c6b-b2cf-d9c01834646e","machineId":1,"expectedNextClientSequence":132,"gameState":"NORMAL_SPINNING","lifecycle":"ACTIVE","credit":0,"heldMedals":756,"bet":3,"pay":0,"bonusCount":0,"lampOn":false,"displayStops":{"left":18,"center":6,"right":18},"stoppedMask":0}}
[10:08:31] [Render thread/INFO] (PiriRuntimeAcceptance) PIRI_PHASE02_PACKET {"type":"SPIN_START","payload":{"sessionId":"5267f3eb-5c85-4c6b-b2cf-d9c01834646e","machineId":1,"spinId":"e3c95268-ce57-4d4f-9bfc-4b9cf40dd8b1","mode":"NORMAL","animation":"NORMAL","startPhase":{"left":18.0,"center":6.0,"right":18.0},"stopEnableAfterMs":400}}
[10:08:32] [Render thread/INFO] (PiriRuntimeAcceptance) PIRI_PHASE02_PACKET {"type":"ACTION_ACCEPTED","payload":{"clientSequence":132,"action":"STOP_CENTER"}}
[10:08:32] [Render thread/INFO] (PiriRuntimeAcceptance) PIRI_PHASE02_PACKET {"type":"REEL_STOP","payload":{"spinId":"e3c95268-ce57-4d4f-9bfc-4b9cf40dd8b1","reel":"CENTER","pressedIndex":19,"stopIndex":19,"slip":0,"durationMs":80}}
[10:08:32] [Render thread/INFO] (PiriRuntimeAcceptance) PIRI_PHASE02_PACKET {"type":"PUBLIC_STATE","payload":{"sessionId":"5267f3eb-5c85-4c6b-b2cf-d9c01834646e","machineId":1,"expectedNextClientSequence":133,"gameState":"NORMAL_SPINNING","lifecycle":"ACTIVE","credit":0,"heldMedals":756,"bet":3,"pay":0,"bonusCount":0,"lampOn":false,"displayStops":{"left":18,"center":19,"right":18},"stoppedMask":2}}
[10:08:32] [Render thread/INFO] (PiriRuntimeAcceptance) PIRI_PHASE02_PACKET {"type":"ACTION_ACCEPTED","payload":{"clientSequence":133,"action":"STOP_LEFT"}}
[10:08:32] [Render thread/INFO] (PiriRuntimeAcceptance) PIRI_PHASE02_PACKET {"type":"REEL_STOP","payload":{"spinId":"e3c95268-ce57-4d4f-9bfc-4b9cf40dd8b1","reel":"LEFT","pressedIndex":1,"stopIndex":1,"slip":0,"durationMs":80}}
[10:08:32] [Render thread/INFO] (PiriRuntimeAcceptance) PIRI_PHASE02_PACKET {"type":"PUBLIC_STATE","payload":{"sessionId":"5267f3eb-5c85-4c6b-b2cf-d9c01834646e","machineId":1,"expectedNextClientSequence":134,"gameState":"NORMAL_SPINNING","lifecycle":"ACTIVE","credit":0,"heldMedals":756,"bet":3,"pay":0,"bonusCount":0,"lampOn":false,"displayStops":{"left":1,"center":19,"right":18},"stoppedMask":3}}
[10:08:33] [Render thread/INFO] (PiriRuntimeAcceptance) PIRI_PHASE02_PACKET {"type":"ACTION_ACCEPTED","payload":{"clientSequence":134,"action":"STOP_RIGHT"}}
[10:08:33] [Render thread/INFO] (PiriRuntimeAcceptance) PIRI_PHASE02_PACKET {"type":"REEL_STOP","payload":{"spinId":"e3c95268-ce57-4d4f-9bfc-4b9cf40dd8b1","reel":"RIGHT","pressedIndex":13,"stopIndex":13,"slip":0,"durationMs":80}}
[10:08:33] [Render thread/INFO] (PiriRuntimeAcceptance) PIRI_PHASE02_PACKET {"type":"PUBLIC_STATE","payload":{"sessionId":"5267f3eb-5c85-4c6b-b2cf-d9c01834646e","machineId":1,"expectedNextClientSequence":135,"gameState":"SEATED_READY","lifecycle":"ACTIVE","credit":0,"heldMedals":756,"bet":0,"pay":0,"bonusCount":0,"lampOn":false,"displayStops":{"left":1,"center":19,"right":13},"stoppedMask":7}}
[10:08:34] [Render thread/INFO] (PiriRuntimeAcceptance) PIRI_PHASE02_PACKET {"type":"ACTION_ACCEPTED","payload":{"clientSequence":135,"action":"SPACE_ACTION"}}
[10:08:34] [Render thread/INFO] (PiriRuntimeAcceptance) PIRI_PHASE02_PACKET {"type":"PUBLIC_STATE","payload":{"sessionId":"5267f3eb-5c85-4c6b-b2cf-d9c01834646e","machineId":1,"expectedNextClientSequence":136,"gameState":"NORMAL_BETTED","lifecycle":"ACTIVE","credit":0,"heldMedals":753,"bet":3,"pay":0,"bonusCount":0,"lampOn":false,"displayStops":{"left":1,"center":19,"right":13},"stoppedMask":7}}
[10:08:34] [Render thread/INFO] (PiriRuntimeAcceptance) PIRI_PHASE02_PACKET {"type":"ACTION_ACCEPTED","payload":{"clientSequence":136,"action":"SPACE_ACTION"}}
[10:08:34] [Render thread/INFO] (PiriRuntimeAcceptance) PIRI_PHASE02_PACKET {"type":"PUBLIC_STATE","payload":{"sessionId":"5267f3eb-5c85-4c6b-b2cf-d9c01834646e","machineId":1,"expectedNextClientSequence":137,"gameState":"NORMAL_SPINNING","lifecycle":"ACTIVE","credit":0,"heldMedals":753,"bet":3,"pay":0,"bonusCount":0,"lampOn":false,"displayStops":{"left":1,"center":19,"right":13},"stoppedMask":0}}
[10:08:34] [Render thread/INFO] (PiriRuntimeAcceptance) PIRI_PHASE02_PACKET {"type":"SPIN_START","payload":{"sessionId":"5267f3eb-5c85-4c6b-b2cf-d9c01834646e","machineId":1,"spinId":"645cac7e-3bf2-45ca-8718-824bba348726","mode":"NORMAL","animation":"NORMAL","startPhase":{"left":1.0,"center":19.0,"right":13.0},"stopEnableAfterMs":400}}
[10:08:35] [Render thread/INFO] (PiriRuntimeAcceptance) PIRI_PHASE02_PACKET {"type":"ACTION_ACCEPTED","payload":{"clientSequence":137,"action":"STOP_CENTER"}}
[10:08:35] [Render thread/INFO] (PiriRuntimeAcceptance) PIRI_PHASE02_PACKET {"type":"REEL_STOP","payload":{"spinId":"645cac7e-3bf2-45ca-8718-824bba348726","reel":"CENTER","pressedIndex":11,"stopIndex":11,"slip":0,"durationMs":80}}
[10:08:35] [Render thread/INFO] (PiriRuntimeAcceptance) PIRI_PHASE02_PACKET {"type":"PUBLIC_STATE","payload":{"sessionId":"5267f3eb-5c85-4c6b-b2cf-d9c01834646e","machineId":1,"expectedNextClientSequence":138,"gameState":"NORMAL_SPINNING","lifecycle":"ACTIVE","credit":0,"heldMedals":753,"bet":3,"pay":0,"bonusCount":0,"lampOn":false,"displayStops":{"left":1,"center":11,"right":13},"stoppedMask":2}}
[10:08:35] [Render thread/INFO] (PiriRuntimeAcceptance) PIRI_PHASE02_PACKET {"type":"ACTION_ACCEPTED","payload":{"clientSequence":138,"action":"STOP_RIGHT"}}
[10:08:35] [Render thread/INFO] (PiriRuntimeAcceptance) PIRI_PHASE02_PACKET {"type":"REEL_STOP","payload":{"spinId":"645cac7e-3bf2-45ca-8718-824bba348726","reel":"RIGHT","pressedIndex":17,"stopIndex":15,"slip":2,"durationMs":180}}
[10:08:35] [Render thread/INFO] (PiriRuntimeAcceptance) PIRI_PHASE02_PACKET {"type":"PUBLIC_STATE","payload":{"sessionId":"5267f3eb-5c85-4c6b-b2cf-d9c01834646e","machineId":1,"expectedNextClientSequence":139,"gameState":"NORMAL_SPINNING","lifecycle":"ACTIVE","credit":0,"heldMedals":753,"bet":3,"pay":0,"bonusCount":0,"lampOn":false,"displayStops":{"left":1,"center":11,"right":15},"stoppedMask":6}}
[10:08:36] [Render thread/INFO] (PiriRuntimeAcceptance) PIRI_PHASE02_PACKET {"type":"ACTION_ACCEPTED","payload":{"clientSequence":139,"action":"STOP_LEFT"}}
[10:08:36] [Render thread/INFO] (PiriRuntimeAcceptance) PIRI_PHASE02_PACKET {"type":"REEL_STOP","payload":{"spinId":"645cac7e-3bf2-45ca-8718-824bba348726","reel":"LEFT","pressedIndex":17,"stopIndex":16,"slip":1,"durationMs":130}}
[10:08:36] [Render thread/INFO] (PiriRuntimeAcceptance) PIRI_PHASE02_PACKET {"type":"PUBLIC_STATE","payload":{"sessionId":"5267f3eb-5c85-4c6b-b2cf-d9c01834646e","machineId":1,"expectedNextClientSequence":140,"gameState":"REPLAY_READY","lifecycle":"ACTIVE","credit":0,"heldMedals":753,"bet":3,"pay":0,"bonusCount":0,"lampOn":false,"displayStops":{"left":16,"center":11,"right":15},"stoppedMask":7}}
[10:08:36] [Render thread/INFO] (PiriRuntimeAcceptance) PIRI_PHASE02_PACKET {"type":"ACTION_ACCEPTED","payload":{"clientSequence":140,"action":"SPACE_ACTION"}}
[10:08:36] [Render thread/INFO] (PiriRuntimeAcceptance) PIRI_PHASE02_PACKET {"type":"PUBLIC_STATE","payload":{"sessionId":"5267f3eb-5c85-4c6b-b2cf-d9c01834646e","machineId":1,"expectedNextClientSequence":141,"gameState":"NORMAL_SPINNING","lifecycle":"ACTIVE","credit":0,"heldMedals":753,"bet":3,"pay":0,"bonusCount":0,"lampOn":false,"displayStops":{"left":16,"center":11,"right":15},"stoppedMask":0}}
[10:08:36] [Render thread/INFO] (PiriRuntimeAcceptance) PIRI_PHASE02_PACKET {"type":"SPIN_START","payload":{"sessionId":"5267f3eb-5c85-4c6b-b2cf-d9c01834646e","machineId":1,"spinId":"ba21594e-4bbb-4895-b11a-764000ffa5c2","mode":"NORMAL","animation":"NORMAL","startPhase":{"left":16.0,"center":11.0,"right":15.0},"stopEnableAfterMs":400}}
[10:08:37] [Render thread/INFO] (PiriRuntimeAcceptance) PIRI_PHASE02_PACKET {"type":"ACTION_ACCEPTED","payload":{"clientSequence":141,"action":"STOP_RIGHT"}}
[10:08:37] [Render thread/INFO] (PiriRuntimeAcceptance) PIRI_PHASE02_PACKET {"type":"REEL_STOP","payload":{"spinId":"ba21594e-4bbb-4895-b11a-764000ffa5c2","reel":"RIGHT","pressedIndex":7,"stopIndex":7,"slip":0,"durationMs":80}}
[10:08:37] [Render thread/INFO] (PiriRuntimeAcceptance) PIRI_PHASE02_PACKET {"type":"PUBLIC_STATE","payload":{"sessionId":"5267f3eb-5c85-4c6b-b2cf-d9c01834646e","machineId":1,"expectedNextClientSequence":142,"gameState":"NORMAL_SPINNING","lifecycle":"ACTIVE","credit":0,"heldMedals":753,"bet":3,"pay":0,"bonusCount":0,"lampOn":false,"displayStops":{"left":16,"center":11,"right":7},"stoppedMask":4}}
[10:08:38] [Render thread/INFO] (PiriRuntimeAcceptance) PIRI_PHASE02_PACKET {"type":"ACTION_ACCEPTED","payload":{"clientSequence":142,"action":"STOP_LEFT"}}
[10:08:38] [Render thread/INFO] (PiriRuntimeAcceptance) PIRI_PHASE02_PACKET {"type":"REEL_STOP","payload":{"spinId":"ba21594e-4bbb-4895-b11a-764000ffa5c2","reel":"LEFT","pressedIndex":20,"stopIndex":18,"slip":2,"durationMs":180}}
[10:08:38] [Render thread/INFO] (PiriRuntimeAcceptance) PIRI_PHASE02_PACKET {"type":"PUBLIC_STATE","payload":{"sessionId":"5267f3eb-5c85-4c6b-b2cf-d9c01834646e","machineId":1,"expectedNextClientSequence":143,"gameState":"NORMAL_SPINNING","lifecycle":"ACTIVE","credit":0,"heldMedals":753,"bet":3,"pay":0,"bonusCount":0,"lampOn":false,"displayStops":{"left":18,"center":11,"right":7},"stoppedMask":5}}
[10:08:38] [Render thread/INFO] (PiriRuntimeAcceptance) PIRI_PHASE02_PACKET {"type":"ACTION_ACCEPTED","payload":{"clientSequence":143,"action":"STOP_CENTER"}}
[10:08:38] [Render thread/INFO] (PiriRuntimeAcceptance) PIRI_PHASE02_PACKET {"type":"REEL_STOP","payload":{"spinId":"ba21594e-4bbb-4895-b11a-764000ffa5c2","reel":"CENTER","pressedIndex":6,"stopIndex":6,"slip":0,"durationMs":80}}
[10:08:38] [Render thread/INFO] (PiriRuntimeAcceptance) PIRI_PHASE02_PACKET {"type":"PUBLIC_STATE","payload":{"sessionId":"5267f3eb-5c85-4c6b-b2cf-d9c01834646e","machineId":1,"expectedNextClientSequence":144,"gameState":"SEATED_READY","lifecycle":"ACTIVE","credit":0,"heldMedals":753,"bet":0,"pay":0,"bonusCount":0,"lampOn":false,"displayStops":{"left":18,"center":6,"right":7},"stoppedMask":7}}
[10:08:39] [Render thread/INFO] (PiriRuntimeAcceptance) PIRI_PHASE02_PACKET {"type":"ACTION_ACCEPTED","payload":{"clientSequence":144,"action":"SPACE_ACTION"}}
[10:08:39] [Render thread/INFO] (PiriRuntimeAcceptance) PIRI_PHASE02_PACKET {"type":"PUBLIC_STATE","payload":{"sessionId":"5267f3eb-5c85-4c6b-b2cf-d9c01834646e","machineId":1,"expectedNextClientSequence":145,"gameState":"NORMAL_BETTED","lifecycle":"ACTIVE","credit":0,"heldMedals":750,"bet":3,"pay":0,"bonusCount":0,"lampOn":false,"displayStops":{"left":18,"center":6,"right":7},"stoppedMask":7}}
[10:08:39] [Render thread/INFO] (PiriRuntimeAcceptance) PIRI_PHASE02_PACKET {"type":"ACTION_ACCEPTED","payload":{"clientSequence":145,"action":"SPACE_ACTION"}}
[10:08:39] [Render thread/INFO] (PiriRuntimeAcceptance) PIRI_PHASE02_PACKET {"type":"PUBLIC_STATE","payload":{"sessionId":"5267f3eb-5c85-4c6b-b2cf-d9c01834646e","machineId":1,"expectedNextClientSequence":146,"gameState":"NORMAL_SPINNING","lifecycle":"ACTIVE","credit":0,"heldMedals":750,"bet":3,"pay":0,"bonusCount":0,"lampOn":false,"displayStops":{"left":18,"center":6,"right":7},"stoppedMask":0}}
[10:08:39] [Render thread/INFO] (PiriRuntimeAcceptance) PIRI_PHASE02_PACKET {"type":"SPIN_START","payload":{"sessionId":"5267f3eb-5c85-4c6b-b2cf-d9c01834646e","machineId":1,"spinId":"d7ce1377-7544-4353-bc69-f1325f51de26","mode":"NORMAL","animation":"NORMAL","startPhase":{"left":18.0,"center":6.0,"right":7.0},"stopEnableAfterMs":400}}
[10:08:40] [Render thread/INFO] (PiriRuntimeAcceptance) PIRI_PHASE02_PACKET {"type":"ACTION_ACCEPTED","payload":{"clientSequence":146,"action":"STOP_RIGHT"}}
[10:08:40] [Render thread/INFO] (PiriRuntimeAcceptance) PIRI_PHASE02_PACKET {"type":"REEL_STOP","payload":{"spinId":"d7ce1377-7544-4353-bc69-f1325f51de26","reel":"RIGHT","pressedIndex":0,"stopIndex":0,"slip":0,"durationMs":80}}
[10:08:40] [Render thread/INFO] (PiriRuntimeAcceptance) PIRI_PHASE02_PACKET {"type":"PUBLIC_STATE","payload":{"sessionId":"5267f3eb-5c85-4c6b-b2cf-d9c01834646e","machineId":1,"expectedNextClientSequence":147,"gameState":"NORMAL_SPINNING","lifecycle":"ACTIVE","credit":0,"heldMedals":750,"bet":3,"pay":0,"bonusCount":0,"lampOn":false,"displayStops":{"left":18,"center":6,"right":0},"stoppedMask":4}}
[10:08:40] [Render thread/INFO] (PiriRuntimeAcceptance) PIRI_PHASE02_PACKET {"type":"ACTION_ACCEPTED","payload":{"clientSequence":147,"action":"STOP_CENTER"}}
[10:08:40] [Render thread/INFO] (PiriRuntimeAcceptance) PIRI_PHASE02_PACKET {"type":"REEL_STOP","payload":{"spinId":"d7ce1377-7544-4353-bc69-f1325f51de26","reel":"CENTER","pressedIndex":10,"stopIndex":10,"slip":0,"durationMs":80}}
[10:08:40] [Render thread/INFO] (PiriRuntimeAcceptance) PIRI_PHASE02_PACKET {"type":"PUBLIC_STATE","payload":{"sessionId":"5267f3eb-5c85-4c6b-b2cf-d9c01834646e","machineId":1,"expectedNextClientSequence":148,"gameState":"NORMAL_SPINNING","lifecycle":"ACTIVE","credit":0,"heldMedals":750,"bet":3,"pay":0,"bonusCount":0,"lampOn":false,"displayStops":{"left":18,"center":10,"right":0},"stoppedMask":6}}
[10:08:41] [Render thread/INFO] (PiriRuntimeAcceptance) PIRI_PHASE02_PACKET {"type":"ACTION_ACCEPTED","payload":{"clientSequence":148,"action":"STOP_LEFT"}}
[10:08:41] [Render thread/INFO] (PiriRuntimeAcceptance) PIRI_PHASE02_PACKET {"type":"REEL_STOP","payload":{"spinId":"d7ce1377-7544-4353-bc69-f1325f51de26","reel":"LEFT","pressedIndex":13,"stopIndex":13,"slip":0,"durationMs":80}}
[10:08:41] [Render thread/INFO] (PiriRuntimeAcceptance) PIRI_PHASE02_PACKET {"type":"PUBLIC_STATE","payload":{"sessionId":"5267f3eb-5c85-4c6b-b2cf-d9c01834646e","machineId":1,"expectedNextClientSequence":149,"gameState":"SEATED_READY","lifecycle":"ACTIVE","credit":0,"heldMedals":750,"bet":0,"pay":0,"bonusCount":0,"lampOn":false,"displayStops":{"left":13,"center":10,"right":0},"stoppedMask":7}}
[10:08:41] [Render thread/INFO] (PiriRuntimeAcceptance) PIRI_PHASE02_PACKET {"type":"ACTION_ACCEPTED","payload":{"clientSequence":149,"action":"SPACE_ACTION"}}
[10:08:41] [Render thread/INFO] (PiriRuntimeAcceptance) PIRI_PHASE02_PACKET {"type":"PUBLIC_STATE","payload":{"sessionId":"5267f3eb-5c85-4c6b-b2cf-d9c01834646e","machineId":1,"expectedNextClientSequence":150,"gameState":"NORMAL_BETTED","lifecycle":"ACTIVE","credit":0,"heldMedals":747,"bet":3,"pay":0,"bonusCount":0,"lampOn":false,"displayStops":{"left":13,"center":10,"right":0},"stoppedMask":7}}
[10:08:42] [Render thread/INFO] (PiriRuntimeAcceptance) PIRI_PHASE02_PACKET {"type":"ACTION_ACCEPTED","payload":{"clientSequence":150,"action":"SPACE_ACTION"}}
[10:08:42] [Render thread/INFO] (PiriRuntimeAcceptance) PIRI_PHASE02_PACKET {"type":"PUBLIC_STATE","payload":{"sessionId":"5267f3eb-5c85-4c6b-b2cf-d9c01834646e","machineId":1,"expectedNextClientSequence":151,"gameState":"NORMAL_SPINNING","lifecycle":"ACTIVE","credit":0,"heldMedals":747,"bet":3,"pay":0,"bonusCount":0,"lampOn":false,"displayStops":{"left":13,"center":10,"right":0},"stoppedMask":0}}
[10:08:42] [Render thread/INFO] (PiriRuntimeAcceptance) PIRI_PHASE02_PACKET {"type":"SPIN_START","payload":{"sessionId":"5267f3eb-5c85-4c6b-b2cf-d9c01834646e","machineId":1,"spinId":"a2b68055-412c-4d63-ab59-673467b87b4a","mode":"NORMAL","animation":"NORMAL","startPhase":{"left":13.0,"center":10.0,"right":0.0},"stopEnableAfterMs":400}}
[10:08:43] [Render thread/INFO] (PiriRuntimeAcceptance) PIRI_PHASE02_PACKET {"type":"ACTION_ACCEPTED","payload":{"clientSequence":151,"action":"STOP_LEFT"}}
[10:08:43] [Render thread/INFO] (PiriRuntimeAcceptance) PIRI_PHASE02_PACKET {"type":"REEL_STOP","payload":{"spinId":"a2b68055-412c-4d63-ab59-673467b87b4a","reel":"LEFT","pressedIndex":6,"stopIndex":6,"slip":0,"durationMs":80}}
[10:08:43] [Render thread/INFO] (PiriRuntimeAcceptance) PIRI_PHASE02_PACKET {"type":"PUBLIC_STATE","payload":{"sessionId":"5267f3eb-5c85-4c6b-b2cf-d9c01834646e","machineId":1,"expectedNextClientSequence":152,"gameState":"NORMAL_SPINNING","lifecycle":"ACTIVE","credit":0,"heldMedals":747,"bet":3,"pay":0,"bonusCount":0,"lampOn":false,"displayStops":{"left":6,"center":10,"right":0},"stoppedMask":1}}
[10:08:43] [Render thread/INFO] (PiriRuntimeAcceptance) PIRI_PHASE02_PACKET {"type":"ACTION_ACCEPTED","payload":{"clientSequence":152,"action":"STOP_CENTER"}}
[10:08:43] [Render thread/INFO] (PiriRuntimeAcceptance) PIRI_PHASE02_PACKET {"type":"REEL_STOP","payload":{"spinId":"a2b68055-412c-4d63-ab59-673467b87b4a","reel":"CENTER","pressedIndex":15,"stopIndex":15,"slip":0,"durationMs":80}}
[10:08:43] [Render thread/INFO] (PiriRuntimeAcceptance) PIRI_PHASE02_PACKET {"type":"PUBLIC_STATE","payload":{"sessionId":"5267f3eb-5c85-4c6b-b2cf-d9c01834646e","machineId":1,"expectedNextClientSequence":153,"gameState":"NORMAL_SPINNING","lifecycle":"ACTIVE","credit":0,"heldMedals":747,"bet":3,"pay":0,"bonusCount":0,"lampOn":false,"displayStops":{"left":6,"center":15,"right":0},"stoppedMask":3}}
[10:08:44] [Render thread/INFO] (PiriRuntimeAcceptance) PIRI_PHASE02_PACKET {"type":"ACTION_ACCEPTED","payload":{"clientSequence":153,"action":"STOP_RIGHT"}}
[10:08:44] [Render thread/INFO] (PiriRuntimeAcceptance) PIRI_PHASE02_PACKET {"type":"REEL_STOP","payload":{"spinId":"a2b68055-412c-4d63-ab59-673467b87b4a","reel":"RIGHT","pressedIndex":17,"stopIndex":17,"slip":0,"durationMs":80}}
[10:08:44] [Render thread/INFO] (PiriRuntimeAcceptance) PIRI_PHASE02_PACKET {"type":"PUBLIC_STATE","payload":{"sessionId":"5267f3eb-5c85-4c6b-b2cf-d9c01834646e","machineId":1,"expectedNextClientSequence":154,"gameState":"SEATED_READY","lifecycle":"ACTIVE","credit":0,"heldMedals":747,"bet":0,"pay":0,"bonusCount":0,"lampOn":false,"displayStops":{"left":6,"center":15,"right":17},"stoppedMask":7}}
[10:08:44] [Render thread/INFO] (PiriRuntimeAcceptance) PIRI_PHASE02_PACKET {"type":"ACTION_ACCEPTED","payload":{"clientSequence":154,"action":"SPACE_ACTION"}}
[10:08:44] [Render thread/INFO] (PiriRuntimeAcceptance) PIRI_PHASE02_PACKET {"type":"PUBLIC_STATE","payload":{"sessionId":"5267f3eb-5c85-4c6b-b2cf-d9c01834646e","machineId":1,"expectedNextClientSequence":155,"gameState":"NORMAL_BETTED","lifecycle":"ACTIVE","credit":0,"heldMedals":744,"bet":3,"pay":0,"bonusCount":0,"lampOn":false,"displayStops":{"left":6,"center":15,"right":17},"stoppedMask":7}}
[10:08:45] [Render thread/INFO] (PiriRuntimeAcceptance) PIRI_PHASE02_PACKET {"type":"ACTION_ACCEPTED","payload":{"clientSequence":155,"action":"SPACE_ACTION"}}
[10:08:45] [Render thread/INFO] (PiriRuntimeAcceptance) PIRI_PHASE02_PACKET {"type":"PUBLIC_STATE","payload":{"sessionId":"5267f3eb-5c85-4c6b-b2cf-d9c01834646e","machineId":1,"expectedNextClientSequence":156,"gameState":"NORMAL_SPINNING","lifecycle":"ACTIVE","credit":0,"heldMedals":744,"bet":3,"pay":0,"bonusCount":0,"lampOn":false,"displayStops":{"left":6,"center":15,"right":17},"stoppedMask":0}}
[10:08:45] [Render thread/INFO] (PiriRuntimeAcceptance) PIRI_PHASE02_PACKET {"type":"SPIN_START","payload":{"sessionId":"5267f3eb-5c85-4c6b-b2cf-d9c01834646e","machineId":1,"spinId":"41978f53-c496-4259-844b-21e00c9fac83","mode":"NORMAL","animation":"NORMAL","startPhase":{"left":6.0,"center":15.0,"right":17.0},"stopEnableAfterMs":400}}
[10:08:45] [Render thread/INFO] (PiriRuntimeAcceptance) PIRI_PHASE02_PACKET {"type":"ACTION_ACCEPTED","payload":{"clientSequence":156,"action":"STOP_LEFT"}}
[10:08:45] [Render thread/INFO] (PiriRuntimeAcceptance) PIRI_PHASE02_PACKET {"type":"REEL_STOP","payload":{"spinId":"41978f53-c496-4259-844b-21e00c9fac83","reel":"LEFT","pressedIndex":20,"stopIndex":18,"slip":2,"durationMs":180}}
[10:08:45] [Render thread/INFO] (PiriRuntimeAcceptance) PIRI_PHASE02_PACKET {"type":"PUBLIC_STATE","payload":{"sessionId":"5267f3eb-5c85-4c6b-b2cf-d9c01834646e","machineId":1,"expectedNextClientSequence":157,"gameState":"NORMAL_SPINNING","lifecycle":"ACTIVE","credit":0,"heldMedals":744,"bet":3,"pay":0,"bonusCount":0,"lampOn":false,"displayStops":{"left":18,"center":15,"right":17},"stoppedMask":1}}
[10:08:46] [Render thread/INFO] (PiriRuntimeAcceptance) PIRI_PHASE02_PACKET {"type":"ACTION_ACCEPTED","payload":{"clientSequence":157,"action":"STOP_RIGHT"}}
[10:08:46] [Render thread/INFO] (PiriRuntimeAcceptance) PIRI_PHASE02_PACKET {"type":"REEL_STOP","payload":{"spinId":"41978f53-c496-4259-844b-21e00c9fac83","reel":"RIGHT","pressedIndex":1,"stopIndex":0,"slip":1,"durationMs":130}}
[10:08:46] [Render thread/INFO] (PiriRuntimeAcceptance) PIRI_PHASE02_PACKET {"type":"PUBLIC_STATE","payload":{"sessionId":"5267f3eb-5c85-4c6b-b2cf-d9c01834646e","machineId":1,"expectedNextClientSequence":158,"gameState":"NORMAL_SPINNING","lifecycle":"ACTIVE","credit":0,"heldMedals":744,"bet":3,"pay":0,"bonusCount":0,"lampOn":false,"displayStops":{"left":18,"center":15,"right":0},"stoppedMask":5}}
[10:08:46] [Render thread/INFO] (PiriRuntimeAcceptance) PIRI_PHASE02_PACKET {"type":"ACTION_ACCEPTED","payload":{"clientSequence":158,"action":"STOP_CENTER"}}
[10:08:46] [Render thread/INFO] (PiriRuntimeAcceptance) PIRI_PHASE02_PACKET {"type":"REEL_STOP","payload":{"spinId":"41978f53-c496-4259-844b-21e00c9fac83","reel":"CENTER","pressedIndex":11,"stopIndex":10,"slip":1,"durationMs":130}}
[10:08:46] [Render thread/INFO] (PiriRuntimeAcceptance) PIRI_PHASE02_PACKET {"type":"PUBLIC_STATE","payload":{"sessionId":"5267f3eb-5c85-4c6b-b2cf-d9c01834646e","machineId":1,"expectedNextClientSequence":159,"gameState":"REPLAY_READY","lifecycle":"ACTIVE","credit":0,"heldMedals":744,"bet":3,"pay":0,"bonusCount":0,"lampOn":false,"displayStops":{"left":18,"center":10,"right":0},"stoppedMask":7}}
[10:08:47] [Render thread/INFO] (PiriRuntimeAcceptance) PIRI_PHASE02_PACKET {"type":"ACTION_ACCEPTED","payload":{"clientSequence":159,"action":"SPACE_ACTION"}}
[10:08:47] [Render thread/INFO] (PiriRuntimeAcceptance) PIRI_PHASE02_PACKET {"type":"PUBLIC_STATE","payload":{"sessionId":"5267f3eb-5c85-4c6b-b2cf-d9c01834646e","machineId":1,"expectedNextClientSequence":160,"gameState":"NORMAL_SPINNING","lifecycle":"ACTIVE","credit":0,"heldMedals":744,"bet":3,"pay":0,"bonusCount":0,"lampOn":false,"displayStops":{"left":18,"center":10,"right":0},"stoppedMask":0}}
[10:08:47] [Render thread/INFO] (PiriRuntimeAcceptance) PIRI_PHASE02_PACKET {"type":"SPIN_START","payload":{"sessionId":"5267f3eb-5c85-4c6b-b2cf-d9c01834646e","machineId":1,"spinId":"fccfd871-105e-4cf2-a420-a06c58b80acc","mode":"NORMAL","animation":"NORMAL","startPhase":{"left":18.0,"center":10.0,"right":0.0},"stopEnableAfterMs":400}}
[10:08:48] [Render thread/INFO] (PiriRuntimeAcceptance) PIRI_PHASE02_PACKET {"type":"ACTION_ACCEPTED","payload":{"clientSequence":160,"action":"STOP_CENTER"}}
[10:08:48] [Render thread/INFO] (PiriRuntimeAcceptance) PIRI_PHASE02_PACKET {"type":"REEL_STOP","payload":{"spinId":"fccfd871-105e-4cf2-a420-a06c58b80acc","reel":"CENTER","pressedIndex":2,"stopIndex":2,"slip":0,"durationMs":80}}
[10:08:48] [Render thread/INFO] (PiriRuntimeAcceptance) PIRI_PHASE02_PACKET {"type":"PUBLIC_STATE","payload":{"sessionId":"5267f3eb-5c85-4c6b-b2cf-d9c01834646e","machineId":1,"expectedNextClientSequence":161,"gameState":"NORMAL_SPINNING","lifecycle":"ACTIVE","credit":0,"heldMedals":744,"bet":3,"pay":0,"bonusCount":0,"lampOn":false,"displayStops":{"left":18,"center":2,"right":0},"stoppedMask":2}}
[10:08:48] [Render thread/INFO] (PiriRuntimeAcceptance) PIRI_PHASE02_PACKET {"type":"ACTION_ACCEPTED","payload":{"clientSequence":161,"action":"STOP_LEFT"}}
[10:08:48] [Render thread/INFO] (PiriRuntimeAcceptance) PIRI_PHASE02_PACKET {"type":"REEL_STOP","payload":{"spinId":"fccfd871-105e-4cf2-a420-a06c58b80acc","reel":"LEFT","pressedIndex":1,"stopIndex":1,"slip":0,"durationMs":80}}
[10:08:48] [Render thread/INFO] (PiriRuntimeAcceptance) PIRI_PHASE02_PACKET {"type":"PUBLIC_STATE","payload":{"sessionId":"5267f3eb-5c85-4c6b-b2cf-d9c01834646e","machineId":1,"expectedNextClientSequence":162,"gameState":"NORMAL_SPINNING","lifecycle":"ACTIVE","credit":0,"heldMedals":744,"bet":3,"pay":0,"bonusCount":0,"lampOn":false,"displayStops":{"left":1,"center":2,"right":0},"stoppedMask":3}}
[10:08:49] [Render thread/INFO] (PiriRuntimeAcceptance) PIRI_PHASE02_PACKET {"type":"ACTION_ACCEPTED","payload":{"clientSequence":162,"action":"STOP_RIGHT"}}
[10:08:49] [Render thread/INFO] (PiriRuntimeAcceptance) PIRI_PHASE02_PACKET {"type":"REEL_STOP","payload":{"spinId":"fccfd871-105e-4cf2-a420-a06c58b80acc","reel":"RIGHT","pressedIndex":16,"stopIndex":16,"slip":0,"durationMs":80}}
[10:08:49] [Render thread/INFO] (PiriRuntimeAcceptance) PIRI_PHASE02_PACKET {"type":"PUBLIC_STATE","payload":{"sessionId":"5267f3eb-5c85-4c6b-b2cf-d9c01834646e","machineId":1,"expectedNextClientSequence":163,"gameState":"SEATED_READY","lifecycle":"ACTIVE","credit":0,"heldMedals":744,"bet":0,"pay":0,"bonusCount":0,"lampOn":false,"displayStops":{"left":1,"center":2,"right":16},"stoppedMask":7}}
[10:08:49] [Render thread/INFO] (PiriRuntimeAcceptance) PIRI_PHASE02_PACKET {"type":"ACTION_ACCEPTED","payload":{"clientSequence":163,"action":"SPACE_ACTION"}}
[10:08:49] [Render thread/INFO] (PiriRuntimeAcceptance) PIRI_PHASE02_PACKET {"type":"PUBLIC_STATE","payload":{"sessionId":"5267f3eb-5c85-4c6b-b2cf-d9c01834646e","machineId":1,"expectedNextClientSequence":164,"gameState":"NORMAL_BETTED","lifecycle":"ACTIVE","credit":0,"heldMedals":741,"bet":3,"pay":0,"bonusCount":0,"lampOn":false,"displayStops":{"left":1,"center":2,"right":16},"stoppedMask":7}}
[10:08:50] [Render thread/INFO] (PiriRuntimeAcceptance) PIRI_PHASE02_PACKET {"type":"ACTION_ACCEPTED","payload":{"clientSequence":164,"action":"SPACE_ACTION"}}
[10:08:50] [Render thread/INFO] (PiriRuntimeAcceptance) PIRI_PHASE02_PACKET {"type":"PUBLIC_STATE","payload":{"sessionId":"5267f3eb-5c85-4c6b-b2cf-d9c01834646e","machineId":1,"expectedNextClientSequence":165,"gameState":"NORMAL_SPINNING","lifecycle":"ACTIVE","credit":0,"heldMedals":741,"bet":3,"pay":0,"bonusCount":0,"lampOn":false,"displayStops":{"left":1,"center":2,"right":16},"stoppedMask":0}}
[10:08:50] [Render thread/INFO] (PiriRuntimeAcceptance) PIRI_PHASE02_PACKET {"type":"SPIN_START","payload":{"sessionId":"5267f3eb-5c85-4c6b-b2cf-d9c01834646e","machineId":1,"spinId":"6a2f1dcf-6536-4afb-b8b0-705a9996b569","mode":"NORMAL","animation":"NORMAL","startPhase":{"left":1.0,"center":2.0,"right":16.0},"stopEnableAfterMs":400}}
[10:08:51] [Render thread/INFO] (PiriRuntimeAcceptance) PIRI_PHASE02_PACKET {"type":"ACTION_ACCEPTED","payload":{"clientSequence":165,"action":"STOP_CENTER"}}
[10:08:51] [Render thread/INFO] (PiriRuntimeAcceptance) PIRI_PHASE02_PACKET {"type":"REEL_STOP","payload":{"spinId":"6a2f1dcf-6536-4afb-b8b0-705a9996b569","reel":"CENTER","pressedIndex":16,"stopIndex":16,"slip":0,"durationMs":80}}
[10:08:51] [Render thread/INFO] (PiriRuntimeAcceptance) PIRI_PHASE02_PACKET {"type":"PUBLIC_STATE","payload":{"sessionId":"5267f3eb-5c85-4c6b-b2cf-d9c01834646e","machineId":1,"expectedNextClientSequence":166,"gameState":"NORMAL_SPINNING","lifecycle":"ACTIVE","credit":0,"heldMedals":741,"bet":3,"pay":0,"bonusCount":0,"lampOn":false,"displayStops":{"left":1,"center":16,"right":16},"stoppedMask":2}}
[10:08:51] [Render thread/INFO] (PiriRuntimeAcceptance) PIRI_PHASE02_PACKET {"type":"ACTION_ACCEPTED","payload":{"clientSequence":166,"action":"STOP_RIGHT"}}
[10:08:51] [Render thread/INFO] (PiriRuntimeAcceptance) PIRI_PHASE02_PACKET {"type":"REEL_STOP","payload":{"spinId":"6a2f1dcf-6536-4afb-b8b0-705a9996b569","reel":"RIGHT","pressedIndex":0,"stopIndex":0,"slip":0,"durationMs":80}}
[10:08:51] [Render thread/INFO] (PiriRuntimeAcceptance) PIRI_PHASE02_PACKET {"type":"PUBLIC_STATE","payload":{"sessionId":"5267f3eb-5c85-4c6b-b2cf-d9c01834646e","machineId":1,"expectedNextClientSequence":167,"gameState":"NORMAL_SPINNING","lifecycle":"ACTIVE","credit":0,"heldMedals":741,"bet":3,"pay":0,"bonusCount":0,"lampOn":false,"displayStops":{"left":1,"center":16,"right":0},"stoppedMask":6}}
[10:08:52] [Render thread/INFO] (PiriRuntimeAcceptance) PIRI_PHASE02_PACKET {"type":"ACTION_ACCEPTED","payload":{"clientSequence":167,"action":"STOP_LEFT"}}
[10:08:52] [Render thread/INFO] (PiriRuntimeAcceptance) PIRI_PHASE02_PACKET {"type":"REEL_STOP","payload":{"spinId":"6a2f1dcf-6536-4afb-b8b0-705a9996b569","reel":"LEFT","pressedIndex":18,"stopIndex":18,"slip":0,"durationMs":80}}
[10:08:52] [Render thread/INFO] (PiriRuntimeAcceptance) PIRI_PHASE02_PACKET {"type":"PUBLIC_STATE","payload":{"sessionId":"5267f3eb-5c85-4c6b-b2cf-d9c01834646e","machineId":1,"expectedNextClientSequence":168,"gameState":"SEATED_READY","lifecycle":"ACTIVE","credit":0,"heldMedals":741,"bet":0,"pay":0,"bonusCount":0,"lampOn":false,"displayStops":{"left":18,"center":16,"right":0},"stoppedMask":7}}
[10:08:52] [Render thread/INFO] (PiriRuntimeAcceptance) PIRI_PHASE02_PACKET {"type":"ACTION_ACCEPTED","payload":{"clientSequence":168,"action":"SPACE_ACTION"}}
[10:08:52] [Render thread/INFO] (PiriRuntimeAcceptance) PIRI_PHASE02_PACKET {"type":"PUBLIC_STATE","payload":{"sessionId":"5267f3eb-5c85-4c6b-b2cf-d9c01834646e","machineId":1,"expectedNextClientSequence":169,"gameState":"NORMAL_BETTED","lifecycle":"ACTIVE","credit":0,"heldMedals":738,"bet":3,"pay":0,"bonusCount":0,"lampOn":false,"displayStops":{"left":18,"center":16,"right":0},"stoppedMask":7}}
[10:08:53] [Render thread/INFO] (PiriRuntimeAcceptance) PIRI_PHASE02_PACKET {"type":"ACTION_ACCEPTED","payload":{"clientSequence":169,"action":"SPACE_ACTION"}}
[10:08:53] [Render thread/INFO] (PiriRuntimeAcceptance) PIRI_PHASE02_PACKET {"type":"PUBLIC_STATE","payload":{"sessionId":"5267f3eb-5c85-4c6b-b2cf-d9c01834646e","machineId":1,"expectedNextClientSequence":170,"gameState":"NORMAL_SPINNING","lifecycle":"ACTIVE","credit":0,"heldMedals":738,"bet":3,"pay":0,"bonusCount":0,"lampOn":false,"displayStops":{"left":18,"center":16,"right":0},"stoppedMask":0}}
[10:08:53] [Render thread/INFO] (PiriRuntimeAcceptance) PIRI_PHASE02_PACKET {"type":"SPIN_START","payload":{"sessionId":"5267f3eb-5c85-4c6b-b2cf-d9c01834646e","machineId":1,"spinId":"47d5b121-4439-439d-a8a6-68e0c27d0d0b","mode":"NORMAL","animation":"NORMAL","startPhase":{"left":18.0,"center":16.0,"right":0.0},"stopEnableAfterMs":400}}
[10:08:54] [Render thread/INFO] (PiriRuntimeAcceptance) PIRI_PHASE02_PACKET {"type":"ACTION_ACCEPTED","payload":{"clientSequence":170,"action":"STOP_RIGHT"}}
[10:08:54] [Render thread/INFO] (PiriRuntimeAcceptance) PIRI_PHASE02_PACKET {"type":"REEL_STOP","payload":{"spinId":"47d5b121-4439-439d-a8a6-68e0c27d0d0b","reel":"RIGHT","pressedIndex":14,"stopIndex":14,"slip":0,"durationMs":80}}
[10:08:54] [Render thread/INFO] (PiriRuntimeAcceptance) PIRI_PHASE02_PACKET {"type":"PUBLIC_STATE","payload":{"sessionId":"5267f3eb-5c85-4c6b-b2cf-d9c01834646e","machineId":1,"expectedNextClientSequence":171,"gameState":"NORMAL_SPINNING","lifecycle":"ACTIVE","credit":0,"heldMedals":738,"bet":3,"pay":0,"bonusCount":0,"lampOn":false,"displayStops":{"left":18,"center":16,"right":14},"stoppedMask":4}}
[10:08:54] [Render thread/INFO] (PiriRuntimeAcceptance) PIRI_PHASE02_PACKET {"type":"ACTION_ACCEPTED","payload":{"clientSequence":171,"action":"STOP_LEFT"}}
[10:08:54] [Render thread/INFO] (PiriRuntimeAcceptance) PIRI_PHASE02_PACKET {"type":"REEL_STOP","payload":{"spinId":"47d5b121-4439-439d-a8a6-68e0c27d0d0b","reel":"LEFT","pressedIndex":1,"stopIndex":1,"slip":0,"durationMs":80}}
[10:08:54] [Render thread/INFO] (PiriRuntimeAcceptance) PIRI_PHASE02_PACKET {"type":"PUBLIC_STATE","payload":{"sessionId":"5267f3eb-5c85-4c6b-b2cf-d9c01834646e","machineId":1,"expectedNextClientSequence":172,"gameState":"NORMAL_SPINNING","lifecycle":"ACTIVE","credit":0,"heldMedals":738,"bet":3,"pay":0,"bonusCount":0,"lampOn":false,"displayStops":{"left":1,"center":16,"right":14},"stoppedMask":5}}
[10:08:55] [Render thread/INFO] (PiriRuntimeAcceptance) PIRI_PHASE02_PACKET {"type":"ACTION_ACCEPTED","payload":{"clientSequence":172,"action":"STOP_CENTER"}}
[10:08:55] [Render thread/INFO] (PiriRuntimeAcceptance) PIRI_PHASE02_PACKET {"type":"REEL_STOP","payload":{"spinId":"47d5b121-4439-439d-a8a6-68e0c27d0d0b","reel":"CENTER","pressedIndex":11,"stopIndex":10,"slip":1,"durationMs":130}}
[10:08:55] [Render thread/INFO] (PiriRuntimeAcceptance) PIRI_PHASE02_PACKET {"type":"PUBLIC_STATE","payload":{"sessionId":"5267f3eb-5c85-4c6b-b2cf-d9c01834646e","machineId":1,"expectedNextClientSequence":173,"gameState":"REPLAY_READY","lifecycle":"ACTIVE","credit":0,"heldMedals":738,"bet":3,"pay":0,"bonusCount":0,"lampOn":false,"displayStops":{"left":1,"center":10,"right":14},"stoppedMask":7}}
[10:08:55] [Render thread/INFO] (PiriRuntimeAcceptance) PIRI_PHASE02_PACKET {"type":"ACTION_ACCEPTED","payload":{"clientSequence":173,"action":"SPACE_ACTION"}}
[10:08:55] [Render thread/INFO] (PiriRuntimeAcceptance) PIRI_PHASE02_PACKET {"type":"PUBLIC_STATE","payload":{"sessionId":"5267f3eb-5c85-4c6b-b2cf-d9c01834646e","machineId":1,"expectedNextClientSequence":174,"gameState":"NORMAL_SPINNING","lifecycle":"ACTIVE","credit":0,"heldMedals":738,"bet":3,"pay":0,"bonusCount":0,"lampOn":false,"displayStops":{"left":1,"center":10,"right":14},"stoppedMask":0}}
[10:08:55] [Render thread/INFO] (PiriRuntimeAcceptance) PIRI_PHASE02_PACKET {"type":"SPIN_START","payload":{"sessionId":"5267f3eb-5c85-4c6b-b2cf-d9c01834646e","machineId":1,"spinId":"45900fd6-dc6f-4145-bd3c-b08f683807c6","mode":"NORMAL","animation":"NORMAL","startPhase":{"left":1.0,"center":10.0,"right":14.0},"stopEnableAfterMs":400}}
[10:08:56] [Render thread/INFO] (PiriRuntimeAcceptance) PIRI_PHASE02_PACKET {"type":"ACTION_ACCEPTED","payload":{"clientSequence":174,"action":"STOP_RIGHT"}}
[10:08:56] [Render thread/INFO] (PiriRuntimeAcceptance) PIRI_PHASE02_PACKET {"type":"REEL_STOP","payload":{"spinId":"45900fd6-dc6f-4145-bd3c-b08f683807c6","reel":"RIGHT","pressedIndex":7,"stopIndex":7,"slip":0,"durationMs":80}}
[10:08:56] [Render thread/INFO] (PiriRuntimeAcceptance) PIRI_PHASE02_PACKET {"type":"PUBLIC_STATE","payload":{"sessionId":"5267f3eb-5c85-4c6b-b2cf-d9c01834646e","machineId":1,"expectedNextClientSequence":175,"gameState":"NORMAL_SPINNING","lifecycle":"ACTIVE","credit":0,"heldMedals":738,"bet":3,"pay":0,"bonusCount":0,"lampOn":false,"displayStops":{"left":1,"center":10,"right":7},"stoppedMask":4}}
[10:08:56] [Render thread/INFO] (PiriRuntimeAcceptance) PIRI_PHASE02_PACKET {"type":"ACTION_ACCEPTED","payload":{"clientSequence":175,"action":"STOP_CENTER"}}
[10:08:56] [Render thread/INFO] (PiriRuntimeAcceptance) PIRI_PHASE02_PACKET {"type":"REEL_STOP","payload":{"spinId":"45900fd6-dc6f-4145-bd3c-b08f683807c6","reel":"CENTER","pressedIndex":15,"stopIndex":15,"slip":0,"durationMs":80}}
[10:08:56] [Render thread/INFO] (PiriRuntimeAcceptance) PIRI_PHASE02_PACKET {"type":"PUBLIC_STATE","payload":{"sessionId":"5267f3eb-5c85-4c6b-b2cf-d9c01834646e","machineId":1,"expectedNextClientSequence":176,"gameState":"NORMAL_SPINNING","lifecycle":"ACTIVE","credit":0,"heldMedals":738,"bet":3,"pay":0,"bonusCount":0,"lampOn":false,"displayStops":{"left":1,"center":15,"right":7},"stoppedMask":6}}
[10:08:57] [Render thread/INFO] (PiriRuntimeAcceptance) PIRI_PHASE02_PACKET {"type":"ACTION_ACCEPTED","payload":{"clientSequence":176,"action":"STOP_LEFT"}}
[10:08:57] [Render thread/INFO] (PiriRuntimeAcceptance) PIRI_PHASE02_PACKET {"type":"REEL_STOP","payload":{"spinId":"45900fd6-dc6f-4145-bd3c-b08f683807c6","reel":"LEFT","pressedIndex":1,"stopIndex":1,"slip":0,"durationMs":80}}
[10:08:57] [Render thread/INFO] (PiriRuntimeAcceptance) PIRI_PHASE02_PACKET {"type":"PUBLIC_STATE","payload":{"sessionId":"5267f3eb-5c85-4c6b-b2cf-d9c01834646e","machineId":1,"expectedNextClientSequence":177,"gameState":"SEATED_READY","lifecycle":"ACTIVE","credit":0,"heldMedals":738,"bet":0,"pay":0,"bonusCount":0,"lampOn":false,"displayStops":{"left":1,"center":15,"right":7},"stoppedMask":7}}
[10:08:57] [Render thread/INFO] (PiriRuntimeAcceptance) PIRI_PHASE02_PACKET {"type":"ACTION_ACCEPTED","payload":{"clientSequence":177,"action":"SPACE_ACTION"}}
[10:08:57] [Render thread/INFO] (PiriRuntimeAcceptance) PIRI_PHASE02_PACKET {"type":"PUBLIC_STATE","payload":{"sessionId":"5267f3eb-5c85-4c6b-b2cf-d9c01834646e","machineId":1,"expectedNextClientSequence":178,"gameState":"NORMAL_BETTED","lifecycle":"ACTIVE","credit":0,"heldMedals":735,"bet":3,"pay":0,"bonusCount":0,"lampOn":false,"displayStops":{"left":1,"center":15,"right":7},"stoppedMask":7}}
[10:08:58] [Render thread/INFO] (PiriRuntimeAcceptance) PIRI_PHASE02_PACKET {"type":"ACTION_ACCEPTED","payload":{"clientSequence":178,"action":"SPACE_ACTION"}}
[10:08:58] [Render thread/INFO] (PiriRuntimeAcceptance) PIRI_PHASE02_PACKET {"type":"PUBLIC_STATE","payload":{"sessionId":"5267f3eb-5c85-4c6b-b2cf-d9c01834646e","machineId":1,"expectedNextClientSequence":179,"gameState":"NORMAL_SPINNING","lifecycle":"ACTIVE","credit":0,"heldMedals":735,"bet":3,"pay":0,"bonusCount":0,"lampOn":false,"displayStops":{"left":1,"center":15,"right":7},"stoppedMask":0}}
[10:08:58] [Render thread/INFO] (PiriRuntimeAcceptance) PIRI_PHASE02_PACKET {"type":"SPIN_START","payload":{"sessionId":"5267f3eb-5c85-4c6b-b2cf-d9c01834646e","machineId":1,"spinId":"fb471187-f885-4f1b-96a2-f55317ede2fe","mode":"NORMAL","animation":"NORMAL","startPhase":{"left":1.0,"center":15.0,"right":7.0},"stopEnableAfterMs":400}}
[10:08:58] [Render thread/INFO] (PiriRuntimeAcceptance) PIRI_PHASE02_PACKET {"type":"ACTION_ACCEPTED","payload":{"clientSequence":179,"action":"STOP_LEFT"}}
[10:08:58] [Render thread/INFO] (PiriRuntimeAcceptance) PIRI_PHASE02_PACKET {"type":"REEL_STOP","payload":{"spinId":"fb471187-f885-4f1b-96a2-f55317ede2fe","reel":"LEFT","pressedIndex":15,"stopIndex":15,"slip":0,"durationMs":80}}
[10:08:58] [Render thread/INFO] (PiriRuntimeAcceptance) PIRI_PHASE02_PACKET {"type":"PUBLIC_STATE","payload":{"sessionId":"5267f3eb-5c85-4c6b-b2cf-d9c01834646e","machineId":1,"expectedNextClientSequence":180,"gameState":"NORMAL_SPINNING","lifecycle":"ACTIVE","credit":0,"heldMedals":735,"bet":3,"pay":0,"bonusCount":0,"lampOn":false,"displayStops":{"left":15,"center":15,"right":7},"stoppedMask":1}}
[10:08:59] [Render thread/INFO] (PiriRuntimeAcceptance) PIRI_PHASE02_PACKET {"type":"ACTION_ACCEPTED","payload":{"clientSequence":180,"action":"STOP_CENTER"}}
[10:08:59] [Render thread/INFO] (PiriRuntimeAcceptance) PIRI_PHASE02_PACKET {"type":"REEL_STOP","payload":{"spinId":"fb471187-f885-4f1b-96a2-f55317ede2fe","reel":"CENTER","pressedIndex":20,"stopIndex":18,"slip":2,"durationMs":180}}
[10:08:59] [Render thread/INFO] (PiriRuntimeAcceptance) PIRI_PHASE02_PACKET {"type":"PUBLIC_STATE","payload":{"sessionId":"5267f3eb-5c85-4c6b-b2cf-d9c01834646e","machineId":1,"expectedNextClientSequence":181,"gameState":"NORMAL_SPINNING","lifecycle":"ACTIVE","credit":0,"heldMedals":735,"bet":3,"pay":0,"bonusCount":0,"lampOn":false,"displayStops":{"left":15,"center":18,"right":7},"stoppedMask":3}}
[10:08:59] [Render thread/INFO] (PiriRuntimeAcceptance) PIRI_PHASE02_PACKET {"type":"ACTION_ACCEPTED","payload":{"clientSequence":181,"action":"STOP_RIGHT"}}
[10:08:59] [Render thread/INFO] (PiriRuntimeAcceptance) PIRI_PHASE02_PACKET {"type":"REEL_STOP","payload":{"spinId":"fb471187-f885-4f1b-96a2-f55317ede2fe","reel":"RIGHT","pressedIndex":3,"stopIndex":1,"slip":2,"durationMs":180}}
[10:08:59] [Render thread/INFO] (PiriRuntimeAcceptance) PIRI_PHASE02_PACKET {"type":"PUBLIC_STATE","payload":{"sessionId":"5267f3eb-5c85-4c6b-b2cf-d9c01834646e","machineId":1,"expectedNextClientSequence":182,"gameState":"REPLAY_READY","lifecycle":"ACTIVE","credit":0,"heldMedals":735,"bet":3,"pay":0,"bonusCount":0,"lampOn":false,"displayStops":{"left":15,"center":18,"right":1},"stoppedMask":7}}
[10:09:00] [Render thread/INFO] (PiriRuntimeAcceptance) PIRI_PHASE02_PACKET {"type":"ACTION_ACCEPTED","payload":{"clientSequence":182,"action":"SPACE_ACTION"}}
[10:09:00] [Render thread/INFO] (PiriRuntimeAcceptance) PIRI_PHASE02_PACKET {"type":"PUBLIC_STATE","payload":{"sessionId":"5267f3eb-5c85-4c6b-b2cf-d9c01834646e","machineId":1,"expectedNextClientSequence":183,"gameState":"NORMAL_SPINNING","lifecycle":"ACTIVE","credit":0,"heldMedals":735,"bet":3,"pay":0,"bonusCount":0,"lampOn":false,"displayStops":{"left":15,"center":18,"right":1},"stoppedMask":0}}
[10:09:00] [Render thread/INFO] (PiriRuntimeAcceptance) PIRI_PHASE02_PACKET {"type":"SPIN_START","payload":{"sessionId":"5267f3eb-5c85-4c6b-b2cf-d9c01834646e","machineId":1,"spinId":"6df7f1dc-7233-4642-a48e-1234c6b414d7","mode":"NORMAL","animation":"NORMAL","startPhase":{"left":15.0,"center":18.0,"right":1.0},"stopEnableAfterMs":400}}
[10:09:01] [Render thread/INFO] (PiriRuntimeAcceptance) PIRI_PHASE02_PACKET {"type":"ACTION_ACCEPTED","payload":{"clientSequence":183,"action":"STOP_LEFT"}}
[10:09:01] [Render thread/INFO] (PiriRuntimeAcceptance) PIRI_PHASE02_PACKET {"type":"REEL_STOP","payload":{"spinId":"6df7f1dc-7233-4642-a48e-1234c6b414d7","reel":"LEFT","pressedIndex":7,"stopIndex":6,"slip":1,"durationMs":130}}
[10:09:01] [Render thread/INFO] (PiriRuntimeAcceptance) PIRI_PHASE02_PACKET {"type":"PUBLIC_STATE","payload":{"sessionId":"5267f3eb-5c85-4c6b-b2cf-d9c01834646e","machineId":1,"expectedNextClientSequence":184,"gameState":"NORMAL_SPINNING","lifecycle":"ACTIVE","credit":0,"heldMedals":735,"bet":3,"pay":0,"bonusCount":0,"lampOn":false,"displayStops":{"left":6,"center":18,"right":1},"stoppedMask":1}}
[10:09:01] [Render thread/INFO] (PiriRuntimeAcceptance) PIRI_PHASE02_PACKET {"type":"ACTION_ACCEPTED","payload":{"clientSequence":184,"action":"STOP_RIGHT"}}
[10:09:01] [Render thread/INFO] (PiriRuntimeAcceptance) PIRI_PHASE02_PACKET {"type":"REEL_STOP","payload":{"spinId":"6df7f1dc-7233-4642-a48e-1234c6b414d7","reel":"RIGHT","pressedIndex":6,"stopIndex":6,"slip":0,"durationMs":80}}
[10:09:01] [Render thread/INFO] (PiriRuntimeAcceptance) PIRI_PHASE02_PACKET {"type":"PUBLIC_STATE","payload":{"sessionId":"5267f3eb-5c85-4c6b-b2cf-d9c01834646e","machineId":1,"expectedNextClientSequence":185,"gameState":"NORMAL_SPINNING","lifecycle":"ACTIVE","credit":0,"heldMedals":735,"bet":3,"pay":0,"bonusCount":0,"lampOn":false,"displayStops":{"left":6,"center":18,"right":6},"stoppedMask":5}}
[10:09:02] [Render thread/INFO] (PiriRuntimeAcceptance) PIRI_PHASE02_PACKET {"type":"ACTION_ACCEPTED","payload":{"clientSequence":185,"action":"STOP_CENTER"}}
[10:09:02] [Render thread/INFO] (PiriRuntimeAcceptance) PIRI_PHASE02_PACKET {"type":"REEL_STOP","payload":{"spinId":"6df7f1dc-7233-4642-a48e-1234c6b414d7","reel":"CENTER","pressedIndex":14,"stopIndex":13,"slip":1,"durationMs":130}}
[10:09:02] [Render thread/INFO] (PiriRuntimeAcceptance) PIRI_PHASE02_PACKET {"type":"PUBLIC_STATE","payload":{"sessionId":"5267f3eb-5c85-4c6b-b2cf-d9c01834646e","machineId":1,"expectedNextClientSequence":186,"gameState":"SEATED_READY","lifecycle":"ACTIVE","credit":0,"heldMedals":735,"bet":0,"pay":0,"bonusCount":0,"lampOn":false,"displayStops":{"left":6,"center":13,"right":6},"stoppedMask":7}}
[10:09:02] [Render thread/INFO] (PiriRuntimeAcceptance) PIRI_PHASE02_PACKET {"type":"ACTION_ACCEPTED","payload":{"clientSequence":186,"action":"SPACE_ACTION"}}
[10:09:02] [Render thread/INFO] (PiriRuntimeAcceptance) PIRI_PHASE02_PACKET {"type":"PUBLIC_STATE","payload":{"sessionId":"5267f3eb-5c85-4c6b-b2cf-d9c01834646e","machineId":1,"expectedNextClientSequence":187,"gameState":"NORMAL_BETTED","lifecycle":"ACTIVE","credit":0,"heldMedals":732,"bet":3,"pay":0,"bonusCount":0,"lampOn":false,"displayStops":{"left":6,"center":13,"right":6},"stoppedMask":7}}
[10:09:03] [Render thread/INFO] (PiriRuntimeAcceptance) PIRI_PHASE02_PACKET {"type":"ACTION_ACCEPTED","payload":{"clientSequence":187,"action":"SPACE_ACTION"}}
[10:09:03] [Render thread/INFO] (PiriRuntimeAcceptance) PIRI_PHASE02_PACKET {"type":"PUBLIC_STATE","payload":{"sessionId":"5267f3eb-5c85-4c6b-b2cf-d9c01834646e","machineId":1,"expectedNextClientSequence":188,"gameState":"NORMAL_SPINNING","lifecycle":"ACTIVE","credit":0,"heldMedals":732,"bet":3,"pay":0,"bonusCount":0,"lampOn":false,"displayStops":{"left":6,"center":13,"right":6},"stoppedMask":0}}
[10:09:03] [Render thread/INFO] (PiriRuntimeAcceptance) PIRI_PHASE02_PACKET {"type":"SPIN_START","payload":{"sessionId":"5267f3eb-5c85-4c6b-b2cf-d9c01834646e","machineId":1,"spinId":"eb8e9330-34ee-47ea-818b-9a85d46636dd","mode":"NORMAL","animation":"NORMAL","startPhase":{"left":6.0,"center":13.0,"right":6.0},"stopEnableAfterMs":400}}
[10:09:03] [Render thread/INFO] (PiriRuntimeAcceptance) PIRI_PHASE02_PACKET {"type":"ACTION_ACCEPTED","payload":{"clientSequence":188,"action":"STOP_CENTER"}}
[10:09:03] [Render thread/INFO] (PiriRuntimeAcceptance) PIRI_PHASE02_PACKET {"type":"REEL_STOP","payload":{"spinId":"eb8e9330-34ee-47ea-818b-9a85d46636dd","reel":"CENTER","pressedIndex":5,"stopIndex":5,"slip":0,"durationMs":80}}
[10:09:03] [Render thread/INFO] (PiriRuntimeAcceptance) PIRI_PHASE02_PACKET {"type":"PUBLIC_STATE","payload":{"sessionId":"5267f3eb-5c85-4c6b-b2cf-d9c01834646e","machineId":1,"expectedNextClientSequence":189,"gameState":"NORMAL_SPINNING","lifecycle":"ACTIVE","credit":0,"heldMedals":732,"bet":3,"pay":0,"bonusCount":0,"lampOn":false,"displayStops":{"left":6,"center":5,"right":6},"stoppedMask":2}}
[10:09:04] [Render thread/INFO] (PiriRuntimeAcceptance) PIRI_PHASE02_PACKET {"type":"ACTION_ACCEPTED","payload":{"clientSequence":189,"action":"STOP_LEFT"}}
[10:09:04] [Render thread/INFO] (PiriRuntimeAcceptance) PIRI_PHASE02_PACKET {"type":"REEL_STOP","payload":{"spinId":"eb8e9330-34ee-47ea-818b-9a85d46636dd","reel":"LEFT","pressedIndex":10,"stopIndex":10,"slip":0,"durationMs":80}}
[10:09:04] [Render thread/INFO] (PiriRuntimeAcceptance) PIRI_PHASE02_PACKET {"type":"PUBLIC_STATE","payload":{"sessionId":"5267f3eb-5c85-4c6b-b2cf-d9c01834646e","machineId":1,"expectedNextClientSequence":190,"gameState":"NORMAL_SPINNING","lifecycle":"ACTIVE","credit":0,"heldMedals":732,"bet":3,"pay":0,"bonusCount":0,"lampOn":false,"displayStops":{"left":10,"center":5,"right":6},"stoppedMask":3}}
[10:09:04] [Render thread/INFO] (PiriRuntimeAcceptance) PIRI_PHASE02_PACKET {"type":"ACTION_ACCEPTED","payload":{"clientSequence":190,"action":"STOP_RIGHT"}}
[10:09:04] [Render thread/INFO] (PiriRuntimeAcceptance) PIRI_PHASE02_PACKET {"type":"REEL_STOP","payload":{"spinId":"eb8e9330-34ee-47ea-818b-9a85d46636dd","reel":"RIGHT","pressedIndex":1,"stopIndex":1,"slip":0,"durationMs":80}}
[10:09:04] [Render thread/INFO] (PiriRuntimeAcceptance) PIRI_PHASE02_PACKET {"type":"PUBLIC_STATE","payload":{"sessionId":"5267f3eb-5c85-4c6b-b2cf-d9c01834646e","machineId":1,"expectedNextClientSequence":191,"gameState":"SEATED_READY","lifecycle":"ACTIVE","credit":0,"heldMedals":732,"bet":0,"pay":0,"bonusCount":0,"lampOn":false,"displayStops":{"left":10,"center":5,"right":1},"stoppedMask":7}}
[10:09:05] [Render thread/INFO] (PiriRuntimeAcceptance) PIRI_PHASE02_PACKET {"type":"ACTION_ACCEPTED","payload":{"clientSequence":191,"action":"SPACE_ACTION"}}
[10:09:05] [Render thread/INFO] (PiriRuntimeAcceptance) PIRI_PHASE02_PACKET {"type":"PUBLIC_STATE","payload":{"sessionId":"5267f3eb-5c85-4c6b-b2cf-d9c01834646e","machineId":1,"expectedNextClientSequence":192,"gameState":"NORMAL_BETTED","lifecycle":"ACTIVE","credit":0,"heldMedals":729,"bet":3,"pay":0,"bonusCount":0,"lampOn":false,"displayStops":{"left":10,"center":5,"right":1},"stoppedMask":7}}
[10:09:05] [Render thread/INFO] (PiriRuntimeAcceptance) PIRI_PHASE02_PACKET {"type":"ACTION_ACCEPTED","payload":{"clientSequence":192,"action":"SPACE_ACTION"}}
[10:09:05] [Render thread/INFO] (PiriRuntimeAcceptance) PIRI_PHASE02_PACKET {"type":"PUBLIC_STATE","payload":{"sessionId":"5267f3eb-5c85-4c6b-b2cf-d9c01834646e","machineId":1,"expectedNextClientSequence":193,"gameState":"NORMAL_SPINNING","lifecycle":"ACTIVE","credit":0,"heldMedals":729,"bet":3,"pay":0,"bonusCount":0,"lampOn":false,"displayStops":{"left":10,"center":5,"right":1},"stoppedMask":0}}
[10:09:05] [Render thread/INFO] (PiriRuntimeAcceptance) PIRI_PHASE02_PACKET {"type":"SPIN_START","payload":{"sessionId":"5267f3eb-5c85-4c6b-b2cf-d9c01834646e","machineId":1,"spinId":"04df8437-2e34-4eb0-9ddb-76f09afd5828","mode":"NORMAL","animation":"NORMAL","startPhase":{"left":10.0,"center":5.0,"right":1.0},"stopEnableAfterMs":400}}
[10:09:06] [Render thread/INFO] (PiriRuntimeAcceptance) PIRI_PHASE02_PACKET {"type":"ACTION_ACCEPTED","payload":{"clientSequence":193,"action":"STOP_CENTER"}}
[10:09:06] [Render thread/INFO] (PiriRuntimeAcceptance) PIRI_PHASE02_PACKET {"type":"REEL_STOP","payload":{"spinId":"04df8437-2e34-4eb0-9ddb-76f09afd5828","reel":"CENTER","pressedIndex":19,"stopIndex":19,"slip":0,"durationMs":80}}
[10:09:06] [Render thread/INFO] (PiriRuntimeAcceptance) PIRI_PHASE02_PACKET {"type":"PUBLIC_STATE","payload":{"sessionId":"5267f3eb-5c85-4c6b-b2cf-d9c01834646e","machineId":1,"expectedNextClientSequence":194,"gameState":"NORMAL_SPINNING","lifecycle":"ACTIVE","credit":0,"heldMedals":729,"bet":3,"pay":0,"bonusCount":0,"lampOn":false,"displayStops":{"left":10,"center":19,"right":1},"stoppedMask":2}}
[10:09:07] [Render thread/INFO] (PiriRuntimeAcceptance) PIRI_PHASE02_PACKET {"type":"ACTION_ACCEPTED","payload":{"clientSequence":194,"action":"STOP_RIGHT"}}
[10:09:07] [Render thread/INFO] (PiriRuntimeAcceptance) PIRI_PHASE02_PACKET {"type":"REEL_STOP","payload":{"spinId":"04df8437-2e34-4eb0-9ddb-76f09afd5828","reel":"RIGHT","pressedIndex":5,"stopIndex":5,"slip":0,"durationMs":80}}
[10:09:07] [Render thread/INFO] (PiriRuntimeAcceptance) PIRI_PHASE02_PACKET {"type":"PUBLIC_STATE","payload":{"sessionId":"5267f3eb-5c85-4c6b-b2cf-d9c01834646e","machineId":1,"expectedNextClientSequence":195,"gameState":"NORMAL_SPINNING","lifecycle":"ACTIVE","credit":0,"heldMedals":729,"bet":3,"pay":0,"bonusCount":0,"lampOn":false,"displayStops":{"left":10,"center":19,"right":5},"stoppedMask":6}}
[10:09:07] [Render thread/INFO] (PiriRuntimeAcceptance) PIRI_PHASE02_PACKET {"type":"ACTION_ACCEPTED","payload":{"clientSequence":195,"action":"STOP_LEFT"}}
[10:09:07] [Render thread/INFO] (PiriRuntimeAcceptance) PIRI_PHASE02_PACKET {"type":"REEL_STOP","payload":{"spinId":"04df8437-2e34-4eb0-9ddb-76f09afd5828","reel":"LEFT","pressedIndex":5,"stopIndex":5,"slip":0,"durationMs":80}}
[10:09:07] [Render thread/INFO] (PiriRuntimeAcceptance) PIRI_PHASE02_PACKET {"type":"PUBLIC_STATE","payload":{"sessionId":"5267f3eb-5c85-4c6b-b2cf-d9c01834646e","machineId":1,"expectedNextClientSequence":196,"gameState":"SEATED_READY","lifecycle":"ACTIVE","credit":0,"heldMedals":729,"bet":0,"pay":0,"bonusCount":0,"lampOn":false,"displayStops":{"left":5,"center":19,"right":5},"stoppedMask":7}}
[10:09:08] [Render thread/INFO] (PiriRuntimeAcceptance) PIRI_PHASE02_PACKET {"type":"ACTION_ACCEPTED","payload":{"clientSequence":196,"action":"SPACE_ACTION"}}
[10:09:08] [Render thread/INFO] (PiriRuntimeAcceptance) PIRI_PHASE02_PACKET {"type":"PUBLIC_STATE","payload":{"sessionId":"5267f3eb-5c85-4c6b-b2cf-d9c01834646e","machineId":1,"expectedNextClientSequence":197,"gameState":"NORMAL_BETTED","lifecycle":"ACTIVE","credit":0,"heldMedals":726,"bet":3,"pay":0,"bonusCount":0,"lampOn":false,"displayStops":{"left":5,"center":19,"right":5},"stoppedMask":7}}
[10:09:08] [Render thread/INFO] (PiriRuntimeAcceptance) PIRI_PHASE02_PACKET {"type":"ACTION_ACCEPTED","payload":{"clientSequence":197,"action":"SPACE_ACTION"}}
[10:09:08] [Render thread/INFO] (PiriRuntimeAcceptance) PIRI_PHASE02_PACKET {"type":"PUBLIC_STATE","payload":{"sessionId":"5267f3eb-5c85-4c6b-b2cf-d9c01834646e","machineId":1,"expectedNextClientSequence":198,"gameState":"NORMAL_SPINNING","lifecycle":"ACTIVE","credit":0,"heldMedals":726,"bet":3,"pay":0,"bonusCount":0,"lampOn":false,"displayStops":{"left":5,"center":19,"right":5},"stoppedMask":0}}
[10:09:08] [Render thread/INFO] (PiriRuntimeAcceptance) PIRI_PHASE02_PACKET {"type":"SPIN_START","payload":{"sessionId":"5267f3eb-5c85-4c6b-b2cf-d9c01834646e","machineId":1,"spinId":"00389910-5705-4cd2-ac5a-8bde20713dcb","mode":"NORMAL","animation":"NORMAL","startPhase":{"left":5.0,"center":19.0,"right":5.0},"stopEnableAfterMs":400}}
[10:09:09] [Render thread/INFO] (PiriRuntimeAcceptance) PIRI_PHASE02_PACKET {"type":"ACTION_ACCEPTED","payload":{"clientSequence":198,"action":"STOP_RIGHT"}}
[10:09:09] [Render thread/INFO] (PiriRuntimeAcceptance) PIRI_PHASE02_PACKET {"type":"REEL_STOP","payload":{"spinId":"00389910-5705-4cd2-ac5a-8bde20713dcb","reel":"RIGHT","pressedIndex":19,"stopIndex":19,"slip":0,"durationMs":80}}
[10:09:09] [Render thread/INFO] (PiriRuntimeAcceptance) PIRI_PHASE02_PACKET {"type":"PUBLIC_STATE","payload":{"sessionId":"5267f3eb-5c85-4c6b-b2cf-d9c01834646e","machineId":1,"expectedNextClientSequence":199,"gameState":"NORMAL_SPINNING","lifecycle":"ACTIVE","credit":0,"heldMedals":726,"bet":3,"pay":0,"bonusCount":0,"lampOn":false,"displayStops":{"left":5,"center":19,"right":19},"stoppedMask":4}}
[10:09:09] [Render thread/INFO] (PiriRuntimeAcceptance) PIRI_PHASE02_PACKET {"type":"ACTION_ACCEPTED","payload":{"clientSequence":199,"action":"STOP_LEFT"}}
[10:09:09] [Render thread/INFO] (PiriRuntimeAcceptance) PIRI_PHASE02_PACKET {"type":"REEL_STOP","payload":{"spinId":"00389910-5705-4cd2-ac5a-8bde20713dcb","reel":"LEFT","pressedIndex":10,"stopIndex":10,"slip":0,"durationMs":80}}
[10:09:09] [Render thread/INFO] (PiriRuntimeAcceptance) PIRI_PHASE02_PACKET {"type":"PUBLIC_STATE","payload":{"sessionId":"5267f3eb-5c85-4c6b-b2cf-d9c01834646e","machineId":1,"expectedNextClientSequence":200,"gameState":"NORMAL_SPINNING","lifecycle":"ACTIVE","credit":0,"heldMedals":726,"bet":3,"pay":0,"bonusCount":0,"lampOn":false,"displayStops":{"left":10,"center":19,"right":19},"stoppedMask":5}}
[10:09:10] [Render thread/INFO] (PiriRuntimeAcceptance) PIRI_PHASE02_PACKET {"type":"ACTION_ACCEPTED","payload":{"clientSequence":200,"action":"STOP_CENTER"}}
[10:09:10] [Render thread/INFO] (PiriRuntimeAcceptance) PIRI_PHASE02_PACKET {"type":"REEL_STOP","payload":{"spinId":"00389910-5705-4cd2-ac5a-8bde20713dcb","reel":"CENTER","pressedIndex":14,"stopIndex":13,"slip":1,"durationMs":130}}
[10:09:10] [Render thread/INFO] (PiriRuntimeAcceptance) PIRI_PHASE02_PACKET {"type":"PUBLIC_STATE","payload":{"sessionId":"5267f3eb-5c85-4c6b-b2cf-d9c01834646e","machineId":1,"expectedNextClientSequence":201,"gameState":"SEATED_READY","lifecycle":"ACTIVE","credit":0,"heldMedals":726,"bet":0,"pay":0,"bonusCount":0,"lampOn":false,"displayStops":{"left":10,"center":13,"right":19},"stoppedMask":7}}
[10:09:10] [Render thread/INFO] (PiriRuntimeAcceptance) PIRI_PHASE02_PACKET {"type":"ACTION_ACCEPTED","payload":{"clientSequence":201,"action":"SPACE_ACTION"}}
[10:09:10] [Render thread/INFO] (PiriRuntimeAcceptance) PIRI_PHASE02_PACKET {"type":"PUBLIC_STATE","payload":{"sessionId":"5267f3eb-5c85-4c6b-b2cf-d9c01834646e","machineId":1,"expectedNextClientSequence":202,"gameState":"NORMAL_BETTED","lifecycle":"ACTIVE","credit":0,"heldMedals":723,"bet":3,"pay":0,"bonusCount":0,"lampOn":false,"displayStops":{"left":10,"center":13,"right":19},"stoppedMask":7}}
[10:09:11] [Render thread/INFO] (PiriRuntimeAcceptance) PIRI_PHASE02_PACKET {"type":"ACTION_ACCEPTED","payload":{"clientSequence":202,"action":"SPACE_ACTION"}}
[10:09:11] [Render thread/INFO] (PiriRuntimeAcceptance) PIRI_PHASE02_PACKET {"type":"PUBLIC_STATE","payload":{"sessionId":"5267f3eb-5c85-4c6b-b2cf-d9c01834646e","machineId":1,"expectedNextClientSequence":203,"gameState":"NORMAL_SPINNING","lifecycle":"ACTIVE","credit":0,"heldMedals":723,"bet":3,"pay":0,"bonusCount":0,"lampOn":false,"displayStops":{"left":10,"center":13,"right":19},"stoppedMask":0}}
[10:09:11] [Render thread/INFO] (PiriRuntimeAcceptance) PIRI_PHASE02_PACKET {"type":"SPIN_START","payload":{"sessionId":"5267f3eb-5c85-4c6b-b2cf-d9c01834646e","machineId":1,"spinId":"bae3097a-391e-441a-ac33-6a7a11fe3b78","mode":"NORMAL","animation":"NORMAL","startPhase":{"left":10.0,"center":13.0,"right":19.0},"stopEnableAfterMs":400}}
[10:09:12] [Render thread/INFO] (PiriRuntimeAcceptance) PIRI_PHASE02_PACKET {"type":"ACTION_ACCEPTED","payload":{"clientSequence":203,"action":"STOP_RIGHT"}}
[10:09:12] [Render thread/INFO] (PiriRuntimeAcceptance) PIRI_PHASE02_PACKET {"type":"REEL_STOP","payload":{"spinId":"bae3097a-391e-441a-ac33-6a7a11fe3b78","reel":"RIGHT","pressedIndex":7,"stopIndex":7,"slip":0,"durationMs":80}}
[10:09:12] [Render thread/INFO] (PiriRuntimeAcceptance) PIRI_PHASE02_PACKET {"type":"PUBLIC_STATE","payload":{"sessionId":"5267f3eb-5c85-4c6b-b2cf-d9c01834646e","machineId":1,"expectedNextClientSequence":204,"gameState":"NORMAL_SPINNING","lifecycle":"ACTIVE","credit":0,"heldMedals":723,"bet":3,"pay":0,"bonusCount":0,"lampOn":false,"displayStops":{"left":10,"center":13,"right":7},"stoppedMask":4}}
[10:09:12] [Render thread/INFO] (PiriRuntimeAcceptance) PIRI_PHASE02_PACKET {"type":"ACTION_ACCEPTED","payload":{"clientSequence":204,"action":"STOP_CENTER"}}
[10:09:12] [Render thread/INFO] (PiriRuntimeAcceptance) PIRI_PHASE02_PACKET {"type":"REEL_STOP","payload":{"spinId":"bae3097a-391e-441a-ac33-6a7a11fe3b78","reel":"CENTER","pressedIndex":13,"stopIndex":12,"slip":1,"durationMs":130}}
[10:09:12] [Render thread/INFO] (PiriRuntimeAcceptance) PIRI_PHASE02_PACKET {"type":"PUBLIC_STATE","payload":{"sessionId":"5267f3eb-5c85-4c6b-b2cf-d9c01834646e","machineId":1,"expectedNextClientSequence":205,"gameState":"NORMAL_SPINNING","lifecycle":"ACTIVE","credit":0,"heldMedals":723,"bet":3,"pay":0,"bonusCount":0,"lampOn":false,"displayStops":{"left":10,"center":12,"right":7},"stoppedMask":6}}
[10:09:13] [Render thread/INFO] (PiriRuntimeAcceptance) PIRI_PHASE02_PACKET {"type":"ACTION_ACCEPTED","payload":{"clientSequence":205,"action":"STOP_LEFT"}}
[10:09:13] [Render thread/INFO] (PiriRuntimeAcceptance) PIRI_PHASE02_PACKET {"type":"REEL_STOP","payload":{"spinId":"bae3097a-391e-441a-ac33-6a7a11fe3b78","reel":"LEFT","pressedIndex":1,"stopIndex":18,"slip":4,"durationMs":280}}
[10:09:13] [Render thread/INFO] (PiriRuntimeAcceptance) PIRI_PHASE02_PACKET {"type":"PAYOUT","payload":{}}
[10:09:13] [Render thread/INFO] (PiriRuntimeAcceptance) PIRI_PHASE02_PACKET {"type":"PUBLIC_STATE","payload":{"sessionId":"5267f3eb-5c85-4c6b-b2cf-d9c01834646e","machineId":1,"expectedNextClientSequence":206,"gameState":"SEATED_READY","lifecycle":"ACTIVE","credit":8,"heldMedals":723,"bet":0,"pay":8,"bonusCount":0,"lampOn":false,"displayStops":{"left":18,"center":12,"right":7},"stoppedMask":7}}
[10:09:14] [Render thread/INFO] (PiriRuntimeAcceptance) PIRI_PHASE02_PACKET {"type":"ACTION_ACCEPTED","payload":{"clientSequence":206,"action":"SPACE_ACTION"}}
[10:09:14] [Render thread/INFO] (PiriRuntimeAcceptance) PIRI_PHASE02_PACKET {"type":"PUBLIC_STATE","payload":{"sessionId":"5267f3eb-5c85-4c6b-b2cf-d9c01834646e","machineId":1,"expectedNextClientSequence":207,"gameState":"NORMAL_BETTED","lifecycle":"ACTIVE","credit":5,"heldMedals":723,"bet":3,"pay":0,"bonusCount":0,"lampOn":false,"displayStops":{"left":18,"center":12,"right":7},"stoppedMask":7}}
[10:09:14] [Render thread/INFO] (PiriRuntimeAcceptance) PIRI_PHASE02_PACKET {"type":"ACTION_ACCEPTED","payload":{"clientSequence":207,"action":"SPACE_ACTION"}}
[10:09:14] [Render thread/INFO] (PiriRuntimeAcceptance) PIRI_PHASE02_PACKET {"type":"PUBLIC_STATE","payload":{"sessionId":"5267f3eb-5c85-4c6b-b2cf-d9c01834646e","machineId":1,"expectedNextClientSequence":208,"gameState":"NORMAL_SPINNING","lifecycle":"ACTIVE","credit":5,"heldMedals":723,"bet":3,"pay":0,"bonusCount":0,"lampOn":false,"displayStops":{"left":18,"center":12,"right":7},"stoppedMask":0}}
[10:09:14] [Render thread/INFO] (PiriRuntimeAcceptance) PIRI_PHASE02_PACKET {"type":"SPIN_START","payload":{"sessionId":"5267f3eb-5c85-4c6b-b2cf-d9c01834646e","machineId":1,"spinId":"5481eca8-f69d-48d3-afbf-2254cd4e8f7d","mode":"NORMAL","animation":"NORMAL","startPhase":{"left":18.0,"center":12.0,"right":7.0},"stopEnableAfterMs":400}}
[10:09:15] [Render thread/INFO] (PiriRuntimeAcceptance) PIRI_PHASE02_PACKET {"type":"ACTION_ACCEPTED","payload":{"clientSequence":208,"action":"STOP_LEFT"}}
[10:09:15] [Render thread/INFO] (PiriRuntimeAcceptance) PIRI_PHASE02_PACKET {"type":"REEL_STOP","payload":{"spinId":"5481eca8-f69d-48d3-afbf-2254cd4e8f7d","reel":"LEFT","pressedIndex":11,"stopIndex":5,"slip":6,"durationMs":380}}
[10:09:15] [Render thread/INFO] (PiriRuntimeAcceptance) PIRI_PHASE02_PACKET {"type":"PUBLIC_STATE","payload":{"sessionId":"5267f3eb-5c85-4c6b-b2cf-d9c01834646e","machineId":1,"expectedNextClientSequence":209,"gameState":"NORMAL_SPINNING","lifecycle":"ACTIVE","credit":5,"heldMedals":723,"bet":3,"pay":0,"bonusCount":0,"lampOn":false,"displayStops":{"left":5,"center":12,"right":7},"stoppedMask":1}}
[10:09:15] [Render thread/INFO] (PiriRuntimeAcceptance) PIRI_PHASE02_PACKET {"type":"ACTION_ACCEPTED","payload":{"clientSequence":209,"action":"STOP_CENTER"}}
[10:09:15] [Render thread/INFO] (PiriRuntimeAcceptance) PIRI_PHASE02_PACKET {"type":"REEL_STOP","payload":{"spinId":"5481eca8-f69d-48d3-afbf-2254cd4e8f7d","reel":"CENTER","pressedIndex":17,"stopIndex":2,"slip":15,"durationMs":830}}
[10:09:15] [Render thread/INFO] (PiriRuntimeAcceptance) PIRI_PHASE02_PACKET {"type":"PUBLIC_STATE","payload":{"sessionId":"5267f3eb-5c85-4c6b-b2cf-d9c01834646e","machineId":1,"expectedNextClientSequence":210,"gameState":"NORMAL_SPINNING","lifecycle":"ACTIVE","credit":5,"heldMedals":723,"bet":3,"pay":0,"bonusCount":0,"lampOn":false,"displayStops":{"left":5,"center":2,"right":7},"stoppedMask":3}}
[10:09:16] [Render thread/INFO] (PiriRuntimeAcceptance) PIRI_PHASE02_PACKET {"type":"ACTION_ACCEPTED","payload":{"clientSequence":210,"action":"STOP_RIGHT"}}
[10:09:16] [Render thread/INFO] (PiriRuntimeAcceptance) PIRI_PHASE02_PACKET {"type":"REEL_STOP","payload":{"spinId":"5481eca8-f69d-48d3-afbf-2254cd4e8f7d","reel":"RIGHT","pressedIndex":19,"stopIndex":17,"slip":2,"durationMs":180}}
[10:09:16] [Render thread/INFO] (PiriRuntimeAcceptance) PIRI_PHASE02_PACKET {"type":"PAYOUT","payload":{}}
[10:09:16] [Render thread/INFO] (PiriRuntimeAcceptance) PIRI_PHASE02_PACKET {"type":"PUBLIC_STATE","payload":{"sessionId":"5267f3eb-5c85-4c6b-b2cf-d9c01834646e","machineId":1,"expectedNextClientSequence":211,"gameState":"SEATED_READY","lifecycle":"ACTIVE","credit":19,"heldMedals":723,"bet":0,"pay":14,"bonusCount":0,"lampOn":false,"displayStops":{"left":5,"center":2,"right":17},"stoppedMask":7}}
[10:09:17] [Render thread/INFO] (PiriRuntimeAcceptance) PIRI_PHASE02_PACKET {"type":"ACTION_ACCEPTED","payload":{"clientSequence":211,"action":"SPACE_ACTION"}}
[10:09:17] [Render thread/INFO] (PiriRuntimeAcceptance) PIRI_PHASE02_PACKET {"type":"PUBLIC_STATE","payload":{"sessionId":"5267f3eb-5c85-4c6b-b2cf-d9c01834646e","machineId":1,"expectedNextClientSequence":212,"gameState":"NORMAL_BETTED","lifecycle":"ACTIVE","credit":16,"heldMedals":723,"bet":3,"pay":0,"bonusCount":0,"lampOn":false,"displayStops":{"left":5,"center":2,"right":17},"stoppedMask":7}}
[10:09:17] [Render thread/INFO] (PiriRuntimeAcceptance) PIRI_PHASE02_PACKET {"type":"ACTION_ACCEPTED","payload":{"clientSequence":212,"action":"SPACE_ACTION"}}
[10:09:17] [Render thread/INFO] (PiriRuntimeAcceptance) PIRI_PHASE02_PACKET {"type":"PUBLIC_STATE","payload":{"sessionId":"5267f3eb-5c85-4c6b-b2cf-d9c01834646e","machineId":1,"expectedNextClientSequence":213,"gameState":"NORMAL_SPINNING","lifecycle":"ACTIVE","credit":16,"heldMedals":723,"bet":3,"pay":0,"bonusCount":0,"lampOn":false,"displayStops":{"left":5,"center":2,"right":17},"stoppedMask":0}}
[10:09:17] [Render thread/INFO] (PiriRuntimeAcceptance) PIRI_PHASE02_PACKET {"type":"SPIN_START","payload":{"sessionId":"5267f3eb-5c85-4c6b-b2cf-d9c01834646e","machineId":1,"spinId":"8a39b46e-5898-4c76-858e-4acf690ea25f","mode":"NORMAL","animation":"NORMAL","startPhase":{"left":5.0,"center":2.0,"right":17.0},"stopEnableAfterMs":400}}
[10:09:18] [Render thread/INFO] (PiriRuntimeAcceptance) PIRI_PHASE02_PACKET {"type":"ACTION_ACCEPTED","payload":{"clientSequence":213,"action":"STOP_LEFT"}}
[10:09:18] [Render thread/INFO] (PiriRuntimeAcceptance) PIRI_PHASE02_PACKET {"type":"REEL_STOP","payload":{"spinId":"8a39b46e-5898-4c76-858e-4acf690ea25f","reel":"LEFT","pressedIndex":19,"stopIndex":18,"slip":1,"durationMs":130}}
[10:09:18] [Render thread/INFO] (PiriRuntimeAcceptance) PIRI_PHASE02_PACKET {"type":"PUBLIC_STATE","payload":{"sessionId":"5267f3eb-5c85-4c6b-b2cf-d9c01834646e","machineId":1,"expectedNextClientSequence":214,"gameState":"NORMAL_SPINNING","lifecycle":"ACTIVE","credit":16,"heldMedals":723,"bet":3,"pay":0,"bonusCount":0,"lampOn":false,"displayStops":{"left":18,"center":2,"right":17},"stoppedMask":1}}
[10:09:18] [Render thread/INFO] (PiriRuntimeAcceptance) PIRI_PHASE02_PACKET {"type":"ACTION_ACCEPTED","payload":{"clientSequence":214,"action":"STOP_RIGHT"}}
[10:09:18] [Render thread/INFO] (PiriRuntimeAcceptance) PIRI_PHASE02_PACKET {"type":"REEL_STOP","payload":{"spinId":"8a39b46e-5898-4c76-858e-4acf690ea25f","reel":"RIGHT","pressedIndex":0,"stopIndex":0,"slip":0,"durationMs":80}}
[10:09:18] [Render thread/INFO] (PiriRuntimeAcceptance) PIRI_PHASE02_PACKET {"type":"PUBLIC_STATE","payload":{"sessionId":"5267f3eb-5c85-4c6b-b2cf-d9c01834646e","machineId":1,"expectedNextClientSequence":215,"gameState":"NORMAL_SPINNING","lifecycle":"ACTIVE","credit":16,"heldMedals":723,"bet":3,"pay":0,"bonusCount":0,"lampOn":false,"displayStops":{"left":18,"center":2,"right":0},"stoppedMask":5}}
[10:09:19] [Render thread/INFO] (PiriRuntimeAcceptance) PIRI_PHASE02_PACKET {"type":"ACTION_ACCEPTED","payload":{"clientSequence":215,"action":"STOP_CENTER"}}
[10:09:19] [Render thread/INFO] (PiriRuntimeAcceptance) PIRI_PHASE02_PACKET {"type":"REEL_STOP","payload":{"spinId":"8a39b46e-5898-4c76-858e-4acf690ea25f","reel":"CENTER","pressedIndex":18,"stopIndex":17,"slip":1,"durationMs":130}}
[10:09:19] [Render thread/INFO] (PiriRuntimeAcceptance) PIRI_PHASE02_PACKET {"type":"PUBLIC_STATE","payload":{"sessionId":"5267f3eb-5c85-4c6b-b2cf-d9c01834646e","machineId":1,"expectedNextClientSequence":216,"gameState":"SEATED_READY","lifecycle":"ACTIVE","credit":16,"heldMedals":723,"bet":0,"pay":0,"bonusCount":0,"lampOn":false,"displayStops":{"left":18,"center":17,"right":0},"stoppedMask":7}}
[10:09:19] [Render thread/INFO] (PiriRuntimeAcceptance) PIRI_PHASE02_PACKET {"type":"ACTION_ACCEPTED","payload":{"clientSequence":216,"action":"SPACE_ACTION"}}
[10:09:19] [Render thread/INFO] (PiriRuntimeAcceptance) PIRI_PHASE02_PACKET {"type":"PUBLIC_STATE","payload":{"sessionId":"5267f3eb-5c85-4c6b-b2cf-d9c01834646e","machineId":1,"expectedNextClientSequence":217,"gameState":"NORMAL_BETTED","lifecycle":"ACTIVE","credit":13,"heldMedals":723,"bet":3,"pay":0,"bonusCount":0,"lampOn":false,"displayStops":{"left":18,"center":17,"right":0},"stoppedMask":7}}
[10:09:20] [Render thread/INFO] (PiriRuntimeAcceptance) PIRI_PHASE02_PACKET {"type":"ACTION_ACCEPTED","payload":{"clientSequence":217,"action":"SPACE_ACTION"}}
[10:09:20] [Render thread/INFO] (PiriRuntimeAcceptance) PIRI_PHASE02_PACKET {"type":"PUBLIC_STATE","payload":{"sessionId":"5267f3eb-5c85-4c6b-b2cf-d9c01834646e","machineId":1,"expectedNextClientSequence":218,"gameState":"NORMAL_SPINNING","lifecycle":"ACTIVE","credit":13,"heldMedals":723,"bet":3,"pay":0,"bonusCount":0,"lampOn":false,"displayStops":{"left":18,"center":17,"right":0},"stoppedMask":0}}
[10:09:20] [Render thread/INFO] (PiriRuntimeAcceptance) PIRI_PHASE02_PACKET {"type":"SPIN_START","payload":{"sessionId":"5267f3eb-5c85-4c6b-b2cf-d9c01834646e","machineId":1,"spinId":"caeafc72-d307-4cab-a0c9-cc3259f4b179","mode":"NORMAL","animation":"NORMAL","startPhase":{"left":18.0,"center":17.0,"right":0.0},"stopEnableAfterMs":400}}
[10:09:21] [Render thread/INFO] (PiriRuntimeAcceptance) PIRI_PHASE02_PACKET {"type":"ACTION_ACCEPTED","payload":{"clientSequence":218,"action":"STOP_CENTER"}}
[10:09:21] [Render thread/INFO] (PiriRuntimeAcceptance) PIRI_PHASE02_PACKET {"type":"REEL_STOP","payload":{"spinId":"caeafc72-d307-4cab-a0c9-cc3259f4b179","reel":"CENTER","pressedIndex":10,"stopIndex":10,"slip":0,"durationMs":80}}
[10:09:21] [Render thread/INFO] (PiriRuntimeAcceptance) PIRI_PHASE02_PACKET {"type":"PUBLIC_STATE","payload":{"sessionId":"5267f3eb-5c85-4c6b-b2cf-d9c01834646e","machineId":1,"expectedNextClientSequence":219,"gameState":"NORMAL_SPINNING","lifecycle":"ACTIVE","credit":13,"heldMedals":723,"bet":3,"pay":0,"bonusCount":0,"lampOn":false,"displayStops":{"left":18,"center":10,"right":0},"stoppedMask":2}}
[10:09:21] [Render thread/INFO] (PiriRuntimeAcceptance) PIRI_PHASE02_PACKET {"type":"ACTION_ACCEPTED","payload":{"clientSequence":219,"action":"STOP_LEFT"}}
[10:09:21] [Render thread/INFO] (PiriRuntimeAcceptance) PIRI_PHASE02_PACKET {"type":"REEL_STOP","payload":{"spinId":"caeafc72-d307-4cab-a0c9-cc3259f4b179","reel":"LEFT","pressedIndex":2,"stopIndex":2,"slip":0,"durationMs":80}}
[10:09:21] [Render thread/INFO] (PiriRuntimeAcceptance) PIRI_PHASE02_PACKET {"type":"PUBLIC_STATE","payload":{"sessionId":"5267f3eb-5c85-4c6b-b2cf-d9c01834646e","machineId":1,"expectedNextClientSequence":220,"gameState":"NORMAL_SPINNING","lifecycle":"ACTIVE","credit":13,"heldMedals":723,"bet":3,"pay":0,"bonusCount":0,"lampOn":false,"displayStops":{"left":2,"center":10,"right":0},"stoppedMask":3}}
[10:09:22] [Render thread/INFO] (PiriRuntimeAcceptance) PIRI_PHASE02_PACKET {"type":"ACTION_ACCEPTED","payload":{"clientSequence":220,"action":"STOP_RIGHT"}}
[10:09:22] [Render thread/INFO] (PiriRuntimeAcceptance) PIRI_PHASE02_PACKET {"type":"REEL_STOP","payload":{"spinId":"caeafc72-d307-4cab-a0c9-cc3259f4b179","reel":"RIGHT","pressedIndex":17,"stopIndex":16,"slip":1,"durationMs":130}}
[10:09:22] [Render thread/INFO] (PiriRuntimeAcceptance) PIRI_PHASE02_PACKET {"type":"PUBLIC_STATE","payload":{"sessionId":"5267f3eb-5c85-4c6b-b2cf-d9c01834646e","machineId":1,"expectedNextClientSequence":221,"gameState":"SEATED_READY","lifecycle":"ACTIVE","credit":13,"heldMedals":723,"bet":0,"pay":0,"bonusCount":0,"lampOn":false,"displayStops":{"left":2,"center":10,"right":16},"stoppedMask":7}}
[10:09:22] [Render thread/INFO] (PiriRuntimeAcceptance) PIRI_PHASE02_PACKET {"type":"ACTION_ACCEPTED","payload":{"clientSequence":221,"action":"SPACE_ACTION"}}
[10:09:22] [Render thread/INFO] (PiriRuntimeAcceptance) PIRI_PHASE02_PACKET {"type":"PUBLIC_STATE","payload":{"sessionId":"5267f3eb-5c85-4c6b-b2cf-d9c01834646e","machineId":1,"expectedNextClientSequence":222,"gameState":"NORMAL_BETTED","lifecycle":"ACTIVE","credit":10,"heldMedals":723,"bet":3,"pay":0,"bonusCount":0,"lampOn":false,"displayStops":{"left":2,"center":10,"right":16},"stoppedMask":7}}
[10:09:23] [Render thread/INFO] (PiriRuntimeAcceptance) PIRI_PHASE02_PACKET {"type":"ACTION_ACCEPTED","payload":{"clientSequence":222,"action":"SPACE_ACTION"}}
[10:09:23] [Render thread/INFO] (PiriRuntimeAcceptance) PIRI_PHASE02_PACKET {"type":"PUBLIC_STATE","payload":{"sessionId":"5267f3eb-5c85-4c6b-b2cf-d9c01834646e","machineId":1,"expectedNextClientSequence":223,"gameState":"NORMAL_SPINNING","lifecycle":"ACTIVE","credit":10,"heldMedals":723,"bet":3,"pay":0,"bonusCount":0,"lampOn":false,"displayStops":{"left":2,"center":10,"right":16},"stoppedMask":0}}
[10:09:23] [Render thread/INFO] (PiriRuntimeAcceptance) PIRI_PHASE02_PACKET {"type":"SPIN_START","payload":{"sessionId":"5267f3eb-5c85-4c6b-b2cf-d9c01834646e","machineId":1,"spinId":"78ccbdc7-ff81-450e-aa12-3825345b9eb4","mode":"NORMAL","animation":"NORMAL","startPhase":{"left":2.0,"center":10.0,"right":16.0},"stopEnableAfterMs":400}}
[10:09:24] [Render thread/INFO] (PiriRuntimeAcceptance) PIRI_PHASE02_PACKET {"type":"ACTION_ACCEPTED","payload":{"clientSequence":223,"action":"STOP_CENTER"}}
[10:09:24] [Render thread/INFO] (PiriRuntimeAcceptance) PIRI_PHASE02_PACKET {"type":"REEL_STOP","payload":{"spinId":"78ccbdc7-ff81-450e-aa12-3825345b9eb4","reel":"CENTER","pressedIndex":3,"stopIndex":3,"slip":0,"durationMs":80}}
[10:09:24] [Render thread/INFO] (PiriRuntimeAcceptance) PIRI_PHASE02_PACKET {"type":"PUBLIC_STATE","payload":{"sessionId":"5267f3eb-5c85-4c6b-b2cf-d9c01834646e","machineId":1,"expectedNextClientSequence":224,"gameState":"NORMAL_SPINNING","lifecycle":"ACTIVE","credit":10,"heldMedals":723,"bet":3,"pay":0,"bonusCount":0,"lampOn":false,"displayStops":{"left":2,"center":3,"right":16},"stoppedMask":2}}
[10:09:24] [Render thread/INFO] (PiriRuntimeAcceptance) PIRI_PHASE02_PACKET {"type":"ACTION_ACCEPTED","payload":{"clientSequence":224,"action":"STOP_RIGHT"}}
[10:09:24] [Render thread/INFO] (PiriRuntimeAcceptance) PIRI_PHASE02_PACKET {"type":"REEL_STOP","payload":{"spinId":"78ccbdc7-ff81-450e-aa12-3825345b9eb4","reel":"RIGHT","pressedIndex":20,"stopIndex":20,"slip":0,"durationMs":80}}
[10:09:24] [Render thread/INFO] (PiriRuntimeAcceptance) PIRI_PHASE02_PACKET {"type":"PUBLIC_STATE","payload":{"sessionId":"5267f3eb-5c85-4c6b-b2cf-d9c01834646e","machineId":1,"expectedNextClientSequence":225,"gameState":"NORMAL_SPINNING","lifecycle":"ACTIVE","credit":10,"heldMedals":723,"bet":3,"pay":0,"bonusCount":0,"lampOn":false,"displayStops":{"left":2,"center":3,"right":20},"stoppedMask":6}}
[10:09:25] [Render thread/INFO] (PiriRuntimeAcceptance) PIRI_PHASE02_PACKET {"type":"ACTION_ACCEPTED","payload":{"clientSequence":225,"action":"STOP_LEFT"}}
[10:09:25] [Render thread/INFO] (PiriRuntimeAcceptance) PIRI_PHASE02_PACKET {"type":"REEL_STOP","payload":{"spinId":"78ccbdc7-ff81-450e-aa12-3825345b9eb4","reel":"LEFT","pressedIndex":18,"stopIndex":18,"slip":0,"durationMs":80}}
[10:09:25] [Render thread/INFO] (PiriRuntimeAcceptance) PIRI_PHASE02_PACKET {"type":"PUBLIC_STATE","payload":{"sessionId":"5267f3eb-5c85-4c6b-b2cf-d9c01834646e","machineId":1,"expectedNextClientSequence":226,"gameState":"SEATED_READY","lifecycle":"ACTIVE","credit":10,"heldMedals":723,"bet":0,"pay":0,"bonusCount":0,"lampOn":false,"displayStops":{"left":18,"center":3,"right":20},"stoppedMask":7}}
[10:09:25] [Render thread/INFO] (PiriRuntimeAcceptance) PIRI_PHASE02_PACKET {"type":"ACTION_ACCEPTED","payload":{"clientSequence":226,"action":"SPACE_ACTION"}}
[10:09:25] [Render thread/INFO] (PiriRuntimeAcceptance) PIRI_PHASE02_PACKET {"type":"PUBLIC_STATE","payload":{"sessionId":"5267f3eb-5c85-4c6b-b2cf-d9c01834646e","machineId":1,"expectedNextClientSequence":227,"gameState":"NORMAL_BETTED","lifecycle":"ACTIVE","credit":7,"heldMedals":723,"bet":3,"pay":0,"bonusCount":0,"lampOn":false,"displayStops":{"left":18,"center":3,"right":20},"stoppedMask":7}}
[10:09:26] [Render thread/INFO] (PiriRuntimeAcceptance) PIRI_PHASE02_PACKET {"type":"ACTION_ACCEPTED","payload":{"clientSequence":227,"action":"SPACE_ACTION"}}
[10:09:26] [Render thread/INFO] (PiriRuntimeAcceptance) PIRI_PHASE02_PACKET {"type":"PUBLIC_STATE","payload":{"sessionId":"5267f3eb-5c85-4c6b-b2cf-d9c01834646e","machineId":1,"expectedNextClientSequence":228,"gameState":"NORMAL_SPINNING","lifecycle":"ACTIVE","credit":7,"heldMedals":723,"bet":3,"pay":0,"bonusCount":0,"lampOn":false,"displayStops":{"left":18,"center":3,"right":20},"stoppedMask":0}}
[10:09:26] [Render thread/INFO] (PiriRuntimeAcceptance) PIRI_PHASE02_PACKET {"type":"SPIN_START","payload":{"sessionId":"5267f3eb-5c85-4c6b-b2cf-d9c01834646e","machineId":1,"spinId":"447d23d8-ced4-45b6-ae7a-4fd7e3ae4022","mode":"NORMAL","animation":"NORMAL","startPhase":{"left":18.0,"center":3.0,"right":20.0},"stopEnableAfterMs":400}}
[10:09:27] [Render thread/INFO] (PiriRuntimeAcceptance) PIRI_PHASE02_PACKET {"type":"ACTION_ACCEPTED","payload":{"clientSequence":228,"action":"STOP_RIGHT"}}
[10:09:27] [Render thread/INFO] (PiriRuntimeAcceptance) PIRI_PHASE02_PACKET {"type":"REEL_STOP","payload":{"spinId":"447d23d8-ced4-45b6-ae7a-4fd7e3ae4022","reel":"RIGHT","pressedIndex":8,"stopIndex":8,"slip":0,"durationMs":80}}
[10:09:27] [Render thread/INFO] (PiriRuntimeAcceptance) PIRI_PHASE02_PACKET {"type":"PUBLIC_STATE","payload":{"sessionId":"5267f3eb-5c85-4c6b-b2cf-d9c01834646e","machineId":1,"expectedNextClientSequence":229,"gameState":"NORMAL_SPINNING","lifecycle":"ACTIVE","credit":7,"heldMedals":723,"bet":3,"pay":0,"bonusCount":0,"lampOn":false,"displayStops":{"left":18,"center":3,"right":8},"stoppedMask":4}}
[10:09:27] [Render thread/INFO] (PiriRuntimeAcceptance) PIRI_PHASE02_PACKET {"type":"ACTION_ACCEPTED","payload":{"clientSequence":229,"action":"STOP_LEFT"}}
[10:09:27] [Render thread/INFO] (PiriRuntimeAcceptance) PIRI_PHASE02_PACKET {"type":"REEL_STOP","payload":{"spinId":"447d23d8-ced4-45b6-ae7a-4fd7e3ae4022","reel":"LEFT","pressedIndex":18,"stopIndex":18,"slip":0,"durationMs":80}}
[10:09:27] [Render thread/INFO] (PiriRuntimeAcceptance) PIRI_PHASE02_PACKET {"type":"PUBLIC_STATE","payload":{"sessionId":"5267f3eb-5c85-4c6b-b2cf-d9c01834646e","machineId":1,"expectedNextClientSequence":230,"gameState":"NORMAL_SPINNING","lifecycle":"ACTIVE","credit":7,"heldMedals":723,"bet":3,"pay":0,"bonusCount":0,"lampOn":false,"displayStops":{"left":18,"center":3,"right":8},"stoppedMask":5}}
[10:09:28] [Render thread/INFO] (PiriRuntimeAcceptance) PIRI_PHASE02_PACKET {"type":"ACTION_ACCEPTED","payload":{"clientSequence":230,"action":"STOP_CENTER"}}
[10:09:28] [Render thread/INFO] (PiriRuntimeAcceptance) PIRI_PHASE02_PACKET {"type":"REEL_STOP","payload":{"spinId":"447d23d8-ced4-45b6-ae7a-4fd7e3ae4022","reel":"CENTER","pressedIndex":15,"stopIndex":15,"slip":0,"durationMs":80}}
[10:09:28] [Render thread/INFO] (PiriRuntimeAcceptance) PIRI_PHASE02_PACKET {"type":"PUBLIC_STATE","payload":{"sessionId":"5267f3eb-5c85-4c6b-b2cf-d9c01834646e","machineId":1,"expectedNextClientSequence":231,"gameState":"SEATED_READY","lifecycle":"ACTIVE","credit":7,"heldMedals":723,"bet":0,"pay":0,"bonusCount":0,"lampOn":false,"displayStops":{"left":18,"center":15,"right":8},"stoppedMask":7}}
[10:09:28] [Render thread/INFO] (PiriRuntimeAcceptance) PIRI_PHASE02_PACKET {"type":"ACTION_ACCEPTED","payload":{"clientSequence":231,"action":"SPACE_ACTION"}}
[10:09:28] [Render thread/INFO] (PiriRuntimeAcceptance) PIRI_PHASE02_PACKET {"type":"PUBLIC_STATE","payload":{"sessionId":"5267f3eb-5c85-4c6b-b2cf-d9c01834646e","machineId":1,"expectedNextClientSequence":232,"gameState":"NORMAL_BETTED","lifecycle":"ACTIVE","credit":4,"heldMedals":723,"bet":3,"pay":0,"bonusCount":0,"lampOn":false,"displayStops":{"left":18,"center":15,"right":8},"stoppedMask":7}}
[10:09:29] [Render thread/INFO] (PiriRuntimeAcceptance) PIRI_PHASE02_PACKET {"type":"ACTION_ACCEPTED","payload":{"clientSequence":232,"action":"SPACE_ACTION"}}
[10:09:29] [Render thread/INFO] (PiriRuntimeAcceptance) PIRI_PHASE02_PACKET {"type":"PUBLIC_STATE","payload":{"sessionId":"5267f3eb-5c85-4c6b-b2cf-d9c01834646e","machineId":1,"expectedNextClientSequence":233,"gameState":"NORMAL_SPINNING","lifecycle":"ACTIVE","credit":4,"heldMedals":723,"bet":3,"pay":0,"bonusCount":0,"lampOn":false,"displayStops":{"left":18,"center":15,"right":8},"stoppedMask":0}}
[10:09:29] [Render thread/INFO] (PiriRuntimeAcceptance) PIRI_PHASE02_PACKET {"type":"SPIN_START","payload":{"sessionId":"5267f3eb-5c85-4c6b-b2cf-d9c01834646e","machineId":1,"spinId":"f66bffee-a106-4fe0-9d71-b2a094479f21","mode":"NORMAL","animation":"NORMAL","startPhase":{"left":18.0,"center":15.0,"right":8.0},"stopEnableAfterMs":400}}
[10:09:29] [Render thread/INFO] (PiriRuntimeAcceptance) PIRI_PHASE02_PACKET {"type":"ACTION_ACCEPTED","payload":{"clientSequence":233,"action":"STOP_RIGHT"}}
[10:09:29] [Render thread/INFO] (PiriRuntimeAcceptance) PIRI_PHASE02_PACKET {"type":"REEL_STOP","payload":{"spinId":"f66bffee-a106-4fe0-9d71-b2a094479f21","reel":"RIGHT","pressedIndex":0,"stopIndex":0,"slip":0,"durationMs":80}}
[10:09:29] [Render thread/INFO] (PiriRuntimeAcceptance) PIRI_PHASE02_PACKET {"type":"PUBLIC_STATE","payload":{"sessionId":"5267f3eb-5c85-4c6b-b2cf-d9c01834646e","machineId":1,"expectedNextClientSequence":234,"gameState":"NORMAL_SPINNING","lifecycle":"ACTIVE","credit":4,"heldMedals":723,"bet":3,"pay":0,"bonusCount":0,"lampOn":false,"displayStops":{"left":18,"center":15,"right":0},"stoppedMask":4}}
[10:09:30] [Render thread/INFO] (PiriRuntimeAcceptance) PIRI_PHASE02_PACKET {"type":"ACTION_ACCEPTED","payload":{"clientSequence":234,"action":"STOP_CENTER"}}
[10:09:30] [Render thread/INFO] (PiriRuntimeAcceptance) PIRI_PHASE02_PACKET {"type":"REEL_STOP","payload":{"spinId":"f66bffee-a106-4fe0-9d71-b2a094479f21","reel":"CENTER","pressedIndex":10,"stopIndex":10,"slip":0,"durationMs":80}}
[10:09:30] [Render thread/INFO] (PiriRuntimeAcceptance) PIRI_PHASE02_PACKET {"type":"PUBLIC_STATE","payload":{"sessionId":"5267f3eb-5c85-4c6b-b2cf-d9c01834646e","machineId":1,"expectedNextClientSequence":235,"gameState":"NORMAL_SPINNING","lifecycle":"ACTIVE","credit":4,"heldMedals":723,"bet":3,"pay":0,"bonusCount":0,"lampOn":false,"displayStops":{"left":18,"center":10,"right":0},"stoppedMask":6}}
[10:09:31] [Render thread/INFO] (PiriRuntimeAcceptance) PIRI_PHASE02_PACKET {"type":"ACTION_ACCEPTED","payload":{"clientSequence":235,"action":"STOP_LEFT"}}
[10:09:31] [Render thread/INFO] (PiriRuntimeAcceptance) PIRI_PHASE02_PACKET {"type":"REEL_STOP","payload":{"spinId":"f66bffee-a106-4fe0-9d71-b2a094479f21","reel":"LEFT","pressedIndex":4,"stopIndex":4,"slip":0,"durationMs":80}}
[10:09:31] [Render thread/INFO] (PiriRuntimeAcceptance) PIRI_PHASE02_PACKET {"type":"PUBLIC_STATE","payload":{"sessionId":"5267f3eb-5c85-4c6b-b2cf-d9c01834646e","machineId":1,"expectedNextClientSequence":236,"gameState":"SEATED_READY","lifecycle":"ACTIVE","credit":4,"heldMedals":723,"bet":0,"pay":0,"bonusCount":0,"lampOn":false,"displayStops":{"left":4,"center":10,"right":0},"stoppedMask":7}}
[10:09:31] [Render thread/INFO] (PiriRuntimeAcceptance) PIRI_PHASE02_PACKET {"type":"ACTION_ACCEPTED","payload":{"clientSequence":236,"action":"SPACE_ACTION"}}
[10:09:31] [Render thread/INFO] (PiriRuntimeAcceptance) PIRI_PHASE02_PACKET {"type":"PUBLIC_STATE","payload":{"sessionId":"5267f3eb-5c85-4c6b-b2cf-d9c01834646e","machineId":1,"expectedNextClientSequence":237,"gameState":"NORMAL_BETTED","lifecycle":"ACTIVE","credit":1,"heldMedals":723,"bet":3,"pay":0,"bonusCount":0,"lampOn":false,"displayStops":{"left":4,"center":10,"right":0},"stoppedMask":7}}
[10:09:32] [Render thread/INFO] (PiriRuntimeAcceptance) PIRI_PHASE02_PACKET {"type":"ACTION_ACCEPTED","payload":{"clientSequence":237,"action":"SPACE_ACTION"}}
[10:09:32] [Render thread/INFO] (PiriRuntimeAcceptance) PIRI_PHASE02_PACKET {"type":"PUBLIC_STATE","payload":{"sessionId":"5267f3eb-5c85-4c6b-b2cf-d9c01834646e","machineId":1,"expectedNextClientSequence":238,"gameState":"NORMAL_SPINNING","lifecycle":"ACTIVE","credit":1,"heldMedals":723,"bet":3,"pay":0,"bonusCount":0,"lampOn":false,"displayStops":{"left":4,"center":10,"right":0},"stoppedMask":0}}
[10:09:32] [Render thread/INFO] (PiriRuntimeAcceptance) PIRI_PHASE02_PACKET {"type":"SPIN_START","payload":{"sessionId":"5267f3eb-5c85-4c6b-b2cf-d9c01834646e","machineId":1,"spinId":"d2498bbb-fadb-40b3-add2-60defb6776db","mode":"NORMAL","animation":"NORMAL","startPhase":{"left":4.0,"center":10.0,"right":0.0},"stopEnableAfterMs":400}}
[10:09:33] [Render thread/INFO] (PiriRuntimeAcceptance) PIRI_PHASE02_PACKET {"type":"ACTION_ACCEPTED","payload":{"clientSequence":238,"action":"STOP_LEFT"}}
[10:09:33] [Render thread/INFO] (PiriRuntimeAcceptance) PIRI_PHASE02_PACKET {"type":"REEL_STOP","payload":{"spinId":"d2498bbb-fadb-40b3-add2-60defb6776db","reel":"LEFT","pressedIndex":17,"stopIndex":17,"slip":0,"durationMs":80}}
[10:09:33] [Render thread/INFO] (PiriRuntimeAcceptance) PIRI_PHASE02_PACKET {"type":"PUBLIC_STATE","payload":{"sessionId":"5267f3eb-5c85-4c6b-b2cf-d9c01834646e","machineId":1,"expectedNextClientSequence":239,"gameState":"NORMAL_SPINNING","lifecycle":"ACTIVE","credit":1,"heldMedals":723,"bet":3,"pay":0,"bonusCount":0,"lampOn":false,"displayStops":{"left":17,"center":10,"right":0},"stoppedMask":1}}
[10:09:33] [Render thread/INFO] (PiriRuntimeAcceptance) PIRI_PHASE02_PACKET {"type":"ACTION_ACCEPTED","payload":{"clientSequence":239,"action":"STOP_CENTER"}}
[10:09:33] [Render thread/INFO] (PiriRuntimeAcceptance) PIRI_PHASE02_PACKET {"type":"REEL_STOP","payload":{"spinId":"d2498bbb-fadb-40b3-add2-60defb6776db","reel":"CENTER","pressedIndex":14,"stopIndex":14,"slip":0,"durationMs":80}}
[10:09:33] [Render thread/INFO] (PiriRuntimeAcceptance) PIRI_PHASE02_PACKET {"type":"PUBLIC_STATE","payload":{"sessionId":"5267f3eb-5c85-4c6b-b2cf-d9c01834646e","machineId":1,"expectedNextClientSequence":240,"gameState":"NORMAL_SPINNING","lifecycle":"ACTIVE","credit":1,"heldMedals":723,"bet":3,"pay":0,"bonusCount":0,"lampOn":false,"displayStops":{"left":17,"center":14,"right":0},"stoppedMask":3}}
[10:09:34] [Render thread/INFO] (PiriRuntimeAcceptance) PIRI_PHASE02_PACKET {"type":"ACTION_ACCEPTED","payload":{"clientSequence":240,"action":"STOP_RIGHT"}}
[10:09:34] [Render thread/INFO] (PiriRuntimeAcceptance) PIRI_PHASE02_PACKET {"type":"REEL_STOP","payload":{"spinId":"d2498bbb-fadb-40b3-add2-60defb6776db","reel":"RIGHT","pressedIndex":16,"stopIndex":16,"slip":0,"durationMs":80}}
[10:09:34] [Render thread/INFO] (PiriRuntimeAcceptance) PIRI_PHASE02_PACKET {"type":"PUBLIC_STATE","payload":{"sessionId":"5267f3eb-5c85-4c6b-b2cf-d9c01834646e","machineId":1,"expectedNextClientSequence":241,"gameState":"SEATED_READY","lifecycle":"ACTIVE","credit":1,"heldMedals":723,"bet":0,"pay":0,"bonusCount":0,"lampOn":false,"displayStops":{"left":17,"center":14,"right":16},"stoppedMask":7}}
[10:09:34] [Render thread/INFO] (PiriRuntimeAcceptance) PIRI_PHASE02_PACKET {"type":"ACTION_ACCEPTED","payload":{"clientSequence":241,"action":"SPACE_ACTION"}}
[10:09:34] [Render thread/INFO] (PiriRuntimeAcceptance) PIRI_PHASE02_PACKET {"type":"PUBLIC_STATE","payload":{"sessionId":"5267f3eb-5c85-4c6b-b2cf-d9c01834646e","machineId":1,"expectedNextClientSequence":242,"gameState":"NORMAL_BETTED","lifecycle":"ACTIVE","credit":0,"heldMedals":721,"bet":3,"pay":0,"bonusCount":0,"lampOn":false,"displayStops":{"left":17,"center":14,"right":16},"stoppedMask":7}}
[10:09:35] [Render thread/INFO] (PiriRuntimeAcceptance) PIRI_PHASE02_PACKET {"type":"ACTION_ACCEPTED","payload":{"clientSequence":242,"action":"SPACE_ACTION"}}
[10:09:35] [Render thread/INFO] (PiriRuntimeAcceptance) PIRI_PHASE02_PACKET {"type":"PUBLIC_STATE","payload":{"sessionId":"5267f3eb-5c85-4c6b-b2cf-d9c01834646e","machineId":1,"expectedNextClientSequence":243,"gameState":"NORMAL_SPINNING","lifecycle":"ACTIVE","credit":0,"heldMedals":721,"bet":3,"pay":0,"bonusCount":0,"lampOn":false,"displayStops":{"left":17,"center":14,"right":16},"stoppedMask":0}}
[10:09:35] [Render thread/INFO] (PiriRuntimeAcceptance) PIRI_PHASE02_PACKET {"type":"SPIN_START","payload":{"sessionId":"5267f3eb-5c85-4c6b-b2cf-d9c01834646e","machineId":1,"spinId":"e5826f95-c4c9-4805-8829-72aa032eb655","mode":"NORMAL","animation":"NORMAL","startPhase":{"left":17.0,"center":14.0,"right":16.0},"stopEnableAfterMs":400}}
[10:09:35] [Render thread/INFO] (PiriRuntimeAcceptance) PIRI_PHASE02_PACKET {"type":"ACTION_ACCEPTED","payload":{"clientSequence":243,"action":"STOP_LEFT"}}
[10:09:35] [Render thread/INFO] (PiriRuntimeAcceptance) PIRI_PHASE02_PACKET {"type":"REEL_STOP","payload":{"spinId":"e5826f95-c4c9-4805-8829-72aa032eb655","reel":"LEFT","pressedIndex":9,"stopIndex":6,"slip":3,"durationMs":230}}
[10:09:35] [Render thread/INFO] (PiriRuntimeAcceptance) PIRI_PHASE02_PACKET {"type":"PUBLIC_STATE","payload":{"sessionId":"5267f3eb-5c85-4c6b-b2cf-d9c01834646e","machineId":1,"expectedNextClientSequence":244,"gameState":"NORMAL_SPINNING","lifecycle":"ACTIVE","credit":0,"heldMedals":721,"bet":3,"pay":0,"bonusCount":0,"lampOn":false,"displayStops":{"left":6,"center":14,"right":16},"stoppedMask":1}}
[10:09:36] [Render thread/INFO] (PiriRuntimeAcceptance) PIRI_PHASE02_PACKET {"type":"ACTION_ACCEPTED","payload":{"clientSequence":244,"action":"STOP_RIGHT"}}
[10:09:36] [Render thread/INFO] (PiriRuntimeAcceptance) PIRI_PHASE02_PACKET {"type":"REEL_STOP","payload":{"spinId":"e5826f95-c4c9-4805-8829-72aa032eb655","reel":"RIGHT","pressedIndex":20,"stopIndex":18,"slip":2,"durationMs":180}}
[10:09:36] [Render thread/INFO] (PiriRuntimeAcceptance) PIRI_PHASE02_PACKET {"type":"PUBLIC_STATE","payload":{"sessionId":"5267f3eb-5c85-4c6b-b2cf-d9c01834646e","machineId":1,"expectedNextClientSequence":245,"gameState":"NORMAL_SPINNING","lifecycle":"ACTIVE","credit":0,"heldMedals":721,"bet":3,"pay":0,"bonusCount":0,"lampOn":false,"displayStops":{"left":6,"center":14,"right":18},"stoppedMask":5}}
[10:09:36] [Render thread/INFO] (PiriRuntimeAcceptance) PIRI_PHASE02_PACKET {"type":"ACTION_ACCEPTED","payload":{"clientSequence":245,"action":"STOP_CENTER"}}
[10:09:36] [Render thread/INFO] (PiriRuntimeAcceptance) PIRI_PHASE02_PACKET {"type":"REEL_STOP","payload":{"spinId":"e5826f95-c4c9-4805-8829-72aa032eb655","reel":"CENTER","pressedIndex":9,"stopIndex":6,"slip":3,"durationMs":230}}
[10:09:36] [Render thread/INFO] (PiriRuntimeAcceptance) PIRI_PHASE02_PACKET {"type":"PUBLIC_STATE","payload":{"sessionId":"5267f3eb-5c85-4c6b-b2cf-d9c01834646e","machineId":1,"expectedNextClientSequence":246,"gameState":"REPLAY_READY","lifecycle":"ACTIVE","credit":0,"heldMedals":721,"bet":3,"pay":0,"bonusCount":0,"lampOn":false,"displayStops":{"left":6,"center":6,"right":18},"stoppedMask":7}}
[10:09:37] [Render thread/INFO] (PiriRuntimeAcceptance) PIRI_PHASE02_PACKET {"type":"ACTION_ACCEPTED","payload":{"clientSequence":246,"action":"SPACE_ACTION"}}
[10:09:37] [Render thread/INFO] (PiriRuntimeAcceptance) PIRI_PHASE02_PACKET {"type":"PUBLIC_STATE","payload":{"sessionId":"5267f3eb-5c85-4c6b-b2cf-d9c01834646e","machineId":1,"expectedNextClientSequence":247,"gameState":"NORMAL_SPINNING","lifecycle":"ACTIVE","credit":0,"heldMedals":721,"bet":3,"pay":0,"bonusCount":0,"lampOn":false,"displayStops":{"left":6,"center":6,"right":18},"stoppedMask":0}}
[10:09:37] [Render thread/INFO] (PiriRuntimeAcceptance) PIRI_PHASE02_PACKET {"type":"SPIN_START","payload":{"sessionId":"5267f3eb-5c85-4c6b-b2cf-d9c01834646e","machineId":1,"spinId":"8445c0f4-7412-43c0-81bf-85673c83aeb8","mode":"NORMAL","animation":"NORMAL","startPhase":{"left":6.0,"center":6.0,"right":18.0},"stopEnableAfterMs":400}}
[10:09:38] [Render thread/INFO] (PiriRuntimeAcceptance) PIRI_PHASE02_PACKET {"type":"ACTION_ACCEPTED","payload":{"clientSequence":247,"action":"STOP_CENTER"}}
[10:09:38] [Render thread/INFO] (PiriRuntimeAcceptance) PIRI_PHASE02_PACKET {"type":"REEL_STOP","payload":{"spinId":"8445c0f4-7412-43c0-81bf-85673c83aeb8","reel":"CENTER","pressedIndex":20,"stopIndex":20,"slip":0,"durationMs":80}}
[10:09:38] [Render thread/INFO] (PiriRuntimeAcceptance) PIRI_PHASE02_PACKET {"type":"PUBLIC_STATE","payload":{"sessionId":"5267f3eb-5c85-4c6b-b2cf-d9c01834646e","machineId":1,"expectedNextClientSequence":248,"gameState":"NORMAL_SPINNING","lifecycle":"ACTIVE","credit":0,"heldMedals":721,"bet":3,"pay":0,"bonusCount":0,"lampOn":false,"displayStops":{"left":6,"center":20,"right":18},"stoppedMask":2}}
[10:09:39] [Render thread/INFO] (PiriRuntimeAcceptance) PIRI_PHASE02_PACKET {"type":"ACTION_ACCEPTED","payload":{"clientSequence":248,"action":"STOP_LEFT"}}
[10:09:39] [Render thread/INFO] (PiriRuntimeAcceptance) PIRI_PHASE02_PACKET {"type":"REEL_STOP","payload":{"spinId":"8445c0f4-7412-43c0-81bf-85673c83aeb8","reel":"LEFT","pressedIndex":10,"stopIndex":10,"slip":0,"durationMs":80}}
[10:09:39] [Render thread/INFO] (PiriRuntimeAcceptance) PIRI_PHASE02_PACKET {"type":"PUBLIC_STATE","payload":{"sessionId":"5267f3eb-5c85-4c6b-b2cf-d9c01834646e","machineId":1,"expectedNextClientSequence":249,"gameState":"NORMAL_SPINNING","lifecycle":"ACTIVE","credit":0,"heldMedals":721,"bet":3,"pay":0,"bonusCount":0,"lampOn":false,"displayStops":{"left":10,"center":20,"right":18},"stoppedMask":3}}
[10:09:39] [Render thread/INFO] (PiriRuntimeAcceptance) PIRI_PHASE02_PACKET {"type":"ACTION_ACCEPTED","payload":{"clientSequence":249,"action":"STOP_RIGHT"}}
[10:09:39] [Render thread/INFO] (PiriRuntimeAcceptance) PIRI_PHASE02_PACKET {"type":"REEL_STOP","payload":{"spinId":"8445c0f4-7412-43c0-81bf-85673c83aeb8","reel":"RIGHT","pressedIndex":13,"stopIndex":11,"slip":2,"durationMs":180}}
[10:09:39] [Render thread/INFO] (PiriRuntimeAcceptance) PIRI_PHASE02_PACKET {"type":"PAYOUT","payload":{}}
[10:09:39] [Render thread/INFO] (PiriRuntimeAcceptance) PIRI_PHASE02_PACKET {"type":"PUBLIC_STATE","payload":{"sessionId":"5267f3eb-5c85-4c6b-b2cf-d9c01834646e","machineId":1,"expectedNextClientSequence":250,"gameState":"SEATED_READY","lifecycle":"ACTIVE","credit":8,"heldMedals":721,"bet":0,"pay":8,"bonusCount":0,"lampOn":false,"displayStops":{"left":10,"center":20,"right":11},"stoppedMask":7}}
[10:09:40] [Render thread/INFO] (PiriRuntimeAcceptance) PIRI_PHASE02_PACKET {"type":"ACTION_ACCEPTED","payload":{"clientSequence":250,"action":"SPACE_ACTION"}}
[10:09:40] [Render thread/INFO] (PiriRuntimeAcceptance) PIRI_PHASE02_PACKET {"type":"PUBLIC_STATE","payload":{"sessionId":"5267f3eb-5c85-4c6b-b2cf-d9c01834646e","machineId":1,"expectedNextClientSequence":251,"gameState":"NORMAL_BETTED","lifecycle":"ACTIVE","credit":5,"heldMedals":721,"bet":3,"pay":0,"bonusCount":0,"lampOn":false,"displayStops":{"left":10,"center":20,"right":11},"stoppedMask":7}}
[10:09:40] [Render thread/INFO] (PiriRuntimeAcceptance) PIRI_PHASE02_PACKET {"type":"ACTION_ACCEPTED","payload":{"clientSequence":251,"action":"SPACE_ACTION"}}
[10:09:40] [Render thread/INFO] (PiriRuntimeAcceptance) PIRI_PHASE02_PACKET {"type":"PUBLIC_STATE","payload":{"sessionId":"5267f3eb-5c85-4c6b-b2cf-d9c01834646e","machineId":1,"expectedNextClientSequence":252,"gameState":"NORMAL_SPINNING","lifecycle":"ACTIVE","credit":5,"heldMedals":721,"bet":3,"pay":0,"bonusCount":0,"lampOn":false,"displayStops":{"left":10,"center":20,"right":11},"stoppedMask":0}}
[10:09:40] [Render thread/INFO] (PiriRuntimeAcceptance) PIRI_PHASE02_PACKET {"type":"SPIN_START","payload":{"sessionId":"5267f3eb-5c85-4c6b-b2cf-d9c01834646e","machineId":1,"spinId":"825fc9c1-0d77-4a94-8e37-db26614c7f7b","mode":"NORMAL","animation":"NORMAL","startPhase":{"left":10.0,"center":20.0,"right":11.0},"stopEnableAfterMs":400}}
[10:09:41] [Render thread/INFO] (PiriRuntimeAcceptance) PIRI_PHASE02_PACKET {"type":"ACTION_ACCEPTED","payload":{"clientSequence":252,"action":"STOP_CENTER"}}
[10:09:41] [Render thread/INFO] (PiriRuntimeAcceptance) PIRI_PHASE02_PACKET {"type":"REEL_STOP","payload":{"spinId":"825fc9c1-0d77-4a94-8e37-db26614c7f7b","reel":"CENTER","pressedIndex":12,"stopIndex":12,"slip":0,"durationMs":80}}
[10:09:41] [Render thread/INFO] (PiriRuntimeAcceptance) PIRI_PHASE02_PACKET {"type":"PUBLIC_STATE","payload":{"sessionId":"5267f3eb-5c85-4c6b-b2cf-d9c01834646e","machineId":1,"expectedNextClientSequence":253,"gameState":"NORMAL_SPINNING","lifecycle":"ACTIVE","credit":5,"heldMedals":721,"bet":3,"pay":0,"bonusCount":0,"lampOn":false,"displayStops":{"left":10,"center":12,"right":11},"stoppedMask":2}}
[10:09:42] [Render thread/INFO] (PiriRuntimeAcceptance) PIRI_PHASE02_PACKET {"type":"ACTION_ACCEPTED","payload":{"clientSequence":253,"action":"STOP_RIGHT"}}
[10:09:42] [Render thread/INFO] (PiriRuntimeAcceptance) PIRI_PHASE02_PACKET {"type":"REEL_STOP","payload":{"spinId":"825fc9c1-0d77-4a94-8e37-db26614c7f7b","reel":"RIGHT","pressedIndex":15,"stopIndex":15,"slip":0,"durationMs":80}}
[10:09:42] [Render thread/INFO] (PiriRuntimeAcceptance) PIRI_PHASE02_PACKET {"type":"PUBLIC_STATE","payload":{"sessionId":"5267f3eb-5c85-4c6b-b2cf-d9c01834646e","machineId":1,"expectedNextClientSequence":254,"gameState":"NORMAL_SPINNING","lifecycle":"ACTIVE","credit":5,"heldMedals":721,"bet":3,"pay":0,"bonusCount":0,"lampOn":false,"displayStops":{"left":10,"center":12,"right":15},"stoppedMask":6}}
[10:09:42] [Render thread/INFO] (PiriRuntimeAcceptance) PIRI_PHASE02_PACKET {"type":"ACTION_ACCEPTED","payload":{"clientSequence":254,"action":"STOP_LEFT"}}
[10:09:42] [Render thread/INFO] (PiriRuntimeAcceptance) PIRI_PHASE02_PACKET {"type":"REEL_STOP","payload":{"spinId":"825fc9c1-0d77-4a94-8e37-db26614c7f7b","reel":"LEFT","pressedIndex":5,"stopIndex":4,"slip":1,"durationMs":130}}
[10:09:42] [Render thread/INFO] (PiriRuntimeAcceptance) PIRI_PHASE02_PACKET {"type":"PUBLIC_STATE","payload":{"sessionId":"5267f3eb-5c85-4c6b-b2cf-d9c01834646e","machineId":1,"expectedNextClientSequence":255,"gameState":"SEATED_READY","lifecycle":"ACTIVE","credit":5,"heldMedals":721,"bet":0,"pay":0,"bonusCount":0,"lampOn":false,"displayStops":{"left":4,"center":12,"right":15},"stoppedMask":7}}
[10:09:43] [Render thread/INFO] (PiriRuntimeAcceptance) PIRI_PHASE02_PACKET {"type":"ACTION_ACCEPTED","payload":{"clientSequence":255,"action":"SPACE_ACTION"}}
[10:09:43] [Render thread/INFO] (PiriRuntimeAcceptance) PIRI_PHASE02_PACKET {"type":"PUBLIC_STATE","payload":{"sessionId":"5267f3eb-5c85-4c6b-b2cf-d9c01834646e","machineId":1,"expectedNextClientSequence":256,"gameState":"NORMAL_BETTED","lifecycle":"ACTIVE","credit":2,"heldMedals":721,"bet":3,"pay":0,"bonusCount":0,"lampOn":false,"displayStops":{"left":4,"center":12,"right":15},"stoppedMask":7}}
[10:09:43] [Render thread/INFO] (PiriRuntimeAcceptance) PIRI_PHASE02_PACKET {"type":"ACTION_ACCEPTED","payload":{"clientSequence":256,"action":"SPACE_ACTION"}}
[10:09:43] [Render thread/INFO] (PiriRuntimeAcceptance) PIRI_PHASE02_PACKET {"type":"PUBLIC_STATE","payload":{"sessionId":"5267f3eb-5c85-4c6b-b2cf-d9c01834646e","machineId":1,"expectedNextClientSequence":257,"gameState":"NORMAL_SPINNING","lifecycle":"ACTIVE","credit":2,"heldMedals":721,"bet":3,"pay":0,"bonusCount":0,"lampOn":false,"displayStops":{"left":4,"center":12,"right":15},"stoppedMask":0}}
[10:09:43] [Render thread/INFO] (PiriRuntimeAcceptance) PIRI_PHASE02_PACKET {"type":"SPIN_START","payload":{"sessionId":"5267f3eb-5c85-4c6b-b2cf-d9c01834646e","machineId":1,"spinId":"69222629-ca5a-4bad-af24-54fbd75830d1","mode":"NORMAL","animation":"NORMAL","startPhase":{"left":4.0,"center":12.0,"right":15.0},"stopEnableAfterMs":400}}
[10:09:44] [Render thread/INFO] (PiriRuntimeAcceptance) PIRI_PHASE02_PACKET {"type":"ACTION_ACCEPTED","payload":{"clientSequence":257,"action":"STOP_RIGHT"}}
[10:09:44] [Render thread/INFO] (PiriRuntimeAcceptance) PIRI_PHASE02_PACKET {"type":"REEL_STOP","payload":{"spinId":"69222629-ca5a-4bad-af24-54fbd75830d1","reel":"RIGHT","pressedIndex":7,"stopIndex":7,"slip":0,"durationMs":80}}
[10:09:44] [Render thread/INFO] (PiriRuntimeAcceptance) PIRI_PHASE02_PACKET {"type":"PUBLIC_STATE","payload":{"sessionId":"5267f3eb-5c85-4c6b-b2cf-d9c01834646e","machineId":1,"expectedNextClientSequence":258,"gameState":"NORMAL_SPINNING","lifecycle":"ACTIVE","credit":2,"heldMedals":721,"bet":3,"pay":0,"bonusCount":0,"lampOn":false,"displayStops":{"left":4,"center":12,"right":7},"stoppedMask":4}}
[10:09:44] [Render thread/INFO] (PiriRuntimeAcceptance) PIRI_PHASE02_PACKET {"type":"ACTION_ACCEPTED","payload":{"clientSequence":258,"action":"STOP_LEFT"}}
[10:09:44] [Render thread/INFO] (PiriRuntimeAcceptance) PIRI_PHASE02_PACKET {"type":"REEL_STOP","payload":{"spinId":"69222629-ca5a-4bad-af24-54fbd75830d1","reel":"LEFT","pressedIndex":8,"stopIndex":5,"slip":3,"durationMs":230}}
[10:09:44] [Render thread/INFO] (PiriRuntimeAcceptance) PIRI_PHASE02_PACKET {"type":"PUBLIC_STATE","payload":{"sessionId":"5267f3eb-5c85-4c6b-b2cf-d9c01834646e","machineId":1,"expectedNextClientSequence":259,"gameState":"NORMAL_SPINNING","lifecycle":"ACTIVE","credit":2,"heldMedals":721,"bet":3,"pay":0,"bonusCount":0,"lampOn":false,"displayStops":{"left":5,"center":12,"right":7},"stoppedMask":5}}
[10:09:45] [Render thread/INFO] (PiriRuntimeAcceptance) PIRI_PHASE02_PACKET {"type":"ACTION_ACCEPTED","payload":{"clientSequence":259,"action":"STOP_CENTER"}}
[10:09:45] [Render thread/INFO] (PiriRuntimeAcceptance) PIRI_PHASE02_PACKET {"type":"REEL_STOP","payload":{"spinId":"69222629-ca5a-4bad-af24-54fbd75830d1","reel":"CENTER","pressedIndex":7,"stopIndex":4,"slip":3,"durationMs":230}}
[10:09:45] [Render thread/INFO] (PiriRuntimeAcceptance) PIRI_PHASE02_PACKET {"type":"PAYOUT","payload":{}}
[10:09:45] [Render thread/INFO] (PiriRuntimeAcceptance) PIRI_PHASE02_PACKET {"type":"PUBLIC_STATE","payload":{"sessionId":"5267f3eb-5c85-4c6b-b2cf-d9c01834646e","machineId":1,"expectedNextClientSequence":260,"gameState":"SEATED_READY","lifecycle":"ACTIVE","credit":10,"heldMedals":721,"bet":0,"pay":8,"bonusCount":0,"lampOn":false,"displayStops":{"left":5,"center":4,"right":7},"stoppedMask":7}}
[10:09:46] [Render thread/INFO] (PiriRuntimeAcceptance) PIRI_PHASE02_PACKET {"type":"ACTION_ACCEPTED","payload":{"clientSequence":260,"action":"SPACE_ACTION"}}
[10:09:46] [Render thread/INFO] (PiriRuntimeAcceptance) PIRI_PHASE02_PACKET {"type":"PUBLIC_STATE","payload":{"sessionId":"5267f3eb-5c85-4c6b-b2cf-d9c01834646e","machineId":1,"expectedNextClientSequence":261,"gameState":"NORMAL_BETTED","lifecycle":"ACTIVE","credit":7,"heldMedals":721,"bet":3,"pay":0,"bonusCount":0,"lampOn":false,"displayStops":{"left":5,"center":4,"right":7},"stoppedMask":7}}
[10:09:46] [Render thread/INFO] (PiriRuntimeAcceptance) PIRI_PHASE02_PACKET {"type":"ACTION_ACCEPTED","payload":{"clientSequence":261,"action":"SPACE_ACTION"}}
[10:09:46] [Render thread/INFO] (PiriRuntimeAcceptance) PIRI_PHASE02_PACKET {"type":"PUBLIC_STATE","payload":{"sessionId":"5267f3eb-5c85-4c6b-b2cf-d9c01834646e","machineId":1,"expectedNextClientSequence":262,"gameState":"NORMAL_SPINNING","lifecycle":"ACTIVE","credit":7,"heldMedals":721,"bet":3,"pay":0,"bonusCount":0,"lampOn":false,"displayStops":{"left":5,"center":4,"right":7},"stoppedMask":0}}
[10:09:46] [Render thread/INFO] (PiriRuntimeAcceptance) PIRI_PHASE02_PACKET {"type":"SPIN_START","payload":{"sessionId":"5267f3eb-5c85-4c6b-b2cf-d9c01834646e","machineId":1,"spinId":"85c9b1d8-b60e-4f73-b500-1e71dd9f0f66","mode":"NORMAL","animation":"NORMAL","startPhase":{"left":5.0,"center":4.0,"right":7.0},"stopEnableAfterMs":400}}
[10:09:47] [Render thread/INFO] (PiriRuntimeAcceptance) PIRI_PHASE02_PACKET {"type":"ACTION_ACCEPTED","payload":{"clientSequence":262,"action":"STOP_RIGHT"}}
[10:09:47] [Render thread/INFO] (PiriRuntimeAcceptance) PIRI_PHASE02_PACKET {"type":"REEL_STOP","payload":{"spinId":"85c9b1d8-b60e-4f73-b500-1e71dd9f0f66","reel":"RIGHT","pressedIndex":20,"stopIndex":20,"slip":0,"durationMs":80}}
[10:09:47] [Render thread/INFO] (PiriRuntimeAcceptance) PIRI_PHASE02_PACKET {"type":"PUBLIC_STATE","payload":{"sessionId":"5267f3eb-5c85-4c6b-b2cf-d9c01834646e","machineId":1,"expectedNextClientSequence":263,"gameState":"NORMAL_SPINNING","lifecycle":"ACTIVE","credit":7,"heldMedals":721,"bet":3,"pay":0,"bonusCount":0,"lampOn":false,"displayStops":{"left":5,"center":4,"right":20},"stoppedMask":4}}
[10:09:47] [Render thread/INFO] (PiriRuntimeAcceptance) PIRI_PHASE02_PACKET {"type":"ACTION_ACCEPTED","payload":{"clientSequence":263,"action":"STOP_CENTER"}}
[10:09:47] [Render thread/INFO] (PiriRuntimeAcceptance) PIRI_PHASE02_PACKET {"type":"REEL_STOP","payload":{"spinId":"85c9b1d8-b60e-4f73-b500-1e71dd9f0f66","reel":"CENTER","pressedIndex":8,"stopIndex":8,"slip":0,"durationMs":80}}
[10:09:47] [Render thread/INFO] (PiriRuntimeAcceptance) PIRI_PHASE02_PACKET {"type":"PUBLIC_STATE","payload":{"sessionId":"5267f3eb-5c85-4c6b-b2cf-d9c01834646e","machineId":1,"expectedNextClientSequence":264,"gameState":"NORMAL_SPINNING","lifecycle":"ACTIVE","credit":7,"heldMedals":721,"bet":3,"pay":0,"bonusCount":0,"lampOn":false,"displayStops":{"left":5,"center":8,"right":20},"stoppedMask":6}}
[10:09:48] [Render thread/INFO] (PiriRuntimeAcceptance) PIRI_PHASE02_PACKET {"type":"ACTION_ACCEPTED","payload":{"clientSequence":264,"action":"STOP_LEFT"}}
[10:09:48] [Render thread/INFO] (PiriRuntimeAcceptance) PIRI_PHASE02_PACKET {"type":"REEL_STOP","payload":{"spinId":"85c9b1d8-b60e-4f73-b500-1e71dd9f0f66","reel":"LEFT","pressedIndex":0,"stopIndex":18,"slip":3,"durationMs":230}}
[10:09:48] [Render thread/INFO] (PiriRuntimeAcceptance) PIRI_PHASE02_PACKET {"type":"PUBLIC_STATE","payload":{"sessionId":"5267f3eb-5c85-4c6b-b2cf-d9c01834646e","machineId":1,"expectedNextClientSequence":265,"gameState":"SEATED_READY","lifecycle":"ACTIVE","credit":7,"heldMedals":721,"bet":0,"pay":0,"bonusCount":0,"lampOn":false,"displayStops":{"left":18,"center":8,"right":20},"stoppedMask":7}}
[10:09:49] [Render thread/INFO] (PiriRuntimeAcceptance) PIRI_PHASE02_PACKET {"type":"ACTION_ACCEPTED","payload":{"clientSequence":265,"action":"SPACE_ACTION"}}
[10:09:49] [Render thread/INFO] (PiriRuntimeAcceptance) PIRI_PHASE02_PACKET {"type":"PUBLIC_STATE","payload":{"sessionId":"5267f3eb-5c85-4c6b-b2cf-d9c01834646e","machineId":1,"expectedNextClientSequence":266,"gameState":"NORMAL_BETTED","lifecycle":"ACTIVE","credit":4,"heldMedals":721,"bet":3,"pay":0,"bonusCount":0,"lampOn":false,"displayStops":{"left":18,"center":8,"right":20},"stoppedMask":7}}
[10:09:49] [Render thread/INFO] (PiriRuntimeAcceptance) PIRI_PHASE02_PACKET {"type":"ACTION_ACCEPTED","payload":{"clientSequence":266,"action":"SPACE_ACTION"}}
[10:09:49] [Render thread/INFO] (PiriRuntimeAcceptance) PIRI_PHASE02_PACKET {"type":"PUBLIC_STATE","payload":{"sessionId":"5267f3eb-5c85-4c6b-b2cf-d9c01834646e","machineId":1,"expectedNextClientSequence":267,"gameState":"NORMAL_SPINNING","lifecycle":"ACTIVE","credit":4,"heldMedals":721,"bet":3,"pay":0,"bonusCount":0,"lampOn":false,"displayStops":{"left":18,"center":8,"right":20},"stoppedMask":0}}
[10:09:49] [Render thread/INFO] (PiriRuntimeAcceptance) PIRI_PHASE02_PACKET {"type":"SPIN_START","payload":{"sessionId":"5267f3eb-5c85-4c6b-b2cf-d9c01834646e","machineId":1,"spinId":"cf3d5bfb-4b54-4b49-8571-cf9dbf877b12","mode":"NORMAL","animation":"NORMAL","startPhase":{"left":18.0,"center":8.0,"right":20.0},"stopEnableAfterMs":400}}
[10:09:50] [Render thread/INFO] (PiriRuntimeAcceptance) PIRI_PHASE02_PACKET {"type":"ACTION_ACCEPTED","payload":{"clientSequence":267,"action":"STOP_LEFT"}}
[10:09:50] [Render thread/INFO] (PiriRuntimeAcceptance) PIRI_PHASE02_PACKET {"type":"REEL_STOP","payload":{"spinId":"cf3d5bfb-4b54-4b49-8571-cf9dbf877b12","reel":"LEFT","pressedIndex":11,"stopIndex":11,"slip":0,"durationMs":80}}
[10:09:50] [Render thread/INFO] (PiriRuntimeAcceptance) PIRI_PHASE02_PACKET {"type":"PUBLIC_STATE","payload":{"sessionId":"5267f3eb-5c85-4c6b-b2cf-d9c01834646e","machineId":1,"expectedNextClientSequence":268,"gameState":"NORMAL_SPINNING","lifecycle":"ACTIVE","credit":4,"heldMedals":721,"bet":3,"pay":0,"bonusCount":0,"lampOn":false,"displayStops":{"left":11,"center":8,"right":20},"stoppedMask":1}}
[10:09:50] [Render thread/INFO] (PiriRuntimeAcceptance) PIRI_PHASE02_PACKET {"type":"ACTION_ACCEPTED","payload":{"clientSequence":268,"action":"STOP_CENTER"}}
[10:09:50] [Render thread/INFO] (PiriRuntimeAcceptance) PIRI_PHASE02_PACKET {"type":"REEL_STOP","payload":{"spinId":"cf3d5bfb-4b54-4b49-8571-cf9dbf877b12","reel":"CENTER","pressedIndex":13,"stopIndex":13,"slip":0,"durationMs":80}}
[10:09:50] [Render thread/INFO] (PiriRuntimeAcceptance) PIRI_PHASE02_PACKET {"type":"PUBLIC_STATE","payload":{"sessionId":"5267f3eb-5c85-4c6b-b2cf-d9c01834646e","machineId":1,"expectedNextClientSequence":269,"gameState":"NORMAL_SPINNING","lifecycle":"ACTIVE","credit":4,"heldMedals":721,"bet":3,"pay":0,"bonusCount":0,"lampOn":false,"displayStops":{"left":11,"center":13,"right":20},"stoppedMask":3}}
[10:09:51] [Render thread/INFO] (PiriRuntimeAcceptance) PIRI_PHASE02_PACKET {"type":"ACTION_ACCEPTED","payload":{"clientSequence":269,"action":"STOP_RIGHT"}}
[10:09:51] [Render thread/INFO] (PiriRuntimeAcceptance) PIRI_PHASE02_PACKET {"type":"REEL_STOP","payload":{"spinId":"cf3d5bfb-4b54-4b49-8571-cf9dbf877b12","reel":"RIGHT","pressedIndex":16,"stopIndex":15,"slip":1,"durationMs":130}}
[10:09:51] [Render thread/INFO] (PiriRuntimeAcceptance) PIRI_PHASE02_PACKET {"type":"PUBLIC_STATE","payload":{"sessionId":"5267f3eb-5c85-4c6b-b2cf-d9c01834646e","machineId":1,"expectedNextClientSequence":270,"gameState":"SEATED_READY","lifecycle":"ACTIVE","credit":4,"heldMedals":721,"bet":0,"pay":0,"bonusCount":0,"lampOn":false,"displayStops":{"left":11,"center":13,"right":15},"stoppedMask":7}}
[10:09:52] [Render thread/INFO] (PiriRuntimeAcceptance) PIRI_PHASE02_PACKET {"type":"ACTION_ACCEPTED","payload":{"clientSequence":270,"action":"SPACE_ACTION"}}
[10:09:52] [Render thread/INFO] (PiriRuntimeAcceptance) PIRI_PHASE02_PACKET {"type":"PUBLIC_STATE","payload":{"sessionId":"5267f3eb-5c85-4c6b-b2cf-d9c01834646e","machineId":1,"expectedNextClientSequence":271,"gameState":"NORMAL_BETTED","lifecycle":"ACTIVE","credit":1,"heldMedals":721,"bet":3,"pay":0,"bonusCount":0,"lampOn":false,"displayStops":{"left":11,"center":13,"right":15},"stoppedMask":7}}
[10:09:52] [Render thread/INFO] (PiriRuntimeAcceptance) PIRI_PHASE02_PACKET {"type":"ACTION_ACCEPTED","payload":{"clientSequence":271,"action":"SPACE_ACTION"}}
[10:09:52] [Render thread/INFO] (PiriRuntimeAcceptance) PIRI_PHASE02_PACKET {"type":"PUBLIC_STATE","payload":{"sessionId":"5267f3eb-5c85-4c6b-b2cf-d9c01834646e","machineId":1,"expectedNextClientSequence":272,"gameState":"NORMAL_SPINNING","lifecycle":"ACTIVE","credit":1,"heldMedals":721,"bet":3,"pay":0,"bonusCount":0,"lampOn":false,"displayStops":{"left":11,"center":13,"right":15},"stoppedMask":0}}
[10:09:52] [Render thread/INFO] (PiriRuntimeAcceptance) PIRI_PHASE02_PACKET {"type":"SPIN_START","payload":{"sessionId":"5267f3eb-5c85-4c6b-b2cf-d9c01834646e","machineId":1,"spinId":"cee5bd32-3a03-4433-9d1e-a49817dc4105","mode":"NORMAL","animation":"NORMAL","startPhase":{"left":11.0,"center":13.0,"right":15.0},"stopEnableAfterMs":400}}
[10:09:53] [Render thread/INFO] (PiriRuntimeAcceptance) PIRI_PHASE02_PACKET {"type":"ACTION_ACCEPTED","payload":{"clientSequence":272,"action":"STOP_LEFT"}}
[10:09:53] [Render thread/INFO] (PiriRuntimeAcceptance) PIRI_PHASE02_PACKET {"type":"REEL_STOP","payload":{"spinId":"cee5bd32-3a03-4433-9d1e-a49817dc4105","reel":"LEFT","pressedIndex":3,"stopIndex":3,"slip":0,"durationMs":80}}
[10:09:53] [Render thread/INFO] (PiriRuntimeAcceptance) PIRI_PHASE02_PACKET {"type":"PUBLIC_STATE","payload":{"sessionId":"5267f3eb-5c85-4c6b-b2cf-d9c01834646e","machineId":1,"expectedNextClientSequence":273,"gameState":"NORMAL_SPINNING","lifecycle":"ACTIVE","credit":1,"heldMedals":721,"bet":3,"pay":0,"bonusCount":0,"lampOn":false,"displayStops":{"left":3,"center":13,"right":15},"stoppedMask":1}}
[10:09:53] [Render thread/INFO] (PiriRuntimeAcceptance) PIRI_PHASE02_PACKET {"type":"ACTION_ACCEPTED","payload":{"clientSequence":273,"action":"STOP_RIGHT"}}
[10:09:53] [Render thread/INFO] (PiriRuntimeAcceptance) PIRI_PHASE02_PACKET {"type":"REEL_STOP","payload":{"spinId":"cee5bd32-3a03-4433-9d1e-a49817dc4105","reel":"RIGHT","pressedIndex":19,"stopIndex":19,"slip":0,"durationMs":80}}
[10:09:53] [Render thread/INFO] (PiriRuntimeAcceptance) PIRI_PHASE02_PACKET {"type":"PUBLIC_STATE","payload":{"sessionId":"5267f3eb-5c85-4c6b-b2cf-d9c01834646e","machineId":1,"expectedNextClientSequence":274,"gameState":"NORMAL_SPINNING","lifecycle":"ACTIVE","credit":1,"heldMedals":721,"bet":3,"pay":0,"bonusCount":0,"lampOn":false,"displayStops":{"left":3,"center":13,"right":19},"stoppedMask":5}}
[10:09:54] [Render thread/INFO] (PiriRuntimeAcceptance) PIRI_PHASE02_PACKET {"type":"ACTION_ACCEPTED","payload":{"clientSequence":274,"action":"STOP_CENTER"}}
[10:09:54] [Render thread/INFO] (PiriRuntimeAcceptance) PIRI_PHASE02_PACKET {"type":"REEL_STOP","payload":{"spinId":"cee5bd32-3a03-4433-9d1e-a49817dc4105","reel":"CENTER","pressedIndex":8,"stopIndex":8,"slip":0,"durationMs":80}}
[10:09:54] [Render thread/INFO] (PiriRuntimeAcceptance) PIRI_PHASE02_PACKET {"type":"PUBLIC_STATE","payload":{"sessionId":"5267f3eb-5c85-4c6b-b2cf-d9c01834646e","machineId":1,"expectedNextClientSequence":275,"gameState":"SEATED_READY","lifecycle":"ACTIVE","credit":1,"heldMedals":721,"bet":0,"pay":0,"bonusCount":0,"lampOn":false,"displayStops":{"left":3,"center":8,"right":19},"stoppedMask":7}}
[10:09:54] [Render thread/INFO] (PiriRuntimeAcceptance) PIRI_PHASE02_PACKET {"type":"ACTION_ACCEPTED","payload":{"clientSequence":275,"action":"SPACE_ACTION"}}
[10:09:54] [Render thread/INFO] (PiriRuntimeAcceptance) PIRI_PHASE02_PACKET {"type":"PUBLIC_STATE","payload":{"sessionId":"5267f3eb-5c85-4c6b-b2cf-d9c01834646e","machineId":1,"expectedNextClientSequence":276,"gameState":"NORMAL_BETTED","lifecycle":"ACTIVE","credit":0,"heldMedals":719,"bet":3,"pay":0,"bonusCount":0,"lampOn":false,"displayStops":{"left":3,"center":8,"right":19},"stoppedMask":7}}
[10:09:55] [Render thread/INFO] (PiriRuntimeAcceptance) PIRI_PHASE02_PACKET {"type":"ACTION_ACCEPTED","payload":{"clientSequence":276,"action":"SPACE_ACTION"}}
[10:09:55] [Render thread/INFO] (PiriRuntimeAcceptance) PIRI_PHASE02_PACKET {"type":"PUBLIC_STATE","payload":{"sessionId":"5267f3eb-5c85-4c6b-b2cf-d9c01834646e","machineId":1,"expectedNextClientSequence":277,"gameState":"NORMAL_SPINNING","lifecycle":"ACTIVE","credit":0,"heldMedals":719,"bet":3,"pay":0,"bonusCount":0,"lampOn":false,"displayStops":{"left":3,"center":8,"right":19},"stoppedMask":0}}
[10:09:55] [Render thread/INFO] (PiriRuntimeAcceptance) PIRI_PHASE02_PACKET {"type":"SPIN_START","payload":{"sessionId":"5267f3eb-5c85-4c6b-b2cf-d9c01834646e","machineId":1,"spinId":"b1c2f9fd-211c-45cb-ab22-31b1213faf34","mode":"NORMAL","animation":"NORMAL","startPhase":{"left":3.0,"center":8.0,"right":19.0},"stopEnableAfterMs":400}}
[10:09:56] [Render thread/INFO] (PiriRuntimeAcceptance) PIRI_PHASE02_PACKET {"type":"ACTION_ACCEPTED","payload":{"clientSequence":277,"action":"STOP_CENTER"}}
[10:09:56] [Render thread/INFO] (PiriRuntimeAcceptance) PIRI_PHASE02_PACKET {"type":"REEL_STOP","payload":{"spinId":"b1c2f9fd-211c-45cb-ab22-31b1213faf34","reel":"CENTER","pressedIndex":0,"stopIndex":0,"slip":0,"durationMs":80}}
[10:09:56] [Render thread/INFO] (PiriRuntimeAcceptance) PIRI_PHASE02_PACKET {"type":"PUBLIC_STATE","payload":{"sessionId":"5267f3eb-5c85-4c6b-b2cf-d9c01834646e","machineId":1,"expectedNextClientSequence":278,"gameState":"NORMAL_SPINNING","lifecycle":"ACTIVE","credit":0,"heldMedals":719,"bet":3,"pay":0,"bonusCount":0,"lampOn":false,"displayStops":{"left":3,"center":0,"right":19},"stoppedMask":2}}
[10:09:56] [Render thread/INFO] (PiriRuntimeAcceptance) PIRI_PHASE02_PACKET {"type":"ACTION_ACCEPTED","payload":{"clientSequence":278,"action":"STOP_LEFT"}}
[10:09:56] [Render thread/INFO] (PiriRuntimeAcceptance) PIRI_PHASE02_PACKET {"type":"REEL_STOP","payload":{"spinId":"b1c2f9fd-211c-45cb-ab22-31b1213faf34","reel":"LEFT","pressedIndex":7,"stopIndex":6,"slip":1,"durationMs":130}}
[10:09:56] [Render thread/INFO] (PiriRuntimeAcceptance) PIRI_PHASE02_PACKET {"type":"PUBLIC_STATE","payload":{"sessionId":"5267f3eb-5c85-4c6b-b2cf-d9c01834646e","machineId":1,"expectedNextClientSequence":279,"gameState":"NORMAL_SPINNING","lifecycle":"ACTIVE","credit":0,"heldMedals":719,"bet":3,"pay":0,"bonusCount":0,"lampOn":false,"displayStops":{"left":6,"center":0,"right":19},"stoppedMask":3}}
[10:09:57] [Render thread/INFO] (PiriRuntimeAcceptance) PIRI_PHASE02_PACKET {"type":"ACTION_ACCEPTED","payload":{"clientSequence":279,"action":"STOP_RIGHT"}}
[10:09:57] [Render thread/INFO] (PiriRuntimeAcceptance) PIRI_PHASE02_PACKET {"type":"REEL_STOP","payload":{"spinId":"b1c2f9fd-211c-45cb-ab22-31b1213faf34","reel":"RIGHT","pressedIndex":14,"stopIndex":14,"slip":0,"durationMs":80}}
[10:09:57] [Render thread/INFO] (PiriRuntimeAcceptance) PIRI_PHASE02_PACKET {"type":"PUBLIC_STATE","payload":{"sessionId":"5267f3eb-5c85-4c6b-b2cf-d9c01834646e","machineId":1,"expectedNextClientSequence":280,"gameState":"SEATED_READY","lifecycle":"ACTIVE","credit":0,"heldMedals":719,"bet":0,"pay":0,"bonusCount":0,"lampOn":false,"displayStops":{"left":6,"center":0,"right":14},"stoppedMask":7}}
[10:09:57] [Render thread/INFO] (PiriRuntimeAcceptance) PIRI_PHASE02_PACKET {"type":"ACTION_ACCEPTED","payload":{"clientSequence":280,"action":"SPACE_ACTION"}}
[10:09:57] [Render thread/INFO] (PiriRuntimeAcceptance) PIRI_PHASE02_PACKET {"type":"PUBLIC_STATE","payload":{"sessionId":"5267f3eb-5c85-4c6b-b2cf-d9c01834646e","machineId":1,"expectedNextClientSequence":281,"gameState":"NORMAL_BETTED","lifecycle":"ACTIVE","credit":0,"heldMedals":716,"bet":3,"pay":0,"bonusCount":0,"lampOn":false,"displayStops":{"left":6,"center":0,"right":14},"stoppedMask":7}}
[10:09:58] [Render thread/INFO] (PiriRuntimeAcceptance) PIRI_PHASE02_PACKET {"type":"ACTION_ACCEPTED","payload":{"clientSequence":281,"action":"SPACE_ACTION"}}
[10:09:58] [Render thread/INFO] (PiriRuntimeAcceptance) PIRI_PHASE02_PACKET {"type":"PUBLIC_STATE","payload":{"sessionId":"5267f3eb-5c85-4c6b-b2cf-d9c01834646e","machineId":1,"expectedNextClientSequence":282,"gameState":"NORMAL_SPINNING","lifecycle":"ACTIVE","credit":0,"heldMedals":716,"bet":3,"pay":0,"bonusCount":0,"lampOn":false,"displayStops":{"left":6,"center":0,"right":14},"stoppedMask":0}}
[10:09:58] [Render thread/INFO] (PiriRuntimeAcceptance) PIRI_PHASE02_PACKET {"type":"SPIN_START","payload":{"sessionId":"5267f3eb-5c85-4c6b-b2cf-d9c01834646e","machineId":1,"spinId":"a286fa00-0dc1-4279-b0ab-bd09bdbe523b","mode":"NORMAL","animation":"NORMAL","startPhase":{"left":6.0,"center":0.0,"right":14.0},"stopEnableAfterMs":400}}
[10:09:59] [Render thread/INFO] (PiriRuntimeAcceptance) PIRI_PHASE02_PACKET {"type":"ACTION_ACCEPTED","payload":{"clientSequence":282,"action":"STOP_CENTER"}}
[10:09:59] [Render thread/INFO] (PiriRuntimeAcceptance) PIRI_PHASE02_PACKET {"type":"REEL_STOP","payload":{"spinId":"a286fa00-0dc1-4279-b0ab-bd09bdbe523b","reel":"CENTER","pressedIndex":9,"stopIndex":9,"slip":0,"durationMs":80}}
[10:09:59] [Render thread/INFO] (PiriRuntimeAcceptance) PIRI_PHASE02_PACKET {"type":"PUBLIC_STATE","payload":{"sessionId":"5267f3eb-5c85-4c6b-b2cf-d9c01834646e","machineId":1,"expectedNextClientSequence":283,"gameState":"NORMAL_SPINNING","lifecycle":"ACTIVE","credit":0,"heldMedals":716,"bet":3,"pay":0,"bonusCount":0,"lampOn":false,"displayStops":{"left":6,"center":9,"right":14},"stoppedMask":2}}
[10:09:59] [Render thread/INFO] (PiriRuntimeAcceptance) PIRI_PHASE02_PACKET {"type":"ACTION_ACCEPTED","payload":{"clientSequence":283,"action":"STOP_RIGHT"}}
[10:09:59] [Render thread/INFO] (PiriRuntimeAcceptance) PIRI_PHASE02_PACKET {"type":"REEL_STOP","payload":{"spinId":"a286fa00-0dc1-4279-b0ab-bd09bdbe523b","reel":"RIGHT","pressedIndex":14,"stopIndex":14,"slip":0,"durationMs":80}}
[10:09:59] [Render thread/INFO] (PiriRuntimeAcceptance) PIRI_PHASE02_PACKET {"type":"PUBLIC_STATE","payload":{"sessionId":"5267f3eb-5c85-4c6b-b2cf-d9c01834646e","machineId":1,"expectedNextClientSequence":284,"gameState":"NORMAL_SPINNING","lifecycle":"ACTIVE","credit":0,"heldMedals":716,"bet":3,"pay":0,"bonusCount":0,"lampOn":false,"displayStops":{"left":6,"center":9,"right":14},"stoppedMask":6}}
[10:10:00] [Render thread/INFO] (PiriRuntimeAcceptance) PIRI_PHASE02_PACKET {"type":"ACTION_ACCEPTED","payload":{"clientSequence":284,"action":"STOP_LEFT"}}
[10:10:00] [Render thread/INFO] (PiriRuntimeAcceptance) PIRI_PHASE02_PACKET {"type":"REEL_STOP","payload":{"spinId":"a286fa00-0dc1-4279-b0ab-bd09bdbe523b","reel":"LEFT","pressedIndex":18,"stopIndex":18,"slip":0,"durationMs":80}}
[10:10:00] [Render thread/INFO] (PiriRuntimeAcceptance) PIRI_PHASE02_PACKET {"type":"PUBLIC_STATE","payload":{"sessionId":"5267f3eb-5c85-4c6b-b2cf-d9c01834646e","machineId":1,"expectedNextClientSequence":285,"gameState":"SEATED_READY","lifecycle":"ACTIVE","credit":0,"heldMedals":716,"bet":0,"pay":0,"bonusCount":0,"lampOn":false,"displayStops":{"left":18,"center":9,"right":14},"stoppedMask":7}}
[10:10:00] [Render thread/INFO] (PiriRuntimeAcceptance) PIRI_PHASE02_PACKET {"type":"ACTION_ACCEPTED","payload":{"clientSequence":285,"action":"SPACE_ACTION"}}
[10:10:00] [Render thread/INFO] (PiriRuntimeAcceptance) PIRI_PHASE02_PACKET {"type":"PUBLIC_STATE","payload":{"sessionId":"5267f3eb-5c85-4c6b-b2cf-d9c01834646e","machineId":1,"expectedNextClientSequence":286,"gameState":"NORMAL_BETTED","lifecycle":"ACTIVE","credit":0,"heldMedals":713,"bet":3,"pay":0,"bonusCount":0,"lampOn":false,"displayStops":{"left":18,"center":9,"right":14},"stoppedMask":7}}
[10:10:01] [Render thread/INFO] (PiriRuntimeAcceptance) PIRI_PHASE02_PACKET {"type":"ACTION_ACCEPTED","payload":{"clientSequence":286,"action":"SPACE_ACTION"}}
[10:10:01] [Render thread/INFO] (PiriRuntimeAcceptance) PIRI_PHASE02_PACKET {"type":"PUBLIC_STATE","payload":{"sessionId":"5267f3eb-5c85-4c6b-b2cf-d9c01834646e","machineId":1,"expectedNextClientSequence":287,"gameState":"NORMAL_SPINNING","lifecycle":"ACTIVE","credit":0,"heldMedals":713,"bet":3,"pay":0,"bonusCount":0,"lampOn":false,"displayStops":{"left":18,"center":9,"right":14},"stoppedMask":0}}
[10:10:01] [Render thread/INFO] (PiriRuntimeAcceptance) PIRI_PHASE02_PACKET {"type":"SPIN_START","payload":{"sessionId":"5267f3eb-5c85-4c6b-b2cf-d9c01834646e","machineId":1,"spinId":"687db866-edb8-4914-9d7d-762403b829e1","mode":"NORMAL","animation":"NORMAL","startPhase":{"left":18.0,"center":9.0,"right":14.0},"stopEnableAfterMs":400}}
[10:10:02] [Render thread/INFO] (PiriRuntimeAcceptance) PIRI_PHASE02_PACKET {"type":"ACTION_ACCEPTED","payload":{"clientSequence":287,"action":"STOP_RIGHT"}}
[10:10:02] [Render thread/INFO] (PiriRuntimeAcceptance) PIRI_PHASE02_PACKET {"type":"REEL_STOP","payload":{"spinId":"687db866-edb8-4914-9d7d-762403b829e1","reel":"RIGHT","pressedIndex":2,"stopIndex":2,"slip":0,"durationMs":80}}
[10:10:02] [Render thread/INFO] (PiriRuntimeAcceptance) PIRI_PHASE02_PACKET {"type":"PUBLIC_STATE","payload":{"sessionId":"5267f3eb-5c85-4c6b-b2cf-d9c01834646e","machineId":1,"expectedNextClientSequence":288,"gameState":"NORMAL_SPINNING","lifecycle":"ACTIVE","credit":0,"heldMedals":713,"bet":3,"pay":0,"bonusCount":0,"lampOn":false,"displayStops":{"left":18,"center":9,"right":2},"stoppedMask":4}}
[10:10:02] [Render thread/INFO] (PiriRuntimeAcceptance) PIRI_PHASE02_PACKET {"type":"ACTION_ACCEPTED","payload":{"clientSequence":288,"action":"STOP_LEFT"}}
[10:10:02] [Render thread/INFO] (PiriRuntimeAcceptance) PIRI_PHASE02_PACKET {"type":"REEL_STOP","payload":{"spinId":"687db866-edb8-4914-9d7d-762403b829e1","reel":"LEFT","pressedIndex":18,"stopIndex":18,"slip":0,"durationMs":80}}
[10:10:02] [Render thread/INFO] (PiriRuntimeAcceptance) PIRI_PHASE02_PACKET {"type":"PUBLIC_STATE","payload":{"sessionId":"5267f3eb-5c85-4c6b-b2cf-d9c01834646e","machineId":1,"expectedNextClientSequence":289,"gameState":"NORMAL_SPINNING","lifecycle":"ACTIVE","credit":0,"heldMedals":713,"bet":3,"pay":0,"bonusCount":0,"lampOn":false,"displayStops":{"left":18,"center":9,"right":2},"stoppedMask":5}}
[10:10:03] [Render thread/INFO] (PiriRuntimeAcceptance) PIRI_PHASE02_PACKET {"type":"ACTION_ACCEPTED","payload":{"clientSequence":289,"action":"STOP_CENTER"}}
[10:10:03] [Render thread/INFO] (PiriRuntimeAcceptance) PIRI_PHASE02_PACKET {"type":"REEL_STOP","payload":{"spinId":"687db866-edb8-4914-9d7d-762403b829e1","reel":"CENTER","pressedIndex":0,"stopIndex":0,"slip":0,"durationMs":80}}
[10:10:03] [Render thread/INFO] (PiriRuntimeAcceptance) PIRI_PHASE02_PACKET {"type":"PUBLIC_STATE","payload":{"sessionId":"5267f3eb-5c85-4c6b-b2cf-d9c01834646e","machineId":1,"expectedNextClientSequence":290,"gameState":"SEATED_READY","lifecycle":"ACTIVE","credit":0,"heldMedals":713,"bet":0,"pay":0,"bonusCount":0,"lampOn":false,"displayStops":{"left":18,"center":0,"right":2},"stoppedMask":7}}
[10:10:03] [Render thread/INFO] (PiriRuntimeAcceptance) PIRI_PHASE02_PACKET {"type":"ACTION_ACCEPTED","payload":{"clientSequence":290,"action":"SPACE_ACTION"}}
[10:10:03] [Render thread/INFO] (PiriRuntimeAcceptance) PIRI_PHASE02_PACKET {"type":"PUBLIC_STATE","payload":{"sessionId":"5267f3eb-5c85-4c6b-b2cf-d9c01834646e","machineId":1,"expectedNextClientSequence":291,"gameState":"NORMAL_BETTED","lifecycle":"ACTIVE","credit":0,"heldMedals":710,"bet":3,"pay":0,"bonusCount":0,"lampOn":false,"displayStops":{"left":18,"center":0,"right":2},"stoppedMask":7}}
[10:10:04] [Render thread/INFO] (PiriRuntimeAcceptance) PIRI_PHASE02_PACKET {"type":"ACTION_ACCEPTED","payload":{"clientSequence":291,"action":"SPACE_ACTION"}}
[10:10:04] [Render thread/INFO] (PiriRuntimeAcceptance) PIRI_PHASE02_PACKET {"type":"PUBLIC_STATE","payload":{"sessionId":"5267f3eb-5c85-4c6b-b2cf-d9c01834646e","machineId":1,"expectedNextClientSequence":292,"gameState":"NORMAL_SPINNING","lifecycle":"ACTIVE","credit":0,"heldMedals":710,"bet":3,"pay":0,"bonusCount":0,"lampOn":false,"displayStops":{"left":18,"center":0,"right":2},"stoppedMask":0}}
[10:10:04] [Render thread/INFO] (PiriRuntimeAcceptance) PIRI_PHASE02_PACKET {"type":"SPIN_START","payload":{"sessionId":"5267f3eb-5c85-4c6b-b2cf-d9c01834646e","machineId":1,"spinId":"dcc1d48d-a00a-420d-b81f-549b0a70720a","mode":"NORMAL","animation":"NORMAL","startPhase":{"left":18.0,"center":0.0,"right":2.0},"stopEnableAfterMs":400}}
[10:10:04] [Render thread/INFO] (PiriRuntimeAcceptance) PIRI_PHASE02_PACKET {"type":"ACTION_ACCEPTED","payload":{"clientSequence":292,"action":"STOP_RIGHT"}}
[10:10:04] [Render thread/INFO] (PiriRuntimeAcceptance) PIRI_PHASE02_PACKET {"type":"REEL_STOP","payload":{"spinId":"dcc1d48d-a00a-420d-b81f-549b0a70720a","reel":"RIGHT","pressedIndex":15,"stopIndex":15,"slip":0,"durationMs":80}}
[10:10:04] [Render thread/INFO] (PiriRuntimeAcceptance) PIRI_PHASE02_PACKET {"type":"PUBLIC_STATE","payload":{"sessionId":"5267f3eb-5c85-4c6b-b2cf-d9c01834646e","machineId":1,"expectedNextClientSequence":293,"gameState":"NORMAL_SPINNING","lifecycle":"ACTIVE","credit":0,"heldMedals":710,"bet":3,"pay":0,"bonusCount":0,"lampOn":false,"displayStops":{"left":18,"center":0,"right":15},"stoppedMask":4}}
[10:10:05] [Render thread/INFO] (PiriRuntimeAcceptance) PIRI_PHASE02_PACKET {"type":"ACTION_ACCEPTED","payload":{"clientSequence":293,"action":"STOP_CENTER"}}
[10:10:05] [Render thread/INFO] (PiriRuntimeAcceptance) PIRI_PHASE02_PACKET {"type":"REEL_STOP","payload":{"spinId":"dcc1d48d-a00a-420d-b81f-549b0a70720a","reel":"CENTER","pressedIndex":4,"stopIndex":4,"slip":0,"durationMs":80}}
[10:10:05] [Render thread/INFO] (PiriRuntimeAcceptance) PIRI_PHASE02_PACKET {"type":"PUBLIC_STATE","payload":{"sessionId":"5267f3eb-5c85-4c6b-b2cf-d9c01834646e","machineId":1,"expectedNextClientSequence":294,"gameState":"NORMAL_SPINNING","lifecycle":"ACTIVE","credit":0,"heldMedals":710,"bet":3,"pay":0,"bonusCount":0,"lampOn":false,"displayStops":{"left":18,"center":4,"right":15},"stoppedMask":6}}
[10:10:05] [Render thread/INFO] (PiriRuntimeAcceptance) PIRI_PHASE02_PACKET {"type":"ACTION_ACCEPTED","payload":{"clientSequence":294,"action":"STOP_LEFT"}}
[10:10:05] [Render thread/INFO] (PiriRuntimeAcceptance) PIRI_PHASE02_PACKET {"type":"REEL_STOP","payload":{"spinId":"dcc1d48d-a00a-420d-b81f-549b0a70720a","reel":"LEFT","pressedIndex":13,"stopIndex":12,"slip":1,"durationMs":130}}
[10:10:05] [Render thread/INFO] (PiriRuntimeAcceptance) PIRI_PHASE02_PACKET {"type":"PAYOUT","payload":{}}
[10:10:05] [Render thread/INFO] (PiriRuntimeAcceptance) PIRI_PHASE02_PACKET {"type":"PUBLIC_STATE","payload":{"sessionId":"5267f3eb-5c85-4c6b-b2cf-d9c01834646e","machineId":1,"expectedNextClientSequence":295,"gameState":"SEATED_READY","lifecycle":"ACTIVE","credit":8,"heldMedals":710,"bet":0,"pay":8,"bonusCount":0,"lampOn":false,"displayStops":{"left":12,"center":4,"right":15},"stoppedMask":7}}
[10:10:06] [Render thread/INFO] (PiriRuntimeAcceptance) PIRI_PHASE02_PACKET {"type":"ACTION_ACCEPTED","payload":{"clientSequence":295,"action":"SPACE_ACTION"}}
[10:10:06] [Render thread/INFO] (PiriRuntimeAcceptance) PIRI_PHASE02_PACKET {"type":"PUBLIC_STATE","payload":{"sessionId":"5267f3eb-5c85-4c6b-b2cf-d9c01834646e","machineId":1,"expectedNextClientSequence":296,"gameState":"NORMAL_BETTED","lifecycle":"ACTIVE","credit":5,"heldMedals":710,"bet":3,"pay":0,"bonusCount":0,"lampOn":false,"displayStops":{"left":12,"center":4,"right":15},"stoppedMask":7}}
[10:10:06] [Render thread/INFO] (PiriRuntimeAcceptance) PIRI_PHASE02_PACKET {"type":"ACTION_ACCEPTED","payload":{"clientSequence":296,"action":"SPACE_ACTION"}}
[10:10:06] [Render thread/INFO] (PiriRuntimeAcceptance) PIRI_PHASE02_PACKET {"type":"PUBLIC_STATE","payload":{"sessionId":"5267f3eb-5c85-4c6b-b2cf-d9c01834646e","machineId":1,"expectedNextClientSequence":297,"gameState":"NORMAL_SPINNING","lifecycle":"ACTIVE","credit":5,"heldMedals":710,"bet":3,"pay":0,"bonusCount":0,"lampOn":false,"displayStops":{"left":12,"center":4,"right":15},"stoppedMask":0}}
[10:10:06] [Render thread/INFO] (PiriRuntimeAcceptance) PIRI_PHASE02_PACKET {"type":"SPIN_START","payload":{"sessionId":"5267f3eb-5c85-4c6b-b2cf-d9c01834646e","machineId":1,"spinId":"e2bd1718-3dca-4c22-9608-8133caf1cd30","mode":"NORMAL","animation":"NORMAL","startPhase":{"left":12.0,"center":4.0,"right":15.0},"stopEnableAfterMs":400}}
[10:10:07] [Render thread/INFO] (PiriRuntimeAcceptance) PIRI_PHASE02_PACKET {"type":"ACTION_ACCEPTED","payload":{"clientSequence":297,"action":"STOP_LEFT"}}
[10:10:07] [Render thread/INFO] (PiriRuntimeAcceptance) PIRI_PHASE02_PACKET {"type":"REEL_STOP","payload":{"spinId":"e2bd1718-3dca-4c22-9608-8133caf1cd30","reel":"LEFT","pressedIndex":4,"stopIndex":4,"slip":0,"durationMs":80}}
[10:10:07] [Render thread/INFO] (PiriRuntimeAcceptance) PIRI_PHASE02_PACKET {"type":"PUBLIC_STATE","payload":{"sessionId":"5267f3eb-5c85-4c6b-b2cf-d9c01834646e","machineId":1,"expectedNextClientSequence":298,"gameState":"NORMAL_SPINNING","lifecycle":"ACTIVE","credit":5,"heldMedals":710,"bet":3,"pay":0,"bonusCount":0,"lampOn":false,"displayStops":{"left":4,"center":4,"right":15},"stoppedMask":1}}
[10:10:08] [Render thread/INFO] (PiriRuntimeAcceptance) PIRI_PHASE02_PACKET {"type":"ACTION_ACCEPTED","payload":{"clientSequence":298,"action":"STOP_CENTER"}}
[10:10:08] [Render thread/INFO] (PiriRuntimeAcceptance) PIRI_PHASE02_PACKET {"type":"REEL_STOP","payload":{"spinId":"e2bd1718-3dca-4c22-9608-8133caf1cd30","reel":"CENTER","pressedIndex":8,"stopIndex":8,"slip":0,"durationMs":80}}
[10:10:08] [Render thread/INFO] (PiriRuntimeAcceptance) PIRI_PHASE02_PACKET {"type":"PUBLIC_STATE","payload":{"sessionId":"5267f3eb-5c85-4c6b-b2cf-d9c01834646e","machineId":1,"expectedNextClientSequence":299,"gameState":"NORMAL_SPINNING","lifecycle":"ACTIVE","credit":5,"heldMedals":710,"bet":3,"pay":0,"bonusCount":0,"lampOn":false,"displayStops":{"left":4,"center":8,"right":15},"stoppedMask":3}}
[10:10:08] [Render thread/INFO] (PiriRuntimeAcceptance) PIRI_PHASE02_PACKET {"type":"ACTION_ACCEPTED","payload":{"clientSequence":299,"action":"STOP_RIGHT"}}
[10:10:08] [Render thread/INFO] (PiriRuntimeAcceptance) PIRI_PHASE02_PACKET {"type":"REEL_STOP","payload":{"spinId":"e2bd1718-3dca-4c22-9608-8133caf1cd30","reel":"RIGHT","pressedIndex":10,"stopIndex":10,"slip":0,"durationMs":80}}
[10:10:08] [Render thread/INFO] (PiriRuntimeAcceptance) PIRI_PHASE02_PACKET {"type":"PUBLIC_STATE","payload":{"sessionId":"5267f3eb-5c85-4c6b-b2cf-d9c01834646e","machineId":1,"expectedNextClientSequence":300,"gameState":"SEATED_READY","lifecycle":"ACTIVE","credit":5,"heldMedals":710,"bet":0,"pay":0,"bonusCount":0,"lampOn":false,"displayStops":{"left":4,"center":8,"right":10},"stoppedMask":7}}
[10:10:09] [Render thread/INFO] (PiriRuntimeAcceptance) PIRI_PHASE02_PACKET {"type":"ACTION_ACCEPTED","payload":{"clientSequence":300,"action":"SPACE_ACTION"}}
[10:10:09] [Render thread/INFO] (PiriRuntimeAcceptance) PIRI_PHASE02_PACKET {"type":"PUBLIC_STATE","payload":{"sessionId":"5267f3eb-5c85-4c6b-b2cf-d9c01834646e","machineId":1,"expectedNextClientSequence":301,"gameState":"NORMAL_BETTED","lifecycle":"ACTIVE","credit":2,"heldMedals":710,"bet":3,"pay":0,"bonusCount":0,"lampOn":false,"displayStops":{"left":4,"center":8,"right":10},"stoppedMask":7}}
[10:10:09] [Render thread/INFO] (PiriRuntimeAcceptance) PIRI_PHASE02_PACKET {"type":"ACTION_ACCEPTED","payload":{"clientSequence":301,"action":"SPACE_ACTION"}}
[10:10:09] [Render thread/INFO] (PiriRuntimeAcceptance) PIRI_PHASE02_PACKET {"type":"PUBLIC_STATE","payload":{"sessionId":"5267f3eb-5c85-4c6b-b2cf-d9c01834646e","machineId":1,"expectedNextClientSequence":302,"gameState":"NORMAL_SPINNING","lifecycle":"ACTIVE","credit":2,"heldMedals":710,"bet":3,"pay":0,"bonusCount":0,"lampOn":false,"displayStops":{"left":4,"center":8,"right":10},"stoppedMask":0}}
[10:10:09] [Render thread/INFO] (PiriRuntimeAcceptance) PIRI_PHASE02_PACKET {"type":"SPIN_START","payload":{"sessionId":"5267f3eb-5c85-4c6b-b2cf-d9c01834646e","machineId":1,"spinId":"1a9a1eca-ef6a-4911-918c-d4aa30db9871","mode":"NORMAL","animation":"NORMAL","startPhase":{"left":4.0,"center":8.0,"right":10.0},"stopEnableAfterMs":400}}
[10:10:10] [Render thread/INFO] (PiriRuntimeAcceptance) PIRI_PHASE02_PACKET {"type":"ACTION_ACCEPTED","payload":{"clientSequence":302,"action":"STOP_LEFT"}}
[10:10:10] [Render thread/INFO] (PiriRuntimeAcceptance) PIRI_PHASE02_PACKET {"type":"REEL_STOP","payload":{"spinId":"1a9a1eca-ef6a-4911-918c-d4aa30db9871","reel":"LEFT","pressedIndex":18,"stopIndex":18,"slip":0,"durationMs":80}}
[10:10:10] [Render thread/INFO] (PiriRuntimeAcceptance) PIRI_PHASE02_PACKET {"type":"PUBLIC_STATE","payload":{"sessionId":"5267f3eb-5c85-4c6b-b2cf-d9c01834646e","machineId":1,"expectedNextClientSequence":303,"gameState":"NORMAL_SPINNING","lifecycle":"ACTIVE","credit":2,"heldMedals":710,"bet":3,"pay":0,"bonusCount":0,"lampOn":false,"displayStops":{"left":18,"center":8,"right":10},"stoppedMask":1}}
[10:10:10] [Render thread/INFO] (PiriRuntimeAcceptance) PIRI_PHASE02_PACKET {"type":"ACTION_ACCEPTED","payload":{"clientSequence":303,"action":"STOP_RIGHT"}}
[10:10:10] [Render thread/INFO] (PiriRuntimeAcceptance) PIRI_PHASE02_PACKET {"type":"REEL_STOP","payload":{"spinId":"1a9a1eca-ef6a-4911-918c-d4aa30db9871","reel":"RIGHT","pressedIndex":15,"stopIndex":15,"slip":0,"durationMs":80}}
[10:10:10] [Render thread/INFO] (PiriRuntimeAcceptance) PIRI_PHASE02_PACKET {"type":"PUBLIC_STATE","payload":{"sessionId":"5267f3eb-5c85-4c6b-b2cf-d9c01834646e","machineId":1,"expectedNextClientSequence":304,"gameState":"NORMAL_SPINNING","lifecycle":"ACTIVE","credit":2,"heldMedals":710,"bet":3,"pay":0,"bonusCount":0,"lampOn":false,"displayStops":{"left":18,"center":8,"right":15},"stoppedMask":5}}
[10:10:11] [Render thread/INFO] (PiriRuntimeAcceptance) PIRI_PHASE02_PACKET {"type":"ACTION_ACCEPTED","payload":{"clientSequence":304,"action":"STOP_CENTER"}}
[10:10:11] [Render thread/INFO] (PiriRuntimeAcceptance) PIRI_PHASE02_PACKET {"type":"REEL_STOP","payload":{"spinId":"1a9a1eca-ef6a-4911-918c-d4aa30db9871","reel":"CENTER","pressedIndex":4,"stopIndex":2,"slip":2,"durationMs":180}}
[10:10:11] [Render thread/INFO] (PiriRuntimeAcceptance) PIRI_PHASE02_PACKET {"type":"PUBLIC_STATE","payload":{"sessionId":"5267f3eb-5c85-4c6b-b2cf-d9c01834646e","machineId":1,"expectedNextClientSequence":305,"gameState":"SEATED_READY","lifecycle":"ACTIVE","credit":2,"heldMedals":710,"bet":0,"pay":0,"bonusCount":0,"lampOn":false,"displayStops":{"left":18,"center":2,"right":15},"stoppedMask":7}}
[10:10:12] [Render thread/INFO] (PiriRuntimeAcceptance) PIRI_PHASE02_PACKET {"type":"ACTION_ACCEPTED","payload":{"clientSequence":305,"action":"SPACE_ACTION"}}
[10:10:12] [Render thread/INFO] (PiriRuntimeAcceptance) PIRI_PHASE02_PACKET {"type":"PUBLIC_STATE","payload":{"sessionId":"5267f3eb-5c85-4c6b-b2cf-d9c01834646e","machineId":1,"expectedNextClientSequence":306,"gameState":"NORMAL_BETTED","lifecycle":"ACTIVE","credit":0,"heldMedals":709,"bet":3,"pay":0,"bonusCount":0,"lampOn":false,"displayStops":{"left":18,"center":2,"right":15},"stoppedMask":7}}
[10:10:12] [Render thread/INFO] (PiriRuntimeAcceptance) PIRI_PHASE02_PACKET {"type":"ACTION_ACCEPTED","payload":{"clientSequence":306,"action":"SPACE_ACTION"}}
[10:10:12] [Render thread/INFO] (PiriRuntimeAcceptance) PIRI_PHASE02_PACKET {"type":"PUBLIC_STATE","payload":{"sessionId":"5267f3eb-5c85-4c6b-b2cf-d9c01834646e","machineId":1,"expectedNextClientSequence":307,"gameState":"NORMAL_SPINNING","lifecycle":"ACTIVE","credit":0,"heldMedals":709,"bet":3,"pay":0,"bonusCount":0,"lampOn":false,"displayStops":{"left":18,"center":2,"right":15},"stoppedMask":0}}
[10:10:12] [Render thread/INFO] (PiriRuntimeAcceptance) PIRI_PHASE02_PACKET {"type":"SPIN_START","payload":{"sessionId":"5267f3eb-5c85-4c6b-b2cf-d9c01834646e","machineId":1,"spinId":"4f8daf7a-fba2-4e0b-8afe-817795b39f08","mode":"NORMAL","animation":"NORMAL","startPhase":{"left":18.0,"center":2.0,"right":15.0},"stopEnableAfterMs":400}}
[10:10:13] [Render thread/INFO] (PiriRuntimeAcceptance) PIRI_PHASE02_PACKET {"type":"ACTION_ACCEPTED","payload":{"clientSequence":307,"action":"STOP_CENTER"}}
[10:10:13] [Render thread/INFO] (PiriRuntimeAcceptance) PIRI_PHASE02_PACKET {"type":"REEL_STOP","payload":{"spinId":"4f8daf7a-fba2-4e0b-8afe-817795b39f08","reel":"CENTER","pressedIndex":15,"stopIndex":15,"slip":0,"durationMs":80}}
[10:10:13] [Render thread/INFO] (PiriRuntimeAcceptance) PIRI_PHASE02_PACKET {"type":"PUBLIC_STATE","payload":{"sessionId":"5267f3eb-5c85-4c6b-b2cf-d9c01834646e","machineId":1,"expectedNextClientSequence":308,"gameState":"NORMAL_SPINNING","lifecycle":"ACTIVE","credit":0,"heldMedals":709,"bet":3,"pay":0,"bonusCount":0,"lampOn":false,"displayStops":{"left":18,"center":15,"right":15},"stoppedMask":2}}
[10:10:13] [Render thread/INFO] (PiriRuntimeAcceptance) PIRI_PHASE02_PACKET {"type":"ACTION_ACCEPTED","payload":{"clientSequence":308,"action":"STOP_LEFT"}}
[10:10:13] [Render thread/INFO] (PiriRuntimeAcceptance) PIRI_PHASE02_PACKET {"type":"REEL_STOP","payload":{"spinId":"4f8daf7a-fba2-4e0b-8afe-817795b39f08","reel":"LEFT","pressedIndex":1,"stopIndex":1,"slip":0,"durationMs":80}}
[10:10:13] [Render thread/INFO] (PiriRuntimeAcceptance) PIRI_PHASE02_PACKET {"type":"PUBLIC_STATE","payload":{"sessionId":"5267f3eb-5c85-4c6b-b2cf-d9c01834646e","machineId":1,"expectedNextClientSequence":309,"gameState":"NORMAL_SPINNING","lifecycle":"ACTIVE","credit":0,"heldMedals":709,"bet":3,"pay":0,"bonusCount":0,"lampOn":false,"displayStops":{"left":1,"center":15,"right":15},"stoppedMask":3}}
[10:10:14] [Render thread/INFO] (PiriRuntimeAcceptance) PIRI_PHASE02_PACKET {"type":"ACTION_ACCEPTED","payload":{"clientSequence":309,"action":"STOP_RIGHT"}}
[10:10:14] [Render thread/INFO] (PiriRuntimeAcceptance) PIRI_PHASE02_PACKET {"type":"REEL_STOP","payload":{"spinId":"4f8daf7a-fba2-4e0b-8afe-817795b39f08","reel":"RIGHT","pressedIndex":10,"stopIndex":10,"slip":0,"durationMs":80}}
[10:10:14] [Render thread/INFO] (PiriRuntimeAcceptance) PIRI_PHASE02_PACKET {"type":"PAYOUT","payload":{}}
[10:10:14] [Render thread/INFO] (PiriRuntimeAcceptance) PIRI_PHASE02_PACKET {"type":"PUBLIC_STATE","payload":{"sessionId":"5267f3eb-5c85-4c6b-b2cf-d9c01834646e","machineId":1,"expectedNextClientSequence":310,"gameState":"SEATED_READY","lifecycle":"ACTIVE","credit":8,"heldMedals":709,"bet":0,"pay":8,"bonusCount":0,"lampOn":false,"displayStops":{"left":1,"center":15,"right":10},"stoppedMask":7}}
[10:10:14] [Render thread/INFO] (PiriRuntimeAcceptance) PIRI_PHASE02_PACKET {"type":"ACTION_ACCEPTED","payload":{"clientSequence":310,"action":"SPACE_ACTION"}}
[10:10:14] [Render thread/INFO] (PiriRuntimeAcceptance) PIRI_PHASE02_PACKET {"type":"PUBLIC_STATE","payload":{"sessionId":"5267f3eb-5c85-4c6b-b2cf-d9c01834646e","machineId":1,"expectedNextClientSequence":311,"gameState":"NORMAL_BETTED","lifecycle":"ACTIVE","credit":5,"heldMedals":709,"bet":3,"pay":0,"bonusCount":0,"lampOn":false,"displayStops":{"left":1,"center":15,"right":10},"stoppedMask":7}}
[10:10:15] [Render thread/INFO] (PiriRuntimeAcceptance) PIRI_PHASE02_PACKET {"type":"ACTION_ACCEPTED","payload":{"clientSequence":311,"action":"SPACE_ACTION"}}
[10:10:15] [Render thread/INFO] (PiriRuntimeAcceptance) PIRI_PHASE02_PACKET {"type":"PUBLIC_STATE","payload":{"sessionId":"5267f3eb-5c85-4c6b-b2cf-d9c01834646e","machineId":1,"expectedNextClientSequence":312,"gameState":"NORMAL_SPINNING","lifecycle":"ACTIVE","credit":5,"heldMedals":709,"bet":3,"pay":0,"bonusCount":0,"lampOn":false,"displayStops":{"left":1,"center":15,"right":10},"stoppedMask":0}}
[10:10:15] [Render thread/INFO] (PiriRuntimeAcceptance) PIRI_PHASE02_PACKET {"type":"SPIN_START","payload":{"sessionId":"5267f3eb-5c85-4c6b-b2cf-d9c01834646e","machineId":1,"spinId":"fc669b6a-b602-470a-adec-8fac62f86fc1","mode":"NORMAL","animation":"NORMAL","startPhase":{"left":1.0,"center":15.0,"right":10.0},"stopEnableAfterMs":400}}
[10:10:16] [Render thread/INFO] (PiriRuntimeAcceptance) PIRI_PHASE02_PACKET {"type":"ACTION_ACCEPTED","payload":{"clientSequence":312,"action":"STOP_CENTER"}}
[10:10:16] [Render thread/INFO] (PiriRuntimeAcceptance) PIRI_PHASE02_PACKET {"type":"REEL_STOP","payload":{"spinId":"fc669b6a-b602-470a-adec-8fac62f86fc1","reel":"CENTER","pressedIndex":7,"stopIndex":7,"slip":0,"durationMs":80}}
[10:10:16] [Render thread/INFO] (PiriRuntimeAcceptance) PIRI_PHASE02_PACKET {"type":"PUBLIC_STATE","payload":{"sessionId":"5267f3eb-5c85-4c6b-b2cf-d9c01834646e","machineId":1,"expectedNextClientSequence":313,"gameState":"NORMAL_SPINNING","lifecycle":"ACTIVE","credit":5,"heldMedals":709,"bet":3,"pay":0,"bonusCount":0,"lampOn":false,"displayStops":{"left":1,"center":7,"right":10},"stoppedMask":2}}
[10:10:16] [Render thread/INFO] (PiriRuntimeAcceptance) PIRI_PHASE02_PACKET {"type":"ACTION_ACCEPTED","payload":{"clientSequence":313,"action":"STOP_RIGHT"}}
[10:10:16] [Render thread/INFO] (PiriRuntimeAcceptance) PIRI_PHASE02_PACKET {"type":"REEL_STOP","payload":{"spinId":"fc669b6a-b602-470a-adec-8fac62f86fc1","reel":"RIGHT","pressedIndex":14,"stopIndex":14,"slip":0,"durationMs":80}}
[10:10:16] [Render thread/INFO] (PiriRuntimeAcceptance) PIRI_PHASE02_PACKET {"type":"PUBLIC_STATE","payload":{"sessionId":"5267f3eb-5c85-4c6b-b2cf-d9c01834646e","machineId":1,"expectedNextClientSequence":314,"gameState":"NORMAL_SPINNING","lifecycle":"ACTIVE","credit":5,"heldMedals":709,"bet":3,"pay":0,"bonusCount":0,"lampOn":false,"displayStops":{"left":1,"center":7,"right":14},"stoppedMask":6}}
[10:10:17] [Render thread/INFO] (PiriRuntimeAcceptance) PIRI_PHASE02_PACKET {"type":"ACTION_ACCEPTED","payload":{"clientSequence":314,"action":"STOP_LEFT"}}
[10:10:17] [Render thread/INFO] (PiriRuntimeAcceptance) PIRI_PHASE02_PACKET {"type":"REEL_STOP","payload":{"spinId":"fc669b6a-b602-470a-adec-8fac62f86fc1","reel":"LEFT","pressedIndex":17,"stopIndex":17,"slip":0,"durationMs":80}}
[10:10:17] [Render thread/INFO] (PiriRuntimeAcceptance) PIRI_PHASE02_PACKET {"type":"PAYOUT","payload":{}}
[10:10:17] [Render thread/INFO] (PiriRuntimeAcceptance) PIRI_PHASE02_PACKET {"type":"PUBLIC_STATE","payload":{"sessionId":"5267f3eb-5c85-4c6b-b2cf-d9c01834646e","machineId":1,"expectedNextClientSequence":315,"gameState":"SEATED_READY","lifecycle":"ACTIVE","credit":13,"heldMedals":709,"bet":0,"pay":8,"bonusCount":0,"lampOn":false,"displayStops":{"left":17,"center":7,"right":14},"stoppedMask":7}}
[10:10:17] [Render thread/INFO] (PiriRuntimeAcceptance) PIRI_PHASE02_PACKET {"type":"ACTION_ACCEPTED","payload":{"clientSequence":315,"action":"SPACE_ACTION"}}
[10:10:17] [Render thread/INFO] (PiriRuntimeAcceptance) PIRI_PHASE02_PACKET {"type":"PUBLIC_STATE","payload":{"sessionId":"5267f3eb-5c85-4c6b-b2cf-d9c01834646e","machineId":1,"expectedNextClientSequence":316,"gameState":"NORMAL_BETTED","lifecycle":"ACTIVE","credit":10,"heldMedals":709,"bet":3,"pay":0,"bonusCount":0,"lampOn":false,"displayStops":{"left":17,"center":7,"right":14},"stoppedMask":7}}
[10:10:18] [Render thread/INFO] (PiriRuntimeAcceptance) PIRI_PHASE02_PACKET {"type":"ACTION_ACCEPTED","payload":{"clientSequence":316,"action":"SPACE_ACTION"}}
[10:10:18] [Render thread/INFO] (PiriRuntimeAcceptance) PIRI_PHASE02_PACKET {"type":"PUBLIC_STATE","payload":{"sessionId":"5267f3eb-5c85-4c6b-b2cf-d9c01834646e","machineId":1,"expectedNextClientSequence":317,"gameState":"NORMAL_SPINNING","lifecycle":"ACTIVE","credit":10,"heldMedals":709,"bet":3,"pay":0,"bonusCount":0,"lampOn":false,"displayStops":{"left":17,"center":7,"right":14},"stoppedMask":0}}
[10:10:18] [Render thread/INFO] (PiriRuntimeAcceptance) PIRI_PHASE02_PACKET {"type":"SPIN_START","payload":{"sessionId":"5267f3eb-5c85-4c6b-b2cf-d9c01834646e","machineId":1,"spinId":"975a59a6-acdb-4da4-90c1-dd3f5cf6a3d8","mode":"NORMAL","animation":"NORMAL","startPhase":{"left":17.0,"center":7.0,"right":14.0},"stopEnableAfterMs":400}}
[10:10:19] [Render thread/INFO] (PiriRuntimeAcceptance) PIRI_PHASE02_PACKET {"type":"ACTION_ACCEPTED","payload":{"clientSequence":317,"action":"STOP_RIGHT"}}
[10:10:19] [Render thread/INFO] (PiriRuntimeAcceptance) PIRI_PHASE02_PACKET {"type":"REEL_STOP","payload":{"spinId":"975a59a6-acdb-4da4-90c1-dd3f5cf6a3d8","reel":"RIGHT","pressedIndex":2,"stopIndex":2,"slip":0,"durationMs":80}}
[10:10:19] [Render thread/INFO] (PiriRuntimeAcceptance) PIRI_PHASE02_PACKET {"type":"PUBLIC_STATE","payload":{"sessionId":"5267f3eb-5c85-4c6b-b2cf-d9c01834646e","machineId":1,"expectedNextClientSequence":318,"gameState":"NORMAL_SPINNING","lifecycle":"ACTIVE","credit":10,"heldMedals":709,"bet":3,"pay":0,"bonusCount":0,"lampOn":false,"displayStops":{"left":17,"center":7,"right":2},"stoppedMask":4}}
[10:10:19] [Render thread/INFO] (PiriRuntimeAcceptance) PIRI_PHASE02_PACKET {"type":"ACTION_ACCEPTED","payload":{"clientSequence":318,"action":"STOP_LEFT"}}
[10:10:19] [Render thread/INFO] (PiriRuntimeAcceptance) PIRI_PHASE02_PACKET {"type":"REEL_STOP","payload":{"spinId":"975a59a6-acdb-4da4-90c1-dd3f5cf6a3d8","reel":"LEFT","pressedIndex":17,"stopIndex":17,"slip":0,"durationMs":80}}
[10:10:19] [Render thread/INFO] (PiriRuntimeAcceptance) PIRI_PHASE02_PACKET {"type":"PUBLIC_STATE","payload":{"sessionId":"5267f3eb-5c85-4c6b-b2cf-d9c01834646e","machineId":1,"expectedNextClientSequence":319,"gameState":"NORMAL_SPINNING","lifecycle":"ACTIVE","credit":10,"heldMedals":709,"bet":3,"pay":0,"bonusCount":0,"lampOn":false,"displayStops":{"left":17,"center":7,"right":2},"stoppedMask":5}}
[10:10:20] [Render thread/INFO] (PiriRuntimeAcceptance) PIRI_PHASE02_PACKET {"type":"ACTION_ACCEPTED","payload":{"clientSequence":319,"action":"STOP_CENTER"}}
[10:10:20] [Render thread/INFO] (PiriRuntimeAcceptance) PIRI_PHASE02_PACKET {"type":"REEL_STOP","payload":{"spinId":"975a59a6-acdb-4da4-90c1-dd3f5cf6a3d8","reel":"CENTER","pressedIndex":19,"stopIndex":19,"slip":0,"durationMs":80}}
[10:10:20] [Render thread/INFO] (PiriRuntimeAcceptance) PIRI_PHASE02_PACKET {"type":"PUBLIC_STATE","payload":{"sessionId":"5267f3eb-5c85-4c6b-b2cf-d9c01834646e","machineId":1,"expectedNextClientSequence":320,"gameState":"SEATED_READY","lifecycle":"ACTIVE","credit":10,"heldMedals":709,"bet":0,"pay":0,"bonusCount":0,"lampOn":false,"displayStops":{"left":17,"center":19,"right":2},"stoppedMask":7}}
[10:10:20] [Render thread/INFO] (PiriRuntimeAcceptance) PIRI_PHASE02_PACKET {"type":"ACTION_ACCEPTED","payload":{"clientSequence":320,"action":"SPACE_ACTION"}}
[10:10:20] [Render thread/INFO] (PiriRuntimeAcceptance) PIRI_PHASE02_PACKET {"type":"PUBLIC_STATE","payload":{"sessionId":"5267f3eb-5c85-4c6b-b2cf-d9c01834646e","machineId":1,"expectedNextClientSequence":321,"gameState":"NORMAL_BETTED","lifecycle":"ACTIVE","credit":7,"heldMedals":709,"bet":3,"pay":0,"bonusCount":0,"lampOn":false,"displayStops":{"left":17,"center":19,"right":2},"stoppedMask":7}}
[10:10:21] [Render thread/INFO] (PiriRuntimeAcceptance) PIRI_PHASE02_PACKET {"type":"ACTION_ACCEPTED","payload":{"clientSequence":321,"action":"SPACE_ACTION"}}
[10:10:21] [Render thread/INFO] (PiriRuntimeAcceptance) PIRI_PHASE02_PACKET {"type":"PUBLIC_STATE","payload":{"sessionId":"5267f3eb-5c85-4c6b-b2cf-d9c01834646e","machineId":1,"expectedNextClientSequence":322,"gameState":"NORMAL_SPINNING","lifecycle":"ACTIVE","credit":7,"heldMedals":709,"bet":3,"pay":0,"bonusCount":0,"lampOn":false,"displayStops":{"left":17,"center":19,"right":2},"stoppedMask":0}}
[10:10:21] [Render thread/INFO] (PiriRuntimeAcceptance) PIRI_PHASE02_PACKET {"type":"SPIN_START","payload":{"sessionId":"5267f3eb-5c85-4c6b-b2cf-d9c01834646e","machineId":1,"spinId":"89108fff-6b02-4cc4-afb2-82fdd7c532db","mode":"NORMAL","animation":"NORMAL","startPhase":{"left":17.0,"center":19.0,"right":2.0},"stopEnableAfterMs":400}}
[10:10:21] [Render thread/INFO] (PiriRuntimeAcceptance) PIRI_PHASE02_PACKET {"type":"ACTION_ACCEPTED","payload":{"clientSequence":322,"action":"STOP_RIGHT"}}
[10:10:21] [Render thread/INFO] (PiriRuntimeAcceptance) PIRI_PHASE02_PACKET {"type":"REEL_STOP","payload":{"spinId":"89108fff-6b02-4cc4-afb2-82fdd7c532db","reel":"RIGHT","pressedIndex":15,"stopIndex":15,"slip":0,"durationMs":80}}
[10:10:21] [Render thread/INFO] (PiriRuntimeAcceptance) PIRI_PHASE02_PACKET {"type":"PUBLIC_STATE","payload":{"sessionId":"5267f3eb-5c85-4c6b-b2cf-d9c01834646e","machineId":1,"expectedNextClientSequence":323,"gameState":"NORMAL_SPINNING","lifecycle":"ACTIVE","credit":7,"heldMedals":709,"bet":3,"pay":0,"bonusCount":0,"lampOn":false,"displayStops":{"left":17,"center":19,"right":15},"stoppedMask":4}}
[10:10:22] [Render thread/INFO] (PiriRuntimeAcceptance) PIRI_PHASE02_PACKET {"type":"ACTION_ACCEPTED","payload":{"clientSequence":323,"action":"STOP_CENTER"}}
[10:10:22] [Render thread/INFO] (PiriRuntimeAcceptance) PIRI_PHASE02_PACKET {"type":"REEL_STOP","payload":{"spinId":"89108fff-6b02-4cc4-afb2-82fdd7c532db","reel":"CENTER","pressedIndex":2,"stopIndex":20,"slip":3,"durationMs":230}}
[10:10:22] [Render thread/INFO] (PiriRuntimeAcceptance) PIRI_PHASE02_PACKET {"type":"PUBLIC_STATE","payload":{"sessionId":"5267f3eb-5c85-4c6b-b2cf-d9c01834646e","machineId":1,"expectedNextClientSequence":324,"gameState":"NORMAL_SPINNING","lifecycle":"ACTIVE","credit":7,"heldMedals":709,"bet":3,"pay":0,"bonusCount":0,"lampOn":false,"displayStops":{"left":17,"center":20,"right":15},"stoppedMask":6}}
[10:10:22] [Render thread/INFO] (PiriRuntimeAcceptance) PIRI_PHASE02_PACKET {"type":"ACTION_ACCEPTED","payload":{"clientSequence":324,"action":"STOP_LEFT"}}
[10:10:22] [Render thread/INFO] (PiriRuntimeAcceptance) PIRI_PHASE02_PACKET {"type":"REEL_STOP","payload":{"spinId":"89108fff-6b02-4cc4-afb2-82fdd7c532db","reel":"LEFT","pressedIndex":12,"stopIndex":12,"slip":0,"durationMs":80}}
[10:10:22] [Render thread/INFO] (PiriRuntimeAcceptance) PIRI_PHASE02_PACKET {"type":"PAYOUT","payload":{}}
[10:10:22] [Render thread/INFO] (PiriRuntimeAcceptance) PIRI_PHASE02_PACKET {"type":"PUBLIC_STATE","payload":{"sessionId":"5267f3eb-5c85-4c6b-b2cf-d9c01834646e","machineId":1,"expectedNextClientSequence":325,"gameState":"SEATED_READY","lifecycle":"ACTIVE","credit":15,"heldMedals":709,"bet":0,"pay":8,"bonusCount":0,"lampOn":false,"displayStops":{"left":12,"center":20,"right":15},"stoppedMask":7}}
[10:10:23] [Render thread/INFO] (PiriRuntimeAcceptance) PIRI_PHASE02_PACKET {"type":"ACTION_ACCEPTED","payload":{"clientSequence":325,"action":"SPACE_ACTION"}}
[10:10:23] [Render thread/INFO] (PiriRuntimeAcceptance) PIRI_PHASE02_PACKET {"type":"PUBLIC_STATE","payload":{"sessionId":"5267f3eb-5c85-4c6b-b2cf-d9c01834646e","machineId":1,"expectedNextClientSequence":326,"gameState":"NORMAL_BETTED","lifecycle":"ACTIVE","credit":12,"heldMedals":709,"bet":3,"pay":0,"bonusCount":0,"lampOn":false,"displayStops":{"left":12,"center":20,"right":15},"stoppedMask":7}}
[10:10:23] [Render thread/INFO] (PiriRuntimeAcceptance) PIRI_PHASE02_PACKET {"type":"ACTION_ACCEPTED","payload":{"clientSequence":326,"action":"SPACE_ACTION"}}
[10:10:23] [Render thread/INFO] (PiriRuntimeAcceptance) PIRI_PHASE02_PACKET {"type":"PUBLIC_STATE","payload":{"sessionId":"5267f3eb-5c85-4c6b-b2cf-d9c01834646e","machineId":1,"expectedNextClientSequence":327,"gameState":"NORMAL_SPINNING","lifecycle":"ACTIVE","credit":12,"heldMedals":709,"bet":3,"pay":0,"bonusCount":0,"lampOn":false,"displayStops":{"left":12,"center":20,"right":15},"stoppedMask":0}}
[10:10:23] [Render thread/INFO] (PiriRuntimeAcceptance) PIRI_PHASE02_PACKET {"type":"SPIN_START","payload":{"sessionId":"5267f3eb-5c85-4c6b-b2cf-d9c01834646e","machineId":1,"spinId":"2b6968a3-54c4-4eb8-9d5f-3cc8a797d36b","mode":"NORMAL","animation":"NORMAL","startPhase":{"left":12.0,"center":20.0,"right":15.0},"stopEnableAfterMs":400}}
[10:10:24] [Render thread/INFO] (PiriRuntimeAcceptance) PIRI_PHASE02_PACKET {"type":"ACTION_ACCEPTED","payload":{"clientSequence":327,"action":"STOP_LEFT"}}
[10:10:24] [Render thread/INFO] (PiriRuntimeAcceptance) PIRI_PHASE02_PACKET {"type":"REEL_STOP","payload":{"spinId":"2b6968a3-54c4-4eb8-9d5f-3cc8a797d36b","reel":"LEFT","pressedIndex":5,"stopIndex":5,"slip":0,"durationMs":80}}
[10:10:24] [Render thread/INFO] (PiriRuntimeAcceptance) PIRI_PHASE02_PACKET {"type":"PUBLIC_STATE","payload":{"sessionId":"5267f3eb-5c85-4c6b-b2cf-d9c01834646e","machineId":1,"expectedNextClientSequence":328,"gameState":"NORMAL_SPINNING","lifecycle":"ACTIVE","credit":12,"heldMedals":709,"bet":3,"pay":0,"bonusCount":0,"lampOn":false,"displayStops":{"left":5,"center":20,"right":15},"stoppedMask":1}}
[10:10:25] [Render thread/INFO] (PiriRuntimeAcceptance) PIRI_PHASE02_PACKET {"type":"ACTION_ACCEPTED","payload":{"clientSequence":328,"action":"STOP_CENTER"}}
[10:10:25] [Render thread/INFO] (PiriRuntimeAcceptance) PIRI_PHASE02_PACKET {"type":"REEL_STOP","payload":{"spinId":"2b6968a3-54c4-4eb8-9d5f-3cc8a797d36b","reel":"CENTER","pressedIndex":4,"stopIndex":2,"slip":2,"durationMs":180}}
[10:10:25] [Render thread/INFO] (PiriRuntimeAcceptance) PIRI_PHASE02_PACKET {"type":"PUBLIC_STATE","payload":{"sessionId":"5267f3eb-5c85-4c6b-b2cf-d9c01834646e","machineId":1,"expectedNextClientSequence":329,"gameState":"NORMAL_SPINNING","lifecycle":"ACTIVE","credit":12,"heldMedals":709,"bet":3,"pay":0,"bonusCount":0,"lampOn":false,"displayStops":{"left":5,"center":2,"right":15},"stoppedMask":3}}
[10:10:25] [Render thread/INFO] (PiriRuntimeAcceptance) PIRI_PHASE02_PACKET {"type":"ACTION_ACCEPTED","payload":{"clientSequence":329,"action":"STOP_RIGHT"}}
[10:10:25] [Render thread/INFO] (PiriRuntimeAcceptance) PIRI_PHASE02_PACKET {"type":"REEL_STOP","payload":{"spinId":"2b6968a3-54c4-4eb8-9d5f-3cc8a797d36b","reel":"RIGHT","pressedIndex":6,"stopIndex":2,"slip":4,"durationMs":280}}
[10:10:25] [Render thread/INFO] (PiriRuntimeAcceptance) PIRI_PHASE02_PACKET {"type":"PUBLIC_STATE","payload":{"sessionId":"5267f3eb-5c85-4c6b-b2cf-d9c01834646e","machineId":1,"expectedNextClientSequence":330,"gameState":"REPLAY_READY","lifecycle":"ACTIVE","credit":12,"heldMedals":709,"bet":3,"pay":0,"bonusCount":0,"lampOn":false,"displayStops":{"left":5,"center":2,"right":2},"stoppedMask":7}}
[10:10:26] [Render thread/INFO] (PiriRuntimeAcceptance) PIRI_PHASE02_PACKET {"type":"ACTION_ACCEPTED","payload":{"clientSequence":330,"action":"SPACE_ACTION"}}
[10:10:26] [Render thread/INFO] (PiriRuntimeAcceptance) PIRI_PHASE02_PACKET {"type":"PUBLIC_STATE","payload":{"sessionId":"5267f3eb-5c85-4c6b-b2cf-d9c01834646e","machineId":1,"expectedNextClientSequence":331,"gameState":"NORMAL_SPINNING","lifecycle":"ACTIVE","credit":12,"heldMedals":709,"bet":3,"pay":0,"bonusCount":0,"lampOn":false,"displayStops":{"left":5,"center":2,"right":2},"stoppedMask":0}}
[10:10:26] [Render thread/INFO] (PiriRuntimeAcceptance) PIRI_PHASE02_PACKET {"type":"SPIN_START","payload":{"sessionId":"5267f3eb-5c85-4c6b-b2cf-d9c01834646e","machineId":1,"spinId":"ff6ef87a-1d5a-4bb6-b0a6-2715969a0854","mode":"NORMAL","animation":"NORMAL","startPhase":{"left":5.0,"center":2.0,"right":2.0},"stopEnableAfterMs":400}}
[10:10:27] [Render thread/INFO] (PiriRuntimeAcceptance) PIRI_PHASE02_PACKET {"type":"ACTION_ACCEPTED","payload":{"clientSequence":331,"action":"STOP_LEFT"}}
[10:10:27] [Render thread/INFO] (PiriRuntimeAcceptance) PIRI_PHASE02_PACKET {"type":"REEL_STOP","payload":{"spinId":"ff6ef87a-1d5a-4bb6-b0a6-2715969a0854","reel":"LEFT","pressedIndex":19,"stopIndex":18,"slip":1,"durationMs":130}}
[10:10:27] [Render thread/INFO] (PiriRuntimeAcceptance) PIRI_PHASE02_PACKET {"type":"PUBLIC_STATE","payload":{"sessionId":"5267f3eb-5c85-4c6b-b2cf-d9c01834646e","machineId":1,"expectedNextClientSequence":332,"gameState":"NORMAL_SPINNING","lifecycle":"ACTIVE","credit":12,"heldMedals":709,"bet":3,"pay":0,"bonusCount":0,"lampOn":false,"displayStops":{"left":18,"center":2,"right":2},"stoppedMask":1}}
[10:10:27] [Render thread/INFO] (PiriRuntimeAcceptance) PIRI_PHASE02_PACKET {"type":"ACTION_ACCEPTED","payload":{"clientSequence":332,"action":"STOP_RIGHT"}}
[10:10:27] [Render thread/INFO] (PiriRuntimeAcceptance) PIRI_PHASE02_PACKET {"type":"REEL_STOP","payload":{"spinId":"ff6ef87a-1d5a-4bb6-b0a6-2715969a0854","reel":"RIGHT","pressedIndex":7,"stopIndex":7,"slip":0,"durationMs":80}}
[10:10:27] [Render thread/INFO] (PiriRuntimeAcceptance) PIRI_PHASE02_PACKET {"type":"PUBLIC_STATE","payload":{"sessionId":"5267f3eb-5c85-4c6b-b2cf-d9c01834646e","machineId":1,"expectedNextClientSequence":333,"gameState":"NORMAL_SPINNING","lifecycle":"ACTIVE","credit":12,"heldMedals":709,"bet":3,"pay":0,"bonusCount":0,"lampOn":false,"displayStops":{"left":18,"center":2,"right":7},"stoppedMask":5}}
[10:10:28] [Render thread/INFO] (PiriRuntimeAcceptance) PIRI_PHASE02_PACKET {"type":"ACTION_ACCEPTED","payload":{"clientSequence":333,"action":"STOP_CENTER"}}
[10:10:28] [Render thread/INFO] (PiriRuntimeAcceptance) PIRI_PHASE02_PACKET {"type":"REEL_STOP","payload":{"spinId":"ff6ef87a-1d5a-4bb6-b0a6-2715969a0854","reel":"CENTER","pressedIndex":19,"stopIndex":16,"slip":3,"durationMs":230}}
[10:10:28] [Render thread/INFO] (PiriRuntimeAcceptance) PIRI_PHASE02_PACKET {"type":"PAYOUT","payload":{}}
[10:10:28] [Render thread/INFO] (PiriRuntimeAcceptance) PIRI_PHASE02_PACKET {"type":"PUBLIC_STATE","payload":{"sessionId":"5267f3eb-5c85-4c6b-b2cf-d9c01834646e","machineId":1,"expectedNextClientSequence":334,"gameState":"SEATED_READY","lifecycle":"ACTIVE","credit":20,"heldMedals":709,"bet":0,"pay":8,"bonusCount":0,"lampOn":false,"displayStops":{"left":18,"center":16,"right":7},"stoppedMask":7}}
[10:10:29] [Render thread/INFO] (PiriRuntimeAcceptance) PIRI_PHASE02_PACKET {"type":"ACTION_ACCEPTED","payload":{"clientSequence":334,"action":"SPACE_ACTION"}}
[10:10:29] [Render thread/INFO] (PiriRuntimeAcceptance) PIRI_PHASE02_PACKET {"type":"PUBLIC_STATE","payload":{"sessionId":"5267f3eb-5c85-4c6b-b2cf-d9c01834646e","machineId":1,"expectedNextClientSequence":335,"gameState":"NORMAL_BETTED","lifecycle":"ACTIVE","credit":17,"heldMedals":709,"bet":3,"pay":0,"bonusCount":0,"lampOn":false,"displayStops":{"left":18,"center":16,"right":7},"stoppedMask":7}}
[10:10:29] [Render thread/INFO] (PiriRuntimeAcceptance) PIRI_PHASE02_PACKET {"type":"ACTION_ACCEPTED","payload":{"clientSequence":335,"action":"SPACE_ACTION"}}
[10:10:29] [Render thread/INFO] (PiriRuntimeAcceptance) PIRI_PHASE02_PACKET {"type":"PUBLIC_STATE","payload":{"sessionId":"5267f3eb-5c85-4c6b-b2cf-d9c01834646e","machineId":1,"expectedNextClientSequence":336,"gameState":"NORMAL_SPINNING","lifecycle":"ACTIVE","credit":17,"heldMedals":709,"bet":3,"pay":0,"bonusCount":0,"lampOn":false,"displayStops":{"left":18,"center":16,"right":7},"stoppedMask":0}}
[10:10:29] [Render thread/INFO] (PiriRuntimeAcceptance) PIRI_PHASE02_PACKET {"type":"SPIN_START","payload":{"sessionId":"5267f3eb-5c85-4c6b-b2cf-d9c01834646e","machineId":1,"spinId":"cc220f3e-0999-4533-bc2f-2647c9c0cd16","mode":"NORMAL","animation":"NORMAL","startPhase":{"left":18.0,"center":16.0,"right":7.0},"stopEnableAfterMs":400}}
[10:10:30] [Render thread/INFO] (PiriRuntimeAcceptance) PIRI_PHASE02_PACKET {"type":"ACTION_ACCEPTED","payload":{"clientSequence":336,"action":"STOP_CENTER"}}
[10:10:30] [Render thread/INFO] (PiriRuntimeAcceptance) PIRI_PHASE02_PACKET {"type":"REEL_STOP","payload":{"spinId":"cc220f3e-0999-4533-bc2f-2647c9c0cd16","reel":"CENTER","pressedIndex":9,"stopIndex":9,"slip":0,"durationMs":80}}
[10:10:30] [Render thread/INFO] (PiriRuntimeAcceptance) PIRI_PHASE02_PACKET {"type":"PUBLIC_STATE","payload":{"sessionId":"5267f3eb-5c85-4c6b-b2cf-d9c01834646e","machineId":1,"expectedNextClientSequence":337,"gameState":"NORMAL_SPINNING","lifecycle":"ACTIVE","credit":17,"heldMedals":709,"bet":3,"pay":0,"bonusCount":0,"lampOn":false,"displayStops":{"left":18,"center":9,"right":7},"stoppedMask":2}}
[10:10:30] [Render thread/INFO] (PiriRuntimeAcceptance) PIRI_PHASE02_PACKET {"type":"ACTION_ACCEPTED","payload":{"clientSequence":337,"action":"STOP_LEFT"}}
[10:10:30] [Render thread/INFO] (PiriRuntimeAcceptance) PIRI_PHASE02_PACKET {"type":"REEL_STOP","payload":{"spinId":"cc220f3e-0999-4533-bc2f-2647c9c0cd16","reel":"LEFT","pressedIndex":2,"stopIndex":2,"slip":0,"durationMs":80}}
[10:10:30] [Render thread/INFO] (PiriRuntimeAcceptance) PIRI_PHASE02_PACKET {"type":"PUBLIC_STATE","payload":{"sessionId":"5267f3eb-5c85-4c6b-b2cf-d9c01834646e","machineId":1,"expectedNextClientSequence":338,"gameState":"NORMAL_SPINNING","lifecycle":"ACTIVE","credit":17,"heldMedals":709,"bet":3,"pay":0,"bonusCount":0,"lampOn":false,"displayStops":{"left":2,"center":9,"right":7},"stoppedMask":3}}
[10:10:31] [Render thread/INFO] (PiriRuntimeAcceptance) PIRI_PHASE02_PACKET {"type":"ACTION_ACCEPTED","payload":{"clientSequence":338,"action":"STOP_RIGHT"}}
[10:10:31] [Render thread/INFO] (PiriRuntimeAcceptance) PIRI_PHASE02_PACKET {"type":"REEL_STOP","payload":{"spinId":"cc220f3e-0999-4533-bc2f-2647c9c0cd16","reel":"RIGHT","pressedIndex":3,"stopIndex":3,"slip":0,"durationMs":80}}
[10:10:31] [Render thread/INFO] (PiriRuntimeAcceptance) PIRI_PHASE02_PACKET {"type":"PUBLIC_STATE","payload":{"sessionId":"5267f3eb-5c85-4c6b-b2cf-d9c01834646e","machineId":1,"expectedNextClientSequence":339,"gameState":"SEATED_READY","lifecycle":"ACTIVE","credit":17,"heldMedals":709,"bet":0,"pay":0,"bonusCount":0,"lampOn":false,"displayStops":{"left":2,"center":9,"right":3},"stoppedMask":7}}
[10:10:32] [Render thread/INFO] (PiriRuntimeAcceptance) PIRI_PHASE02_PACKET {"type":"ACTION_ACCEPTED","payload":{"clientSequence":339,"action":"SPACE_ACTION"}}
[10:10:32] [Render thread/INFO] (PiriRuntimeAcceptance) PIRI_PHASE02_PACKET {"type":"PUBLIC_STATE","payload":{"sessionId":"5267f3eb-5c85-4c6b-b2cf-d9c01834646e","machineId":1,"expectedNextClientSequence":340,"gameState":"NORMAL_BETTED","lifecycle":"ACTIVE","credit":14,"heldMedals":709,"bet":3,"pay":0,"bonusCount":0,"lampOn":false,"displayStops":{"left":2,"center":9,"right":3},"stoppedMask":7}}
[10:10:32] [Render thread/INFO] (PiriRuntimeAcceptance) PIRI_PHASE02_PACKET {"type":"ACTION_ACCEPTED","payload":{"clientSequence":340,"action":"SPACE_ACTION"}}
[10:10:32] [Render thread/INFO] (PiriRuntimeAcceptance) PIRI_PHASE02_PACKET {"type":"PUBLIC_STATE","payload":{"sessionId":"5267f3eb-5c85-4c6b-b2cf-d9c01834646e","machineId":1,"expectedNextClientSequence":341,"gameState":"NORMAL_SPINNING","lifecycle":"ACTIVE","credit":14,"heldMedals":709,"bet":3,"pay":0,"bonusCount":0,"lampOn":false,"displayStops":{"left":2,"center":9,"right":3},"stoppedMask":0}}
[10:10:32] [Render thread/INFO] (PiriRuntimeAcceptance) PIRI_PHASE02_PACKET {"type":"SPIN_START","payload":{"sessionId":"5267f3eb-5c85-4c6b-b2cf-d9c01834646e","machineId":1,"spinId":"cfc9f63b-5f64-4662-9e88-b9bca022b7db","mode":"NORMAL","animation":"NORMAL","startPhase":{"left":2.0,"center":9.0,"right":3.0},"stopEnableAfterMs":400}}
[10:10:33] [Render thread/INFO] (PiriRuntimeAcceptance) PIRI_PHASE02_PACKET {"type":"ACTION_ACCEPTED","payload":{"clientSequence":341,"action":"STOP_CENTER"}}
[10:10:33] [Render thread/INFO] (PiriRuntimeAcceptance) PIRI_PHASE02_PACKET {"type":"REEL_STOP","payload":{"spinId":"cfc9f63b-5f64-4662-9e88-b9bca022b7db","reel":"CENTER","pressedIndex":2,"stopIndex":2,"slip":0,"durationMs":80}}
[10:10:33] [Render thread/INFO] (PiriRuntimeAcceptance) PIRI_PHASE02_PACKET {"type":"PUBLIC_STATE","payload":{"sessionId":"5267f3eb-5c85-4c6b-b2cf-d9c01834646e","machineId":1,"expectedNextClientSequence":342,"gameState":"NORMAL_SPINNING","lifecycle":"ACTIVE","credit":14,"heldMedals":709,"bet":3,"pay":0,"bonusCount":0,"lampOn":false,"displayStops":{"left":2,"center":2,"right":3},"stoppedMask":2}}
[10:10:34] [Render thread/INFO] (PiriRuntimeAcceptance) PIRI_PHASE02_PACKET {"type":"ACTION_ACCEPTED","payload":{"clientSequence":342,"action":"STOP_RIGHT"}}
[10:10:34] [Render thread/INFO] (PiriRuntimeAcceptance) PIRI_PHASE02_PACKET {"type":"REEL_STOP","payload":{"spinId":"cfc9f63b-5f64-4662-9e88-b9bca022b7db","reel":"RIGHT","pressedIndex":8,"stopIndex":8,"slip":0,"durationMs":80}}
[10:10:34] [Render thread/INFO] (PiriRuntimeAcceptance) PIRI_PHASE02_PACKET {"type":"PUBLIC_STATE","payload":{"sessionId":"5267f3eb-5c85-4c6b-b2cf-d9c01834646e","machineId":1,"expectedNextClientSequence":343,"gameState":"NORMAL_SPINNING","lifecycle":"ACTIVE","credit":14,"heldMedals":709,"bet":3,"pay":0,"bonusCount":0,"lampOn":false,"displayStops":{"left":2,"center":2,"right":8},"stoppedMask":6}}
[10:10:34] [Render thread/INFO] (PiriRuntimeAcceptance) PIRI_PHASE02_PACKET {"type":"ACTION_ACCEPTED","payload":{"clientSequence":343,"action":"STOP_LEFT"}}
[10:10:34] [Render thread/INFO] (PiriRuntimeAcceptance) PIRI_PHASE02_PACKET {"type":"REEL_STOP","payload":{"spinId":"cfc9f63b-5f64-4662-9e88-b9bca022b7db","reel":"LEFT","pressedIndex":19,"stopIndex":18,"slip":1,"durationMs":130}}
[10:10:34] [Render thread/INFO] (PiriRuntimeAcceptance) PIRI_PHASE02_PACKET {"type":"PUBLIC_STATE","payload":{"sessionId":"5267f3eb-5c85-4c6b-b2cf-d9c01834646e","machineId":1,"expectedNextClientSequence":344,"gameState":"SEATED_READY","lifecycle":"ACTIVE","credit":14,"heldMedals":709,"bet":0,"pay":0,"bonusCount":0,"lampOn":false,"displayStops":{"left":18,"center":2,"right":8},"stoppedMask":7}}
[10:10:35] [Render thread/INFO] (PiriRuntimeAcceptance) PIRI_PHASE02_PACKET {"type":"ACTION_ACCEPTED","payload":{"clientSequence":344,"action":"SPACE_ACTION"}}
[10:10:35] [Render thread/INFO] (PiriRuntimeAcceptance) PIRI_PHASE02_PACKET {"type":"PUBLIC_STATE","payload":{"sessionId":"5267f3eb-5c85-4c6b-b2cf-d9c01834646e","machineId":1,"expectedNextClientSequence":345,"gameState":"NORMAL_BETTED","lifecycle":"ACTIVE","credit":11,"heldMedals":709,"bet":3,"pay":0,"bonusCount":0,"lampOn":false,"displayStops":{"left":18,"center":2,"right":8},"stoppedMask":7}}
[10:10:35] [Render thread/INFO] (PiriRuntimeAcceptance) PIRI_PHASE02_PACKET {"type":"ACTION_ACCEPTED","payload":{"clientSequence":345,"action":"SPACE_ACTION"}}
[10:10:35] [Render thread/INFO] (PiriRuntimeAcceptance) PIRI_PHASE02_PACKET {"type":"PUBLIC_STATE","payload":{"sessionId":"5267f3eb-5c85-4c6b-b2cf-d9c01834646e","machineId":1,"expectedNextClientSequence":346,"gameState":"NORMAL_SPINNING","lifecycle":"ACTIVE","credit":11,"heldMedals":709,"bet":3,"pay":0,"bonusCount":0,"lampOn":false,"displayStops":{"left":18,"center":2,"right":8},"stoppedMask":0}}
[10:10:35] [Render thread/INFO] (PiriRuntimeAcceptance) PIRI_PHASE02_PACKET {"type":"SPIN_START","payload":{"sessionId":"5267f3eb-5c85-4c6b-b2cf-d9c01834646e","machineId":1,"spinId":"5692a189-4137-4693-b799-20aa67988b9f","mode":"NORMAL","animation":"NORMAL","startPhase":{"left":18.0,"center":2.0,"right":8.0},"stopEnableAfterMs":400}}
[10:10:36] [Render thread/INFO] (PiriRuntimeAcceptance) PIRI_PHASE02_PACKET {"type":"ACTION_ACCEPTED","payload":{"clientSequence":346,"action":"STOP_RIGHT"}}
[10:10:36] [Render thread/INFO] (PiriRuntimeAcceptance) PIRI_PHASE02_PACKET {"type":"REEL_STOP","payload":{"spinId":"5692a189-4137-4693-b799-20aa67988b9f","reel":"RIGHT","pressedIndex":1,"stopIndex":1,"slip":0,"durationMs":80}}
[10:10:36] [Render thread/INFO] (PiriRuntimeAcceptance) PIRI_PHASE02_PACKET {"type":"PUBLIC_STATE","payload":{"sessionId":"5267f3eb-5c85-4c6b-b2cf-d9c01834646e","machineId":1,"expectedNextClientSequence":347,"gameState":"NORMAL_SPINNING","lifecycle":"ACTIVE","credit":11,"heldMedals":709,"bet":3,"pay":0,"bonusCount":0,"lampOn":false,"displayStops":{"left":18,"center":2,"right":1},"stoppedMask":4}}
[10:10:37] [Render thread/INFO] (PiriRuntimeAcceptance) PIRI_PHASE02_PACKET {"type":"ACTION_ACCEPTED","payload":{"clientSequence":347,"action":"STOP_LEFT"}}
[10:10:37] [Render thread/INFO] (PiriRuntimeAcceptance) PIRI_PHASE02_PACKET {"type":"REEL_STOP","payload":{"spinId":"5692a189-4137-4693-b799-20aa67988b9f","reel":"LEFT","pressedIndex":2,"stopIndex":2,"slip":0,"durationMs":80}}
[10:10:37] [Render thread/INFO] (PiriRuntimeAcceptance) PIRI_PHASE02_PACKET {"type":"PUBLIC_STATE","payload":{"sessionId":"5267f3eb-5c85-4c6b-b2cf-d9c01834646e","machineId":1,"expectedNextClientSequence":348,"gameState":"NORMAL_SPINNING","lifecycle":"ACTIVE","credit":11,"heldMedals":709,"bet":3,"pay":0,"bonusCount":0,"lampOn":false,"displayStops":{"left":2,"center":2,"right":1},"stoppedMask":5}}
[10:10:37] [Render thread/INFO] (PiriRuntimeAcceptance) PIRI_PHASE02_PACKET {"type":"ACTION_ACCEPTED","payload":{"clientSequence":348,"action":"STOP_CENTER"}}
[10:10:37] [Render thread/INFO] (PiriRuntimeAcceptance) PIRI_PHASE02_PACKET {"type":"REEL_STOP","payload":{"spinId":"5692a189-4137-4693-b799-20aa67988b9f","reel":"CENTER","pressedIndex":18,"stopIndex":18,"slip":0,"durationMs":80}}
[10:10:37] [Render thread/INFO] (PiriRuntimeAcceptance) PIRI_PHASE02_PACKET {"type":"PUBLIC_STATE","payload":{"sessionId":"5267f3eb-5c85-4c6b-b2cf-d9c01834646e","machineId":1,"expectedNextClientSequence":349,"gameState":"SEATED_READY","lifecycle":"ACTIVE","credit":11,"heldMedals":709,"bet":0,"pay":0,"bonusCount":0,"lampOn":false,"displayStops":{"left":2,"center":18,"right":1},"stoppedMask":7}}
[10:10:38] [Render thread/INFO] (PiriRuntimeAcceptance) PIRI_PHASE02_PACKET {"type":"ACTION_ACCEPTED","payload":{"clientSequence":349,"action":"SPACE_ACTION"}}
[10:10:38] [Render thread/INFO] (PiriRuntimeAcceptance) PIRI_PHASE02_PACKET {"type":"PUBLIC_STATE","payload":{"sessionId":"5267f3eb-5c85-4c6b-b2cf-d9c01834646e","machineId":1,"expectedNextClientSequence":350,"gameState":"NORMAL_BETTED","lifecycle":"ACTIVE","credit":8,"heldMedals":709,"bet":3,"pay":0,"bonusCount":0,"lampOn":false,"displayStops":{"left":2,"center":18,"right":1},"stoppedMask":7}}
[10:10:38] [Render thread/INFO] (PiriRuntimeAcceptance) PIRI_PHASE02_PACKET {"type":"ACTION_ACCEPTED","payload":{"clientSequence":350,"action":"SPACE_ACTION"}}
[10:10:38] [Render thread/INFO] (PiriRuntimeAcceptance) PIRI_PHASE02_PACKET {"type":"PUBLIC_STATE","payload":{"sessionId":"5267f3eb-5c85-4c6b-b2cf-d9c01834646e","machineId":1,"expectedNextClientSequence":351,"gameState":"NORMAL_SPINNING","lifecycle":"ACTIVE","credit":8,"heldMedals":709,"bet":3,"pay":0,"bonusCount":0,"lampOn":false,"displayStops":{"left":2,"center":18,"right":1},"stoppedMask":0}}
[10:10:38] [Render thread/INFO] (PiriRuntimeAcceptance) PIRI_PHASE02_PACKET {"type":"SPIN_START","payload":{"sessionId":"5267f3eb-5c85-4c6b-b2cf-d9c01834646e","machineId":1,"spinId":"d5320340-2ccc-4e07-aa06-379e616884eb","mode":"NORMAL","animation":"NORMAL","startPhase":{"left":2.0,"center":18.0,"right":1.0},"stopEnableAfterMs":400}}
[10:10:39] [Render thread/INFO] (PiriRuntimeAcceptance) PIRI_PHASE02_PACKET {"type":"ACTION_ACCEPTED","payload":{"clientSequence":351,"action":"STOP_RIGHT"}}
[10:10:39] [Render thread/INFO] (PiriRuntimeAcceptance) PIRI_PHASE02_PACKET {"type":"REEL_STOP","payload":{"spinId":"d5320340-2ccc-4e07-aa06-379e616884eb","reel":"RIGHT","pressedIndex":14,"stopIndex":14,"slip":0,"durationMs":80}}
[10:10:39] [Render thread/INFO] (PiriRuntimeAcceptance) PIRI_PHASE02_PACKET {"type":"PUBLIC_STATE","payload":{"sessionId":"5267f3eb-5c85-4c6b-b2cf-d9c01834646e","machineId":1,"expectedNextClientSequence":352,"gameState":"NORMAL_SPINNING","lifecycle":"ACTIVE","credit":8,"heldMedals":709,"bet":3,"pay":0,"bonusCount":0,"lampOn":false,"displayStops":{"left":2,"center":18,"right":14},"stoppedMask":4}}
[10:10:40] [Render thread/INFO] (PiriRuntimeAcceptance) PIRI_PHASE02_PACKET {"type":"ACTION_ACCEPTED","payload":{"clientSequence":352,"action":"STOP_CENTER"}}
[10:10:40] [Render thread/INFO] (PiriRuntimeAcceptance) PIRI_PHASE02_PACKET {"type":"REEL_STOP","payload":{"spinId":"d5320340-2ccc-4e07-aa06-379e616884eb","reel":"CENTER","pressedIndex":1,"stopIndex":1,"slip":0,"durationMs":80}}
[10:10:40] [Render thread/INFO] (PiriRuntimeAcceptance) PIRI_PHASE02_PACKET {"type":"PUBLIC_STATE","payload":{"sessionId":"5267f3eb-5c85-4c6b-b2cf-d9c01834646e","machineId":1,"expectedNextClientSequence":353,"gameState":"NORMAL_SPINNING","lifecycle":"ACTIVE","credit":8,"heldMedals":709,"bet":3,"pay":0,"bonusCount":0,"lampOn":false,"displayStops":{"left":2,"center":1,"right":14},"stoppedMask":6}}
[10:10:40] [Render thread/INFO] (PiriRuntimeAcceptance) PIRI_PHASE02_PACKET {"type":"ACTION_ACCEPTED","payload":{"clientSequence":353,"action":"STOP_LEFT"}}
[10:10:40] [Render thread/INFO] (PiriRuntimeAcceptance) PIRI_PHASE02_PACKET {"type":"REEL_STOP","payload":{"spinId":"d5320340-2ccc-4e07-aa06-379e616884eb","reel":"LEFT","pressedIndex":18,"stopIndex":9,"slip":9,"durationMs":530}}
[10:10:40] [Render thread/INFO] (PiriRuntimeAcceptance) PIRI_PHASE02_PACKET {"type":"PAYOUT","payload":{}}
[10:10:40] [Render thread/INFO] (PiriRuntimeAcceptance) PIRI_PHASE02_PACKET {"type":"PUBLIC_STATE","payload":{"sessionId":"5267f3eb-5c85-4c6b-b2cf-d9c01834646e","machineId":1,"expectedNextClientSequence":354,"gameState":"SEATED_READY","lifecycle":"ACTIVE","credit":10,"heldMedals":709,"bet":0,"pay":2,"bonusCount":0,"lampOn":false,"displayStops":{"left":9,"center":1,"right":14},"stoppedMask":7}}
[10:10:41] [Render thread/INFO] (PiriRuntimeAcceptance) PIRI_PHASE02_PACKET {"type":"ACTION_ACCEPTED","payload":{"clientSequence":354,"action":"SPACE_ACTION"}}
[10:10:41] [Render thread/INFO] (PiriRuntimeAcceptance) PIRI_PHASE02_PACKET {"type":"PUBLIC_STATE","payload":{"sessionId":"5267f3eb-5c85-4c6b-b2cf-d9c01834646e","machineId":1,"expectedNextClientSequence":355,"gameState":"NORMAL_BETTED","lifecycle":"ACTIVE","credit":7,"heldMedals":709,"bet":3,"pay":0,"bonusCount":0,"lampOn":false,"displayStops":{"left":9,"center":1,"right":14},"stoppedMask":7}}
[10:10:42] [Render thread/INFO] (PiriRuntimeAcceptance) PIRI_PHASE02_PACKET {"type":"ACTION_ACCEPTED","payload":{"clientSequence":355,"action":"SPACE_ACTION"}}
[10:10:42] [Render thread/INFO] (PiriRuntimeAcceptance) PIRI_PHASE02_PACKET {"type":"PUBLIC_STATE","payload":{"sessionId":"5267f3eb-5c85-4c6b-b2cf-d9c01834646e","machineId":1,"expectedNextClientSequence":356,"gameState":"NORMAL_SPINNING","lifecycle":"ACTIVE","credit":7,"heldMedals":709,"bet":3,"pay":0,"bonusCount":0,"lampOn":false,"displayStops":{"left":9,"center":1,"right":14},"stoppedMask":0}}
[10:10:42] [Render thread/INFO] (PiriRuntimeAcceptance) PIRI_PHASE02_PACKET {"type":"SPIN_START","payload":{"sessionId":"5267f3eb-5c85-4c6b-b2cf-d9c01834646e","machineId":1,"spinId":"4cef306d-2454-46da-a6e2-06d255cabe2b","mode":"NORMAL","animation":"NORMAL","startPhase":{"left":9.0,"center":1.0,"right":14.0},"stopEnableAfterMs":400}}
[10:10:43] [Render thread/INFO] (PiriRuntimeAcceptance) PIRI_PHASE02_PACKET {"type":"ACTION_ACCEPTED","payload":{"clientSequence":356,"action":"STOP_LEFT"}}
[10:10:43] [Render thread/INFO] (PiriRuntimeAcceptance) PIRI_PHASE02_PACKET {"type":"REEL_STOP","payload":{"spinId":"4cef306d-2454-46da-a6e2-06d255cabe2b","reel":"LEFT","pressedIndex":2,"stopIndex":2,"slip":0,"durationMs":80}}
[10:10:43] [Render thread/INFO] (PiriRuntimeAcceptance) PIRI_PHASE02_PACKET {"type":"PUBLIC_STATE","payload":{"sessionId":"5267f3eb-5c85-4c6b-b2cf-d9c01834646e","machineId":1,"expectedNextClientSequence":357,"gameState":"NORMAL_SPINNING","lifecycle":"ACTIVE","credit":7,"heldMedals":709,"bet":3,"pay":0,"bonusCount":0,"lampOn":false,"displayStops":{"left":2,"center":1,"right":14},"stoppedMask":1}}
[10:10:43] [Render thread/INFO] (PiriRuntimeAcceptance) PIRI_PHASE02_PACKET {"type":"ACTION_ACCEPTED","payload":{"clientSequence":357,"action":"STOP_CENTER"}}
[10:10:43] [Render thread/INFO] (PiriRuntimeAcceptance) PIRI_PHASE02_PACKET {"type":"REEL_STOP","payload":{"spinId":"4cef306d-2454-46da-a6e2-06d255cabe2b","reel":"CENTER","pressedIndex":6,"stopIndex":6,"slip":0,"durationMs":80}}
[10:10:43] [Render thread/INFO] (PiriRuntimeAcceptance) PIRI_PHASE02_PACKET {"type":"PUBLIC_STATE","payload":{"sessionId":"5267f3eb-5c85-4c6b-b2cf-d9c01834646e","machineId":1,"expectedNextClientSequence":358,"gameState":"NORMAL_SPINNING","lifecycle":"ACTIVE","credit":7,"heldMedals":709,"bet":3,"pay":0,"bonusCount":0,"lampOn":false,"displayStops":{"left":2,"center":6,"right":14},"stoppedMask":3}}
[10:10:44] [Render thread/INFO] (PiriRuntimeAcceptance) PIRI_PHASE02_PACKET {"type":"ACTION_ACCEPTED","payload":{"clientSequence":358,"action":"STOP_RIGHT"}}
[10:10:44] [Render thread/INFO] (PiriRuntimeAcceptance) PIRI_PHASE02_PACKET {"type":"REEL_STOP","payload":{"spinId":"4cef306d-2454-46da-a6e2-06d255cabe2b","reel":"RIGHT","pressedIndex":10,"stopIndex":10,"slip":0,"durationMs":80}}
[10:10:44] [Render thread/INFO] (PiriRuntimeAcceptance) PIRI_PHASE02_PACKET {"type":"PUBLIC_STATE","payload":{"sessionId":"5267f3eb-5c85-4c6b-b2cf-d9c01834646e","machineId":1,"expectedNextClientSequence":359,"gameState":"SEATED_READY","lifecycle":"ACTIVE","credit":7,"heldMedals":709,"bet":0,"pay":0,"bonusCount":0,"lampOn":false,"displayStops":{"left":2,"center":6,"right":10},"stoppedMask":7}}
[10:10:44] [Render thread/INFO] (PiriRuntimeAcceptance) PIRI_PHASE02_PACKET {"type":"ACTION_ACCEPTED","payload":{"clientSequence":359,"action":"SPACE_ACTION"}}
[10:10:44] [Render thread/INFO] (PiriRuntimeAcceptance) PIRI_PHASE02_PACKET {"type":"PUBLIC_STATE","payload":{"sessionId":"5267f3eb-5c85-4c6b-b2cf-d9c01834646e","machineId":1,"expectedNextClientSequence":360,"gameState":"NORMAL_BETTED","lifecycle":"ACTIVE","credit":4,"heldMedals":709,"bet":3,"pay":0,"bonusCount":0,"lampOn":false,"displayStops":{"left":2,"center":6,"right":10},"stoppedMask":7}}
[10:10:45] [Render thread/INFO] (PiriRuntimeAcceptance) PIRI_PHASE02_PACKET {"type":"ACTION_ACCEPTED","payload":{"clientSequence":360,"action":"SPACE_ACTION"}}
[10:10:45] [Render thread/INFO] (PiriRuntimeAcceptance) PIRI_PHASE02_PACKET {"type":"PUBLIC_STATE","payload":{"sessionId":"5267f3eb-5c85-4c6b-b2cf-d9c01834646e","machineId":1,"expectedNextClientSequence":361,"gameState":"NORMAL_SPINNING","lifecycle":"ACTIVE","credit":4,"heldMedals":709,"bet":3,"pay":0,"bonusCount":0,"lampOn":false,"displayStops":{"left":2,"center":6,"right":10},"stoppedMask":0}}
[10:10:45] [Render thread/INFO] (PiriRuntimeAcceptance) PIRI_PHASE02_PACKET {"type":"SPIN_START","payload":{"sessionId":"5267f3eb-5c85-4c6b-b2cf-d9c01834646e","machineId":1,"spinId":"1ecb9b78-33e1-4003-b6e3-6a10a382a5d8","mode":"NORMAL","animation":"NORMAL","startPhase":{"left":2.0,"center":6.0,"right":10.0},"stopEnableAfterMs":400}}
[10:10:46] [Render thread/INFO] (PiriRuntimeAcceptance) PIRI_PHASE02_PACKET {"type":"ACTION_ACCEPTED","payload":{"clientSequence":361,"action":"STOP_LEFT"}}
[10:10:46] [Render thread/INFO] (PiriRuntimeAcceptance) PIRI_PHASE02_PACKET {"type":"REEL_STOP","payload":{"spinId":"1ecb9b78-33e1-4003-b6e3-6a10a382a5d8","reel":"LEFT","pressedIndex":15,"stopIndex":15,"slip":0,"durationMs":80}}
[10:10:46] [Render thread/INFO] (PiriRuntimeAcceptance) PIRI_PHASE02_PACKET {"type":"PUBLIC_STATE","payload":{"sessionId":"5267f3eb-5c85-4c6b-b2cf-d9c01834646e","machineId":1,"expectedNextClientSequence":362,"gameState":"NORMAL_SPINNING","lifecycle":"ACTIVE","credit":4,"heldMedals":709,"bet":3,"pay":0,"bonusCount":0,"lampOn":false,"displayStops":{"left":15,"center":6,"right":10},"stoppedMask":1}}
[10:10:46] [Render thread/INFO] (PiriRuntimeAcceptance) PIRI_PHASE02_PACKET {"type":"ACTION_ACCEPTED","payload":{"clientSequence":362,"action":"STOP_RIGHT"}}
[10:10:46] [Render thread/INFO] (PiriRuntimeAcceptance) PIRI_PHASE02_PACKET {"type":"REEL_STOP","payload":{"spinId":"1ecb9b78-33e1-4003-b6e3-6a10a382a5d8","reel":"RIGHT","pressedIndex":14,"stopIndex":14,"slip":0,"durationMs":80}}
[10:10:46] [Render thread/INFO] (PiriRuntimeAcceptance) PIRI_PHASE02_PACKET {"type":"PUBLIC_STATE","payload":{"sessionId":"5267f3eb-5c85-4c6b-b2cf-d9c01834646e","machineId":1,"expectedNextClientSequence":363,"gameState":"NORMAL_SPINNING","lifecycle":"ACTIVE","credit":4,"heldMedals":709,"bet":3,"pay":0,"bonusCount":0,"lampOn":false,"displayStops":{"left":15,"center":6,"right":14},"stoppedMask":5}}
[10:10:47] [Render thread/INFO] (PiriRuntimeAcceptance) PIRI_PHASE02_PACKET {"type":"ACTION_ACCEPTED","payload":{"clientSequence":363,"action":"STOP_CENTER"}}
[10:10:47] [Render thread/INFO] (PiriRuntimeAcceptance) PIRI_PHASE02_PACKET {"type":"REEL_STOP","payload":{"spinId":"1ecb9b78-33e1-4003-b6e3-6a10a382a5d8","reel":"CENTER","pressedIndex":1,"stopIndex":1,"slip":0,"durationMs":80}}
[10:10:47] [Render thread/INFO] (PiriRuntimeAcceptance) PIRI_PHASE02_PACKET {"type":"PUBLIC_STATE","payload":{"sessionId":"5267f3eb-5c85-4c6b-b2cf-d9c01834646e","machineId":1,"expectedNextClientSequence":364,"gameState":"SEATED_READY","lifecycle":"ACTIVE","credit":4,"heldMedals":709,"bet":0,"pay":0,"bonusCount":0,"lampOn":false,"displayStops":{"left":15,"center":1,"right":14},"stoppedMask":7}}
[10:10:47] [Render thread/INFO] (PiriRuntimeAcceptance) PIRI_PHASE02_PACKET {"type":"ACTION_ACCEPTED","payload":{"clientSequence":364,"action":"SPACE_ACTION"}}
[10:10:47] [Render thread/INFO] (PiriRuntimeAcceptance) PIRI_PHASE02_PACKET {"type":"PUBLIC_STATE","payload":{"sessionId":"5267f3eb-5c85-4c6b-b2cf-d9c01834646e","machineId":1,"expectedNextClientSequence":365,"gameState":"NORMAL_BETTED","lifecycle":"ACTIVE","credit":1,"heldMedals":709,"bet":3,"pay":0,"bonusCount":0,"lampOn":false,"displayStops":{"left":15,"center":1,"right":14},"stoppedMask":7}}
[10:10:48] [Render thread/INFO] (PiriRuntimeAcceptance) PIRI_PHASE02_PACKET {"type":"ACTION_ACCEPTED","payload":{"clientSequence":365,"action":"SPACE_ACTION"}}
[10:10:48] [Render thread/INFO] (PiriRuntimeAcceptance) PIRI_PHASE02_PACKET {"type":"PUBLIC_STATE","payload":{"sessionId":"5267f3eb-5c85-4c6b-b2cf-d9c01834646e","machineId":1,"expectedNextClientSequence":366,"gameState":"NORMAL_SPINNING","lifecycle":"ACTIVE","credit":1,"heldMedals":709,"bet":3,"pay":0,"bonusCount":0,"lampOn":false,"displayStops":{"left":15,"center":1,"right":14},"stoppedMask":0}}
[10:10:48] [Render thread/INFO] (PiriRuntimeAcceptance) PIRI_PHASE02_PACKET {"type":"SPIN_START","payload":{"sessionId":"5267f3eb-5c85-4c6b-b2cf-d9c01834646e","machineId":1,"spinId":"cd3ba8f8-ce45-495e-b186-e1e86a8dc7eb","mode":"NORMAL","animation":"NORMAL","startPhase":{"left":15.0,"center":1.0,"right":14.0},"stopEnableAfterMs":400}}
[10:10:48] [Render thread/INFO] (PiriRuntimeAcceptance) PIRI_PHASE02_PACKET {"type":"ACTION_ACCEPTED","payload":{"clientSequence":366,"action":"STOP_CENTER"}}
[10:10:48] [Render thread/INFO] (PiriRuntimeAcceptance) PIRI_PHASE02_PACKET {"type":"REEL_STOP","payload":{"spinId":"cd3ba8f8-ce45-495e-b186-e1e86a8dc7eb","reel":"CENTER","pressedIndex":14,"stopIndex":14,"slip":0,"durationMs":80}}
[10:10:48] [Render thread/INFO] (PiriRuntimeAcceptance) PIRI_PHASE02_PACKET {"type":"PUBLIC_STATE","payload":{"sessionId":"5267f3eb-5c85-4c6b-b2cf-d9c01834646e","machineId":1,"expectedNextClientSequence":367,"gameState":"NORMAL_SPINNING","lifecycle":"ACTIVE","credit":1,"heldMedals":709,"bet":3,"pay":0,"bonusCount":0,"lampOn":false,"displayStops":{"left":15,"center":14,"right":14},"stoppedMask":2}}
[10:10:49] [Render thread/INFO] (PiriRuntimeAcceptance) PIRI_PHASE02_PACKET {"type":"ACTION_ACCEPTED","payload":{"clientSequence":367,"action":"STOP_LEFT"}}
[10:10:49] [Render thread/INFO] (PiriRuntimeAcceptance) PIRI_PHASE02_PACKET {"type":"REEL_STOP","payload":{"spinId":"cd3ba8f8-ce45-495e-b186-e1e86a8dc7eb","reel":"LEFT","pressedIndex":19,"stopIndex":18,"slip":1,"durationMs":130}}
[10:10:49] [Render thread/INFO] (PiriRuntimeAcceptance) PIRI_PHASE02_PACKET {"type":"PUBLIC_STATE","payload":{"sessionId":"5267f3eb-5c85-4c6b-b2cf-d9c01834646e","machineId":1,"expectedNextClientSequence":368,"gameState":"NORMAL_SPINNING","lifecycle":"ACTIVE","credit":1,"heldMedals":709,"bet":3,"pay":0,"bonusCount":0,"lampOn":false,"displayStops":{"left":18,"center":14,"right":14},"stoppedMask":3}}
[10:10:49] [Render thread/INFO] (PiriRuntimeAcceptance) PIRI_PHASE02_PACKET {"type":"ACTION_ACCEPTED","payload":{"clientSequence":368,"action":"STOP_RIGHT"}}
[10:10:49] [Render thread/INFO] (PiriRuntimeAcceptance) PIRI_PHASE02_PACKET {"type":"REEL_STOP","payload":{"spinId":"cd3ba8f8-ce45-495e-b186-e1e86a8dc7eb","reel":"RIGHT","pressedIndex":9,"stopIndex":8,"slip":1,"durationMs":130}}
[10:10:49] [Render thread/INFO] (PiriRuntimeAcceptance) PIRI_PHASE02_PACKET {"type":"PUBLIC_STATE","payload":{"sessionId":"5267f3eb-5c85-4c6b-b2cf-d9c01834646e","machineId":1,"expectedNextClientSequence":369,"gameState":"SEATED_READY","lifecycle":"ACTIVE","credit":1,"heldMedals":709,"bet":0,"pay":0,"bonusCount":0,"lampOn":false,"displayStops":{"left":18,"center":14,"right":8},"stoppedMask":7}}
[10:10:50] [Render thread/INFO] (PiriRuntimeAcceptance) PIRI_PHASE02_PACKET {"type":"ACTION_ACCEPTED","payload":{"clientSequence":369,"action":"SPACE_ACTION"}}
[10:10:50] [Render thread/INFO] (PiriRuntimeAcceptance) PIRI_PHASE02_PACKET {"type":"PUBLIC_STATE","payload":{"sessionId":"5267f3eb-5c85-4c6b-b2cf-d9c01834646e","machineId":1,"expectedNextClientSequence":370,"gameState":"NORMAL_BETTED","lifecycle":"ACTIVE","credit":0,"heldMedals":707,"bet":3,"pay":0,"bonusCount":0,"lampOn":false,"displayStops":{"left":18,"center":14,"right":8},"stoppedMask":7}}
[10:10:51] [Render thread/INFO] (PiriRuntimeAcceptance) PIRI_PHASE02_PACKET {"type":"ACTION_ACCEPTED","payload":{"clientSequence":370,"action":"SPACE_ACTION"}}
[10:10:51] [Render thread/INFO] (PiriRuntimeAcceptance) PIRI_PHASE02_PACKET {"type":"PUBLIC_STATE","payload":{"sessionId":"5267f3eb-5c85-4c6b-b2cf-d9c01834646e","machineId":1,"expectedNextClientSequence":371,"gameState":"NORMAL_SPINNING","lifecycle":"ACTIVE","credit":0,"heldMedals":707,"bet":3,"pay":0,"bonusCount":0,"lampOn":false,"displayStops":{"left":18,"center":14,"right":8},"stoppedMask":0}}
[10:10:51] [Render thread/INFO] (PiriRuntimeAcceptance) PIRI_PHASE02_PACKET {"type":"SPIN_START","payload":{"sessionId":"5267f3eb-5c85-4c6b-b2cf-d9c01834646e","machineId":1,"spinId":"be01cefd-65ae-4b29-a185-e9e927274e52","mode":"NORMAL","animation":"NORMAL","startPhase":{"left":18.0,"center":14.0,"right":8.0},"stopEnableAfterMs":400}}
[10:10:51] [Render thread/INFO] (PiriRuntimeAcceptance) PIRI_PHASE02_PACKET {"type":"ACTION_ACCEPTED","payload":{"clientSequence":371,"action":"STOP_CENTER"}}
[10:10:51] [Render thread/INFO] (PiriRuntimeAcceptance) PIRI_PHASE02_PACKET {"type":"REEL_STOP","payload":{"spinId":"be01cefd-65ae-4b29-a185-e9e927274e52","reel":"CENTER","pressedIndex":6,"stopIndex":6,"slip":0,"durationMs":80}}
[10:10:51] [Render thread/INFO] (PiriRuntimeAcceptance) PIRI_PHASE02_PACKET {"type":"PUBLIC_STATE","payload":{"sessionId":"5267f3eb-5c85-4c6b-b2cf-d9c01834646e","machineId":1,"expectedNextClientSequence":372,"gameState":"NORMAL_SPINNING","lifecycle":"ACTIVE","credit":0,"heldMedals":707,"bet":3,"pay":0,"bonusCount":0,"lampOn":false,"displayStops":{"left":18,"center":6,"right":8},"stoppedMask":2}}
[10:10:52] [Render thread/INFO] (PiriRuntimeAcceptance) PIRI_PHASE02_PACKET {"type":"ACTION_ACCEPTED","payload":{"clientSequence":372,"action":"STOP_RIGHT"}}
[10:10:52] [Render thread/INFO] (PiriRuntimeAcceptance) PIRI_PHASE02_PACKET {"type":"REEL_STOP","payload":{"spinId":"be01cefd-65ae-4b29-a185-e9e927274e52","reel":"RIGHT","pressedIndex":12,"stopIndex":11,"slip":1,"durationMs":130}}
[10:10:52] [Render thread/INFO] (PiriRuntimeAcceptance) PIRI_PHASE02_PACKET {"type":"PUBLIC_STATE","payload":{"sessionId":"5267f3eb-5c85-4c6b-b2cf-d9c01834646e","machineId":1,"expectedNextClientSequence":373,"gameState":"NORMAL_SPINNING","lifecycle":"ACTIVE","credit":0,"heldMedals":707,"bet":3,"pay":0,"bonusCount":0,"lampOn":false,"displayStops":{"left":18,"center":6,"right":11},"stoppedMask":6}}
[10:10:52] [Render thread/INFO] (PiriRuntimeAcceptance) PIRI_PHASE02_PACKET {"type":"ACTION_ACCEPTED","payload":{"clientSequence":373,"action":"STOP_LEFT"}}
[10:10:52] [Render thread/INFO] (PiriRuntimeAcceptance) PIRI_PHASE02_PACKET {"type":"REEL_STOP","payload":{"spinId":"be01cefd-65ae-4b29-a185-e9e927274e52","reel":"LEFT","pressedIndex":14,"stopIndex":14,"slip":0,"durationMs":80}}
[10:10:52] [Render thread/INFO] (PiriRuntimeAcceptance) PIRI_PHASE02_PACKET {"type":"PUBLIC_STATE","payload":{"sessionId":"5267f3eb-5c85-4c6b-b2cf-d9c01834646e","machineId":1,"expectedNextClientSequence":374,"gameState":"REPLAY_READY","lifecycle":"ACTIVE","credit":0,"heldMedals":707,"bet":3,"pay":0,"bonusCount":0,"lampOn":false,"displayStops":{"left":14,"center":6,"right":11},"stoppedMask":7}}
[10:10:53] [Render thread/INFO] (PiriRuntimeAcceptance) PIRI_PHASE02_PACKET {"type":"ACTION_ACCEPTED","payload":{"clientSequence":374,"action":"SPACE_ACTION"}}
[10:10:53] [Render thread/INFO] (PiriRuntimeAcceptance) PIRI_PHASE02_PACKET {"type":"PUBLIC_STATE","payload":{"sessionId":"5267f3eb-5c85-4c6b-b2cf-d9c01834646e","machineId":1,"expectedNextClientSequence":375,"gameState":"NORMAL_SPINNING","lifecycle":"ACTIVE","credit":0,"heldMedals":707,"bet":3,"pay":0,"bonusCount":0,"lampOn":false,"displayStops":{"left":14,"center":6,"right":11},"stoppedMask":0}}
[10:10:53] [Render thread/INFO] (PiriRuntimeAcceptance) PIRI_PHASE02_PACKET {"type":"SPIN_START","payload":{"sessionId":"5267f3eb-5c85-4c6b-b2cf-d9c01834646e","machineId":1,"spinId":"71cebbe8-4145-410f-b5f9-94111dc50ee3","mode":"NORMAL","animation":"NORMAL","startPhase":{"left":14.0,"center":6.0,"right":11.0},"stopEnableAfterMs":400}}
[10:10:54] [Render thread/INFO] (PiriRuntimeAcceptance) PIRI_PHASE02_PACKET {"type":"ACTION_ACCEPTED","payload":{"clientSequence":375,"action":"STOP_RIGHT"}}
[10:10:54] [Render thread/INFO] (PiriRuntimeAcceptance) PIRI_PHASE02_PACKET {"type":"REEL_STOP","payload":{"spinId":"71cebbe8-4145-410f-b5f9-94111dc50ee3","reel":"RIGHT","pressedIndex":4,"stopIndex":2,"slip":2,"durationMs":180}}
[10:10:54] [Render thread/INFO] (PiriRuntimeAcceptance) PIRI_PHASE02_PACKET {"type":"PUBLIC_STATE","payload":{"sessionId":"5267f3eb-5c85-4c6b-b2cf-d9c01834646e","machineId":1,"expectedNextClientSequence":376,"gameState":"NORMAL_SPINNING","lifecycle":"ACTIVE","credit":0,"heldMedals":707,"bet":3,"pay":0,"bonusCount":0,"lampOn":false,"displayStops":{"left":14,"center":6,"right":2},"stoppedMask":4}}
[10:10:54] [Render thread/INFO] (PiriRuntimeAcceptance) PIRI_PHASE02_PACKET {"type":"ACTION_ACCEPTED","payload":{"clientSequence":376,"action":"STOP_LEFT"}}
[10:10:54] [Render thread/INFO] (PiriRuntimeAcceptance) PIRI_PHASE02_PACKET {"type":"REEL_STOP","payload":{"spinId":"71cebbe8-4145-410f-b5f9-94111dc50ee3","reel":"LEFT","pressedIndex":19,"stopIndex":18,"slip":1,"durationMs":130}}
[10:10:54] [Render thread/INFO] (PiriRuntimeAcceptance) PIRI_PHASE02_PACKET {"type":"PUBLIC_STATE","payload":{"sessionId":"5267f3eb-5c85-4c6b-b2cf-d9c01834646e","machineId":1,"expectedNextClientSequence":377,"gameState":"NORMAL_SPINNING","lifecycle":"ACTIVE","credit":0,"heldMedals":707,"bet":3,"pay":0,"bonusCount":0,"lampOn":false,"displayStops":{"left":18,"center":6,"right":2},"stoppedMask":5}}
[10:10:55] [Render thread/INFO] (PiriRuntimeAcceptance) PIRI_PHASE02_PACKET {"type":"ACTION_ACCEPTED","payload":{"clientSequence":377,"action":"STOP_CENTER"}}
[10:10:55] [Render thread/INFO] (PiriRuntimeAcceptance) PIRI_PHASE02_PACKET {"type":"REEL_STOP","payload":{"spinId":"71cebbe8-4145-410f-b5f9-94111dc50ee3","reel":"CENTER","pressedIndex":2,"stopIndex":19,"slip":4,"durationMs":280}}
[10:10:55] [Render thread/INFO] (PiriRuntimeAcceptance) PIRI_PHASE02_PACKET {"type":"PUBLIC_STATE","payload":{"sessionId":"5267f3eb-5c85-4c6b-b2cf-d9c01834646e","machineId":1,"expectedNextClientSequence":378,"gameState":"REPLAY_READY","lifecycle":"ACTIVE","credit":0,"heldMedals":707,"bet":3,"pay":0,"bonusCount":0,"lampOn":false,"displayStops":{"left":18,"center":19,"right":2},"stoppedMask":7}}
[10:10:56] [Render thread/INFO] (PiriRuntimeAcceptance) PIRI_PHASE02_PACKET {"type":"ACTION_ACCEPTED","payload":{"clientSequence":378,"action":"SPACE_ACTION"}}
[10:10:56] [Render thread/INFO] (PiriRuntimeAcceptance) PIRI_PHASE02_PACKET {"type":"PUBLIC_STATE","payload":{"sessionId":"5267f3eb-5c85-4c6b-b2cf-d9c01834646e","machineId":1,"expectedNextClientSequence":379,"gameState":"NORMAL_SPINNING","lifecycle":"ACTIVE","credit":0,"heldMedals":707,"bet":3,"pay":0,"bonusCount":0,"lampOn":false,"displayStops":{"left":18,"center":19,"right":2},"stoppedMask":0}}
[10:10:56] [Render thread/INFO] (PiriRuntimeAcceptance) PIRI_PHASE02_PACKET {"type":"SPIN_START","payload":{"sessionId":"5267f3eb-5c85-4c6b-b2cf-d9c01834646e","machineId":1,"spinId":"b2bfb33e-a084-46fd-a322-7ef9ba1bbe38","mode":"NORMAL","animation":"NORMAL","startPhase":{"left":18.0,"center":19.0,"right":2.0},"stopEnableAfterMs":400}}
[10:10:56] [Render thread/INFO] (PiriRuntimeAcceptance) PIRI_PHASE02_PACKET {"type":"ACTION_ACCEPTED","payload":{"clientSequence":379,"action":"STOP_RIGHT"}}
[10:10:56] [Render thread/INFO] (PiriRuntimeAcceptance) PIRI_PHASE02_PACKET {"type":"REEL_STOP","payload":{"spinId":"b2bfb33e-a084-46fd-a322-7ef9ba1bbe38","reel":"RIGHT","pressedIndex":15,"stopIndex":15,"slip":0,"durationMs":80}}
[10:10:56] [Render thread/INFO] (PiriRuntimeAcceptance) PIRI_PHASE02_PACKET {"type":"PUBLIC_STATE","payload":{"sessionId":"5267f3eb-5c85-4c6b-b2cf-d9c01834646e","machineId":1,"expectedNextClientSequence":380,"gameState":"NORMAL_SPINNING","lifecycle":"ACTIVE","credit":0,"heldMedals":707,"bet":3,"pay":0,"bonusCount":0,"lampOn":false,"displayStops":{"left":18,"center":19,"right":15},"stoppedMask":4}}
[10:10:57] [Render thread/INFO] (PiriRuntimeAcceptance) PIRI_PHASE02_PACKET {"type":"ACTION_ACCEPTED","payload":{"clientSequence":380,"action":"STOP_CENTER"}}
[10:10:57] [Render thread/INFO] (PiriRuntimeAcceptance) PIRI_PHASE02_PACKET {"type":"REEL_STOP","payload":{"spinId":"b2bfb33e-a084-46fd-a322-7ef9ba1bbe38","reel":"CENTER","pressedIndex":2,"stopIndex":2,"slip":0,"durationMs":80}}
[10:10:57] [Render thread/INFO] (PiriRuntimeAcceptance) PIRI_PHASE02_PACKET {"type":"PUBLIC_STATE","payload":{"sessionId":"5267f3eb-5c85-4c6b-b2cf-d9c01834646e","machineId":1,"expectedNextClientSequence":381,"gameState":"NORMAL_SPINNING","lifecycle":"ACTIVE","credit":0,"heldMedals":707,"bet":3,"pay":0,"bonusCount":0,"lampOn":false,"displayStops":{"left":18,"center":2,"right":15},"stoppedMask":6}}
[10:10:57] [Render thread/INFO] (PiriRuntimeAcceptance) PIRI_PHASE02_PACKET {"type":"ACTION_ACCEPTED","payload":{"clientSequence":381,"action":"STOP_LEFT"}}
[10:10:57] [Render thread/INFO] (PiriRuntimeAcceptance) PIRI_PHASE02_PACKET {"type":"REEL_STOP","payload":{"spinId":"b2bfb33e-a084-46fd-a322-7ef9ba1bbe38","reel":"LEFT","pressedIndex":13,"stopIndex":13,"slip":0,"durationMs":80}}
[10:10:57] [Render thread/INFO] (PiriRuntimeAcceptance) PIRI_PHASE02_PACKET {"type":"PUBLIC_STATE","payload":{"sessionId":"5267f3eb-5c85-4c6b-b2cf-d9c01834646e","machineId":1,"expectedNextClientSequence":382,"gameState":"SEATED_READY","lifecycle":"ACTIVE","credit":0,"heldMedals":707,"bet":0,"pay":0,"bonusCount":0,"lampOn":false,"displayStops":{"left":13,"center":2,"right":15},"stoppedMask":7}}
[10:10:58] [Render thread/INFO] (PiriRuntimeAcceptance) PIRI_PHASE02_PACKET {"type":"ACTION_ACCEPTED","payload":{"clientSequence":382,"action":"SPACE_ACTION"}}
[10:10:58] [Render thread/INFO] (PiriRuntimeAcceptance) PIRI_PHASE02_PACKET {"type":"PUBLIC_STATE","payload":{"sessionId":"5267f3eb-5c85-4c6b-b2cf-d9c01834646e","machineId":1,"expectedNextClientSequence":383,"gameState":"NORMAL_BETTED","lifecycle":"ACTIVE","credit":0,"heldMedals":704,"bet":3,"pay":0,"bonusCount":0,"lampOn":false,"displayStops":{"left":13,"center":2,"right":15},"stoppedMask":7}}
[10:10:58] [Render thread/INFO] (PiriRuntimeAcceptance) PIRI_PHASE02_PACKET {"type":"ACTION_ACCEPTED","payload":{"clientSequence":383,"action":"SPACE_ACTION"}}
[10:10:58] [Render thread/INFO] (PiriRuntimeAcceptance) PIRI_PHASE02_PACKET {"type":"PUBLIC_STATE","payload":{"sessionId":"5267f3eb-5c85-4c6b-b2cf-d9c01834646e","machineId":1,"expectedNextClientSequence":384,"gameState":"NORMAL_SPINNING","lifecycle":"ACTIVE","credit":0,"heldMedals":704,"bet":3,"pay":0,"bonusCount":0,"lampOn":false,"displayStops":{"left":13,"center":2,"right":15},"stoppedMask":0}}
[10:10:58] [Render thread/INFO] (PiriRuntimeAcceptance) PIRI_PHASE02_PACKET {"type":"SPIN_START","payload":{"sessionId":"5267f3eb-5c85-4c6b-b2cf-d9c01834646e","machineId":1,"spinId":"f68cd8a9-bf60-48de-b707-354b86c729b0","mode":"NORMAL","animation":"NORMAL","startPhase":{"left":13.0,"center":2.0,"right":15.0},"stopEnableAfterMs":400}}
[10:10:59] [Render thread/INFO] (PiriRuntimeAcceptance) PIRI_PHASE02_PACKET {"type":"ACTION_ACCEPTED","payload":{"clientSequence":384,"action":"STOP_LEFT"}}
[10:10:59] [Render thread/INFO] (PiriRuntimeAcceptance) PIRI_PHASE02_PACKET {"type":"REEL_STOP","payload":{"spinId":"f68cd8a9-bf60-48de-b707-354b86c729b0","reel":"LEFT","pressedIndex":1,"stopIndex":1,"slip":0,"durationMs":80}}
[10:10:59] [Render thread/INFO] (PiriRuntimeAcceptance) PIRI_PHASE02_PACKET {"type":"PUBLIC_STATE","payload":{"sessionId":"5267f3eb-5c85-4c6b-b2cf-d9c01834646e","machineId":1,"expectedNextClientSequence":385,"gameState":"NORMAL_SPINNING","lifecycle":"ACTIVE","credit":0,"heldMedals":704,"bet":3,"pay":0,"bonusCount":0,"lampOn":false,"displayStops":{"left":1,"center":2,"right":15},"stoppedMask":1}}
[10:11:00] [Render thread/INFO] (PiriRuntimeAcceptance) PIRI_PHASE02_PACKET {"type":"ACTION_ACCEPTED","payload":{"clientSequence":385,"action":"STOP_CENTER"}}
[10:11:00] [Render thread/INFO] (PiriRuntimeAcceptance) PIRI_PHASE02_PACKET {"type":"REEL_STOP","payload":{"spinId":"f68cd8a9-bf60-48de-b707-354b86c729b0","reel":"CENTER","pressedIndex":2,"stopIndex":2,"slip":0,"durationMs":80}}
[10:11:00] [Render thread/INFO] (PiriRuntimeAcceptance) PIRI_PHASE02_PACKET {"type":"PUBLIC_STATE","payload":{"sessionId":"5267f3eb-5c85-4c6b-b2cf-d9c01834646e","machineId":1,"expectedNextClientSequence":386,"gameState":"NORMAL_SPINNING","lifecycle":"ACTIVE","credit":0,"heldMedals":704,"bet":3,"pay":0,"bonusCount":0,"lampOn":false,"displayStops":{"left":1,"center":2,"right":15},"stoppedMask":3}}
[10:11:00] [Render thread/INFO] (PiriRuntimeAcceptance) PIRI_PHASE02_PACKET {"type":"ACTION_ACCEPTED","payload":{"clientSequence":386,"action":"STOP_RIGHT"}}
[10:11:00] [Render thread/INFO] (PiriRuntimeAcceptance) PIRI_PHASE02_PACKET {"type":"REEL_STOP","payload":{"spinId":"f68cd8a9-bf60-48de-b707-354b86c729b0","reel":"RIGHT","pressedIndex":6,"stopIndex":5,"slip":1,"durationMs":130}}
[10:11:00] [Render thread/INFO] (PiriRuntimeAcceptance) PIRI_PHASE02_PACKET {"type":"PUBLIC_STATE","payload":{"sessionId":"5267f3eb-5c85-4c6b-b2cf-d9c01834646e","machineId":1,"expectedNextClientSequence":387,"gameState":"SEATED_READY","lifecycle":"ACTIVE","credit":0,"heldMedals":704,"bet":0,"pay":0,"bonusCount":0,"lampOn":false,"displayStops":{"left":1,"center":2,"right":5},"stoppedMask":7}}
[10:11:01] [Render thread/INFO] (PiriRuntimeAcceptance) PIRI_PHASE02_PACKET {"type":"ACTION_ACCEPTED","payload":{"clientSequence":387,"action":"SPACE_ACTION"}}
[10:11:01] [Render thread/INFO] (PiriRuntimeAcceptance) PIRI_PHASE02_PACKET {"type":"PUBLIC_STATE","payload":{"sessionId":"5267f3eb-5c85-4c6b-b2cf-d9c01834646e","machineId":1,"expectedNextClientSequence":388,"gameState":"NORMAL_BETTED","lifecycle":"ACTIVE","credit":0,"heldMedals":701,"bet":3,"pay":0,"bonusCount":0,"lampOn":false,"displayStops":{"left":1,"center":2,"right":5},"stoppedMask":7}}
[10:11:01] [Render thread/INFO] (PiriRuntimeAcceptance) PIRI_PHASE02_PACKET {"type":"ACTION_ACCEPTED","payload":{"clientSequence":388,"action":"SPACE_ACTION"}}
[10:11:01] [Render thread/INFO] (PiriRuntimeAcceptance) PIRI_PHASE02_PACKET {"type":"PUBLIC_STATE","payload":{"sessionId":"5267f3eb-5c85-4c6b-b2cf-d9c01834646e","machineId":1,"expectedNextClientSequence":389,"gameState":"NORMAL_SPINNING","lifecycle":"ACTIVE","credit":0,"heldMedals":701,"bet":3,"pay":0,"bonusCount":0,"lampOn":false,"displayStops":{"left":1,"center":2,"right":5},"stoppedMask":0}}
[10:11:01] [Render thread/INFO] (PiriRuntimeAcceptance) PIRI_PHASE02_PACKET {"type":"SPIN_START","payload":{"sessionId":"5267f3eb-5c85-4c6b-b2cf-d9c01834646e","machineId":1,"spinId":"e2e30cd4-dae2-4044-8c8c-5efd10241979","mode":"NORMAL","animation":"NORMAL","startPhase":{"left":1.0,"center":2.0,"right":5.0},"stopEnableAfterMs":400}}
[10:11:02] [Render thread/INFO] (PiriRuntimeAcceptance) PIRI_PHASE02_PACKET {"type":"ACTION_ACCEPTED","payload":{"clientSequence":389,"action":"STOP_LEFT"}}
[10:11:02] [Render thread/INFO] (PiriRuntimeAcceptance) PIRI_PHASE02_PACKET {"type":"REEL_STOP","payload":{"spinId":"e2e30cd4-dae2-4044-8c8c-5efd10241979","reel":"LEFT","pressedIndex":10,"stopIndex":10,"slip":0,"durationMs":80}}
[10:11:02] [Render thread/INFO] (PiriRuntimeAcceptance) PIRI_PHASE02_PACKET {"type":"PUBLIC_STATE","payload":{"sessionId":"5267f3eb-5c85-4c6b-b2cf-d9c01834646e","machineId":1,"expectedNextClientSequence":390,"gameState":"NORMAL_SPINNING","lifecycle":"ACTIVE","credit":0,"heldMedals":701,"bet":3,"pay":0,"bonusCount":0,"lampOn":false,"displayStops":{"left":10,"center":2,"right":5},"stoppedMask":1}}
[10:11:03] [Render thread/INFO] (PiriRuntimeAcceptance) PIRI_PHASE02_PACKET {"type":"ACTION_ACCEPTED","payload":{"clientSequence":390,"action":"STOP_RIGHT"}}
[10:11:03] [Render thread/INFO] (PiriRuntimeAcceptance) PIRI_PHASE02_PACKET {"type":"REEL_STOP","payload":{"spinId":"e2e30cd4-dae2-4044-8c8c-5efd10241979","reel":"RIGHT","pressedIndex":5,"stopIndex":2,"slip":3,"durationMs":230}}
[10:11:03] [Render thread/INFO] (PiriRuntimeAcceptance) PIRI_PHASE02_PACKET {"type":"PUBLIC_STATE","payload":{"sessionId":"5267f3eb-5c85-4c6b-b2cf-d9c01834646e","machineId":1,"expectedNextClientSequence":391,"gameState":"NORMAL_SPINNING","lifecycle":"ACTIVE","credit":0,"heldMedals":701,"bet":3,"pay":0,"bonusCount":0,"lampOn":false,"displayStops":{"left":10,"center":2,"right":2},"stoppedMask":5}}
[10:11:03] [Render thread/INFO] (PiriRuntimeAcceptance) PIRI_PHASE02_PACKET {"type":"ACTION_ACCEPTED","payload":{"clientSequence":391,"action":"STOP_CENTER"}}
[10:11:03] [Render thread/INFO] (PiriRuntimeAcceptance) PIRI_PHASE02_PACKET {"type":"REEL_STOP","payload":{"spinId":"e2e30cd4-dae2-4044-8c8c-5efd10241979","reel":"CENTER","pressedIndex":14,"stopIndex":12,"slip":2,"durationMs":180}}
[10:11:03] [Render thread/INFO] (PiriRuntimeAcceptance) PIRI_PHASE02_PACKET {"type":"PAYOUT","payload":{}}
[10:11:03] [Render thread/INFO] (PiriRuntimeAcceptance) PIRI_PHASE02_PACKET {"type":"PUBLIC_STATE","payload":{"sessionId":"5267f3eb-5c85-4c6b-b2cf-d9c01834646e","machineId":1,"expectedNextClientSequence":392,"gameState":"SEATED_READY","lifecycle":"ACTIVE","credit":8,"heldMedals":701,"bet":0,"pay":8,"bonusCount":0,"lampOn":false,"displayStops":{"left":10,"center":12,"right":2},"stoppedMask":7}}
[10:11:04] [Render thread/INFO] (PiriRuntimeAcceptance) PIRI_PHASE02_PACKET {"type":"ACTION_ACCEPTED","payload":{"clientSequence":392,"action":"SPACE_ACTION"}}
[10:11:04] [Render thread/INFO] (PiriRuntimeAcceptance) PIRI_PHASE02_PACKET {"type":"PUBLIC_STATE","payload":{"sessionId":"5267f3eb-5c85-4c6b-b2cf-d9c01834646e","machineId":1,"expectedNextClientSequence":393,"gameState":"NORMAL_BETTED","lifecycle":"ACTIVE","credit":5,"heldMedals":701,"bet":3,"pay":0,"bonusCount":0,"lampOn":false,"displayStops":{"left":10,"center":12,"right":2},"stoppedMask":7}}
[10:11:04] [Render thread/INFO] (PiriRuntimeAcceptance) PIRI_PHASE02_PACKET {"type":"ACTION_ACCEPTED","payload":{"clientSequence":393,"action":"SPACE_ACTION"}}
[10:11:04] [Render thread/INFO] (PiriRuntimeAcceptance) PIRI_PHASE02_PACKET {"type":"PUBLIC_STATE","payload":{"sessionId":"5267f3eb-5c85-4c6b-b2cf-d9c01834646e","machineId":1,"expectedNextClientSequence":394,"gameState":"NORMAL_SPINNING","lifecycle":"ACTIVE","credit":5,"heldMedals":701,"bet":3,"pay":0,"bonusCount":0,"lampOn":false,"displayStops":{"left":10,"center":12,"right":2},"stoppedMask":0}}
[10:11:04] [Render thread/INFO] (PiriRuntimeAcceptance) PIRI_PHASE02_PACKET {"type":"SPIN_START","payload":{"sessionId":"5267f3eb-5c85-4c6b-b2cf-d9c01834646e","machineId":1,"spinId":"144259da-ae52-4124-8609-f0e78f3fba03","mode":"NORMAL","animation":"NORMAL","startPhase":{"left":10.0,"center":12.0,"right":2.0},"stopEnableAfterMs":400}}
[10:11:05] [Render thread/INFO] (PiriRuntimeAcceptance) PIRI_PHASE02_PACKET {"type":"ACTION_ACCEPTED","payload":{"clientSequence":394,"action":"STOP_CENTER"}}
[10:11:05] [Render thread/INFO] (PiriRuntimeAcceptance) PIRI_PHASE02_PACKET {"type":"REEL_STOP","payload":{"spinId":"144259da-ae52-4124-8609-f0e78f3fba03","reel":"CENTER","pressedIndex":0,"stopIndex":19,"slip":2,"durationMs":180}}
[10:11:05] [Render thread/INFO] (PiriRuntimeAcceptance) PIRI_PHASE02_PACKET {"type":"PUBLIC_STATE","payload":{"sessionId":"5267f3eb-5c85-4c6b-b2cf-d9c01834646e","machineId":1,"expectedNextClientSequence":395,"gameState":"NORMAL_SPINNING","lifecycle":"ACTIVE","credit":5,"heldMedals":701,"bet":3,"pay":0,"bonusCount":0,"lampOn":false,"displayStops":{"left":10,"center":19,"right":2},"stoppedMask":2}}
[10:11:06] [Render thread/INFO] (PiriRuntimeAcceptance) PIRI_PHASE02_PACKET {"type":"ACTION_ACCEPTED","payload":{"clientSequence":395,"action":"STOP_LEFT"}}
[10:11:06] [Render thread/INFO] (PiriRuntimeAcceptance) PIRI_PHASE02_PACKET {"type":"REEL_STOP","payload":{"spinId":"144259da-ae52-4124-8609-f0e78f3fba03","reel":"LEFT","pressedIndex":10,"stopIndex":2,"slip":8,"durationMs":480}}
[10:11:06] [Render thread/INFO] (PiriRuntimeAcceptance) PIRI_PHASE02_PACKET {"type":"PUBLIC_STATE","payload":{"sessionId":"5267f3eb-5c85-4c6b-b2cf-d9c01834646e","machineId":1,"expectedNextClientSequence":396,"gameState":"NORMAL_SPINNING","lifecycle":"ACTIVE","credit":5,"heldMedals":701,"bet":3,"pay":0,"bonusCount":0,"lampOn":false,"displayStops":{"left":2,"center":19,"right":2},"stoppedMask":3}}
[10:11:06] [Render thread/INFO] (PiriRuntimeAcceptance) PIRI_PHASE02_PACKET {"type":"ACTION_ACCEPTED","payload":{"clientSequence":396,"action":"STOP_RIGHT"}}
[10:11:06] [Render thread/INFO] (PiriRuntimeAcceptance) PIRI_PHASE02_PACKET {"type":"REEL_STOP","payload":{"spinId":"144259da-ae52-4124-8609-f0e78f3fba03","reel":"RIGHT","pressedIndex":14,"stopIndex":11,"slip":3,"durationMs":230}}
[10:11:06] [Render thread/INFO] (PiriRuntimeAcceptance) PIRI_PHASE02_PACKET {"type":"PUBLIC_STATE","payload":{"sessionId":"5267f3eb-5c85-4c6b-b2cf-d9c01834646e","machineId":1,"expectedNextClientSequence":397,"gameState":"REPLAY_READY","lifecycle":"ACTIVE","credit":5,"heldMedals":701,"bet":3,"pay":0,"bonusCount":0,"lampOn":false,"displayStops":{"left":2,"center":19,"right":11},"stoppedMask":7}}
[10:11:07] [Render thread/INFO] (PiriRuntimeAcceptance) PIRI_PHASE02_PACKET {"type":"ACTION_ACCEPTED","payload":{"clientSequence":397,"action":"SPACE_ACTION"}}
[10:11:07] [Render thread/INFO] (PiriRuntimeAcceptance) PIRI_PHASE02_PACKET {"type":"PUBLIC_STATE","payload":{"sessionId":"5267f3eb-5c85-4c6b-b2cf-d9c01834646e","machineId":1,"expectedNextClientSequence":398,"gameState":"NORMAL_SPINNING","lifecycle":"ACTIVE","credit":5,"heldMedals":701,"bet":3,"pay":0,"bonusCount":0,"lampOn":false,"displayStops":{"left":2,"center":19,"right":11},"stoppedMask":0}}
[10:11:07] [Render thread/INFO] (PiriRuntimeAcceptance) PIRI_PHASE02_PACKET {"type":"SPIN_START","payload":{"sessionId":"5267f3eb-5c85-4c6b-b2cf-d9c01834646e","machineId":1,"spinId":"23a6ad45-acb3-46a1-8a9d-f487ed1c4c88","mode":"NORMAL","animation":"NORMAL","startPhase":{"left":2.0,"center":19.0,"right":11.0},"stopEnableAfterMs":400}}
[10:11:08] [Render thread/INFO] (PiriRuntimeAcceptance) PIRI_PHASE02_PACKET {"type":"ACTION_ACCEPTED","payload":{"clientSequence":398,"action":"STOP_CENTER"}}
[10:11:08] [Render thread/INFO] (PiriRuntimeAcceptance) PIRI_PHASE02_PACKET {"type":"REEL_STOP","payload":{"spinId":"23a6ad45-acb3-46a1-8a9d-f487ed1c4c88","reel":"CENTER","pressedIndex":11,"stopIndex":11,"slip":0,"durationMs":80}}
[10:11:08] [Render thread/INFO] (PiriRuntimeAcceptance) PIRI_PHASE02_PACKET {"type":"PUBLIC_STATE","payload":{"sessionId":"5267f3eb-5c85-4c6b-b2cf-d9c01834646e","machineId":1,"expectedNextClientSequence":399,"gameState":"NORMAL_SPINNING","lifecycle":"ACTIVE","credit":5,"heldMedals":701,"bet":3,"pay":0,"bonusCount":0,"lampOn":false,"displayStops":{"left":2,"center":11,"right":11},"stoppedMask":2}}
[10:11:09] [Render thread/INFO] (PiriRuntimeAcceptance) PIRI_PHASE02_PACKET {"type":"ACTION_ACCEPTED","payload":{"clientSequence":399,"action":"STOP_RIGHT"}}
[10:11:09] [Render thread/INFO] (PiriRuntimeAcceptance) PIRI_PHASE02_PACKET {"type":"REEL_STOP","payload":{"spinId":"23a6ad45-acb3-46a1-8a9d-f487ed1c4c88","reel":"RIGHT","pressedIndex":11,"stopIndex":11,"slip":0,"durationMs":80}}
[10:11:09] [Render thread/INFO] (PiriRuntimeAcceptance) PIRI_PHASE02_PACKET {"type":"PUBLIC_STATE","payload":{"sessionId":"5267f3eb-5c85-4c6b-b2cf-d9c01834646e","machineId":1,"expectedNextClientSequence":400,"gameState":"NORMAL_SPINNING","lifecycle":"ACTIVE","credit":5,"heldMedals":701,"bet":3,"pay":0,"bonusCount":0,"lampOn":false,"displayStops":{"left":2,"center":11,"right":11},"stoppedMask":6}}
[10:11:09] [Render thread/INFO] (PiriRuntimeAcceptance) PIRI_PHASE02_PACKET {"type":"ACTION_ACCEPTED","payload":{"clientSequence":400,"action":"STOP_LEFT"}}
[10:11:09] [Render thread/INFO] (PiriRuntimeAcceptance) PIRI_PHASE02_PACKET {"type":"REEL_STOP","payload":{"spinId":"23a6ad45-acb3-46a1-8a9d-f487ed1c4c88","reel":"LEFT","pressedIndex":14,"stopIndex":14,"slip":0,"durationMs":80}}
[10:11:09] [Render thread/INFO] (PiriRuntimeAcceptance) PIRI_PHASE02_PACKET {"type":"PUBLIC_STATE","payload":{"sessionId":"5267f3eb-5c85-4c6b-b2cf-d9c01834646e","machineId":1,"expectedNextClientSequence":401,"gameState":"SEATED_READY","lifecycle":"ACTIVE","credit":5,"heldMedals":701,"bet":0,"pay":0,"bonusCount":0,"lampOn":false,"displayStops":{"left":14,"center":11,"right":11},"stoppedMask":7}}
[10:11:10] [Render thread/INFO] (PiriRuntimeAcceptance) PIRI_PHASE02_PACKET {"type":"ACTION_ACCEPTED","payload":{"clientSequence":401,"action":"SPACE_ACTION"}}
[10:11:10] [Render thread/INFO] (PiriRuntimeAcceptance) PIRI_PHASE02_PACKET {"type":"PUBLIC_STATE","payload":{"sessionId":"5267f3eb-5c85-4c6b-b2cf-d9c01834646e","machineId":1,"expectedNextClientSequence":402,"gameState":"NORMAL_BETTED","lifecycle":"ACTIVE","credit":2,"heldMedals":701,"bet":3,"pay":0,"bonusCount":0,"lampOn":false,"displayStops":{"left":14,"center":11,"right":11},"stoppedMask":7}}
[10:11:10] [Render thread/INFO] (PiriRuntimeAcceptance) PIRI_PHASE02_PACKET {"type":"ACTION_ACCEPTED","payload":{"clientSequence":402,"action":"SPACE_ACTION"}}
[10:11:10] [Render thread/INFO] (PiriRuntimeAcceptance) PIRI_PHASE02_PACKET {"type":"PUBLIC_STATE","payload":{"sessionId":"5267f3eb-5c85-4c6b-b2cf-d9c01834646e","machineId":1,"expectedNextClientSequence":403,"gameState":"NORMAL_SPINNING","lifecycle":"ACTIVE","credit":2,"heldMedals":701,"bet":3,"pay":0,"bonusCount":0,"lampOn":false,"displayStops":{"left":14,"center":11,"right":11},"stoppedMask":0}}
[10:11:10] [Render thread/INFO] (PiriRuntimeAcceptance) PIRI_PHASE02_PACKET {"type":"SPIN_START","payload":{"sessionId":"5267f3eb-5c85-4c6b-b2cf-d9c01834646e","machineId":1,"spinId":"c44e320c-f184-4157-8816-2645c3e0d05e","mode":"NORMAL","animation":"NORMAL","startPhase":{"left":14.0,"center":11.0,"right":11.0},"stopEnableAfterMs":400}}
[10:11:11] [Render thread/INFO] (PiriRuntimeAcceptance) PIRI_PHASE02_PACKET {"type":"ACTION_ACCEPTED","payload":{"clientSequence":403,"action":"STOP_RIGHT"}}
[10:11:11] [Render thread/INFO] (PiriRuntimeAcceptance) PIRI_PHASE02_PACKET {"type":"REEL_STOP","payload":{"spinId":"c44e320c-f184-4157-8816-2645c3e0d05e","reel":"RIGHT","pressedIndex":20,"stopIndex":19,"slip":1,"durationMs":130}}
[10:11:11] [Render thread/INFO] (PiriRuntimeAcceptance) PIRI_PHASE02_PACKET {"type":"PUBLIC_STATE","payload":{"sessionId":"5267f3eb-5c85-4c6b-b2cf-d9c01834646e","machineId":1,"expectedNextClientSequence":404,"gameState":"NORMAL_SPINNING","lifecycle":"ACTIVE","credit":2,"heldMedals":701,"bet":3,"pay":0,"bonusCount":0,"lampOn":false,"displayStops":{"left":14,"center":11,"right":19},"stoppedMask":4}}
[10:11:12] [Render thread/INFO] (PiriRuntimeAcceptance) PIRI_PHASE02_PACKET {"type":"ACTION_ACCEPTED","payload":{"clientSequence":404,"action":"STOP_LEFT"}}
[10:11:12] [Render thread/INFO] (PiriRuntimeAcceptance) PIRI_PHASE02_PACKET {"type":"REEL_STOP","payload":{"spinId":"c44e320c-f184-4157-8816-2645c3e0d05e","reel":"LEFT","pressedIndex":14,"stopIndex":14,"slip":0,"durationMs":80}}
[10:11:12] [Render thread/INFO] (PiriRuntimeAcceptance) PIRI_PHASE02_PACKET {"type":"PUBLIC_STATE","payload":{"sessionId":"5267f3eb-5c85-4c6b-b2cf-d9c01834646e","machineId":1,"expectedNextClientSequence":405,"gameState":"NORMAL_SPINNING","lifecycle":"ACTIVE","credit":2,"heldMedals":701,"bet":3,"pay":0,"bonusCount":0,"lampOn":false,"displayStops":{"left":14,"center":11,"right":19},"stoppedMask":5}}
[10:11:12] [Render thread/INFO] (PiriRuntimeAcceptance) PIRI_PHASE02_PACKET {"type":"ACTION_ACCEPTED","payload":{"clientSequence":405,"action":"STOP_CENTER"}}
[10:11:12] [Render thread/INFO] (PiriRuntimeAcceptance) PIRI_PHASE02_PACKET {"type":"REEL_STOP","payload":{"spinId":"c44e320c-f184-4157-8816-2645c3e0d05e","reel":"CENTER","pressedIndex":2,"stopIndex":2,"slip":0,"durationMs":80}}
[10:11:12] [Render thread/INFO] (PiriRuntimeAcceptance) PIRI_PHASE02_PACKET {"type":"PUBLIC_STATE","payload":{"sessionId":"5267f3eb-5c85-4c6b-b2cf-d9c01834646e","machineId":1,"expectedNextClientSequence":406,"gameState":"REPLAY_READY","lifecycle":"ACTIVE","credit":2,"heldMedals":701,"bet":3,"pay":0,"bonusCount":0,"lampOn":false,"displayStops":{"left":14,"center":2,"right":19},"stoppedMask":7}}
[10:11:13] [Render thread/INFO] (PiriRuntimeAcceptance) PIRI_PHASE02_PACKET {"type":"ACTION_ACCEPTED","payload":{"clientSequence":406,"action":"SPACE_ACTION"}}
[10:11:13] [Render thread/INFO] (PiriRuntimeAcceptance) PIRI_PHASE02_PACKET {"type":"PUBLIC_STATE","payload":{"sessionId":"5267f3eb-5c85-4c6b-b2cf-d9c01834646e","machineId":1,"expectedNextClientSequence":407,"gameState":"NORMAL_SPINNING","lifecycle":"ACTIVE","credit":2,"heldMedals":701,"bet":3,"pay":0,"bonusCount":0,"lampOn":false,"displayStops":{"left":14,"center":2,"right":19},"stoppedMask":0}}
[10:11:13] [Render thread/INFO] (PiriRuntimeAcceptance) PIRI_PHASE02_PACKET {"type":"SPIN_START","payload":{"sessionId":"5267f3eb-5c85-4c6b-b2cf-d9c01834646e","machineId":1,"spinId":"f03c2f83-de33-489b-bbeb-12af2f17c094","mode":"NORMAL","animation":"NORMAL","startPhase":{"left":14.0,"center":2.0,"right":19.0},"stopEnableAfterMs":400}}
[10:11:13] [Render thread/INFO] (PiriRuntimeAcceptance) PIRI_PHASE02_PACKET {"type":"ACTION_ACCEPTED","payload":{"clientSequence":407,"action":"STOP_RIGHT"}}
[10:11:13] [Render thread/INFO] (PiriRuntimeAcceptance) PIRI_PHASE02_PACKET {"type":"REEL_STOP","payload":{"spinId":"f03c2f83-de33-489b-bbeb-12af2f17c094","reel":"RIGHT","pressedIndex":11,"stopIndex":11,"slip":0,"durationMs":80}}
[10:11:13] [Render thread/INFO] (PiriRuntimeAcceptance) PIRI_PHASE02_PACKET {"type":"PUBLIC_STATE","payload":{"sessionId":"5267f3eb-5c85-4c6b-b2cf-d9c01834646e","machineId":1,"expectedNextClientSequence":408,"gameState":"NORMAL_SPINNING","lifecycle":"ACTIVE","credit":2,"heldMedals":701,"bet":3,"pay":0,"bonusCount":0,"lampOn":false,"displayStops":{"left":14,"center":2,"right":11},"stoppedMask":4}}
[10:11:14] [Render thread/INFO] (PiriRuntimeAcceptance) PIRI_PHASE02_PACKET {"type":"ACTION_ACCEPTED","payload":{"clientSequence":408,"action":"STOP_CENTER"}}
[10:11:14] [Render thread/INFO] (PiriRuntimeAcceptance) PIRI_PHASE02_PACKET {"type":"REEL_STOP","payload":{"spinId":"f03c2f83-de33-489b-bbeb-12af2f17c094","reel":"CENTER","pressedIndex":6,"stopIndex":6,"slip":0,"durationMs":80}}
[10:11:14] [Render thread/INFO] (PiriRuntimeAcceptance) PIRI_PHASE02_PACKET {"type":"PUBLIC_STATE","payload":{"sessionId":"5267f3eb-5c85-4c6b-b2cf-d9c01834646e","machineId":1,"expectedNextClientSequence":409,"gameState":"NORMAL_SPINNING","lifecycle":"ACTIVE","credit":2,"heldMedals":701,"bet":3,"pay":0,"bonusCount":0,"lampOn":false,"displayStops":{"left":14,"center":6,"right":11},"stoppedMask":6}}
[10:11:14] [Render thread/INFO] (PiriRuntimeAcceptance) PIRI_PHASE02_PACKET {"type":"ACTION_ACCEPTED","payload":{"clientSequence":409,"action":"STOP_LEFT"}}
[10:11:14] [Render thread/INFO] (PiriRuntimeAcceptance) PIRI_PHASE02_PACKET {"type":"REEL_STOP","payload":{"spinId":"f03c2f83-de33-489b-bbeb-12af2f17c094","reel":"LEFT","pressedIndex":9,"stopIndex":6,"slip":3,"durationMs":230}}
[10:11:14] [Render thread/INFO] (PiriRuntimeAcceptance) PIRI_PHASE02_PACKET {"type":"PUBLIC_STATE","payload":{"sessionId":"5267f3eb-5c85-4c6b-b2cf-d9c01834646e","machineId":1,"expectedNextClientSequence":410,"gameState":"SEATED_READY","lifecycle":"ACTIVE","credit":2,"heldMedals":701,"bet":0,"pay":0,"bonusCount":0,"lampOn":false,"displayStops":{"left":6,"center":6,"right":11},"stoppedMask":7}}
[10:11:15] [Render thread/INFO] (PiriRuntimeAcceptance) PIRI_PHASE02_PACKET {"type":"ACTION_ACCEPTED","payload":{"clientSequence":410,"action":"SPACE_ACTION"}}
[10:11:15] [Render thread/INFO] (PiriRuntimeAcceptance) PIRI_PHASE02_PACKET {"type":"PUBLIC_STATE","payload":{"sessionId":"5267f3eb-5c85-4c6b-b2cf-d9c01834646e","machineId":1,"expectedNextClientSequence":411,"gameState":"NORMAL_BETTED","lifecycle":"ACTIVE","credit":0,"heldMedals":700,"bet":3,"pay":0,"bonusCount":0,"lampOn":false,"displayStops":{"left":6,"center":6,"right":11},"stoppedMask":7}}
[10:11:16] [Render thread/INFO] (PiriRuntimeAcceptance) PIRI_PHASE02_PACKET {"type":"ACTION_ACCEPTED","payload":{"clientSequence":411,"action":"SPACE_ACTION"}}
[10:11:16] [Render thread/INFO] (PiriRuntimeAcceptance) PIRI_PHASE02_PACKET {"type":"PUBLIC_STATE","payload":{"sessionId":"5267f3eb-5c85-4c6b-b2cf-d9c01834646e","machineId":1,"expectedNextClientSequence":412,"gameState":"NORMAL_SPINNING","lifecycle":"ACTIVE","credit":0,"heldMedals":700,"bet":3,"pay":0,"bonusCount":0,"lampOn":false,"displayStops":{"left":6,"center":6,"right":11},"stoppedMask":0}}
[10:11:16] [Render thread/INFO] (PiriRuntimeAcceptance) PIRI_PHASE02_PACKET {"type":"SPIN_START","payload":{"sessionId":"5267f3eb-5c85-4c6b-b2cf-d9c01834646e","machineId":1,"spinId":"8a7d6b96-de65-4b34-9dcd-fd0b65f4e6aa","mode":"NORMAL","animation":"NORMAL","startPhase":{"left":6.0,"center":6.0,"right":11.0},"stopEnableAfterMs":400}}
[10:11:16] [Render thread/INFO] (PiriRuntimeAcceptance) PIRI_PHASE02_PACKET {"type":"ACTION_ACCEPTED","payload":{"clientSequence":412,"action":"STOP_LEFT"}}
[10:11:16] [Render thread/INFO] (PiriRuntimeAcceptance) PIRI_PHASE02_PACKET {"type":"REEL_STOP","payload":{"spinId":"8a7d6b96-de65-4b34-9dcd-fd0b65f4e6aa","reel":"LEFT","pressedIndex":19,"stopIndex":18,"slip":1,"durationMs":130}}
[10:11:16] [Render thread/INFO] (PiriRuntimeAcceptance) PIRI_PHASE02_PACKET {"type":"PUBLIC_STATE","payload":{"sessionId":"5267f3eb-5c85-4c6b-b2cf-d9c01834646e","machineId":1,"expectedNextClientSequence":413,"gameState":"NORMAL_SPINNING","lifecycle":"ACTIVE","credit":0,"heldMedals":700,"bet":3,"pay":0,"bonusCount":0,"lampOn":false,"displayStops":{"left":18,"center":6,"right":11},"stoppedMask":1}}
[10:11:17] [Render thread/INFO] (PiriRuntimeAcceptance) PIRI_PHASE02_PACKET {"type":"ACTION_ACCEPTED","payload":{"clientSequence":413,"action":"STOP_CENTER"}}
[10:11:17] [Render thread/INFO] (PiriRuntimeAcceptance) PIRI_PHASE02_PACKET {"type":"REEL_STOP","payload":{"spinId":"8a7d6b96-de65-4b34-9dcd-fd0b65f4e6aa","reel":"CENTER","pressedIndex":10,"stopIndex":10,"slip":0,"durationMs":80}}
[10:11:17] [Render thread/INFO] (PiriRuntimeAcceptance) PIRI_PHASE02_PACKET {"type":"PUBLIC_STATE","payload":{"sessionId":"5267f3eb-5c85-4c6b-b2cf-d9c01834646e","machineId":1,"expectedNextClientSequence":414,"gameState":"NORMAL_SPINNING","lifecycle":"ACTIVE","credit":0,"heldMedals":700,"bet":3,"pay":0,"bonusCount":0,"lampOn":false,"displayStops":{"left":18,"center":10,"right":11},"stoppedMask":3}}
[10:11:18] [Render thread/INFO] (PiriRuntimeAcceptance) PIRI_PHASE02_PACKET {"type":"ACTION_ACCEPTED","payload":{"clientSequence":414,"action":"STOP_RIGHT"}}
[10:11:18] [Render thread/INFO] (PiriRuntimeAcceptance) PIRI_PHASE02_PACKET {"type":"REEL_STOP","payload":{"spinId":"8a7d6b96-de65-4b34-9dcd-fd0b65f4e6aa","reel":"RIGHT","pressedIndex":2,"stopIndex":2,"slip":0,"durationMs":80}}
[10:11:18] [Render thread/INFO] (PiriRuntimeAcceptance) PIRI_PHASE02_PACKET {"type":"PUBLIC_STATE","payload":{"sessionId":"5267f3eb-5c85-4c6b-b2cf-d9c01834646e","machineId":1,"expectedNextClientSequence":415,"gameState":"SEATED_READY","lifecycle":"ACTIVE","credit":0,"heldMedals":700,"bet":0,"pay":0,"bonusCount":0,"lampOn":false,"displayStops":{"left":18,"center":10,"right":2},"stoppedMask":7}}
[10:11:18] [Render thread/INFO] (PiriRuntimeAcceptance) PIRI_PHASE02_PACKET {"type":"ACTION_ACCEPTED","payload":{"clientSequence":415,"action":"SPACE_ACTION"}}
[10:11:18] [Render thread/INFO] (PiriRuntimeAcceptance) PIRI_PHASE02_PACKET {"type":"PUBLIC_STATE","payload":{"sessionId":"5267f3eb-5c85-4c6b-b2cf-d9c01834646e","machineId":1,"expectedNextClientSequence":416,"gameState":"NORMAL_BETTED","lifecycle":"ACTIVE","credit":0,"heldMedals":697,"bet":3,"pay":0,"bonusCount":0,"lampOn":false,"displayStops":{"left":18,"center":10,"right":2},"stoppedMask":7}}
[10:11:19] [Render thread/INFO] (PiriRuntimeAcceptance) PIRI_PHASE02_PACKET {"type":"ACTION_ACCEPTED","payload":{"clientSequence":416,"action":"SPACE_ACTION"}}
[10:11:19] [Render thread/INFO] (PiriRuntimeAcceptance) PIRI_PHASE02_PACKET {"type":"PUBLIC_STATE","payload":{"sessionId":"5267f3eb-5c85-4c6b-b2cf-d9c01834646e","machineId":1,"expectedNextClientSequence":417,"gameState":"NORMAL_SPINNING","lifecycle":"ACTIVE","credit":0,"heldMedals":697,"bet":3,"pay":0,"bonusCount":0,"lampOn":false,"displayStops":{"left":18,"center":10,"right":2},"stoppedMask":0}}
[10:11:19] [Render thread/INFO] (PiriRuntimeAcceptance) PIRI_PHASE02_PACKET {"type":"SPIN_START","payload":{"sessionId":"5267f3eb-5c85-4c6b-b2cf-d9c01834646e","machineId":1,"spinId":"4c06698c-0bb6-4257-861c-bc69104ca34b","mode":"NORMAL","animation":"NORMAL","startPhase":{"left":18.0,"center":10.0,"right":2.0},"stopEnableAfterMs":400}}
[10:11:19] [Render thread/INFO] (PiriRuntimeAcceptance) PIRI_PHASE02_PACKET {"type":"ACTION_ACCEPTED","payload":{"clientSequence":417,"action":"STOP_LEFT"}}
[10:11:19] [Render thread/INFO] (PiriRuntimeAcceptance) PIRI_PHASE02_PACKET {"type":"REEL_STOP","payload":{"spinId":"4c06698c-0bb6-4257-861c-bc69104ca34b","reel":"LEFT","pressedIndex":11,"stopIndex":11,"slip":0,"durationMs":80}}
[10:11:19] [Render thread/INFO] (PiriRuntimeAcceptance) PIRI_PHASE02_PACKET {"type":"PUBLIC_STATE","payload":{"sessionId":"5267f3eb-5c85-4c6b-b2cf-d9c01834646e","machineId":1,"expectedNextClientSequence":418,"gameState":"NORMAL_SPINNING","lifecycle":"ACTIVE","credit":0,"heldMedals":697,"bet":3,"pay":0,"bonusCount":0,"lampOn":false,"displayStops":{"left":11,"center":10,"right":2},"stoppedMask":1}}
[10:11:20] [Render thread/INFO] (PiriRuntimeAcceptance) PIRI_PHASE02_PACKET {"type":"ACTION_ACCEPTED","payload":{"clientSequence":418,"action":"STOP_RIGHT"}}
[10:11:20] [Render thread/INFO] (PiriRuntimeAcceptance) PIRI_PHASE02_PACKET {"type":"REEL_STOP","payload":{"spinId":"4c06698c-0bb6-4257-861c-bc69104ca34b","reel":"RIGHT","pressedIndex":7,"stopIndex":7,"slip":0,"durationMs":80}}
[10:11:20] [Render thread/INFO] (PiriRuntimeAcceptance) PIRI_PHASE02_PACKET {"type":"PUBLIC_STATE","payload":{"sessionId":"5267f3eb-5c85-4c6b-b2cf-d9c01834646e","machineId":1,"expectedNextClientSequence":419,"gameState":"NORMAL_SPINNING","lifecycle":"ACTIVE","credit":0,"heldMedals":697,"bet":3,"pay":0,"bonusCount":0,"lampOn":false,"displayStops":{"left":11,"center":10,"right":7},"stoppedMask":5}}
[10:11:21] [Render thread/INFO] (PiriRuntimeAcceptance) PIRI_PHASE02_PACKET {"type":"ACTION_ACCEPTED","payload":{"clientSequence":419,"action":"STOP_CENTER"}}
[10:11:21] [Render thread/INFO] (PiriRuntimeAcceptance) PIRI_PHASE02_PACKET {"type":"REEL_STOP","payload":{"spinId":"4c06698c-0bb6-4257-861c-bc69104ca34b","reel":"CENTER","pressedIndex":1,"stopIndex":1,"slip":0,"durationMs":80}}
[10:11:21] [Render thread/INFO] (PiriRuntimeAcceptance) PIRI_PHASE02_PACKET {"type":"PUBLIC_STATE","payload":{"sessionId":"5267f3eb-5c85-4c6b-b2cf-d9c01834646e","machineId":1,"expectedNextClientSequence":420,"gameState":"SEATED_READY","lifecycle":"ACTIVE","credit":0,"heldMedals":697,"bet":0,"pay":0,"bonusCount":0,"lampOn":false,"displayStops":{"left":11,"center":1,"right":7},"stoppedMask":7}}
[10:11:21] [Render thread/INFO] (PiriRuntimeAcceptance) PIRI_PHASE02_PACKET {"type":"ACTION_ACCEPTED","payload":{"clientSequence":420,"action":"SPACE_ACTION"}}
[10:11:21] [Render thread/INFO] (PiriRuntimeAcceptance) PIRI_PHASE02_PACKET {"type":"PUBLIC_STATE","payload":{"sessionId":"5267f3eb-5c85-4c6b-b2cf-d9c01834646e","machineId":1,"expectedNextClientSequence":421,"gameState":"NORMAL_BETTED","lifecycle":"ACTIVE","credit":0,"heldMedals":694,"bet":3,"pay":0,"bonusCount":0,"lampOn":false,"displayStops":{"left":11,"center":1,"right":7},"stoppedMask":7}}
[10:11:22] [Render thread/INFO] (PiriRuntimeAcceptance) PIRI_PHASE02_PACKET {"type":"ACTION_ACCEPTED","payload":{"clientSequence":421,"action":"SPACE_ACTION"}}
[10:11:22] [Render thread/INFO] (PiriRuntimeAcceptance) PIRI_PHASE02_PACKET {"type":"PUBLIC_STATE","payload":{"sessionId":"5267f3eb-5c85-4c6b-b2cf-d9c01834646e","machineId":1,"expectedNextClientSequence":422,"gameState":"NORMAL_SPINNING","lifecycle":"ACTIVE","credit":0,"heldMedals":694,"bet":3,"pay":0,"bonusCount":0,"lampOn":false,"displayStops":{"left":11,"center":1,"right":7},"stoppedMask":0}}
[10:11:22] [Render thread/INFO] (PiriRuntimeAcceptance) PIRI_PHASE02_PACKET {"type":"SPIN_START","payload":{"sessionId":"5267f3eb-5c85-4c6b-b2cf-d9c01834646e","machineId":1,"spinId":"5c895c0a-4361-40cd-b3c7-daae41bd88ad","mode":"NORMAL","animation":"NORMAL","startPhase":{"left":11.0,"center":1.0,"right":7.0},"stopEnableAfterMs":400}}
[10:11:22] [Render thread/INFO] (PiriRuntimeAcceptance) PIRI_PHASE02_PACKET {"type":"ACTION_ACCEPTED","payload":{"clientSequence":422,"action":"STOP_CENTER"}}
[10:11:22] [Render thread/INFO] (PiriRuntimeAcceptance) PIRI_PHASE02_PACKET {"type":"REEL_STOP","payload":{"spinId":"5c895c0a-4361-40cd-b3c7-daae41bd88ad","reel":"CENTER","pressedIndex":14,"stopIndex":14,"slip":0,"durationMs":80}}
[10:11:22] [Render thread/INFO] (PiriRuntimeAcceptance) PIRI_PHASE02_PACKET {"type":"PUBLIC_STATE","payload":{"sessionId":"5267f3eb-5c85-4c6b-b2cf-d9c01834646e","machineId":1,"expectedNextClientSequence":423,"gameState":"NORMAL_SPINNING","lifecycle":"ACTIVE","credit":0,"heldMedals":694,"bet":3,"pay":0,"bonusCount":0,"lampOn":false,"displayStops":{"left":11,"center":14,"right":7},"stoppedMask":2}}
[10:11:23] [Render thread/INFO] (PiriRuntimeAcceptance) PIRI_PHASE02_PACKET {"type":"ACTION_ACCEPTED","payload":{"clientSequence":423,"action":"STOP_LEFT"}}
[10:11:23] [Render thread/INFO] (PiriRuntimeAcceptance) PIRI_PHASE02_PACKET {"type":"REEL_STOP","payload":{"spinId":"5c895c0a-4361-40cd-b3c7-daae41bd88ad","reel":"LEFT","pressedIndex":15,"stopIndex":9,"slip":6,"durationMs":380}}
[10:11:23] [Render thread/INFO] (PiriRuntimeAcceptance) PIRI_PHASE02_PACKET {"type":"PUBLIC_STATE","payload":{"sessionId":"5267f3eb-5c85-4c6b-b2cf-d9c01834646e","machineId":1,"expectedNextClientSequence":424,"gameState":"NORMAL_SPINNING","lifecycle":"ACTIVE","credit":0,"heldMedals":694,"bet":3,"pay":0,"bonusCount":0,"lampOn":false,"displayStops":{"left":9,"center":14,"right":7},"stoppedMask":3}}
[10:11:24] [Render thread/INFO] (PiriRuntimeAcceptance) PIRI_PHASE02_PACKET {"type":"ACTION_ACCEPTED","payload":{"clientSequence":424,"action":"STOP_RIGHT"}}
[10:11:24] [Render thread/INFO] (PiriRuntimeAcceptance) PIRI_PHASE02_PACKET {"type":"REEL_STOP","payload":{"spinId":"5c895c0a-4361-40cd-b3c7-daae41bd88ad","reel":"RIGHT","pressedIndex":19,"stopIndex":19,"slip":0,"durationMs":80}}
[10:11:24] [Render thread/INFO] (PiriRuntimeAcceptance) PIRI_PHASE02_PACKET {"type":"PAYOUT","payload":{}}
[10:11:24] [Render thread/INFO] (PiriRuntimeAcceptance) PIRI_PHASE02_PACKET {"type":"PUBLIC_STATE","payload":{"sessionId":"5267f3eb-5c85-4c6b-b2cf-d9c01834646e","machineId":1,"expectedNextClientSequence":425,"gameState":"SEATED_READY","lifecycle":"ACTIVE","credit":2,"heldMedals":694,"bet":0,"pay":2,"bonusCount":0,"lampOn":false,"displayStops":{"left":9,"center":14,"right":19},"stoppedMask":7}}
[10:11:24] [Render thread/INFO] (PiriRuntimeAcceptance) PIRI_PHASE02_PACKET {"type":"ACTION_ACCEPTED","payload":{"clientSequence":425,"action":"SPACE_ACTION"}}
[10:11:24] [Render thread/INFO] (PiriRuntimeAcceptance) PIRI_PHASE02_PACKET {"type":"PUBLIC_STATE","payload":{"sessionId":"5267f3eb-5c85-4c6b-b2cf-d9c01834646e","machineId":1,"expectedNextClientSequence":426,"gameState":"NORMAL_BETTED","lifecycle":"ACTIVE","credit":0,"heldMedals":693,"bet":3,"pay":0,"bonusCount":0,"lampOn":false,"displayStops":{"left":9,"center":14,"right":19},"stoppedMask":7}}
[10:11:25] [Render thread/INFO] (PiriRuntimeAcceptance) PIRI_PHASE02_PACKET {"type":"ACTION_ACCEPTED","payload":{"clientSequence":426,"action":"SPACE_ACTION"}}
[10:11:25] [Render thread/INFO] (PiriRuntimeAcceptance) PIRI_PHASE02_PACKET {"type":"PUBLIC_STATE","payload":{"sessionId":"5267f3eb-5c85-4c6b-b2cf-d9c01834646e","machineId":1,"expectedNextClientSequence":427,"gameState":"NORMAL_SPINNING","lifecycle":"ACTIVE","credit":0,"heldMedals":693,"bet":3,"pay":0,"bonusCount":0,"lampOn":false,"displayStops":{"left":9,"center":14,"right":19},"stoppedMask":0}}
[10:11:25] [Render thread/INFO] (PiriRuntimeAcceptance) PIRI_PHASE02_PACKET {"type":"SPIN_START","payload":{"sessionId":"5267f3eb-5c85-4c6b-b2cf-d9c01834646e","machineId":1,"spinId":"5e444724-16a5-42a5-a7d5-6d9714d2c48f","mode":"NORMAL","animation":"NORMAL","startPhase":{"left":9.0,"center":14.0,"right":19.0},"stopEnableAfterMs":400}}
[10:11:25] [Render thread/INFO] (PiriRuntimeAcceptance) PIRI_PHASE02_PACKET {"type":"ACTION_ACCEPTED","payload":{"clientSequence":427,"action":"STOP_CENTER"}}
[10:11:25] [Render thread/INFO] (PiriRuntimeAcceptance) PIRI_PHASE02_PACKET {"type":"REEL_STOP","payload":{"spinId":"5e444724-16a5-42a5-a7d5-6d9714d2c48f","reel":"CENTER","pressedIndex":7,"stopIndex":7,"slip":0,"durationMs":80}}
[10:11:25] [Render thread/INFO] (PiriRuntimeAcceptance) PIRI_PHASE02_PACKET {"type":"PUBLIC_STATE","payload":{"sessionId":"5267f3eb-5c85-4c6b-b2cf-d9c01834646e","machineId":1,"expectedNextClientSequence":428,"gameState":"NORMAL_SPINNING","lifecycle":"ACTIVE","credit":0,"heldMedals":693,"bet":3,"pay":0,"bonusCount":0,"lampOn":false,"displayStops":{"left":9,"center":7,"right":19},"stoppedMask":2}}
[10:11:26] [Render thread/INFO] (PiriRuntimeAcceptance) PIRI_PHASE02_PACKET {"type":"ACTION_ACCEPTED","payload":{"clientSequence":428,"action":"STOP_RIGHT"}}
[10:11:26] [Render thread/INFO] (PiriRuntimeAcceptance) PIRI_PHASE02_PACKET {"type":"REEL_STOP","payload":{"spinId":"5e444724-16a5-42a5-a7d5-6d9714d2c48f","reel":"RIGHT","pressedIndex":19,"stopIndex":19,"slip":0,"durationMs":80}}
[10:11:26] [Render thread/INFO] (PiriRuntimeAcceptance) PIRI_PHASE02_PACKET {"type":"PUBLIC_STATE","payload":{"sessionId":"5267f3eb-5c85-4c6b-b2cf-d9c01834646e","machineId":1,"expectedNextClientSequence":429,"gameState":"NORMAL_SPINNING","lifecycle":"ACTIVE","credit":0,"heldMedals":693,"bet":3,"pay":0,"bonusCount":0,"lampOn":false,"displayStops":{"left":9,"center":7,"right":19},"stoppedMask":6}}
[10:11:27] [Render thread/INFO] (PiriRuntimeAcceptance) PIRI_PHASE02_PACKET {"type":"ACTION_ACCEPTED","payload":{"clientSequence":429,"action":"STOP_LEFT"}}
[10:11:27] [Render thread/INFO] (PiriRuntimeAcceptance) PIRI_PHASE02_PACKET {"type":"REEL_STOP","payload":{"spinId":"5e444724-16a5-42a5-a7d5-6d9714d2c48f","reel":"LEFT","pressedIndex":0,"stopIndex":18,"slip":3,"durationMs":230}}
[10:11:27] [Render thread/INFO] (PiriRuntimeAcceptance) PIRI_PHASE02_PACKET {"type":"PUBLIC_STATE","payload":{"sessionId":"5267f3eb-5c85-4c6b-b2cf-d9c01834646e","machineId":1,"expectedNextClientSequence":430,"gameState":"REPLAY_READY","lifecycle":"ACTIVE","credit":0,"heldMedals":693,"bet":3,"pay":0,"bonusCount":0,"lampOn":false,"displayStops":{"left":18,"center":7,"right":19},"stoppedMask":7}}
[10:11:27] [Render thread/INFO] (PiriRuntimeAcceptance) PIRI_PHASE02_PACKET {"type":"ACTION_ACCEPTED","payload":{"clientSequence":430,"action":"SPACE_ACTION"}}
[10:11:27] [Render thread/INFO] (PiriRuntimeAcceptance) PIRI_PHASE02_PACKET {"type":"PUBLIC_STATE","payload":{"sessionId":"5267f3eb-5c85-4c6b-b2cf-d9c01834646e","machineId":1,"expectedNextClientSequence":431,"gameState":"NORMAL_SPINNING","lifecycle":"ACTIVE","credit":0,"heldMedals":693,"bet":3,"pay":0,"bonusCount":0,"lampOn":false,"displayStops":{"left":18,"center":7,"right":19},"stoppedMask":0}}
[10:11:27] [Render thread/INFO] (PiriRuntimeAcceptance) PIRI_PHASE02_PACKET {"type":"SPIN_START","payload":{"sessionId":"5267f3eb-5c85-4c6b-b2cf-d9c01834646e","machineId":1,"spinId":"08a434ca-d225-44c8-92ed-0a767db64b63","mode":"NORMAL","animation":"NORMAL","startPhase":{"left":18.0,"center":7.0,"right":19.0},"stopEnableAfterMs":400}}
[10:11:28] [Render thread/INFO] (PiriRuntimeAcceptance) PIRI_PHASE02_PACKET {"type":"ACTION_ACCEPTED","payload":{"clientSequence":431,"action":"STOP_RIGHT"}}
[10:11:28] [Render thread/INFO] (PiriRuntimeAcceptance) PIRI_PHASE02_PACKET {"type":"REEL_STOP","payload":{"spinId":"08a434ca-d225-44c8-92ed-0a767db64b63","reel":"RIGHT","pressedIndex":11,"stopIndex":11,"slip":0,"durationMs":80}}
[10:11:28] [Render thread/INFO] (PiriRuntimeAcceptance) PIRI_PHASE02_PACKET {"type":"PUBLIC_STATE","payload":{"sessionId":"5267f3eb-5c85-4c6b-b2cf-d9c01834646e","machineId":1,"expectedNextClientSequence":432,"gameState":"NORMAL_SPINNING","lifecycle":"ACTIVE","credit":0,"heldMedals":693,"bet":3,"pay":0,"bonusCount":0,"lampOn":false,"displayStops":{"left":18,"center":7,"right":11},"stoppedMask":4}}
[10:11:29] [Render thread/INFO] (PiriRuntimeAcceptance) PIRI_PHASE02_PACKET {"type":"ACTION_ACCEPTED","payload":{"clientSequence":432,"action":"STOP_LEFT"}}
[10:11:29] [Render thread/INFO] (PiriRuntimeAcceptance) PIRI_PHASE02_PACKET {"type":"REEL_STOP","payload":{"spinId":"08a434ca-d225-44c8-92ed-0a767db64b63","reel":"LEFT","pressedIndex":1,"stopIndex":0,"slip":1,"durationMs":130}}
[10:11:29] [Render thread/INFO] (PiriRuntimeAcceptance) PIRI_PHASE02_PACKET {"type":"PUBLIC_STATE","payload":{"sessionId":"5267f3eb-5c85-4c6b-b2cf-d9c01834646e","machineId":1,"expectedNextClientSequence":433,"gameState":"NORMAL_SPINNING","lifecycle":"ACTIVE","credit":0,"heldMedals":693,"bet":3,"pay":0,"bonusCount":0,"lampOn":false,"displayStops":{"left":0,"center":7,"right":11},"stoppedMask":5}}
[10:11:29] [Render thread/INFO] (PiriRuntimeAcceptance) PIRI_PHASE02_PACKET {"type":"ACTION_ACCEPTED","payload":{"clientSequence":433,"action":"STOP_CENTER"}}
[10:11:29] [Render thread/INFO] (PiriRuntimeAcceptance) PIRI_PHASE02_PACKET {"type":"REEL_STOP","payload":{"spinId":"08a434ca-d225-44c8-92ed-0a767db64b63","reel":"CENTER","pressedIndex":7,"stopIndex":7,"slip":0,"durationMs":80}}
[10:11:29] [Render thread/INFO] (PiriRuntimeAcceptance) PIRI_PHASE02_PACKET {"type":"PAYOUT","payload":{}}
[10:11:29] [Render thread/INFO] (PiriRuntimeAcceptance) PIRI_PHASE02_PACKET {"type":"PUBLIC_STATE","payload":{"sessionId":"5267f3eb-5c85-4c6b-b2cf-d9c01834646e","machineId":1,"expectedNextClientSequence":434,"gameState":"SEATED_READY","lifecycle":"ACTIVE","credit":2,"heldMedals":693,"bet":0,"pay":2,"bonusCount":0,"lampOn":false,"displayStops":{"left":0,"center":7,"right":11},"stoppedMask":7}}
[10:11:30] [Render thread/INFO] (PiriRuntimeAcceptance) PIRI_PHASE02_PACKET {"type":"ACTION_ACCEPTED","payload":{"clientSequence":434,"action":"SPACE_ACTION"}}
[10:11:30] [Render thread/INFO] (PiriRuntimeAcceptance) PIRI_PHASE02_PACKET {"type":"PUBLIC_STATE","payload":{"sessionId":"5267f3eb-5c85-4c6b-b2cf-d9c01834646e","machineId":1,"expectedNextClientSequence":435,"gameState":"NORMAL_BETTED","lifecycle":"ACTIVE","credit":0,"heldMedals":692,"bet":3,"pay":0,"bonusCount":0,"lampOn":false,"displayStops":{"left":0,"center":7,"right":11},"stoppedMask":7}}
[10:11:30] [Render thread/INFO] (PiriRuntimeAcceptance) PIRI_PHASE02_PACKET {"type":"ACTION_ACCEPTED","payload":{"clientSequence":435,"action":"SPACE_ACTION"}}
[10:11:30] [Render thread/INFO] (PiriRuntimeAcceptance) PIRI_PHASE02_PACKET {"type":"PUBLIC_STATE","payload":{"sessionId":"5267f3eb-5c85-4c6b-b2cf-d9c01834646e","machineId":1,"expectedNextClientSequence":436,"gameState":"NORMAL_SPINNING","lifecycle":"ACTIVE","credit":0,"heldMedals":692,"bet":3,"pay":0,"bonusCount":0,"lampOn":false,"displayStops":{"left":0,"center":7,"right":11},"stoppedMask":0}}
[10:11:30] [Render thread/INFO] (PiriRuntimeAcceptance) PIRI_PHASE02_PACKET {"type":"SPIN_START","payload":{"sessionId":"5267f3eb-5c85-4c6b-b2cf-d9c01834646e","machineId":1,"spinId":"45241c4d-4fd7-42df-a6ca-73fc0d5974b9","mode":"NORMAL","animation":"NORMAL","startPhase":{"left":0.0,"center":7.0,"right":11.0},"stopEnableAfterMs":400}}
[10:11:31] [Render thread/INFO] (PiriRuntimeAcceptance) PIRI_PHASE02_PACKET {"type":"ACTION_ACCEPTED","payload":{"clientSequence":436,"action":"STOP_RIGHT"}}
[10:11:31] [Render thread/INFO] (PiriRuntimeAcceptance) PIRI_PHASE02_PACKET {"type":"REEL_STOP","payload":{"spinId":"45241c4d-4fd7-42df-a6ca-73fc0d5974b9","reel":"RIGHT","pressedIndex":20,"stopIndex":20,"slip":0,"durationMs":80}}
[10:11:31] [Render thread/INFO] (PiriRuntimeAcceptance) PIRI_PHASE02_PACKET {"type":"PUBLIC_STATE","payload":{"sessionId":"5267f3eb-5c85-4c6b-b2cf-d9c01834646e","machineId":1,"expectedNextClientSequence":437,"gameState":"NORMAL_SPINNING","lifecycle":"ACTIVE","credit":0,"heldMedals":692,"bet":3,"pay":0,"bonusCount":0,"lampOn":false,"displayStops":{"left":0,"center":7,"right":20},"stoppedMask":4}}
[10:11:32] [Render thread/INFO] (PiriRuntimeAcceptance) PIRI_PHASE02_PACKET {"type":"ACTION_ACCEPTED","payload":{"clientSequence":437,"action":"STOP_CENTER"}}
[10:11:32] [Render thread/INFO] (PiriRuntimeAcceptance) PIRI_PHASE02_PACKET {"type":"REEL_STOP","payload":{"spinId":"45241c4d-4fd7-42df-a6ca-73fc0d5974b9","reel":"CENTER","pressedIndex":2,"stopIndex":2,"slip":0,"durationMs":80}}
[10:11:32] [Render thread/INFO] (PiriRuntimeAcceptance) PIRI_PHASE02_PACKET {"type":"PUBLIC_STATE","payload":{"sessionId":"5267f3eb-5c85-4c6b-b2cf-d9c01834646e","machineId":1,"expectedNextClientSequence":438,"gameState":"NORMAL_SPINNING","lifecycle":"ACTIVE","credit":0,"heldMedals":692,"bet":3,"pay":0,"bonusCount":0,"lampOn":false,"displayStops":{"left":0,"center":2,"right":20},"stoppedMask":6}}
[10:11:32] [Render thread/INFO] (PiriRuntimeAcceptance) PIRI_PHASE02_PACKET {"type":"ACTION_ACCEPTED","payload":{"clientSequence":438,"action":"STOP_LEFT"}}
[10:11:32] [Render thread/INFO] (PiriRuntimeAcceptance) PIRI_PHASE02_PACKET {"type":"REEL_STOP","payload":{"spinId":"45241c4d-4fd7-42df-a6ca-73fc0d5974b9","reel":"LEFT","pressedIndex":7,"stopIndex":6,"slip":1,"durationMs":130}}
[10:11:32] [Render thread/INFO] (PiriRuntimeAcceptance) PIRI_PHASE02_PACKET {"type":"PUBLIC_STATE","payload":{"sessionId":"5267f3eb-5c85-4c6b-b2cf-d9c01834646e","machineId":1,"expectedNextClientSequence":439,"gameState":"SEATED_READY","lifecycle":"ACTIVE","credit":0,"heldMedals":692,"bet":0,"pay":0,"bonusCount":0,"lampOn":false,"displayStops":{"left":6,"center":2,"right":20},"stoppedMask":7}}
[10:11:33] [Render thread/INFO] (PiriRuntimeAcceptance) PIRI_PHASE02_PACKET {"type":"ACTION_ACCEPTED","payload":{"clientSequence":439,"action":"SPACE_ACTION"}}
[10:11:33] [Render thread/INFO] (PiriRuntimeAcceptance) PIRI_PHASE02_PACKET {"type":"PUBLIC_STATE","payload":{"sessionId":"5267f3eb-5c85-4c6b-b2cf-d9c01834646e","machineId":1,"expectedNextClientSequence":440,"gameState":"NORMAL_BETTED","lifecycle":"ACTIVE","credit":0,"heldMedals":689,"bet":3,"pay":0,"bonusCount":0,"lampOn":false,"displayStops":{"left":6,"center":2,"right":20},"stoppedMask":7}}
[10:11:33] [Render thread/INFO] (PiriRuntimeAcceptance) PIRI_PHASE02_PACKET {"type":"ACTION_ACCEPTED","payload":{"clientSequence":440,"action":"SPACE_ACTION"}}
[10:11:33] [Render thread/INFO] (PiriRuntimeAcceptance) PIRI_PHASE02_PACKET {"type":"PUBLIC_STATE","payload":{"sessionId":"5267f3eb-5c85-4c6b-b2cf-d9c01834646e","machineId":1,"expectedNextClientSequence":441,"gameState":"NORMAL_SPINNING","lifecycle":"ACTIVE","credit":0,"heldMedals":689,"bet":3,"pay":0,"bonusCount":0,"lampOn":false,"displayStops":{"left":6,"center":2,"right":20},"stoppedMask":0}}
[10:11:33] [Render thread/INFO] (PiriRuntimeAcceptance) PIRI_PHASE02_PACKET {"type":"SPIN_START","payload":{"sessionId":"5267f3eb-5c85-4c6b-b2cf-d9c01834646e","machineId":1,"spinId":"213d97d9-1c66-4360-ab73-d69b606cd798","mode":"NORMAL","animation":"NORMAL","startPhase":{"left":6.0,"center":2.0,"right":20.0},"stopEnableAfterMs":400}}
[10:11:34] [Render thread/INFO] (PiriRuntimeAcceptance) PIRI_PHASE02_PACKET {"type":"ACTION_ACCEPTED","payload":{"clientSequence":441,"action":"STOP_LEFT"}}
[10:11:34] [Render thread/INFO] (PiriRuntimeAcceptance) PIRI_PHASE02_PACKET {"type":"REEL_STOP","payload":{"spinId":"213d97d9-1c66-4360-ab73-d69b606cd798","reel":"LEFT","pressedIndex":20,"stopIndex":18,"slip":2,"durationMs":180}}
[10:11:34] [Render thread/INFO] (PiriRuntimeAcceptance) PIRI_PHASE02_PACKET {"type":"PUBLIC_STATE","payload":{"sessionId":"5267f3eb-5c85-4c6b-b2cf-d9c01834646e","machineId":1,"expectedNextClientSequence":442,"gameState":"NORMAL_SPINNING","lifecycle":"ACTIVE","credit":0,"heldMedals":689,"bet":3,"pay":0,"bonusCount":0,"lampOn":false,"displayStops":{"left":18,"center":2,"right":20},"stoppedMask":1}}
[10:11:35] [Render thread/INFO] (PiriRuntimeAcceptance) PIRI_PHASE02_PACKET {"type":"ACTION_ACCEPTED","payload":{"clientSequence":442,"action":"STOP_CENTER"}}
[10:11:35] [Render thread/INFO] (PiriRuntimeAcceptance) PIRI_PHASE02_PACKET {"type":"REEL_STOP","payload":{"spinId":"213d97d9-1c66-4360-ab73-d69b606cd798","reel":"CENTER","pressedIndex":2,"stopIndex":2,"slip":0,"durationMs":80}}
[10:11:35] [Render thread/INFO] (PiriRuntimeAcceptance) PIRI_PHASE02_PACKET {"type":"PUBLIC_STATE","payload":{"sessionId":"5267f3eb-5c85-4c6b-b2cf-d9c01834646e","machineId":1,"expectedNextClientSequence":443,"gameState":"NORMAL_SPINNING","lifecycle":"ACTIVE","credit":0,"heldMedals":689,"bet":3,"pay":0,"bonusCount":0,"lampOn":false,"displayStops":{"left":18,"center":2,"right":20},"stoppedMask":3}}
[10:11:35] [Render thread/INFO] (PiriRuntimeAcceptance) PIRI_PHASE02_PACKET {"type":"ACTION_ACCEPTED","payload":{"clientSequence":443,"action":"STOP_RIGHT"}}
[10:11:35] [Render thread/INFO] (PiriRuntimeAcceptance) PIRI_PHASE02_PACKET {"type":"REEL_STOP","payload":{"spinId":"213d97d9-1c66-4360-ab73-d69b606cd798","reel":"RIGHT","pressedIndex":11,"stopIndex":11,"slip":0,"durationMs":80}}
[10:11:35] [Render thread/INFO] (PiriRuntimeAcceptance) PIRI_PHASE02_PACKET {"type":"PUBLIC_STATE","payload":{"sessionId":"5267f3eb-5c85-4c6b-b2cf-d9c01834646e","machineId":1,"expectedNextClientSequence":444,"gameState":"SEATED_READY","lifecycle":"ACTIVE","credit":0,"heldMedals":689,"bet":0,"pay":0,"bonusCount":0,"lampOn":false,"displayStops":{"left":18,"center":2,"right":11},"stoppedMask":7}}
[10:11:36] [Render thread/INFO] (PiriRuntimeAcceptance) PIRI_PHASE02_PACKET {"type":"ACTION_ACCEPTED","payload":{"clientSequence":444,"action":"SPACE_ACTION"}}
[10:11:36] [Render thread/INFO] (PiriRuntimeAcceptance) PIRI_PHASE02_PACKET {"type":"PUBLIC_STATE","payload":{"sessionId":"5267f3eb-5c85-4c6b-b2cf-d9c01834646e","machineId":1,"expectedNextClientSequence":445,"gameState":"NORMAL_BETTED","lifecycle":"ACTIVE","credit":0,"heldMedals":686,"bet":3,"pay":0,"bonusCount":0,"lampOn":false,"displayStops":{"left":18,"center":2,"right":11},"stoppedMask":7}}
[10:11:36] [Render thread/INFO] (PiriRuntimeAcceptance) PIRI_PHASE02_PACKET {"type":"ACTION_ACCEPTED","payload":{"clientSequence":445,"action":"SPACE_ACTION"}}
[10:11:36] [Render thread/INFO] (PiriRuntimeAcceptance) PIRI_PHASE02_PACKET {"type":"PUBLIC_STATE","payload":{"sessionId":"5267f3eb-5c85-4c6b-b2cf-d9c01834646e","machineId":1,"expectedNextClientSequence":446,"gameState":"NORMAL_SPINNING","lifecycle":"ACTIVE","credit":0,"heldMedals":686,"bet":3,"pay":0,"bonusCount":0,"lampOn":false,"displayStops":{"left":18,"center":2,"right":11},"stoppedMask":0}}
[10:11:36] [Render thread/INFO] (PiriRuntimeAcceptance) PIRI_PHASE02_PACKET {"type":"SPIN_START","payload":{"sessionId":"5267f3eb-5c85-4c6b-b2cf-d9c01834646e","machineId":1,"spinId":"f7734fd6-b2f8-44b5-80e9-4ae03cb8c371","mode":"NORMAL","animation":"NORMAL","startPhase":{"left":18.0,"center":2.0,"right":11.0},"stopEnableAfterMs":400}}
[10:11:37] [Render thread/INFO] (PiriRuntimeAcceptance) PIRI_PHASE02_PACKET {"type":"ACTION_ACCEPTED","payload":{"clientSequence":446,"action":"STOP_LEFT"}}
[10:11:37] [Render thread/INFO] (PiriRuntimeAcceptance) PIRI_PHASE02_PACKET {"type":"REEL_STOP","payload":{"spinId":"f7734fd6-b2f8-44b5-80e9-4ae03cb8c371","reel":"LEFT","pressedIndex":10,"stopIndex":10,"slip":0,"durationMs":80}}
[10:11:37] [Render thread/INFO] (PiriRuntimeAcceptance) PIRI_PHASE02_PACKET {"type":"PUBLIC_STATE","payload":{"sessionId":"5267f3eb-5c85-4c6b-b2cf-d9c01834646e","machineId":1,"expectedNextClientSequence":447,"gameState":"NORMAL_SPINNING","lifecycle":"ACTIVE","credit":0,"heldMedals":686,"bet":3,"pay":0,"bonusCount":0,"lampOn":false,"displayStops":{"left":10,"center":2,"right":11},"stoppedMask":1}}
[10:11:38] [Render thread/INFO] (PiriRuntimeAcceptance) PIRI_PHASE02_PACKET {"type":"ACTION_ACCEPTED","payload":{"clientSequence":447,"action":"STOP_RIGHT"}}
[10:11:38] [Render thread/INFO] (PiriRuntimeAcceptance) PIRI_PHASE02_PACKET {"type":"REEL_STOP","payload":{"spinId":"f7734fd6-b2f8-44b5-80e9-4ae03cb8c371","reel":"RIGHT","pressedIndex":15,"stopIndex":15,"slip":0,"durationMs":80}}
[10:11:38] [Render thread/INFO] (PiriRuntimeAcceptance) PIRI_PHASE02_PACKET {"type":"PUBLIC_STATE","payload":{"sessionId":"5267f3eb-5c85-4c6b-b2cf-d9c01834646e","machineId":1,"expectedNextClientSequence":448,"gameState":"NORMAL_SPINNING","lifecycle":"ACTIVE","credit":0,"heldMedals":686,"bet":3,"pay":0,"bonusCount":0,"lampOn":false,"displayStops":{"left":10,"center":2,"right":15},"stoppedMask":5}}
[10:11:38] [Render thread/INFO] (PiriRuntimeAcceptance) PIRI_PHASE02_PACKET {"type":"ACTION_ACCEPTED","payload":{"clientSequence":448,"action":"STOP_CENTER"}}
[10:11:38] [Render thread/INFO] (PiriRuntimeAcceptance) PIRI_PHASE02_PACKET {"type":"REEL_STOP","payload":{"spinId":"f7734fd6-b2f8-44b5-80e9-4ae03cb8c371","reel":"CENTER","pressedIndex":18,"stopIndex":17,"slip":1,"durationMs":130}}
[10:11:38] [Render thread/INFO] (PiriRuntimeAcceptance) PIRI_PHASE02_PACKET {"type":"PUBLIC_STATE","payload":{"sessionId":"5267f3eb-5c85-4c6b-b2cf-d9c01834646e","machineId":1,"expectedNextClientSequence":449,"gameState":"SEATED_READY","lifecycle":"ACTIVE","credit":0,"heldMedals":686,"bet":0,"pay":0,"bonusCount":0,"lampOn":false,"displayStops":{"left":10,"center":17,"right":15},"stoppedMask":7}}
[10:11:39] [Render thread/INFO] (PiriRuntimeAcceptance) PIRI_PHASE02_PACKET {"type":"ACTION_ACCEPTED","payload":{"clientSequence":449,"action":"SPACE_ACTION"}}
[10:11:39] [Render thread/INFO] (PiriRuntimeAcceptance) PIRI_PHASE02_PACKET {"type":"PUBLIC_STATE","payload":{"sessionId":"5267f3eb-5c85-4c6b-b2cf-d9c01834646e","machineId":1,"expectedNextClientSequence":450,"gameState":"NORMAL_BETTED","lifecycle":"ACTIVE","credit":0,"heldMedals":683,"bet":3,"pay":0,"bonusCount":0,"lampOn":false,"displayStops":{"left":10,"center":17,"right":15},"stoppedMask":7}}
[10:11:39] [Render thread/INFO] (PiriRuntimeAcceptance) PIRI_PHASE02_PACKET {"type":"ACTION_ACCEPTED","payload":{"clientSequence":450,"action":"SPACE_ACTION"}}
[10:11:39] [Render thread/INFO] (PiriRuntimeAcceptance) PIRI_PHASE02_PACKET {"type":"PUBLIC_STATE","payload":{"sessionId":"5267f3eb-5c85-4c6b-b2cf-d9c01834646e","machineId":1,"expectedNextClientSequence":451,"gameState":"NORMAL_SPINNING","lifecycle":"ACTIVE","credit":0,"heldMedals":683,"bet":3,"pay":0,"bonusCount":0,"lampOn":false,"displayStops":{"left":10,"center":17,"right":15},"stoppedMask":0}}
[10:11:39] [Render thread/INFO] (PiriRuntimeAcceptance) PIRI_PHASE02_PACKET {"type":"SPIN_START","payload":{"sessionId":"5267f3eb-5c85-4c6b-b2cf-d9c01834646e","machineId":1,"spinId":"876089b0-8a7f-41e6-9228-72beb9f809f7","mode":"NORMAL","animation":"NORMAL","startPhase":{"left":10.0,"center":17.0,"right":15.0},"stopEnableAfterMs":400}}
[10:11:40] [Render thread/INFO] (PiriRuntimeAcceptance) PIRI_PHASE02_PACKET {"type":"ACTION_ACCEPTED","payload":{"clientSequence":451,"action":"STOP_CENTER"}}
[10:11:40] [Render thread/INFO] (PiriRuntimeAcceptance) PIRI_PHASE02_PACKET {"type":"REEL_STOP","payload":{"spinId":"876089b0-8a7f-41e6-9228-72beb9f809f7","reel":"CENTER","pressedIndex":10,"stopIndex":10,"slip":0,"durationMs":80}}
[10:11:40] [Render thread/INFO] (PiriRuntimeAcceptance) PIRI_PHASE02_PACKET {"type":"PUBLIC_STATE","payload":{"sessionId":"5267f3eb-5c85-4c6b-b2cf-d9c01834646e","machineId":1,"expectedNextClientSequence":452,"gameState":"NORMAL_SPINNING","lifecycle":"ACTIVE","credit":0,"heldMedals":683,"bet":3,"pay":0,"bonusCount":0,"lampOn":false,"displayStops":{"left":10,"center":10,"right":15},"stoppedMask":2}}
[10:11:41] [Render thread/INFO] (PiriRuntimeAcceptance) PIRI_PHASE02_PACKET {"type":"ACTION_ACCEPTED","payload":{"clientSequence":452,"action":"STOP_LEFT"}}
[10:11:41] [Render thread/INFO] (PiriRuntimeAcceptance) PIRI_PHASE02_PACKET {"type":"REEL_STOP","payload":{"spinId":"876089b0-8a7f-41e6-9228-72beb9f809f7","reel":"LEFT","pressedIndex":6,"stopIndex":6,"slip":0,"durationMs":80}}
[10:11:41] [Render thread/INFO] (PiriRuntimeAcceptance) PIRI_PHASE02_PACKET {"type":"PUBLIC_STATE","payload":{"sessionId":"5267f3eb-5c85-4c6b-b2cf-d9c01834646e","machineId":1,"expectedNextClientSequence":453,"gameState":"NORMAL_SPINNING","lifecycle":"ACTIVE","credit":0,"heldMedals":683,"bet":3,"pay":0,"bonusCount":0,"lampOn":false,"displayStops":{"left":6,"center":10,"right":15},"stoppedMask":3}}
[10:11:41] [Render thread/INFO] (PiriRuntimeAcceptance) PIRI_PHASE02_PACKET {"type":"ACTION_ACCEPTED","payload":{"clientSequence":453,"action":"STOP_RIGHT"}}
[10:11:41] [Render thread/INFO] (PiriRuntimeAcceptance) PIRI_PHASE02_PACKET {"type":"REEL_STOP","payload":{"spinId":"876089b0-8a7f-41e6-9228-72beb9f809f7","reel":"RIGHT","pressedIndex":1,"stopIndex":1,"slip":0,"durationMs":80}}
[10:11:41] [Render thread/INFO] (PiriRuntimeAcceptance) PIRI_PHASE02_PACKET {"type":"PUBLIC_STATE","payload":{"sessionId":"5267f3eb-5c85-4c6b-b2cf-d9c01834646e","machineId":1,"expectedNextClientSequence":454,"gameState":"REPLAY_READY","lifecycle":"ACTIVE","credit":0,"heldMedals":683,"bet":3,"pay":0,"bonusCount":0,"lampOn":false,"displayStops":{"left":6,"center":10,"right":1},"stoppedMask":7}}
[10:11:42] [Render thread/INFO] (PiriRuntimeAcceptance) PIRI_PHASE02_PACKET {"type":"ACTION_ACCEPTED","payload":{"clientSequence":454,"action":"SPACE_ACTION"}}
[10:11:42] [Render thread/INFO] (PiriRuntimeAcceptance) PIRI_PHASE02_PACKET {"type":"PUBLIC_STATE","payload":{"sessionId":"5267f3eb-5c85-4c6b-b2cf-d9c01834646e","machineId":1,"expectedNextClientSequence":455,"gameState":"NORMAL_SPINNING","lifecycle":"ACTIVE","credit":0,"heldMedals":683,"bet":3,"pay":0,"bonusCount":0,"lampOn":false,"displayStops":{"left":6,"center":10,"right":1},"stoppedMask":0}}
[10:11:42] [Render thread/INFO] (PiriRuntimeAcceptance) PIRI_PHASE02_PACKET {"type":"SPIN_START","payload":{"sessionId":"5267f3eb-5c85-4c6b-b2cf-d9c01834646e","machineId":1,"spinId":"967fab41-fdc1-4248-96fa-0194433da7de","mode":"NORMAL","animation":"NORMAL","startPhase":{"left":6.0,"center":10.0,"right":1.0},"stopEnableAfterMs":400}}
[10:11:43] [Render thread/INFO] (PiriRuntimeAcceptance) PIRI_PHASE02_PACKET {"type":"ACTION_ACCEPTED","payload":{"clientSequence":455,"action":"STOP_CENTER"}}
[10:11:43] [Render thread/INFO] (PiriRuntimeAcceptance) PIRI_PHASE02_PACKET {"type":"REEL_STOP","payload":{"spinId":"967fab41-fdc1-4248-96fa-0194433da7de","reel":"CENTER","pressedIndex":3,"stopIndex":3,"slip":0,"durationMs":80}}
[10:11:43] [Render thread/INFO] (PiriRuntimeAcceptance) PIRI_PHASE02_PACKET {"type":"PUBLIC_STATE","payload":{"sessionId":"5267f3eb-5c85-4c6b-b2cf-d9c01834646e","machineId":1,"expectedNextClientSequence":456,"gameState":"NORMAL_SPINNING","lifecycle":"ACTIVE","credit":0,"heldMedals":683,"bet":3,"pay":0,"bonusCount":0,"lampOn":false,"displayStops":{"left":6,"center":3,"right":1},"stoppedMask":2}}
[10:11:43] [Render thread/INFO] (PiriRuntimeAcceptance) PIRI_PHASE02_PACKET {"type":"ACTION_ACCEPTED","payload":{"clientSequence":456,"action":"STOP_RIGHT"}}
[10:11:43] [Render thread/INFO] (PiriRuntimeAcceptance) PIRI_PHASE02_PACKET {"type":"REEL_STOP","payload":{"spinId":"967fab41-fdc1-4248-96fa-0194433da7de","reel":"RIGHT","pressedIndex":1,"stopIndex":1,"slip":0,"durationMs":80}}
[10:11:43] [Render thread/INFO] (PiriRuntimeAcceptance) PIRI_PHASE02_PACKET {"type":"PUBLIC_STATE","payload":{"sessionId":"5267f3eb-5c85-4c6b-b2cf-d9c01834646e","machineId":1,"expectedNextClientSequence":457,"gameState":"NORMAL_SPINNING","lifecycle":"ACTIVE","credit":0,"heldMedals":683,"bet":3,"pay":0,"bonusCount":0,"lampOn":false,"displayStops":{"left":6,"center":3,"right":1},"stoppedMask":6}}
[10:11:44] [Render thread/INFO] (PiriRuntimeAcceptance) PIRI_PHASE02_PACKET {"type":"ACTION_ACCEPTED","payload":{"clientSequence":457,"action":"STOP_LEFT"}}
[10:11:44] [Render thread/INFO] (PiriRuntimeAcceptance) PIRI_PHASE02_PACKET {"type":"REEL_STOP","payload":{"spinId":"967fab41-fdc1-4248-96fa-0194433da7de","reel":"LEFT","pressedIndex":18,"stopIndex":18,"slip":0,"durationMs":80}}
[10:11:44] [Render thread/INFO] (PiriRuntimeAcceptance) PIRI_PHASE02_PACKET {"type":"PUBLIC_STATE","payload":{"sessionId":"5267f3eb-5c85-4c6b-b2cf-d9c01834646e","machineId":1,"expectedNextClientSequence":458,"gameState":"SEATED_READY","lifecycle":"ACTIVE","credit":0,"heldMedals":683,"bet":0,"pay":0,"bonusCount":0,"lampOn":false,"displayStops":{"left":18,"center":3,"right":1},"stoppedMask":7}}
[10:11:44] [Render thread/INFO] (PiriRuntimeAcceptance) PIRI_PHASE02_PACKET {"type":"ACTION_ACCEPTED","payload":{"clientSequence":458,"action":"SPACE_ACTION"}}
[10:11:44] [Render thread/INFO] (PiriRuntimeAcceptance) PIRI_PHASE02_PACKET {"type":"PUBLIC_STATE","payload":{"sessionId":"5267f3eb-5c85-4c6b-b2cf-d9c01834646e","machineId":1,"expectedNextClientSequence":459,"gameState":"NORMAL_BETTED","lifecycle":"ACTIVE","credit":0,"heldMedals":680,"bet":3,"pay":0,"bonusCount":0,"lampOn":false,"displayStops":{"left":18,"center":3,"right":1},"stoppedMask":7}}
[10:11:45] [Render thread/INFO] (PiriRuntimeAcceptance) PIRI_PHASE02_PACKET {"type":"ACTION_ACCEPTED","payload":{"clientSequence":459,"action":"SPACE_ACTION"}}
[10:11:45] [Render thread/INFO] (PiriRuntimeAcceptance) PIRI_PHASE02_PACKET {"type":"PUBLIC_STATE","payload":{"sessionId":"5267f3eb-5c85-4c6b-b2cf-d9c01834646e","machineId":1,"expectedNextClientSequence":460,"gameState":"NORMAL_SPINNING","lifecycle":"ACTIVE","credit":0,"heldMedals":680,"bet":3,"pay":0,"bonusCount":0,"lampOn":false,"displayStops":{"left":18,"center":3,"right":1},"stoppedMask":0}}
[10:11:45] [Render thread/INFO] (PiriRuntimeAcceptance) PIRI_PHASE02_PACKET {"type":"SPIN_START","payload":{"sessionId":"5267f3eb-5c85-4c6b-b2cf-d9c01834646e","machineId":1,"spinId":"99238324-2007-4031-827d-9bb793f7ce16","mode":"NORMAL","animation":"NORMAL","startPhase":{"left":18.0,"center":3.0,"right":1.0},"stopEnableAfterMs":400}}
[10:11:46] [Render thread/INFO] (PiriRuntimeAcceptance) PIRI_PHASE02_PACKET {"type":"ACTION_ACCEPTED","payload":{"clientSequence":460,"action":"STOP_RIGHT"}}
[10:11:46] [Render thread/INFO] (PiriRuntimeAcceptance) PIRI_PHASE02_PACKET {"type":"REEL_STOP","payload":{"spinId":"99238324-2007-4031-827d-9bb793f7ce16","reel":"RIGHT","pressedIndex":14,"stopIndex":14,"slip":0,"durationMs":80}}
[10:11:46] [Render thread/INFO] (PiriRuntimeAcceptance) PIRI_PHASE02_PACKET {"type":"PUBLIC_STATE","payload":{"sessionId":"5267f3eb-5c85-4c6b-b2cf-d9c01834646e","machineId":1,"expectedNextClientSequence":461,"gameState":"NORMAL_SPINNING","lifecycle":"ACTIVE","credit":0,"heldMedals":680,"bet":3,"pay":0,"bonusCount":0,"lampOn":false,"displayStops":{"left":18,"center":3,"right":14},"stoppedMask":4}}
[10:11:46] [Render thread/INFO] (PiriRuntimeAcceptance) PIRI_PHASE02_PACKET {"type":"ACTION_ACCEPTED","payload":{"clientSequence":461,"action":"STOP_LEFT"}}
[10:11:46] [Render thread/INFO] (PiriRuntimeAcceptance) PIRI_PHASE02_PACKET {"type":"REEL_STOP","payload":{"spinId":"99238324-2007-4031-827d-9bb793f7ce16","reel":"LEFT","pressedIndex":18,"stopIndex":18,"slip":0,"durationMs":80}}
[10:11:46] [Render thread/INFO] (PiriRuntimeAcceptance) PIRI_PHASE02_PACKET {"type":"PUBLIC_STATE","payload":{"sessionId":"5267f3eb-5c85-4c6b-b2cf-d9c01834646e","machineId":1,"expectedNextClientSequence":462,"gameState":"NORMAL_SPINNING","lifecycle":"ACTIVE","credit":0,"heldMedals":680,"bet":3,"pay":0,"bonusCount":0,"lampOn":false,"displayStops":{"left":18,"center":3,"right":14},"stoppedMask":5}}
[10:11:47] [Render thread/INFO] (PiriRuntimeAcceptance) PIRI_PHASE02_PACKET {"type":"ACTION_ACCEPTED","payload":{"clientSequence":462,"action":"STOP_CENTER"}}
[10:11:47] [Render thread/INFO] (PiriRuntimeAcceptance) PIRI_PHASE02_PACKET {"type":"REEL_STOP","payload":{"spinId":"99238324-2007-4031-827d-9bb793f7ce16","reel":"CENTER","pressedIndex":15,"stopIndex":15,"slip":0,"durationMs":80}}
[10:11:47] [Render thread/INFO] (PiriRuntimeAcceptance) PIRI_PHASE02_PACKET {"type":"PUBLIC_STATE","payload":{"sessionId":"5267f3eb-5c85-4c6b-b2cf-d9c01834646e","machineId":1,"expectedNextClientSequence":463,"gameState":"SEATED_READY","lifecycle":"ACTIVE","credit":0,"heldMedals":680,"bet":0,"pay":0,"bonusCount":0,"lampOn":false,"displayStops":{"left":18,"center":15,"right":14},"stoppedMask":7}}
[10:11:47] [Render thread/INFO] (PiriRuntimeAcceptance) PIRI_PHASE02_PACKET {"type":"ACTION_ACCEPTED","payload":{"clientSequence":463,"action":"SPACE_ACTION"}}
[10:11:47] [Render thread/INFO] (PiriRuntimeAcceptance) PIRI_PHASE02_PACKET {"type":"PUBLIC_STATE","payload":{"sessionId":"5267f3eb-5c85-4c6b-b2cf-d9c01834646e","machineId":1,"expectedNextClientSequence":464,"gameState":"NORMAL_BETTED","lifecycle":"ACTIVE","credit":0,"heldMedals":677,"bet":3,"pay":0,"bonusCount":0,"lampOn":false,"displayStops":{"left":18,"center":15,"right":14},"stoppedMask":7}}
[10:11:48] [Render thread/INFO] (PiriRuntimeAcceptance) PIRI_PHASE02_PACKET {"type":"ACTION_ACCEPTED","payload":{"clientSequence":464,"action":"SPACE_ACTION"}}
[10:11:48] [Render thread/INFO] (PiriRuntimeAcceptance) PIRI_PHASE02_PACKET {"type":"PUBLIC_STATE","payload":{"sessionId":"5267f3eb-5c85-4c6b-b2cf-d9c01834646e","machineId":1,"expectedNextClientSequence":465,"gameState":"NORMAL_SPINNING","lifecycle":"ACTIVE","credit":0,"heldMedals":677,"bet":3,"pay":0,"bonusCount":0,"lampOn":false,"displayStops":{"left":18,"center":15,"right":14},"stoppedMask":0}}
[10:11:48] [Render thread/INFO] (PiriRuntimeAcceptance) PIRI_PHASE02_PACKET {"type":"SPIN_START","payload":{"sessionId":"5267f3eb-5c85-4c6b-b2cf-d9c01834646e","machineId":1,"spinId":"87a017a3-7cd5-4890-be51-8d7979b3836d","mode":"NORMAL","animation":"NORMAL","startPhase":{"left":18.0,"center":15.0,"right":14.0},"stopEnableAfterMs":400}}
[10:11:49] [Render thread/INFO] (PiriRuntimeAcceptance) PIRI_PHASE02_PACKET {"type":"ACTION_ACCEPTED","payload":{"clientSequence":465,"action":"STOP_RIGHT"}}
[10:11:49] [Render thread/INFO] (PiriRuntimeAcceptance) PIRI_PHASE02_PACKET {"type":"REEL_STOP","payload":{"spinId":"87a017a3-7cd5-4890-be51-8d7979b3836d","reel":"RIGHT","pressedIndex":6,"stopIndex":6,"slip":0,"durationMs":80}}
[10:11:49] [Render thread/INFO] (PiriRuntimeAcceptance) PIRI_PHASE02_PACKET {"type":"PUBLIC_STATE","payload":{"sessionId":"5267f3eb-5c85-4c6b-b2cf-d9c01834646e","machineId":1,"expectedNextClientSequence":466,"gameState":"NORMAL_SPINNING","lifecycle":"ACTIVE","credit":0,"heldMedals":677,"bet":3,"pay":0,"bonusCount":0,"lampOn":false,"displayStops":{"left":18,"center":15,"right":6},"stoppedMask":4}}
[10:11:49] [Render thread/INFO] (PiriRuntimeAcceptance) PIRI_PHASE02_PACKET {"type":"ACTION_ACCEPTED","payload":{"clientSequence":466,"action":"STOP_CENTER"}}
[10:11:49] [Render thread/INFO] (PiriRuntimeAcceptance) PIRI_PHASE02_PACKET {"type":"REEL_STOP","payload":{"spinId":"87a017a3-7cd5-4890-be51-8d7979b3836d","reel":"CENTER","pressedIndex":19,"stopIndex":19,"slip":0,"durationMs":80}}
[10:11:49] [Render thread/INFO] (PiriRuntimeAcceptance) PIRI_PHASE02_PACKET {"type":"PUBLIC_STATE","payload":{"sessionId":"5267f3eb-5c85-4c6b-b2cf-d9c01834646e","machineId":1,"expectedNextClientSequence":467,"gameState":"NORMAL_SPINNING","lifecycle":"ACTIVE","credit":0,"heldMedals":677,"bet":3,"pay":0,"bonusCount":0,"lampOn":false,"displayStops":{"left":18,"center":19,"right":6},"stoppedMask":6}}
[10:11:50] [Render thread/INFO] (PiriRuntimeAcceptance) PIRI_PHASE02_PACKET {"type":"ACTION_ACCEPTED","payload":{"clientSequence":467,"action":"STOP_LEFT"}}
[10:11:50] [Render thread/INFO] (PiriRuntimeAcceptance) PIRI_PHASE02_PACKET {"type":"REEL_STOP","payload":{"spinId":"87a017a3-7cd5-4890-be51-8d7979b3836d","reel":"LEFT","pressedIndex":13,"stopIndex":13,"slip":0,"durationMs":80}}
[10:11:50] [Render thread/INFO] (PiriRuntimeAcceptance) PIRI_PHASE02_PACKET {"type":"PUBLIC_STATE","payload":{"sessionId":"5267f3eb-5c85-4c6b-b2cf-d9c01834646e","machineId":1,"expectedNextClientSequence":468,"gameState":"SEATED_READY","lifecycle":"ACTIVE","credit":0,"heldMedals":677,"bet":0,"pay":0,"bonusCount":0,"lampOn":false,"displayStops":{"left":13,"center":19,"right":6},"stoppedMask":7}}
[10:11:50] [Render thread/INFO] (PiriRuntimeAcceptance) PIRI_PHASE02_PACKET {"type":"ACTION_ACCEPTED","payload":{"clientSequence":468,"action":"SPACE_ACTION"}}
[10:11:50] [Render thread/INFO] (PiriRuntimeAcceptance) PIRI_PHASE02_PACKET {"type":"PUBLIC_STATE","payload":{"sessionId":"5267f3eb-5c85-4c6b-b2cf-d9c01834646e","machineId":1,"expectedNextClientSequence":469,"gameState":"NORMAL_BETTED","lifecycle":"ACTIVE","credit":0,"heldMedals":674,"bet":3,"pay":0,"bonusCount":0,"lampOn":false,"displayStops":{"left":13,"center":19,"right":6},"stoppedMask":7}}
[10:11:51] [Render thread/INFO] (PiriRuntimeAcceptance) PIRI_PHASE02_PACKET {"type":"ACTION_ACCEPTED","payload":{"clientSequence":469,"action":"SPACE_ACTION"}}
[10:11:51] [Render thread/INFO] (PiriRuntimeAcceptance) PIRI_PHASE02_PACKET {"type":"PUBLIC_STATE","payload":{"sessionId":"5267f3eb-5c85-4c6b-b2cf-d9c01834646e","machineId":1,"expectedNextClientSequence":470,"gameState":"NORMAL_SPINNING","lifecycle":"ACTIVE","credit":0,"heldMedals":674,"bet":3,"pay":0,"bonusCount":0,"lampOn":false,"displayStops":{"left":13,"center":19,"right":6},"stoppedMask":0}}
[10:11:51] [Render thread/INFO] (PiriRuntimeAcceptance) PIRI_PHASE02_PACKET {"type":"SPIN_START","payload":{"sessionId":"5267f3eb-5c85-4c6b-b2cf-d9c01834646e","machineId":1,"spinId":"ce0a6ff2-5a36-4848-9003-236469964e10","mode":"NORMAL","animation":"NORMAL","startPhase":{"left":13.0,"center":19.0,"right":6.0},"stopEnableAfterMs":400}}
[10:11:51] [Render thread/INFO] (PiriRuntimeAcceptance) PIRI_PHASE02_PACKET {"type":"ACTION_ACCEPTED","payload":{"clientSequence":470,"action":"STOP_LEFT"}}
[10:11:51] [Render thread/INFO] (PiriRuntimeAcceptance) PIRI_PHASE02_PACKET {"type":"REEL_STOP","payload":{"spinId":"ce0a6ff2-5a36-4848-9003-236469964e10","reel":"LEFT","pressedIndex":5,"stopIndex":5,"slip":0,"durationMs":80}}
[10:11:51] [Render thread/INFO] (PiriRuntimeAcceptance) PIRI_PHASE02_PACKET {"type":"PUBLIC_STATE","payload":{"sessionId":"5267f3eb-5c85-4c6b-b2cf-d9c01834646e","machineId":1,"expectedNextClientSequence":471,"gameState":"NORMAL_SPINNING","lifecycle":"ACTIVE","credit":0,"heldMedals":674,"bet":3,"pay":0,"bonusCount":0,"lampOn":false,"displayStops":{"left":5,"center":19,"right":6},"stoppedMask":1}}
[10:11:52] [Render thread/INFO] (PiriRuntimeAcceptance) PIRI_PHASE02_PACKET {"type":"ACTION_ACCEPTED","payload":{"clientSequence":471,"action":"STOP_CENTER"}}
[10:11:52] [Render thread/INFO] (PiriRuntimeAcceptance) PIRI_PHASE02_PACKET {"type":"REEL_STOP","payload":{"spinId":"ce0a6ff2-5a36-4848-9003-236469964e10","reel":"CENTER","pressedIndex":2,"stopIndex":2,"slip":0,"durationMs":80}}
[10:11:52] [Render thread/INFO] (PiriRuntimeAcceptance) PIRI_PHASE02_PACKET {"type":"PUBLIC_STATE","payload":{"sessionId":"5267f3eb-5c85-4c6b-b2cf-d9c01834646e","machineId":1,"expectedNextClientSequence":472,"gameState":"NORMAL_SPINNING","lifecycle":"ACTIVE","credit":0,"heldMedals":674,"bet":3,"pay":0,"bonusCount":0,"lampOn":false,"displayStops":{"left":5,"center":2,"right":6},"stoppedMask":3}}
[10:11:52] [Render thread/INFO] (PiriRuntimeAcceptance) PIRI_PHASE02_PACKET {"type":"ACTION_ACCEPTED","payload":{"clientSequence":472,"action":"STOP_RIGHT"}}
[10:11:52] [Render thread/INFO] (PiriRuntimeAcceptance) PIRI_PHASE02_PACKET {"type":"REEL_STOP","payload":{"spinId":"ce0a6ff2-5a36-4848-9003-236469964e10","reel":"RIGHT","pressedIndex":1,"stopIndex":1,"slip":0,"durationMs":80}}
[10:11:52] [Render thread/INFO] (PiriRuntimeAcceptance) PIRI_PHASE02_PACKET {"type":"PUBLIC_STATE","payload":{"sessionId":"5267f3eb-5c85-4c6b-b2cf-d9c01834646e","machineId":1,"expectedNextClientSequence":473,"gameState":"SEATED_READY","lifecycle":"ACTIVE","credit":0,"heldMedals":674,"bet":0,"pay":0,"bonusCount":0,"lampOn":false,"displayStops":{"left":5,"center":2,"right":1},"stoppedMask":7}}
[10:11:53] [Render thread/INFO] (PiriRuntimeAcceptance) PIRI_PHASE02_PACKET {"type":"ACTION_ACCEPTED","payload":{"clientSequence":473,"action":"SPACE_ACTION"}}
[10:11:53] [Render thread/INFO] (PiriRuntimeAcceptance) PIRI_PHASE02_PACKET {"type":"PUBLIC_STATE","payload":{"sessionId":"5267f3eb-5c85-4c6b-b2cf-d9c01834646e","machineId":1,"expectedNextClientSequence":474,"gameState":"NORMAL_BETTED","lifecycle":"ACTIVE","credit":0,"heldMedals":671,"bet":3,"pay":0,"bonusCount":0,"lampOn":false,"displayStops":{"left":5,"center":2,"right":1},"stoppedMask":7}}
[10:11:53] [Render thread/INFO] (PiriRuntimeAcceptance) PIRI_PHASE02_PACKET {"type":"ACTION_ACCEPTED","payload":{"clientSequence":474,"action":"SPACE_ACTION"}}
[10:11:53] [Render thread/INFO] (PiriRuntimeAcceptance) PIRI_PHASE02_PACKET {"type":"PUBLIC_STATE","payload":{"sessionId":"5267f3eb-5c85-4c6b-b2cf-d9c01834646e","machineId":1,"expectedNextClientSequence":475,"gameState":"NORMAL_SPINNING","lifecycle":"ACTIVE","credit":0,"heldMedals":671,"bet":3,"pay":0,"bonusCount":0,"lampOn":false,"displayStops":{"left":5,"center":2,"right":1},"stoppedMask":0}}
[10:11:53] [Render thread/INFO] (PiriRuntimeAcceptance) PIRI_PHASE02_PACKET {"type":"SPIN_START","payload":{"sessionId":"5267f3eb-5c85-4c6b-b2cf-d9c01834646e","machineId":1,"spinId":"78585cef-10c6-4d09-912a-ab453fbd8743","mode":"NORMAL","animation":"NORMAL","startPhase":{"left":5.0,"center":2.0,"right":1.0},"stopEnableAfterMs":400}}
[10:11:54] [Render thread/INFO] (PiriRuntimeAcceptance) PIRI_PHASE02_PACKET {"type":"ACTION_ACCEPTED","payload":{"clientSequence":475,"action":"STOP_LEFT"}}
[10:11:54] [Render thread/INFO] (PiriRuntimeAcceptance) PIRI_PHASE02_PACKET {"type":"REEL_STOP","payload":{"spinId":"78585cef-10c6-4d09-912a-ab453fbd8743","reel":"LEFT","pressedIndex":14,"stopIndex":14,"slip":0,"durationMs":80}}
[10:11:54] [Render thread/INFO] (PiriRuntimeAcceptance) PIRI_PHASE02_PACKET {"type":"PUBLIC_STATE","payload":{"sessionId":"5267f3eb-5c85-4c6b-b2cf-d9c01834646e","machineId":1,"expectedNextClientSequence":476,"gameState":"NORMAL_SPINNING","lifecycle":"ACTIVE","credit":0,"heldMedals":671,"bet":3,"pay":0,"bonusCount":0,"lampOn":false,"displayStops":{"left":14,"center":2,"right":1},"stoppedMask":1}}
[10:11:55] [Render thread/INFO] (PiriRuntimeAcceptance) PIRI_PHASE02_PACKET {"type":"ACTION_ACCEPTED","payload":{"clientSequence":476,"action":"STOP_RIGHT"}}
[10:11:55] [Render thread/INFO] (PiriRuntimeAcceptance) PIRI_PHASE02_PACKET {"type":"REEL_STOP","payload":{"spinId":"78585cef-10c6-4d09-912a-ab453fbd8743","reel":"RIGHT","pressedIndex":1,"stopIndex":1,"slip":0,"durationMs":80}}
[10:11:55] [Render thread/INFO] (PiriRuntimeAcceptance) PIRI_PHASE02_PACKET {"type":"PUBLIC_STATE","payload":{"sessionId":"5267f3eb-5c85-4c6b-b2cf-d9c01834646e","machineId":1,"expectedNextClientSequence":477,"gameState":"NORMAL_SPINNING","lifecycle":"ACTIVE","credit":0,"heldMedals":671,"bet":3,"pay":0,"bonusCount":0,"lampOn":false,"displayStops":{"left":14,"center":2,"right":1},"stoppedMask":5}}
[10:11:55] [Render thread/INFO] (PiriRuntimeAcceptance) PIRI_PHASE02_PACKET {"type":"ACTION_ACCEPTED","payload":{"clientSequence":477,"action":"STOP_CENTER"}}
[10:11:55] [Render thread/INFO] (PiriRuntimeAcceptance) PIRI_PHASE02_PACKET {"type":"REEL_STOP","payload":{"spinId":"78585cef-10c6-4d09-912a-ab453fbd8743","reel":"CENTER","pressedIndex":14,"stopIndex":14,"slip":0,"durationMs":80}}
[10:11:55] [Render thread/INFO] (PiriRuntimeAcceptance) PIRI_PHASE02_PACKET {"type":"PUBLIC_STATE","payload":{"sessionId":"5267f3eb-5c85-4c6b-b2cf-d9c01834646e","machineId":1,"expectedNextClientSequence":478,"gameState":"SEATED_READY","lifecycle":"ACTIVE","credit":0,"heldMedals":671,"bet":0,"pay":0,"bonusCount":0,"lampOn":false,"displayStops":{"left":14,"center":14,"right":1},"stoppedMask":7}}
[10:11:56] [Render thread/INFO] (PiriRuntimeAcceptance) PIRI_PHASE02_PACKET {"type":"ACTION_ACCEPTED","payload":{"clientSequence":478,"action":"SPACE_ACTION"}}
[10:11:56] [Render thread/INFO] (PiriRuntimeAcceptance) PIRI_PHASE02_PACKET {"type":"PUBLIC_STATE","payload":{"sessionId":"5267f3eb-5c85-4c6b-b2cf-d9c01834646e","machineId":1,"expectedNextClientSequence":479,"gameState":"NORMAL_BETTED","lifecycle":"ACTIVE","credit":0,"heldMedals":668,"bet":3,"pay":0,"bonusCount":0,"lampOn":false,"displayStops":{"left":14,"center":14,"right":1},"stoppedMask":7}}
[10:11:56] [Render thread/INFO] (PiriRuntimeAcceptance) PIRI_PHASE02_PACKET {"type":"ACTION_ACCEPTED","payload":{"clientSequence":479,"action":"SPACE_ACTION"}}
[10:11:56] [Render thread/INFO] (PiriRuntimeAcceptance) PIRI_PHASE02_PACKET {"type":"PUBLIC_STATE","payload":{"sessionId":"5267f3eb-5c85-4c6b-b2cf-d9c01834646e","machineId":1,"expectedNextClientSequence":480,"gameState":"NORMAL_SPINNING","lifecycle":"ACTIVE","credit":0,"heldMedals":668,"bet":3,"pay":0,"bonusCount":0,"lampOn":false,"displayStops":{"left":14,"center":14,"right":1},"stoppedMask":0}}
[10:11:56] [Render thread/INFO] (PiriRuntimeAcceptance) PIRI_PHASE02_PACKET {"type":"SPIN_START","payload":{"sessionId":"5267f3eb-5c85-4c6b-b2cf-d9c01834646e","machineId":1,"spinId":"1d23b8de-77a5-4082-a441-31ff48be988e","mode":"NORMAL","animation":"NORMAL","startPhase":{"left":14.0,"center":14.0,"right":1.0},"stopEnableAfterMs":400}}
[10:11:57] [Render thread/INFO] (PiriRuntimeAcceptance) PIRI_PHASE02_PACKET {"type":"ACTION_ACCEPTED","payload":{"clientSequence":480,"action":"STOP_CENTER"}}
[10:11:57] [Render thread/INFO] (PiriRuntimeAcceptance) PIRI_PHASE02_PACKET {"type":"REEL_STOP","payload":{"spinId":"1d23b8de-77a5-4082-a441-31ff48be988e","reel":"CENTER","pressedIndex":6,"stopIndex":6,"slip":0,"durationMs":80}}
[10:11:57] [Render thread/INFO] (PiriRuntimeAcceptance) PIRI_PHASE02_PACKET {"type":"PUBLIC_STATE","payload":{"sessionId":"5267f3eb-5c85-4c6b-b2cf-d9c01834646e","machineId":1,"expectedNextClientSequence":481,"gameState":"NORMAL_SPINNING","lifecycle":"ACTIVE","credit":0,"heldMedals":668,"bet":3,"pay":0,"bonusCount":0,"lampOn":false,"displayStops":{"left":14,"center":6,"right":1},"stoppedMask":2}}
[10:11:58] [Render thread/INFO] (PiriRuntimeAcceptance) PIRI_PHASE02_PACKET {"type":"ACTION_ACCEPTED","payload":{"clientSequence":481,"action":"STOP_LEFT"}}
[10:11:58] [Render thread/INFO] (PiriRuntimeAcceptance) PIRI_PHASE02_PACKET {"type":"REEL_STOP","payload":{"spinId":"1d23b8de-77a5-4082-a441-31ff48be988e","reel":"LEFT","pressedIndex":18,"stopIndex":18,"slip":0,"durationMs":80}}
[10:11:58] [Render thread/INFO] (PiriRuntimeAcceptance) PIRI_PHASE02_PACKET {"type":"PUBLIC_STATE","payload":{"sessionId":"5267f3eb-5c85-4c6b-b2cf-d9c01834646e","machineId":1,"expectedNextClientSequence":482,"gameState":"NORMAL_SPINNING","lifecycle":"ACTIVE","credit":0,"heldMedals":668,"bet":3,"pay":0,"bonusCount":0,"lampOn":false,"displayStops":{"left":18,"center":6,"right":1},"stoppedMask":3}}
[10:11:58] [Render thread/INFO] (PiriRuntimeAcceptance) PIRI_PHASE02_PACKET {"type":"ACTION_ACCEPTED","payload":{"clientSequence":482,"action":"STOP_RIGHT"}}
[10:11:58] [Render thread/INFO] (PiriRuntimeAcceptance) PIRI_PHASE02_PACKET {"type":"REEL_STOP","payload":{"spinId":"1d23b8de-77a5-4082-a441-31ff48be988e","reel":"RIGHT","pressedIndex":17,"stopIndex":16,"slip":1,"durationMs":130}}
[10:11:58] [Render thread/INFO] (PiriRuntimeAcceptance) PIRI_PHASE02_PACKET {"type":"PUBLIC_STATE","payload":{"sessionId":"5267f3eb-5c85-4c6b-b2cf-d9c01834646e","machineId":1,"expectedNextClientSequence":483,"gameState":"SEATED_READY","lifecycle":"ACTIVE","credit":0,"heldMedals":668,"bet":0,"pay":0,"bonusCount":0,"lampOn":false,"displayStops":{"left":18,"center":6,"right":16},"stoppedMask":7}}
[10:11:59] [Render thread/INFO] (PiriRuntimeAcceptance) PIRI_PHASE02_PACKET {"type":"ACTION_ACCEPTED","payload":{"clientSequence":483,"action":"SPACE_ACTION"}}
[10:11:59] [Render thread/INFO] (PiriRuntimeAcceptance) PIRI_PHASE02_PACKET {"type":"PUBLIC_STATE","payload":{"sessionId":"5267f3eb-5c85-4c6b-b2cf-d9c01834646e","machineId":1,"expectedNextClientSequence":484,"gameState":"NORMAL_BETTED","lifecycle":"ACTIVE","credit":0,"heldMedals":665,"bet":3,"pay":0,"bonusCount":0,"lampOn":false,"displayStops":{"left":18,"center":6,"right":16},"stoppedMask":7}}
[10:11:59] [Render thread/INFO] (PiriRuntimeAcceptance) PIRI_PHASE02_PACKET {"type":"ACTION_ACCEPTED","payload":{"clientSequence":484,"action":"SPACE_ACTION"}}
[10:11:59] [Render thread/INFO] (PiriRuntimeAcceptance) PIRI_PHASE02_PACKET {"type":"PUBLIC_STATE","payload":{"sessionId":"5267f3eb-5c85-4c6b-b2cf-d9c01834646e","machineId":1,"expectedNextClientSequence":485,"gameState":"NORMAL_SPINNING","lifecycle":"ACTIVE","credit":0,"heldMedals":665,"bet":3,"pay":0,"bonusCount":0,"lampOn":false,"displayStops":{"left":18,"center":6,"right":16},"stoppedMask":0}}
[10:11:59] [Render thread/INFO] (PiriRuntimeAcceptance) PIRI_PHASE02_PACKET {"type":"SPIN_START","payload":{"sessionId":"5267f3eb-5c85-4c6b-b2cf-d9c01834646e","machineId":1,"spinId":"3ae11a58-7ea1-43de-bc3e-b2ad63267b75","mode":"NORMAL","animation":"NORMAL","startPhase":{"left":18.0,"center":6.0,"right":16.0},"stopEnableAfterMs":400}}
[10:12:00] [Render thread/INFO] (PiriRuntimeAcceptance) PIRI_PHASE02_PACKET {"type":"ACTION_ACCEPTED","payload":{"clientSequence":485,"action":"STOP_CENTER"}}
[10:12:00] [Render thread/INFO] (PiriRuntimeAcceptance) PIRI_PHASE02_PACKET {"type":"REEL_STOP","payload":{"spinId":"3ae11a58-7ea1-43de-bc3e-b2ad63267b75","reel":"CENTER","pressedIndex":19,"stopIndex":19,"slip":0,"durationMs":80}}
[10:12:00] [Render thread/INFO] (PiriRuntimeAcceptance) PIRI_PHASE02_PACKET {"type":"PUBLIC_STATE","payload":{"sessionId":"5267f3eb-5c85-4c6b-b2cf-d9c01834646e","machineId":1,"expectedNextClientSequence":486,"gameState":"NORMAL_SPINNING","lifecycle":"ACTIVE","credit":0,"heldMedals":665,"bet":3,"pay":0,"bonusCount":0,"lampOn":false,"displayStops":{"left":18,"center":19,"right":16},"stoppedMask":2}}
[10:12:00] [Render thread/INFO] (PiriRuntimeAcceptance) PIRI_PHASE02_PACKET {"type":"ACTION_ACCEPTED","payload":{"clientSequence":486,"action":"STOP_RIGHT"}}
[10:12:00] [Render thread/INFO] (PiriRuntimeAcceptance) PIRI_PHASE02_PACKET {"type":"REEL_STOP","payload":{"spinId":"3ae11a58-7ea1-43de-bc3e-b2ad63267b75","reel":"RIGHT","pressedIndex":20,"stopIndex":20,"slip":0,"durationMs":80}}
[10:12:00] [Render thread/INFO] (PiriRuntimeAcceptance) PIRI_PHASE02_PACKET {"type":"PUBLIC_STATE","payload":{"sessionId":"5267f3eb-5c85-4c6b-b2cf-d9c01834646e","machineId":1,"expectedNextClientSequence":487,"gameState":"NORMAL_SPINNING","lifecycle":"ACTIVE","credit":0,"heldMedals":665,"bet":3,"pay":0,"bonusCount":0,"lampOn":false,"displayStops":{"left":18,"center":19,"right":20},"stoppedMask":6}}
[10:12:01] [Render thread/INFO] (PiriRuntimeAcceptance) PIRI_PHASE02_PACKET {"type":"ACTION_ACCEPTED","payload":{"clientSequence":487,"action":"STOP_LEFT"}}
[10:12:01] [Render thread/INFO] (PiriRuntimeAcceptance) PIRI_PHASE02_PACKET {"type":"REEL_STOP","payload":{"spinId":"3ae11a58-7ea1-43de-bc3e-b2ad63267b75","reel":"LEFT","pressedIndex":13,"stopIndex":13,"slip":0,"durationMs":80}}
[10:12:01] [Render thread/INFO] (PiriRuntimeAcceptance) PIRI_PHASE02_PACKET {"type":"PUBLIC_STATE","payload":{"sessionId":"5267f3eb-5c85-4c6b-b2cf-d9c01834646e","machineId":1,"expectedNextClientSequence":488,"gameState":"SEATED_READY","lifecycle":"ACTIVE","credit":0,"heldMedals":665,"bet":0,"pay":0,"bonusCount":0,"lampOn":false,"displayStops":{"left":13,"center":19,"right":20},"stoppedMask":7}}
[10:12:01] [Render thread/INFO] (Minecraft) [System] [CHAT] SIMULATOR_STARTED
[10:12:01] [Render thread/INFO] (Minecraft) [System] [CHAT] PIRI_SIMULATOR {"normalSpins":100000,"paidNormalSpins":86305,"replay":13695,"grape":16594,"cherry":2687,"bell":85,"piero":71,"big":0,"reg":0,"totalBet":258915,"totalPayout":140310,"payoutPercent":54.19153003881583,"net":-118605}
[10:12:02] [Render thread/INFO] (PiriRuntimeAcceptance) PIRI_PHASE02_PACKET {"type":"SESSION_SUSPENDED","payload":{"sessionId":"5267f3eb-5c85-4c6b-b2cf-d9c01834646e","machineId":1,"reason":"USER_CLOSE_SAFE"}}
[10:12:03] [Render thread/INFO] (PiriRuntimeAcceptance) PIRI_PHASE02_REAL_CLICK block=BlockPos{x=0, y=66, z=0} result=SUCCESS
[10:12:03] [Render thread/INFO] (PiriRuntimeAcceptance) PIRI_PHASE02_PACKET {"type":"OPEN_MACHINE","payload":{"sessionId":"5267f3eb-5c85-4c6b-b2cf-d9c01834646e","machineId":1,"expectedNextClientSequence":489}}
[10:12:03] [Render thread/INFO] (PiriRuntimeAcceptance) PIRI_PHASE02_PACKET {"type":"PUBLIC_STATE","payload":{"sessionId":"5267f3eb-5c85-4c6b-b2cf-d9c01834646e","machineId":1,"expectedNextClientSequence":489,"gameState":"SEATED_READY","lifecycle":"ACTIVE","credit":0,"heldMedals":665,"bet":0,"pay":0,"bonusCount":0,"lampOn":false,"displayStops":{"left":13,"center":19,"right":20},"stoppedMask":7}}
[10:12:04] [Render thread/INFO] (PiriRuntimeAcceptance) PIRI_PHASE02_PACKET {"type":"ACTION_ACCEPTED","payload":{"clientSequence":489,"action":"SPACE_ACTION"}}
[10:12:04] [Render thread/INFO] (PiriRuntimeAcceptance) PIRI_PHASE02_PACKET {"type":"PUBLIC_STATE","payload":{"sessionId":"5267f3eb-5c85-4c6b-b2cf-d9c01834646e","machineId":1,"expectedNextClientSequence":490,"gameState":"NORMAL_BETTED","lifecycle":"ACTIVE","credit":0,"heldMedals":662,"bet":3,"pay":0,"bonusCount":0,"lampOn":false,"displayStops":{"left":13,"center":19,"right":20},"stoppedMask":7}}
[10:12:04] [Render thread/INFO] (PiriRuntimeAcceptance) PIRI_PHASE02_PACKET {"type":"ACTION_ACCEPTED","payload":{"clientSequence":490,"action":"SPACE_ACTION"}}
[10:12:04] [Render thread/INFO] (PiriRuntimeAcceptance) PIRI_PHASE02_PACKET {"type":"PUBLIC_STATE","payload":{"sessionId":"5267f3eb-5c85-4c6b-b2cf-d9c01834646e","machineId":1,"expectedNextClientSequence":491,"gameState":"NORMAL_SPINNING","lifecycle":"ACTIVE","credit":0,"heldMedals":662,"bet":3,"pay":0,"bonusCount":0,"lampOn":false,"displayStops":{"left":13,"center":19,"right":20},"stoppedMask":0}}
[10:12:04] [Render thread/INFO] (PiriRuntimeAcceptance) PIRI_PHASE02_PACKET {"type":"SPIN_START","payload":{"sessionId":"5267f3eb-5c85-4c6b-b2cf-d9c01834646e","machineId":1,"spinId":"c7e2ec0c-5ad4-49d5-8e55-4e4994537d56","mode":"NORMAL","animation":"NORMAL","startPhase":{"left":13.0,"center":19.0,"right":20.0},"stopEnableAfterMs":400}}
[10:12:05] [Render thread/INFO] (PiriRuntimeAcceptance) PIRI_PHASE02_PACKET {"type":"ACTION_ACCEPTED","payload":{"clientSequence":491,"action":"STOP_LEFT"}}
[10:12:05] [Render thread/INFO] (PiriRuntimeAcceptance) PIRI_PHASE02_PACKET {"type":"REEL_STOP","payload":{"spinId":"c7e2ec0c-5ad4-49d5-8e55-4e4994537d56","reel":"LEFT","pressedIndex":1,"stopIndex":0,"slip":1,"durationMs":130}}
[10:12:05] [Render thread/INFO] (PiriRuntimeAcceptance) PIRI_PHASE02_PACKET {"type":"PUBLIC_STATE","payload":{"sessionId":"5267f3eb-5c85-4c6b-b2cf-d9c01834646e","machineId":1,"expectedNextClientSequence":492,"gameState":"NORMAL_SPINNING","lifecycle":"ACTIVE","credit":0,"heldMedals":662,"bet":3,"pay":0,"bonusCount":0,"lampOn":false,"displayStops":{"left":0,"center":19,"right":20},"stoppedMask":1}}
[10:12:06] [Render thread/INFO] (PiriRuntimeAcceptance) PIRI_PHASE02_PACKET {"type":"ACTION_ACCEPTED","payload":{"clientSequence":492,"action":"STOP_CENTER"}}
[10:12:06] [Render thread/INFO] (PiriRuntimeAcceptance) PIRI_PHASE02_PACKET {"type":"REEL_STOP","payload":{"spinId":"c7e2ec0c-5ad4-49d5-8e55-4e4994537d56","reel":"CENTER","pressedIndex":19,"stopIndex":19,"slip":0,"durationMs":80}}
[10:12:06] [Render thread/INFO] (PiriRuntimeAcceptance) PIRI_PHASE02_PACKET {"type":"PUBLIC_STATE","payload":{"sessionId":"5267f3eb-5c85-4c6b-b2cf-d9c01834646e","machineId":1,"expectedNextClientSequence":493,"gameState":"NORMAL_SPINNING","lifecycle":"ACTIVE","credit":0,"heldMedals":662,"bet":3,"pay":0,"bonusCount":0,"lampOn":false,"displayStops":{"left":0,"center":19,"right":20},"stoppedMask":3}}
[10:12:06] [Render thread/INFO] (PiriRuntimeAcceptance) PIRI_PHASE02_PACKET {"type":"ACTION_ACCEPTED","payload":{"clientSequence":493,"action":"STOP_RIGHT"}}
[10:12:06] [Render thread/INFO] (PiriRuntimeAcceptance) PIRI_PHASE02_PACKET {"type":"REEL_STOP","payload":{"spinId":"c7e2ec0c-5ad4-49d5-8e55-4e4994537d56","reel":"RIGHT","pressedIndex":11,"stopIndex":11,"slip":0,"durationMs":80}}
[10:12:06] [Render thread/INFO] (PiriRuntimeAcceptance) PIRI_PHASE02_PACKET {"type":"PAYOUT","payload":{}}
[10:12:06] [Render thread/INFO] (PiriRuntimeAcceptance) PIRI_PHASE02_PACKET {"type":"PUBLIC_STATE","payload":{"sessionId":"5267f3eb-5c85-4c6b-b2cf-d9c01834646e","machineId":1,"expectedNextClientSequence":494,"gameState":"BONUS_PENDING","lifecycle":"ACTIVE","credit":2,"heldMedals":662,"bet":0,"pay":2,"bonusCount":0,"lampOn":true,"displayStops":{"left":0,"center":19,"right":11},"stoppedMask":7}}
[10:12:08] [Render thread/INFO] (PiriRuntimeAcceptance) PIRI_PHASE02_PACKET {"type":"SESSION_SUSPENDED","payload":{"sessionId":"5267f3eb-5c85-4c6b-b2cf-d9c01834646e","machineId":1,"reason":"USER_CLOSE_GRACE"}}
[10:12:08] [Render thread/INFO] (Minecraft) Stopping!

BUILD SUCCESSFUL in 5m 38s
15 actionable tasks: 2 executed, 13 up-to-date
