
> Configure project :fabric
Fabric Loom: 1.10.5

> Configure project :runtime-test-client
Fabric Loom: 1.10.5

> Task :common:compileJava UP-TO-DATE
> Task :fabric:compileJava UP-TO-DATE
> Task :fabric:processResources UP-TO-DATE
> Task :fabric:classes UP-TO-DATE
> Task :paper:compileJava UP-TO-DATE
> Task :fabric:compileTestJava UP-TO-DATE
> Task :common:processResources NO-SOURCE
> Task :common:classes UP-TO-DATE
> Task :fabric:jar UP-TO-DATE
> Task :fabric:processIncludeJars UP-TO-DATE
> Task :fabric:remapJar UP-TO-DATE
> Task :runtime-test-client:compileJava UP-TO-DATE
> Task :runtime-test-client:processResources UP-TO-DATE
> Task :runtime-test-client:classes UP-TO-DATE
> Task :runtime-test-client:generateLog4jConfig UP-TO-DATE
> Task :runtime-test-client:generateRemapClasspath UP-TO-DATE
> Task :runtime-test-client:generateDLIConfig UP-TO-DATE
> Task :runtime-test-client:configureLaunch UP-TO-DATE
> Task :runtime-test-client:downloadAssets
> Task :runtime-test-client:configureClientLaunch

> Task :runtime-test-client:runClient
[21:25:34] [main/INFO] (FabricLoader/GameProvider) Loading Minecraft 1.21 with Fabric Loader 0.16.14
[21:25:34] [main/INFO] (FabricLoader) Loading 56 mods:
	- fabric-api 0.102.0+1.21
	- fabric-api-base 0.4.42+6573ed8cd1
	- fabric-api-lookup-api-v1 1.6.68+b5597344d1
	- fabric-biome-api-v1 13.0.29+5bd9f1bcd1
	- fabric-block-api-v1 1.0.22+0af3f5a7d1
	- fabric-block-view-api-v2 1.0.10+6573ed8cd1
	- fabric-blockrenderlayer-v1 1.1.52+0af3f5a7d1
	- fabric-client-tags-api-v1 1.1.15+6573ed8cd1
	- fabric-command-api-v1 1.2.49+f71b366fd1
	- fabric-command-api-v2 2.2.28+6ced4dd9d1
	- fabric-commands-v0 0.2.66+df3654b3d1
	- fabric-content-registries-v0 8.0.16+b5597344d1
	- fabric-convention-tags-v1 2.0.19+7f945d5bd1
	- fabric-convention-tags-v2 2.5.0+c5e2b5c6d1
	- fabric-crash-report-info-v1 0.2.29+0af3f5a7d1
	- fabric-data-attachment-api-v1 1.1.27+6a6dfa19d1
	- fabric-data-generation-api-v1 20.2.16+16c4ae25d1
	- fabric-dimensions-v1 4.0.0+6fc22b99d1
	- fabric-entity-events-v1 1.6.12+6fc22b99d1
	- fabric-events-interaction-v0 0.7.12+ba9dae06d1
	- fabric-game-rule-api-v1 1.0.53+6ced4dd9d1
	- fabric-gametest-api-v1 2.0.4+6fc22b99d1
	- fabric-item-api-v1 11.0.0+afdfc921d1
	- fabric-item-group-api-v1 4.1.4+78017270d1
	- fabric-key-binding-api-v1 1.0.47+0af3f5a7d1
	- fabric-keybindings-v0 0.2.45+df3654b3d1
	- fabric-lifecycle-events-v1 2.3.12+6c1df360d1
	- fabric-loot-api-v2 3.0.14+3f89f5a5d1
	- fabric-loot-api-v3 1.0.2+3f89f5a5d1
	- fabric-message-api-v1 6.0.13+6573ed8cd1
	- fabric-model-loading-api-v1 2.0.0+fe474d6bd1
	- fabric-networking-api-v1 4.2.2+60c3209bd1
	- fabric-object-builder-api-v1 15.2.0+a551f7a4d1
	- fabric-particles-v1 4.0.2+6573ed8cd1
	- fabric-recipe-api-v1 5.0.12+65089712d1
	- fabric-registry-sync-v0 5.1.2+60c3209bd1
	- fabric-renderer-api-v1 3.4.0+c705a49cd1
	- fabric-renderer-indigo 1.7.0+c705a49cd1
	- fabric-renderer-registries-v1 3.2.68+df3654b3d1
	- fabric-rendering-data-attachment-v1 0.3.48+73761d2ed1
	- fabric-rendering-fluids-v1 3.1.6+b5597344d1
	- fabric-rendering-v0 1.1.71+df3654b3d1
	- fabric-rendering-v1 5.0.5+df16efd0d1
	- fabric-resource-conditions-api-v1 4.3.0+8dc279b1d1
	- fabric-resource-loader-v0 1.3.0+56599129d1
	- fabric-screen-api-v1 2.0.24+b5597344d1
	- fabric-screen-handler-api-v1 1.3.86+b5597344d1
	- fabric-sound-api-v1 1.0.23+6573ed8cd1
	- fabric-transfer-api-v1 5.1.16+3dccd343d1
	- fabric-transitive-access-wideners-v1 6.1.0+176f9036d1
	- fabricloader 0.16.14
	- java 21
	- minecraft 1.21
	- mixinextras 0.4.1
	- piri_juggler 1.0.0
	- piri_runtime_acceptance 1.0.0
[21:25:34] [main/INFO] (FabricLoader/Mixin) SpongePowered MIXIN Subsystem Version=0.8.7 Source=file:/C:/Users/PC_user/.gradle/caches/modules-2/files-2.1/net.fabricmc/sponge-mixin/0.15.5+mixin.0.8.7/22f9eb729e216a091673a574a5906dc1b9027fb3/sponge-mixin-0.15.5+mixin.0.8.7.jar Service=Knot/Fabric Env=CLIENT
[21:25:34] [main/INFO] (FabricLoader/Mixin) Loaded Fabric development mappings for mixin remapper!
[21:25:34] [main/INFO] (FabricLoader/Mixin) Compatibility level set to JAVA_21
[21:25:36] [main/INFO] (FabricLoader/MixinExtras|Service) Initializing MixinExtras via com.llamalad7.mixinextras.service.MixinExtrasServiceImpl(version=0.4.1).
[21:25:37] [Datafixer Bootstrap/INFO] (Minecraft) 226 Datafixer optimizations took 362 milliseconds
[21:25:37] [main/WARN] (PerfmonDisabled) Invalid registry value type detected for PerfOS counters. Should be REG_DWORD. Ignoring: HKEY_LOCAL_MACHINE\SYSTEM\CurrentControlSet\Services\PerfOS\Performance\Disable Performance Counters.
[21:25:43] [Render thread/INFO] (Minecraft) Environment: Environment[sessionHost=https://sessionserver.mojang.com, servicesHost=https://api.minecraftservices.com, name=PROD]
[21:25:43] [Render thread/INFO] (Minecraft) Setting user: PiriRuntimeTest
[21:25:43] [Render thread/INFO] (PiriRuntimeAcceptance) PIRI_RUNTIME_CLIENT_READY Minecraft=1.21 FabricLoader=0.16.14 scenario=phase05-game
[21:25:43] [Render thread/INFO] (Indigo) [Indigo] Registering Indigo renderer!
[21:25:44] [Render thread/INFO] (Minecraft) Backend library: LWJGL version 3.3.3-snapshot
[21:25:45] [Render thread/INFO] (Minecraft) Reloading ResourceManager: vanilla, fabric, fabric-api, fabric-api-base, fabric-api-lookup-api-v1, fabric-biome-api-v1, fabric-block-api-v1, fabric-block-view-api-v2, fabric-blockrenderlayer-v1, fabric-client-tags-api-v1, fabric-command-api-v1, fabric-command-api-v2, fabric-commands-v0, fabric-content-registries-v0, fabric-convention-tags-v1, fabric-convention-tags-v2, fabric-crash-report-info-v1, fabric-data-attachment-api-v1, fabric-data-generation-api-v1, fabric-dimensions-v1, fabric-entity-events-v1, fabric-events-interaction-v0, fabric-game-rule-api-v1, fabric-gametest-api-v1, fabric-item-api-v1, fabric-item-group-api-v1, fabric-key-binding-api-v1, fabric-keybindings-v0, fabric-lifecycle-events-v1, fabric-loot-api-v2, fabric-loot-api-v3, fabric-message-api-v1, fabric-model-loading-api-v1, fabric-networking-api-v1, fabric-object-builder-api-v1, fabric-particles-v1, fabric-recipe-api-v1, fabric-registry-sync-v0, fabric-renderer-api-v1, fabric-renderer-indigo, fabric-renderer-registries-v1, fabric-rendering-data-attachment-v1, fabric-rendering-fluids-v1, fabric-rendering-v0, fabric-rendering-v1, fabric-resource-conditions-api-v1, fabric-resource-loader-v0, fabric-screen-api-v1, fabric-screen-handler-api-v1, fabric-sound-api-v1, fabric-transfer-api-v1, fabric-transitive-access-wideners-v1, fabricloader, piri_juggler
[21:25:45] [Worker-Main-3/WARN] (Minecraft) File piri:sounds/bet.ogg does not exist, cannot add it to event piri:bet
[21:25:45] [Worker-Main-3/WARN] (Minecraft) File piri:sounds/bonus_end.ogg does not exist, cannot add it to event piri:bonus_end
[21:25:45] [Worker-Main-3/WARN] (Minecraft) File piri:sounds/bonus_start.ogg does not exist, cannot add it to event piri:bonus_start
[21:25:45] [Worker-Main-3/WARN] (Minecraft) File piri:sounds/error.ogg does not exist, cannot add it to event piri:error
[21:25:45] [Worker-Main-3/WARN] (Minecraft) File piri:sounds/lever.ogg does not exist, cannot add it to event piri:lever
[21:25:45] [Worker-Main-3/WARN] (Minecraft) File piri:sounds/notice.ogg does not exist, cannot add it to event piri:notice
[21:25:45] [Worker-Main-3/WARN] (Minecraft) File piri:sounds/notice_strong.ogg does not exist, cannot add it to event piri:notice_strong
[21:25:45] [Worker-Main-3/WARN] (Minecraft) File piri:sounds/payout.ogg does not exist, cannot add it to event piri:payout
[21:25:45] [Worker-Main-3/WARN] (Minecraft) File piri:sounds/stop.ogg does not exist, cannot add it to event piri:stop
[21:25:45] [Worker-Main-3/WARN] (Minecraft) File piri:sounds/tenpai.ogg does not exist, cannot add it to event piri:tenpai
[21:25:45] [Worker-Main-12/INFO] (Minecraft) Found unifont_all_no_pua-15.1.05.hex, loading
[21:25:45] [Worker-Main-5/INFO] (Minecraft) Found unifont_jp_patch-15.1.05.hex, loading
[21:25:47] [Render thread/WARN] (Minecraft) Missing sound for event: minecraft:item.goat_horn.play
[21:25:47] [Render thread/WARN] (Minecraft) Missing sound for event: minecraft:entity.goat.screaming.horn_break
[21:25:47] [Render thread/INFO] (Minecraft) OpenAL initialized on device OpenAL Soft on Headphones (High Definition Audio Device)
[21:25:47] [Render thread/INFO] (Minecraft) Sound engine started
[21:25:47] [Render thread/INFO] (Minecraft) Created: 1024x512x4 minecraft:textures/atlas/blocks.png-atlas
[21:25:47] [Render thread/INFO] (Minecraft) Created: 256x256x4 minecraft:textures/atlas/signs.png-atlas
[21:25:47] [Render thread/INFO] (Minecraft) Created: 512x512x4 minecraft:textures/atlas/shield_patterns.png-atlas
[21:25:47] [Render thread/INFO] (Minecraft) Created: 512x512x4 minecraft:textures/atlas/banner_patterns.png-atlas
[21:25:47] [Render thread/INFO] (Minecraft) Created: 1024x1024x4 minecraft:textures/atlas/armor_trims.png-atlas
[21:25:47] [Render thread/INFO] (Minecraft) Created: 256x256x4 minecraft:textures/atlas/chest.png-atlas
[21:25:47] [Render thread/INFO] (Minecraft) Created: 128x64x4 minecraft:textures/atlas/decorated_pot.png-atlas
[21:25:47] [Render thread/INFO] (Minecraft) Created: 512x256x4 minecraft:textures/atlas/beds.png-atlas
[21:25:47] [Render thread/INFO] (Minecraft) Created: 512x256x4 minecraft:textures/atlas/shulker_boxes.png-atlas
[21:25:47] [Render thread/INFO] (Minecraft) Created: 512x256x0 minecraft:textures/atlas/particles.png-atlas
[21:25:47] [Render thread/INFO] (Minecraft) Created: 512x256x0 minecraft:textures/atlas/paintings.png-atlas
[21:25:47] [Render thread/INFO] (Minecraft) Created: 256x128x0 minecraft:textures/atlas/mob_effects.png-atlas
[21:25:47] [Render thread/INFO] (Minecraft) Created: 64x64x0 minecraft:textures/atlas/map_decorations.png-atlas
[21:25:47] [Render thread/INFO] (Minecraft) Created: 1024x512x0 minecraft:textures/atlas/gui.png-atlas
[21:25:47] [Render thread/WARN] (Minecraft) Shader rendertype_entity_translucent_emissive could not find sampler named Sampler2 in the specified shader program.
[21:25:47] [Render thread/INFO] (Minecraft) Connecting to 127.0.0.1, 25589
[21:25:49] [Render thread/WARN] (Minecraft) Ignoring player info update for unknown player 2b9a0e28-4a8f-3fe1-a65b-c41ad05e8077 ([UPDATE_GAME_MODE])
[21:25:49] [Render thread/INFO] (Minecraft) [System] [CHAT] PiriRuntimeTest joined the game
[21:25:49] [Render thread/INFO] (Minecraft) Loaded 2 advancements
[21:25:49] [Render thread/INFO] (PiriRuntimeAcceptance) PIRI_RUNTIME_HELLO protocol=1 payload={"protocol":1,"modVersion":"1.0.0"}
[21:25:49] [Render thread/INFO] (PiriRuntimeAcceptance) PIRI_PHASE02_PACKET {"type":"HELLO_ACK","payload":{"protocol":1,"serverVersion":"1.0.0"}}
[21:25:50] [Render thread/INFO] (Minecraft) [System] [CHAT] MACHINE_CREATED 1
[21:25:51] [Render thread/INFO] (PiriRuntimeAcceptance) PIRI_PHASE02_REAL_CLICK block=BlockPos{x=0, y=66, z=0} result=SUCCESS
[21:25:51] [Render thread/INFO] (PiriRuntimeAcceptance) PIRI_PHASE02_PACKET {"type":"OPEN_MACHINE","payload":{"sessionId":"64238a28-ddc2-4620-9ea6-0f6a184c318e","machineId":1,"expectedNextClientSequence":1}}
[21:25:51] [Render thread/INFO] (PiriRuntimeAcceptance) PIRI_PHASE02_PACKET {"type":"PUBLIC_STATE","payload":{"sessionId":"64238a28-ddc2-4620-9ea6-0f6a184c318e","machineId":1,"expectedNextClientSequence":1,"gameState":"SEATED_READY","lifecycle":"ACTIVE","credit":0,"heldMedals":0,"bet":0,"pay":0,"bonusCount":0,"lampOn":false,"displayStops":{"left":0,"center":0,"right":0},"stoppedMask":0}}
[21:25:51] [Render thread/INFO] (PiriRuntimeAcceptance) PIRI_PHASE02_PACKET {"type":"ACTION_REJECTED","payload":{"clientSequence":1,"errorCode":"NOT_ENOUGH_CREDIT"}}
[21:25:51] [Render thread/INFO] (PiriRuntimeAcceptance) PIRI_PHASE02_PACKET {"type":"PUBLIC_STATE","payload":{"sessionId":"64238a28-ddc2-4620-9ea6-0f6a184c318e","machineId":1,"expectedNextClientSequence":2,"gameState":"SEATED_READY","lifecycle":"ACTIVE","credit":0,"heldMedals":0,"bet":0,"pay":0,"bonusCount":0,"lampOn":false,"displayStops":{"left":0,"center":0,"right":0},"stoppedMask":0}}
[21:25:53] [Render thread/INFO] (PiriRuntimeAcceptance) PIRI_PHASE02_REAL_CLICK block=BlockPos{x=0, y=66, z=0} result=SUCCESS
[21:25:53] [Render thread/INFO] (PiriRuntimeAcceptance) PIRI_PHASE02_PACKET {"type":"OPEN_MACHINE","payload":{"sessionId":"64238a28-ddc2-4620-9ea6-0f6a184c318e","machineId":1,"expectedNextClientSequence":2}}
[21:25:53] [Render thread/INFO] (PiriRuntimeAcceptance) PIRI_PHASE02_PACKET {"type":"PUBLIC_STATE","payload":{"sessionId":"64238a28-ddc2-4620-9ea6-0f6a184c318e","machineId":1,"expectedNextClientSequence":2,"gameState":"SEATED_READY","lifecycle":"ACTIVE","credit":2,"heldMedals":800,"bet":0,"pay":0,"bonusCount":0,"lampOn":false,"displayStops":{"left":0,"center":0,"right":0},"stoppedMask":0}}
[21:25:53] [Render thread/INFO] (PiriRuntimeAcceptance) PIRI_PHASE02_PACKET {"type":"ACTION_REJECTED","payload":{"clientSequence":3,"errorCode":"BUSY"}}
[21:25:53] [Render thread/INFO] (PiriRuntimeAcceptance) PIRI_PHASE02_PACKET {"type":"ACTION_ACCEPTED","payload":{"clientSequence":2,"action":"SPACE_ACTION"}}
[21:25:53] [Render thread/INFO] (PiriRuntimeAcceptance) PIRI_PHASE02_PACKET {"type":"PUBLIC_STATE","payload":{"sessionId":"64238a28-ddc2-4620-9ea6-0f6a184c318e","machineId":1,"expectedNextClientSequence":3,"gameState":"NORMAL_BETTED","lifecycle":"ACTIVE","credit":0,"heldMedals":799,"bet":3,"pay":0,"bonusCount":0,"lampOn":false,"displayStops":{"left":0,"center":0,"right":0},"stoppedMask":0}}
[21:25:54] [Render thread/INFO] (PiriRuntimeAcceptance) PIRI_PHASE02_PACKET {"type":"ACTION_ACCEPTED","payload":{"clientSequence":4,"action":"SPACE_ACTION"}}
[21:25:54] [Render thread/INFO] (PiriRuntimeAcceptance) PIRI_PHASE02_PACKET {"type":"PUBLIC_STATE","payload":{"sessionId":"64238a28-ddc2-4620-9ea6-0f6a184c318e","machineId":1,"expectedNextClientSequence":5,"gameState":"NORMAL_SPINNING","lifecycle":"ACTIVE","credit":0,"heldMedals":799,"bet":3,"pay":0,"bonusCount":0,"lampOn":false,"displayStops":{"left":0,"center":0,"right":0},"stoppedMask":0}}
[21:25:54] [Render thread/INFO] (PiriRuntimeAcceptance) PIRI_PHASE02_PACKET {"type":"SPIN_START","payload":{"sessionId":"64238a28-ddc2-4620-9ea6-0f6a184c318e","machineId":1,"spinId":"8d38576a-955f-4d69-a807-7116b2ce1909","mode":"NORMAL","animation":"NORMAL","startPhase":{"left":0.0,"center":0.0,"right":0.0},"stopEnableAfterMs":400}}
[21:25:54] [Render thread/INFO] (PiriRuntimeAcceptance) PIRI_PHASE02_PACKET {"type":"ACTION_ACCEPTED","payload":{"clientSequence":5,"action":"STOP_LEFT"}}
[21:25:54] [Render thread/INFO] (PiriRuntimeAcceptance) PIRI_PHASE02_PACKET {"type":"REEL_STOP","payload":{"spinId":"8d38576a-955f-4d69-a807-7116b2ce1909","reel":"LEFT","pressedIndex":13,"stopIndex":13,"slip":0,"durationMs":80}}
[21:25:54] [Render thread/INFO] (PiriRuntimeAcceptance) PIRI_PHASE02_PACKET {"type":"PUBLIC_STATE","payload":{"sessionId":"64238a28-ddc2-4620-9ea6-0f6a184c318e","machineId":1,"expectedNextClientSequence":6,"gameState":"NORMAL_SPINNING","lifecycle":"ACTIVE","credit":0,"heldMedals":799,"bet":3,"pay":0,"bonusCount":0,"lampOn":false,"displayStops":{"left":13,"center":0,"right":0},"stoppedMask":1}}
[21:25:55] [Render thread/INFO] (PiriRuntimeAcceptance) PIRI_PHASE02_PACKET {"type":"ACTION_ACCEPTED","payload":{"clientSequence":6,"action":"STOP_CENTER"}}
[21:25:55] [Render thread/INFO] (PiriRuntimeAcceptance) PIRI_PHASE02_PACKET {"type":"REEL_STOP","payload":{"spinId":"8d38576a-955f-4d69-a807-7116b2ce1909","reel":"CENTER","pressedIndex":4,"stopIndex":4,"slip":0,"durationMs":80}}
[21:25:55] [Render thread/INFO] (PiriRuntimeAcceptance) PIRI_PHASE02_PACKET {"type":"PUBLIC_STATE","payload":{"sessionId":"64238a28-ddc2-4620-9ea6-0f6a184c318e","machineId":1,"expectedNextClientSequence":7,"gameState":"NORMAL_SPINNING","lifecycle":"ACTIVE","credit":0,"heldMedals":799,"bet":3,"pay":0,"bonusCount":0,"lampOn":false,"displayStops":{"left":13,"center":4,"right":0},"stoppedMask":3}}
[21:25:55] [Render thread/INFO] (PiriRuntimeAcceptance) PIRI_PHASE02_PACKET {"type":"ACTION_ACCEPTED","payload":{"clientSequence":7,"action":"STOP_RIGHT"}}
[21:25:55] [Render thread/INFO] (PiriRuntimeAcceptance) PIRI_PHASE02_PACKET {"type":"REEL_STOP","payload":{"spinId":"8d38576a-955f-4d69-a807-7116b2ce1909","reel":"RIGHT","pressedIndex":16,"stopIndex":14,"slip":2,"durationMs":180}}
[21:25:55] [Render thread/INFO] (PiriRuntimeAcceptance) PIRI_PHASE02_PACKET {"type":"PAYOUT","payload":{}}
[21:25:55] [Render thread/INFO] (PiriRuntimeAcceptance) PIRI_PHASE02_PACKET {"type":"PUBLIC_STATE","payload":{"sessionId":"64238a28-ddc2-4620-9ea6-0f6a184c318e","machineId":1,"expectedNextClientSequence":8,"gameState":"SEATED_READY","lifecycle":"ACTIVE","credit":8,"heldMedals":799,"bet":0,"pay":8,"bonusCount":0,"lampOn":false,"displayStops":{"left":13,"center":4,"right":14},"stoppedMask":7}}
[21:25:57] [Render thread/INFO] (PiriRuntimeAcceptance) PIRI_PHASE02_PACKET {"type":"ACTION_ACCEPTED","payload":{"clientSequence":8,"action":"SPACE_ACTION"}}
[21:25:57] [Render thread/INFO] (PiriRuntimeAcceptance) PIRI_PHASE02_PACKET {"type":"PUBLIC_STATE","payload":{"sessionId":"64238a28-ddc2-4620-9ea6-0f6a184c318e","machineId":1,"expectedNextClientSequence":9,"gameState":"NORMAL_BETTED","lifecycle":"ACTIVE","credit":5,"heldMedals":799,"bet":3,"pay":0,"bonusCount":0,"lampOn":false,"displayStops":{"left":13,"center":4,"right":14},"stoppedMask":7}}
[21:25:58] [Render thread/INFO] (PiriRuntimeAcceptance) PIRI_PHASE02_PACKET {"type":"ACTION_ACCEPTED","payload":{"clientSequence":9,"action":"SPACE_ACTION"}}
[21:25:58] [Render thread/INFO] (PiriRuntimeAcceptance) PIRI_PHASE02_PACKET {"type":"PUBLIC_STATE","payload":{"sessionId":"64238a28-ddc2-4620-9ea6-0f6a184c318e","machineId":1,"expectedNextClientSequence":10,"gameState":"NORMAL_SPINNING","lifecycle":"ACTIVE","credit":5,"heldMedals":799,"bet":3,"pay":0,"bonusCount":0,"lampOn":false,"displayStops":{"left":13,"center":4,"right":14},"stoppedMask":0}}
[21:25:58] [Render thread/INFO] (PiriRuntimeAcceptance) PIRI_PHASE02_PACKET {"type":"SPIN_START","payload":{"sessionId":"64238a28-ddc2-4620-9ea6-0f6a184c318e","machineId":1,"spinId":"8e77e840-7141-423a-a026-eb5294e274ff","mode":"NORMAL","animation":"NORMAL","startPhase":{"left":13.0,"center":4.0,"right":14.0},"stopEnableAfterMs":400}}
[21:25:58] [Render thread/INFO] (PiriRuntimeAcceptance) PIRI_PHASE02_PACKET {"type":"ACTION_ACCEPTED","payload":{"clientSequence":10,"action":"STOP_LEFT"}}
[21:25:58] [Render thread/INFO] (PiriRuntimeAcceptance) PIRI_PHASE02_PACKET {"type":"REEL_STOP","payload":{"spinId":"8e77e840-7141-423a-a026-eb5294e274ff","reel":"LEFT","pressedIndex":5,"stopIndex":5,"slip":0,"durationMs":80}}
[21:25:58] [Render thread/INFO] (PiriRuntimeAcceptance) PIRI_PHASE02_PACKET {"type":"PUBLIC_STATE","payload":{"sessionId":"64238a28-ddc2-4620-9ea6-0f6a184c318e","machineId":1,"expectedNextClientSequence":11,"gameState":"NORMAL_SPINNING","lifecycle":"ACTIVE","credit":5,"heldMedals":799,"bet":3,"pay":0,"bonusCount":0,"lampOn":false,"displayStops":{"left":5,"center":4,"right":14},"stoppedMask":1}}
[21:25:59] [Render thread/INFO] (PiriRuntimeAcceptance) PIRI_PHASE02_PACKET {"type":"ACTION_ACCEPTED","payload":{"clientSequence":11,"action":"STOP_RIGHT"}}
[21:25:59] [Render thread/INFO] (PiriRuntimeAcceptance) PIRI_PHASE02_PACKET {"type":"REEL_STOP","payload":{"spinId":"8e77e840-7141-423a-a026-eb5294e274ff","reel":"RIGHT","pressedIndex":19,"stopIndex":19,"slip":0,"durationMs":80}}
[21:25:59] [Render thread/INFO] (PiriRuntimeAcceptance) PIRI_PHASE02_PACKET {"type":"PUBLIC_STATE","payload":{"sessionId":"64238a28-ddc2-4620-9ea6-0f6a184c318e","machineId":1,"expectedNextClientSequence":12,"gameState":"NORMAL_SPINNING","lifecycle":"ACTIVE","credit":5,"heldMedals":799,"bet":3,"pay":0,"bonusCount":0,"lampOn":false,"displayStops":{"left":5,"center":4,"right":19},"stoppedMask":5}}
[21:25:59] [Render thread/INFO] (PiriRuntimeAcceptance) PIRI_PHASE02_PACKET {"type":"ACTION_ACCEPTED","payload":{"clientSequence":12,"action":"STOP_CENTER"}}
[21:25:59] [Render thread/INFO] (PiriRuntimeAcceptance) PIRI_PHASE02_PACKET {"type":"REEL_STOP","payload":{"spinId":"8e77e840-7141-423a-a026-eb5294e274ff","reel":"CENTER","pressedIndex":0,"stopIndex":0,"slip":0,"durationMs":80}}
[21:25:59] [Render thread/INFO] (PiriRuntimeAcceptance) PIRI_PHASE02_PACKET {"type":"PUBLIC_STATE","payload":{"sessionId":"64238a28-ddc2-4620-9ea6-0f6a184c318e","machineId":1,"expectedNextClientSequence":13,"gameState":"SEATED_READY","lifecycle":"ACTIVE","credit":5,"heldMedals":799,"bet":0,"pay":0,"bonusCount":0,"lampOn":false,"displayStops":{"left":5,"center":0,"right":19},"stoppedMask":7}}
[21:26:00] [Render thread/INFO] (PiriRuntimeAcceptance) PIRI_PHASE02_PACKET {"type":"ACTION_ACCEPTED","payload":{"clientSequence":13,"action":"SPACE_ACTION"}}
[21:26:00] [Render thread/INFO] (PiriRuntimeAcceptance) PIRI_PHASE02_PACKET {"type":"PUBLIC_STATE","payload":{"sessionId":"64238a28-ddc2-4620-9ea6-0f6a184c318e","machineId":1,"expectedNextClientSequence":14,"gameState":"NORMAL_BETTED","lifecycle":"ACTIVE","credit":2,"heldMedals":799,"bet":3,"pay":0,"bonusCount":0,"lampOn":false,"displayStops":{"left":5,"center":0,"right":19},"stoppedMask":7}}
[21:26:00] [Render thread/INFO] (PiriRuntimeAcceptance) PIRI_PHASE02_PACKET {"type":"ACTION_ACCEPTED","payload":{"clientSequence":14,"action":"SPACE_ACTION"}}
[21:26:00] [Render thread/INFO] (PiriRuntimeAcceptance) PIRI_PHASE02_PACKET {"type":"PUBLIC_STATE","payload":{"sessionId":"64238a28-ddc2-4620-9ea6-0f6a184c318e","machineId":1,"expectedNextClientSequence":15,"gameState":"NORMAL_SPINNING","lifecycle":"ACTIVE","credit":2,"heldMedals":799,"bet":3,"pay":0,"bonusCount":0,"lampOn":false,"displayStops":{"left":5,"center":0,"right":19},"stoppedMask":0}}
[21:26:00] [Render thread/INFO] (PiriRuntimeAcceptance) PIRI_PHASE02_PACKET {"type":"SPIN_START","payload":{"sessionId":"64238a28-ddc2-4620-9ea6-0f6a184c318e","machineId":1,"spinId":"0f1f35ec-0304-4c2c-adf2-14627e5353cc","mode":"NORMAL","animation":"NORMAL","startPhase":{"left":5.0,"center":0.0,"right":19.0},"stopEnableAfterMs":400}}
[21:26:01] [Render thread/INFO] (PiriRuntimeAcceptance) PIRI_PHASE02_PACKET {"type":"ACTION_ACCEPTED","payload":{"clientSequence":15,"action":"STOP_CENTER"}}
[21:26:01] [Render thread/INFO] (PiriRuntimeAcceptance) PIRI_PHASE02_PACKET {"type":"REEL_STOP","payload":{"spinId":"0f1f35ec-0304-4c2c-adf2-14627e5353cc","reel":"CENTER","pressedIndex":13,"stopIndex":13,"slip":0,"durationMs":80}}
[21:26:01] [Render thread/INFO] (PiriRuntimeAcceptance) PIRI_PHASE02_PACKET {"type":"PUBLIC_STATE","payload":{"sessionId":"64238a28-ddc2-4620-9ea6-0f6a184c318e","machineId":1,"expectedNextClientSequence":16,"gameState":"NORMAL_SPINNING","lifecycle":"ACTIVE","credit":2,"heldMedals":799,"bet":3,"pay":0,"bonusCount":0,"lampOn":false,"displayStops":{"left":5,"center":13,"right":19},"stoppedMask":2}}
[21:26:02] [Render thread/INFO] (PiriRuntimeAcceptance) PIRI_PHASE02_PACKET {"type":"ACTION_ACCEPTED","payload":{"clientSequence":16,"action":"STOP_LEFT"}}
[21:26:02] [Render thread/INFO] (PiriRuntimeAcceptance) PIRI_PHASE02_PACKET {"type":"REEL_STOP","payload":{"spinId":"0f1f35ec-0304-4c2c-adf2-14627e5353cc","reel":"LEFT","pressedIndex":9,"stopIndex":6,"slip":3,"durationMs":230}}
[21:26:02] [Render thread/INFO] (PiriRuntimeAcceptance) PIRI_PHASE02_PACKET {"type":"PUBLIC_STATE","payload":{"sessionId":"64238a28-ddc2-4620-9ea6-0f6a184c318e","machineId":1,"expectedNextClientSequence":17,"gameState":"NORMAL_SPINNING","lifecycle":"ACTIVE","credit":2,"heldMedals":799,"bet":3,"pay":0,"bonusCount":0,"lampOn":false,"displayStops":{"left":6,"center":13,"right":19},"stoppedMask":3}}
[21:26:02] [Render thread/INFO] (PiriRuntimeAcceptance) PIRI_PHASE02_PACKET {"type":"ACTION_ACCEPTED","payload":{"clientSequence":17,"action":"STOP_RIGHT"}}
[21:26:02] [Render thread/INFO] (PiriRuntimeAcceptance) PIRI_PHASE02_PACKET {"type":"REEL_STOP","payload":{"spinId":"0f1f35ec-0304-4c2c-adf2-14627e5353cc","reel":"RIGHT","pressedIndex":14,"stopIndex":12,"slip":2,"durationMs":180}}
[21:26:02] [Render thread/INFO] (PiriRuntimeAcceptance) PIRI_PHASE02_PACKET {"type":"PAYOUT","payload":{}}
[21:26:02] [Render thread/INFO] (PiriRuntimeAcceptance) PIRI_PHASE02_PACKET {"type":"PUBLIC_STATE","payload":{"sessionId":"64238a28-ddc2-4620-9ea6-0f6a184c318e","machineId":1,"expectedNextClientSequence":18,"gameState":"SEATED_READY","lifecycle":"ACTIVE","credit":10,"heldMedals":799,"bet":0,"pay":8,"bonusCount":0,"lampOn":false,"displayStops":{"left":6,"center":13,"right":12},"stoppedMask":7}}
[21:26:03] [Render thread/INFO] (PiriRuntimeAcceptance) PIRI_PHASE02_PACKET {"type":"ACTION_ACCEPTED","payload":{"clientSequence":18,"action":"SPACE_ACTION"}}
[21:26:03] [Render thread/INFO] (PiriRuntimeAcceptance) PIRI_PHASE02_PACKET {"type":"PUBLIC_STATE","payload":{"sessionId":"64238a28-ddc2-4620-9ea6-0f6a184c318e","machineId":1,"expectedNextClientSequence":19,"gameState":"NORMAL_BETTED","lifecycle":"ACTIVE","credit":7,"heldMedals":799,"bet":3,"pay":0,"bonusCount":0,"lampOn":false,"displayStops":{"left":6,"center":13,"right":12},"stoppedMask":7}}
[21:26:03] [Render thread/INFO] (PiriRuntimeAcceptance) PIRI_PHASE02_PACKET {"type":"ACTION_ACCEPTED","payload":{"clientSequence":19,"action":"SPACE_ACTION"}}
[21:26:03] [Render thread/INFO] (PiriRuntimeAcceptance) PIRI_PHASE02_PACKET {"type":"PUBLIC_STATE","payload":{"sessionId":"64238a28-ddc2-4620-9ea6-0f6a184c318e","machineId":1,"expectedNextClientSequence":20,"gameState":"NORMAL_SPINNING","lifecycle":"ACTIVE","credit":7,"heldMedals":799,"bet":3,"pay":0,"bonusCount":0,"lampOn":false,"displayStops":{"left":6,"center":13,"right":12},"stoppedMask":0}}
[21:26:03] [Render thread/INFO] (PiriRuntimeAcceptance) PIRI_PHASE02_PACKET {"type":"SPIN_START","payload":{"sessionId":"64238a28-ddc2-4620-9ea6-0f6a184c318e","machineId":1,"spinId":"23d410a2-e4c6-4dd1-9e28-2a960b22c0e6","mode":"NORMAL","animation":"NORMAL","startPhase":{"left":6.0,"center":13.0,"right":12.0},"stopEnableAfterMs":400}}
[21:26:04] [Render thread/INFO] (PiriRuntimeAcceptance) PIRI_PHASE02_PACKET {"type":"ACTION_ACCEPTED","payload":{"clientSequence":20,"action":"STOP_CENTER"}}
[21:26:04] [Render thread/INFO] (PiriRuntimeAcceptance) PIRI_PHASE02_PACKET {"type":"REEL_STOP","payload":{"spinId":"23d410a2-e4c6-4dd1-9e28-2a960b22c0e6","reel":"CENTER","pressedIndex":5,"stopIndex":5,"slip":0,"durationMs":80}}
[21:26:04] [Render thread/INFO] (PiriRuntimeAcceptance) PIRI_PHASE02_PACKET {"type":"PUBLIC_STATE","payload":{"sessionId":"64238a28-ddc2-4620-9ea6-0f6a184c318e","machineId":1,"expectedNextClientSequence":21,"gameState":"NORMAL_SPINNING","lifecycle":"ACTIVE","credit":7,"heldMedals":799,"bet":3,"pay":0,"bonusCount":0,"lampOn":false,"displayStops":{"left":6,"center":5,"right":12},"stoppedMask":2}}
[21:26:04] [Render thread/INFO] (PiriRuntimeAcceptance) PIRI_PHASE02_PACKET {"type":"ACTION_ACCEPTED","payload":{"clientSequence":21,"action":"STOP_RIGHT"}}
[21:26:04] [Render thread/INFO] (PiriRuntimeAcceptance) PIRI_PHASE02_PACKET {"type":"REEL_STOP","payload":{"spinId":"23d410a2-e4c6-4dd1-9e28-2a960b22c0e6","reel":"RIGHT","pressedIndex":16,"stopIndex":16,"slip":0,"durationMs":80}}
[21:26:04] [Render thread/INFO] (PiriRuntimeAcceptance) PIRI_PHASE02_PACKET {"type":"PUBLIC_STATE","payload":{"sessionId":"64238a28-ddc2-4620-9ea6-0f6a184c318e","machineId":1,"expectedNextClientSequence":22,"gameState":"NORMAL_SPINNING","lifecycle":"ACTIVE","credit":7,"heldMedals":799,"bet":3,"pay":0,"bonusCount":0,"lampOn":false,"displayStops":{"left":6,"center":5,"right":16},"stoppedMask":6}}
[21:26:05] [Render thread/INFO] (PiriRuntimeAcceptance) PIRI_PHASE02_PACKET {"type":"ACTION_ACCEPTED","payload":{"clientSequence":22,"action":"STOP_LEFT"}}
[21:26:05] [Render thread/INFO] (PiriRuntimeAcceptance) PIRI_PHASE02_PACKET {"type":"REEL_STOP","payload":{"spinId":"23d410a2-e4c6-4dd1-9e28-2a960b22c0e6","reel":"LEFT","pressedIndex":1,"stopIndex":18,"slip":4,"durationMs":280}}
[21:26:05] [Render thread/INFO] (PiriRuntimeAcceptance) PIRI_PHASE02_PACKET {"type":"PUBLIC_STATE","payload":{"sessionId":"64238a28-ddc2-4620-9ea6-0f6a184c318e","machineId":1,"expectedNextClientSequence":23,"gameState":"SEATED_READY","lifecycle":"ACTIVE","credit":7,"heldMedals":799,"bet":0,"pay":0,"bonusCount":0,"lampOn":false,"displayStops":{"left":18,"center":5,"right":16},"stoppedMask":7}}
[21:26:06] [Render thread/INFO] (PiriRuntimeAcceptance) PIRI_PHASE02_PACKET {"type":"ACTION_ACCEPTED","payload":{"clientSequence":23,"action":"SPACE_ACTION"}}
[21:26:06] [Render thread/INFO] (PiriRuntimeAcceptance) PIRI_PHASE02_PACKET {"type":"PUBLIC_STATE","payload":{"sessionId":"64238a28-ddc2-4620-9ea6-0f6a184c318e","machineId":1,"expectedNextClientSequence":24,"gameState":"NORMAL_BETTED","lifecycle":"ACTIVE","credit":4,"heldMedals":799,"bet":3,"pay":0,"bonusCount":0,"lampOn":false,"displayStops":{"left":18,"center":5,"right":16},"stoppedMask":7}}
[21:26:06] [Render thread/INFO] (PiriRuntimeAcceptance) PIRI_PHASE02_PACKET {"type":"ACTION_ACCEPTED","payload":{"clientSequence":24,"action":"SPACE_ACTION"}}
[21:26:06] [Render thread/INFO] (PiriRuntimeAcceptance) PIRI_PHASE02_PACKET {"type":"PUBLIC_STATE","payload":{"sessionId":"64238a28-ddc2-4620-9ea6-0f6a184c318e","machineId":1,"expectedNextClientSequence":25,"gameState":"NORMAL_SPINNING","lifecycle":"ACTIVE","credit":4,"heldMedals":799,"bet":3,"pay":0,"bonusCount":0,"lampOn":false,"displayStops":{"left":18,"center":5,"right":16},"stoppedMask":0}}
[21:26:06] [Render thread/INFO] (PiriRuntimeAcceptance) PIRI_PHASE02_PACKET {"type":"SPIN_START","payload":{"sessionId":"64238a28-ddc2-4620-9ea6-0f6a184c318e","machineId":1,"spinId":"dbc75008-b22f-43a8-bf87-d9f6eb273893","mode":"NORMAL","animation":"NORMAL","startPhase":{"left":18.0,"center":5.0,"right":16.0},"stopEnableAfterMs":400}}
[21:26:07] [Render thread/INFO] (PiriRuntimeAcceptance) PIRI_PHASE02_PACKET {"type":"ACTION_ACCEPTED","payload":{"clientSequence":25,"action":"STOP_RIGHT"}}
[21:26:07] [Render thread/INFO] (PiriRuntimeAcceptance) PIRI_PHASE02_PACKET {"type":"REEL_STOP","payload":{"spinId":"dbc75008-b22f-43a8-bf87-d9f6eb273893","reel":"RIGHT","pressedIndex":8,"stopIndex":8,"slip":0,"durationMs":80}}
[21:26:07] [Render thread/INFO] (PiriRuntimeAcceptance) PIRI_PHASE02_PACKET {"type":"PUBLIC_STATE","payload":{"sessionId":"64238a28-ddc2-4620-9ea6-0f6a184c318e","machineId":1,"expectedNextClientSequence":26,"gameState":"NORMAL_SPINNING","lifecycle":"ACTIVE","credit":4,"heldMedals":799,"bet":3,"pay":0,"bonusCount":0,"lampOn":false,"displayStops":{"left":18,"center":5,"right":8},"stoppedMask":4}}
[21:26:07] [Render thread/INFO] (PiriRuntimeAcceptance) PIRI_PHASE02_PACKET {"type":"ACTION_ACCEPTED","payload":{"clientSequence":26,"action":"STOP_LEFT"}}
[21:26:07] [Render thread/INFO] (PiriRuntimeAcceptance) PIRI_PHASE02_PACKET {"type":"REEL_STOP","payload":{"spinId":"dbc75008-b22f-43a8-bf87-d9f6eb273893","reel":"LEFT","pressedIndex":1,"stopIndex":0,"slip":1,"durationMs":130}}
[21:26:07] [Render thread/INFO] (PiriRuntimeAcceptance) PIRI_PHASE02_PACKET {"type":"PUBLIC_STATE","payload":{"sessionId":"64238a28-ddc2-4620-9ea6-0f6a184c318e","machineId":1,"expectedNextClientSequence":27,"gameState":"NORMAL_SPINNING","lifecycle":"ACTIVE","credit":4,"heldMedals":799,"bet":3,"pay":0,"bonusCount":0,"lampOn":false,"displayStops":{"left":0,"center":5,"right":8},"stoppedMask":5}}
[21:26:08] [Render thread/INFO] (PiriRuntimeAcceptance) PIRI_PHASE02_PACKET {"type":"ACTION_ACCEPTED","payload":{"clientSequence":27,"action":"STOP_CENTER"}}
[21:26:08] [Render thread/INFO] (PiriRuntimeAcceptance) PIRI_PHASE02_PACKET {"type":"REEL_STOP","payload":{"spinId":"dbc75008-b22f-43a8-bf87-d9f6eb273893","reel":"CENTER","pressedIndex":0,"stopIndex":0,"slip":0,"durationMs":80}}
[21:26:08] [Render thread/INFO] (PiriRuntimeAcceptance) PIRI_PHASE02_PACKET {"type":"PAYOUT","payload":{}}
[21:26:08] [Render thread/INFO] (PiriRuntimeAcceptance) PIRI_PHASE02_PACKET {"type":"PUBLIC_STATE","payload":{"sessionId":"64238a28-ddc2-4620-9ea6-0f6a184c318e","machineId":1,"expectedNextClientSequence":28,"gameState":"SEATED_READY","lifecycle":"ACTIVE","credit":6,"heldMedals":799,"bet":0,"pay":2,"bonusCount":0,"lampOn":false,"displayStops":{"left":0,"center":0,"right":8},"stoppedMask":7}}
[21:26:08] [Render thread/INFO] (PiriRuntimeAcceptance) PIRI_PHASE02_PACKET {"type":"ACTION_ACCEPTED","payload":{"clientSequence":28,"action":"SPACE_ACTION"}}
[21:26:08] [Render thread/INFO] (PiriRuntimeAcceptance) PIRI_PHASE02_PACKET {"type":"PUBLIC_STATE","payload":{"sessionId":"64238a28-ddc2-4620-9ea6-0f6a184c318e","machineId":1,"expectedNextClientSequence":29,"gameState":"NORMAL_BETTED","lifecycle":"ACTIVE","credit":3,"heldMedals":799,"bet":3,"pay":0,"bonusCount":0,"lampOn":false,"displayStops":{"left":0,"center":0,"right":8},"stoppedMask":7}}
[21:26:09] [Render thread/INFO] (PiriRuntimeAcceptance) PIRI_PHASE02_PACKET {"type":"ACTION_ACCEPTED","payload":{"clientSequence":29,"action":"SPACE_ACTION"}}
[21:26:09] [Render thread/INFO] (PiriRuntimeAcceptance) PIRI_PHASE02_PACKET {"type":"PUBLIC_STATE","payload":{"sessionId":"64238a28-ddc2-4620-9ea6-0f6a184c318e","machineId":1,"expectedNextClientSequence":30,"gameState":"NORMAL_SPINNING","lifecycle":"ACTIVE","credit":3,"heldMedals":799,"bet":3,"pay":0,"bonusCount":0,"lampOn":false,"displayStops":{"left":0,"center":0,"right":8},"stoppedMask":0}}
[21:26:09] [Render thread/INFO] (PiriRuntimeAcceptance) PIRI_PHASE02_PACKET {"type":"SPIN_START","payload":{"sessionId":"64238a28-ddc2-4620-9ea6-0f6a184c318e","machineId":1,"spinId":"8d72832e-aa35-4952-97c4-f6a9f562ed7a","mode":"NORMAL","animation":"NORMAL","startPhase":{"left":0.0,"center":0.0,"right":8.0},"stopEnableAfterMs":400}}
[21:26:10] [Render thread/INFO] (PiriRuntimeAcceptance) PIRI_PHASE02_PACKET {"type":"ACTION_ACCEPTED","payload":{"clientSequence":30,"action":"STOP_RIGHT"}}
[21:26:10] [Render thread/INFO] (PiriRuntimeAcceptance) PIRI_PHASE02_PACKET {"type":"REEL_STOP","payload":{"spinId":"8d72832e-aa35-4952-97c4-f6a9f562ed7a","reel":"RIGHT","pressedIndex":1,"stopIndex":1,"slip":0,"durationMs":80}}
[21:26:10] [Render thread/INFO] (PiriRuntimeAcceptance) PIRI_PHASE02_PACKET {"type":"PUBLIC_STATE","payload":{"sessionId":"64238a28-ddc2-4620-9ea6-0f6a184c318e","machineId":1,"expectedNextClientSequence":31,"gameState":"NORMAL_SPINNING","lifecycle":"ACTIVE","credit":3,"heldMedals":799,"bet":3,"pay":0,"bonusCount":0,"lampOn":false,"displayStops":{"left":0,"center":0,"right":1},"stoppedMask":4}}
[21:26:10] [Render thread/INFO] (PiriRuntimeAcceptance) PIRI_PHASE02_PACKET {"type":"ACTION_ACCEPTED","payload":{"clientSequence":31,"action":"STOP_CENTER"}}
[21:26:10] [Render thread/INFO] (PiriRuntimeAcceptance) PIRI_PHASE02_PACKET {"type":"REEL_STOP","payload":{"spinId":"8d72832e-aa35-4952-97c4-f6a9f562ed7a","reel":"CENTER","pressedIndex":5,"stopIndex":5,"slip":0,"durationMs":80}}
[21:26:10] [Render thread/INFO] (PiriRuntimeAcceptance) PIRI_PHASE02_PACKET {"type":"PUBLIC_STATE","payload":{"sessionId":"64238a28-ddc2-4620-9ea6-0f6a184c318e","machineId":1,"expectedNextClientSequence":32,"gameState":"NORMAL_SPINNING","lifecycle":"ACTIVE","credit":3,"heldMedals":799,"bet":3,"pay":0,"bonusCount":0,"lampOn":false,"displayStops":{"left":0,"center":5,"right":1},"stoppedMask":6}}
[21:26:11] [Render thread/INFO] (PiriRuntimeAcceptance) PIRI_PHASE02_PACKET {"type":"ACTION_ACCEPTED","payload":{"clientSequence":32,"action":"STOP_LEFT"}}
[21:26:11] [Render thread/INFO] (PiriRuntimeAcceptance) PIRI_PHASE02_PACKET {"type":"REEL_STOP","payload":{"spinId":"8d72832e-aa35-4952-97c4-f6a9f562ed7a","reel":"LEFT","pressedIndex":16,"stopIndex":16,"slip":0,"durationMs":80}}
[21:26:11] [Render thread/INFO] (PiriRuntimeAcceptance) PIRI_PHASE02_PACKET {"type":"PUBLIC_STATE","payload":{"sessionId":"64238a28-ddc2-4620-9ea6-0f6a184c318e","machineId":1,"expectedNextClientSequence":33,"gameState":"SEATED_READY","lifecycle":"ACTIVE","credit":3,"heldMedals":799,"bet":0,"pay":0,"bonusCount":0,"lampOn":false,"displayStops":{"left":16,"center":5,"right":1},"stoppedMask":7}}
[21:26:11] [Render thread/INFO] (PiriRuntimeAcceptance) PIRI_PHASE02_PACKET {"type":"ACTION_ACCEPTED","payload":{"clientSequence":33,"action":"SPACE_ACTION"}}
[21:26:11] [Render thread/INFO] (PiriRuntimeAcceptance) PIRI_PHASE02_PACKET {"type":"PUBLIC_STATE","payload":{"sessionId":"64238a28-ddc2-4620-9ea6-0f6a184c318e","machineId":1,"expectedNextClientSequence":34,"gameState":"NORMAL_BETTED","lifecycle":"ACTIVE","credit":0,"heldMedals":799,"bet":3,"pay":0,"bonusCount":0,"lampOn":false,"displayStops":{"left":16,"center":5,"right":1},"stoppedMask":7}}
[21:26:12] [Render thread/INFO] (PiriRuntimeAcceptance) PIRI_PHASE02_PACKET {"type":"ACTION_ACCEPTED","payload":{"clientSequence":34,"action":"SPACE_ACTION"}}
[21:26:12] [Render thread/INFO] (PiriRuntimeAcceptance) PIRI_PHASE02_PACKET {"type":"PUBLIC_STATE","payload":{"sessionId":"64238a28-ddc2-4620-9ea6-0f6a184c318e","machineId":1,"expectedNextClientSequence":35,"gameState":"NORMAL_SPINNING","lifecycle":"ACTIVE","credit":0,"heldMedals":799,"bet":3,"pay":0,"bonusCount":0,"lampOn":false,"displayStops":{"left":16,"center":5,"right":1},"stoppedMask":0}}
[21:26:12] [Render thread/INFO] (PiriRuntimeAcceptance) PIRI_PHASE02_PACKET {"type":"SPIN_START","payload":{"sessionId":"64238a28-ddc2-4620-9ea6-0f6a184c318e","machineId":1,"spinId":"23a8940d-9ab1-44f4-a606-a91326117e5d","mode":"NORMAL","animation":"NORMAL","startPhase":{"left":16.0,"center":5.0,"right":1.0},"stopEnableAfterMs":400}}
[21:26:13] [Render thread/INFO] (PiriRuntimeAcceptance) PIRI_PHASE02_PACKET {"type":"ACTION_ACCEPTED","payload":{"clientSequence":35,"action":"STOP_LEFT"}}
[21:26:13] [Render thread/INFO] (PiriRuntimeAcceptance) PIRI_PHASE02_PACKET {"type":"REEL_STOP","payload":{"spinId":"23a8940d-9ab1-44f4-a606-a91326117e5d","reel":"LEFT","pressedIndex":4,"stopIndex":4,"slip":0,"durationMs":80}}
[21:26:13] [Render thread/INFO] (PiriRuntimeAcceptance) PIRI_PHASE02_PACKET {"type":"PUBLIC_STATE","payload":{"sessionId":"64238a28-ddc2-4620-9ea6-0f6a184c318e","machineId":1,"expectedNextClientSequence":36,"gameState":"NORMAL_SPINNING","lifecycle":"ACTIVE","credit":0,"heldMedals":799,"bet":3,"pay":0,"bonusCount":0,"lampOn":false,"displayStops":{"left":4,"center":5,"right":1},"stoppedMask":1}}
[21:26:13] [Render thread/INFO] (PiriRuntimeAcceptance) PIRI_PHASE02_PACKET {"type":"ACTION_ACCEPTED","payload":{"clientSequence":36,"action":"STOP_CENTER"}}
[21:26:13] [Render thread/INFO] (PiriRuntimeAcceptance) PIRI_PHASE02_PACKET {"type":"REEL_STOP","payload":{"spinId":"23a8940d-9ab1-44f4-a606-a91326117e5d","reel":"CENTER","pressedIndex":5,"stopIndex":4,"slip":1,"durationMs":130}}
[21:26:13] [Render thread/INFO] (PiriRuntimeAcceptance) PIRI_PHASE02_PACKET {"type":"TENPAI_SOUND","payload":{"spinId":"23a8940d-9ab1-44f4-a606-a91326117e5d"}}
[21:26:13] [Render thread/INFO] (PiriRuntimeAcceptance) PIRI_PHASE02_PACKET {"type":"PUBLIC_STATE","payload":{"sessionId":"64238a28-ddc2-4620-9ea6-0f6a184c318e","machineId":1,"expectedNextClientSequence":37,"gameState":"NORMAL_SPINNING","lifecycle":"ACTIVE","credit":0,"heldMedals":799,"bet":3,"pay":0,"bonusCount":0,"lampOn":false,"displayStops":{"left":4,"center":4,"right":1},"stoppedMask":3}}
[21:26:14] [Render thread/INFO] (PiriRuntimeAcceptance) PIRI_PHASE02_PACKET {"type":"ACTION_ACCEPTED","payload":{"clientSequence":37,"action":"STOP_RIGHT"}}
[21:26:14] [Render thread/INFO] (PiriRuntimeAcceptance) PIRI_PHASE02_PACKET {"type":"REEL_STOP","payload":{"spinId":"23a8940d-9ab1-44f4-a606-a91326117e5d","reel":"RIGHT","pressedIndex":13,"stopIndex":12,"slip":1,"durationMs":130}}
[21:26:14] [Render thread/INFO] (PiriRuntimeAcceptance) PIRI_PHASE02_PACKET {"type":"PAYOUT","payload":{}}
[21:26:14] [Render thread/INFO] (PiriRuntimeAcceptance) PIRI_PHASE02_PACKET {"type":"PUBLIC_STATE","payload":{"sessionId":"64238a28-ddc2-4620-9ea6-0f6a184c318e","machineId":1,"expectedNextClientSequence":38,"gameState":"SEATED_READY","lifecycle":"ACTIVE","credit":8,"heldMedals":799,"bet":0,"pay":8,"bonusCount":0,"lampOn":false,"displayStops":{"left":4,"center":4,"right":12},"stoppedMask":7}}
[21:26:14] [Render thread/INFO] (PiriRuntimeAcceptance) PIRI_PHASE02_PACKET {"type":"ACTION_ACCEPTED","payload":{"clientSequence":38,"action":"SPACE_ACTION"}}
[21:26:14] [Render thread/INFO] (PiriRuntimeAcceptance) PIRI_PHASE02_PACKET {"type":"PUBLIC_STATE","payload":{"sessionId":"64238a28-ddc2-4620-9ea6-0f6a184c318e","machineId":1,"expectedNextClientSequence":39,"gameState":"NORMAL_BETTED","lifecycle":"ACTIVE","credit":5,"heldMedals":799,"bet":3,"pay":0,"bonusCount":0,"lampOn":false,"displayStops":{"left":4,"center":4,"right":12},"stoppedMask":7}}
[21:26:15] [Render thread/INFO] (PiriRuntimeAcceptance) PIRI_PHASE02_PACKET {"type":"ACTION_ACCEPTED","payload":{"clientSequence":39,"action":"SPACE_ACTION"}}
[21:26:15] [Render thread/INFO] (PiriRuntimeAcceptance) PIRI_PHASE02_PACKET {"type":"PUBLIC_STATE","payload":{"sessionId":"64238a28-ddc2-4620-9ea6-0f6a184c318e","machineId":1,"expectedNextClientSequence":40,"gameState":"NORMAL_SPINNING","lifecycle":"ACTIVE","credit":5,"heldMedals":799,"bet":3,"pay":0,"bonusCount":0,"lampOn":false,"displayStops":{"left":4,"center":4,"right":12},"stoppedMask":0}}
[21:26:15] [Render thread/INFO] (PiriRuntimeAcceptance) PIRI_PHASE02_PACKET {"type":"SPIN_START","payload":{"sessionId":"64238a28-ddc2-4620-9ea6-0f6a184c318e","machineId":1,"spinId":"e55cb1e0-dbf2-42e0-bb4e-c5e1bb7b9fdb","mode":"NORMAL","animation":"NORMAL","startPhase":{"left":4.0,"center":4.0,"right":12.0},"stopEnableAfterMs":400}}
[21:26:15] [Render thread/INFO] (PiriRuntimeAcceptance) PIRI_PHASE02_PACKET {"type":"ACTION_ACCEPTED","payload":{"clientSequence":40,"action":"STOP_LEFT"}}
[21:26:15] [Render thread/INFO] (PiriRuntimeAcceptance) PIRI_PHASE02_PACKET {"type":"REEL_STOP","payload":{"spinId":"e55cb1e0-dbf2-42e0-bb4e-c5e1bb7b9fdb","reel":"LEFT","pressedIndex":17,"stopIndex":17,"slip":0,"durationMs":80}}
[21:26:15] [Render thread/INFO] (PiriRuntimeAcceptance) PIRI_PHASE02_PACKET {"type":"PUBLIC_STATE","payload":{"sessionId":"64238a28-ddc2-4620-9ea6-0f6a184c318e","machineId":1,"expectedNextClientSequence":41,"gameState":"NORMAL_SPINNING","lifecycle":"ACTIVE","credit":5,"heldMedals":799,"bet":3,"pay":0,"bonusCount":0,"lampOn":false,"displayStops":{"left":17,"center":4,"right":12},"stoppedMask":1}}
[21:26:16] [Render thread/INFO] (PiriRuntimeAcceptance) PIRI_PHASE02_PACKET {"type":"ACTION_ACCEPTED","payload":{"clientSequence":41,"action":"STOP_RIGHT"}}
[21:26:16] [Render thread/INFO] (PiriRuntimeAcceptance) PIRI_PHASE02_PACKET {"type":"REEL_STOP","payload":{"spinId":"e55cb1e0-dbf2-42e0-bb4e-c5e1bb7b9fdb","reel":"RIGHT","pressedIndex":16,"stopIndex":16,"slip":0,"durationMs":80}}
[21:26:16] [Render thread/INFO] (PiriRuntimeAcceptance) PIRI_PHASE02_PACKET {"type":"PUBLIC_STATE","payload":{"sessionId":"64238a28-ddc2-4620-9ea6-0f6a184c318e","machineId":1,"expectedNextClientSequence":42,"gameState":"NORMAL_SPINNING","lifecycle":"ACTIVE","credit":5,"heldMedals":799,"bet":3,"pay":0,"bonusCount":0,"lampOn":false,"displayStops":{"left":17,"center":4,"right":16},"stoppedMask":5}}
[21:26:16] [Render thread/INFO] (PiriRuntimeAcceptance) PIRI_PHASE02_PACKET {"type":"ACTION_ACCEPTED","payload":{"clientSequence":42,"action":"STOP_CENTER"}}
[21:26:16] [Render thread/INFO] (PiriRuntimeAcceptance) PIRI_PHASE02_PACKET {"type":"REEL_STOP","payload":{"spinId":"e55cb1e0-dbf2-42e0-bb4e-c5e1bb7b9fdb","reel":"CENTER","pressedIndex":20,"stopIndex":19,"slip":1,"durationMs":130}}
[21:26:16] [Render thread/INFO] (PiriRuntimeAcceptance) PIRI_PHASE02_PACKET {"type":"PUBLIC_STATE","payload":{"sessionId":"64238a28-ddc2-4620-9ea6-0f6a184c318e","machineId":1,"expectedNextClientSequence":43,"gameState":"SEATED_READY","lifecycle":"ACTIVE","credit":5,"heldMedals":799,"bet":0,"pay":0,"bonusCount":0,"lampOn":false,"displayStops":{"left":17,"center":19,"right":16},"stoppedMask":7}}
[21:26:17] [Render thread/INFO] (PiriRuntimeAcceptance) PIRI_PHASE02_PACKET {"type":"ACTION_ACCEPTED","payload":{"clientSequence":43,"action":"SPACE_ACTION"}}
[21:26:17] [Render thread/INFO] (PiriRuntimeAcceptance) PIRI_PHASE02_PACKET {"type":"PUBLIC_STATE","payload":{"sessionId":"64238a28-ddc2-4620-9ea6-0f6a184c318e","machineId":1,"expectedNextClientSequence":44,"gameState":"NORMAL_BETTED","lifecycle":"ACTIVE","credit":2,"heldMedals":799,"bet":3,"pay":0,"bonusCount":0,"lampOn":false,"displayStops":{"left":17,"center":19,"right":16},"stoppedMask":7}}
[21:26:17] [Render thread/INFO] (PiriRuntimeAcceptance) PIRI_PHASE02_PACKET {"type":"ACTION_ACCEPTED","payload":{"clientSequence":44,"action":"SPACE_ACTION"}}
[21:26:17] [Render thread/INFO] (PiriRuntimeAcceptance) PIRI_PHASE02_PACKET {"type":"PUBLIC_STATE","payload":{"sessionId":"64238a28-ddc2-4620-9ea6-0f6a184c318e","machineId":1,"expectedNextClientSequence":45,"gameState":"NORMAL_SPINNING","lifecycle":"ACTIVE","credit":2,"heldMedals":799,"bet":3,"pay":0,"bonusCount":0,"lampOn":false,"displayStops":{"left":17,"center":19,"right":16},"stoppedMask":0}}
[21:26:17] [Render thread/INFO] (PiriRuntimeAcceptance) PIRI_PHASE02_PACKET {"type":"SPIN_START","payload":{"sessionId":"64238a28-ddc2-4620-9ea6-0f6a184c318e","machineId":1,"spinId":"73dc5763-f955-4cc6-9792-b07cbc51316c","mode":"NORMAL","animation":"NORMAL","startPhase":{"left":17.0,"center":19.0,"right":16.0},"stopEnableAfterMs":400}}
[21:26:18] [Render thread/INFO] (PiriRuntimeAcceptance) PIRI_PHASE02_PACKET {"type":"ACTION_ACCEPTED","payload":{"clientSequence":45,"action":"STOP_CENTER"}}
[21:26:18] [Render thread/INFO] (PiriRuntimeAcceptance) PIRI_PHASE02_PACKET {"type":"REEL_STOP","payload":{"spinId":"73dc5763-f955-4cc6-9792-b07cbc51316c","reel":"CENTER","pressedIndex":12,"stopIndex":11,"slip":1,"durationMs":130}}
[21:26:18] [Render thread/INFO] (PiriRuntimeAcceptance) PIRI_PHASE02_PACKET {"type":"PUBLIC_STATE","payload":{"sessionId":"64238a28-ddc2-4620-9ea6-0f6a184c318e","machineId":1,"expectedNextClientSequence":46,"gameState":"NORMAL_SPINNING","lifecycle":"ACTIVE","credit":2,"heldMedals":799,"bet":3,"pay":0,"bonusCount":0,"lampOn":false,"displayStops":{"left":17,"center":11,"right":16},"stoppedMask":2}}
[21:26:19] [Render thread/INFO] (PiriRuntimeAcceptance) PIRI_PHASE02_PACKET {"type":"ACTION_ACCEPTED","payload":{"clientSequence":46,"action":"STOP_LEFT"}}
[21:26:19] [Render thread/INFO] (PiriRuntimeAcceptance) PIRI_PHASE02_PACKET {"type":"REEL_STOP","payload":{"spinId":"73dc5763-f955-4cc6-9792-b07cbc51316c","reel":"LEFT","pressedIndex":1,"stopIndex":18,"slip":4,"durationMs":280}}
[21:26:19] [Render thread/INFO] (PiriRuntimeAcceptance) PIRI_PHASE02_PACKET {"type":"PUBLIC_STATE","payload":{"sessionId":"64238a28-ddc2-4620-9ea6-0f6a184c318e","machineId":1,"expectedNextClientSequence":47,"gameState":"NORMAL_SPINNING","lifecycle":"ACTIVE","credit":2,"heldMedals":799,"bet":3,"pay":0,"bonusCount":0,"lampOn":false,"displayStops":{"left":18,"center":11,"right":16},"stoppedMask":3}}
[21:26:19] [Render thread/INFO] (PiriRuntimeAcceptance) PIRI_PHASE02_PACKET {"type":"ACTION_ACCEPTED","payload":{"clientSequence":47,"action":"STOP_RIGHT"}}
[21:26:19] [Render thread/INFO] (PiriRuntimeAcceptance) PIRI_PHASE02_PACKET {"type":"REEL_STOP","payload":{"spinId":"73dc5763-f955-4cc6-9792-b07cbc51316c","reel":"RIGHT","pressedIndex":12,"stopIndex":11,"slip":1,"durationMs":130}}
[21:26:19] [Render thread/INFO] (PiriRuntimeAcceptance) PIRI_PHASE02_PACKET {"type":"PUBLIC_STATE","payload":{"sessionId":"64238a28-ddc2-4620-9ea6-0f6a184c318e","machineId":1,"expectedNextClientSequence":48,"gameState":"REPLAY_READY","lifecycle":"ACTIVE","credit":2,"heldMedals":799,"bet":3,"pay":0,"bonusCount":0,"lampOn":false,"displayStops":{"left":18,"center":11,"right":11},"stoppedMask":7}}
[21:26:20] [Render thread/INFO] (PiriRuntimeAcceptance) PIRI_PHASE02_PACKET {"type":"ACTION_ACCEPTED","payload":{"clientSequence":48,"action":"SPACE_ACTION"}}
[21:26:20] [Render thread/INFO] (PiriRuntimeAcceptance) PIRI_PHASE02_PACKET {"type":"PUBLIC_STATE","payload":{"sessionId":"64238a28-ddc2-4620-9ea6-0f6a184c318e","machineId":1,"expectedNextClientSequence":49,"gameState":"NORMAL_SPINNING","lifecycle":"ACTIVE","credit":2,"heldMedals":799,"bet":3,"pay":0,"bonusCount":0,"lampOn":false,"displayStops":{"left":18,"center":11,"right":11},"stoppedMask":0}}
[21:26:20] [Render thread/INFO] (PiriRuntimeAcceptance) PIRI_PHASE02_PACKET {"type":"SPIN_START","payload":{"sessionId":"64238a28-ddc2-4620-9ea6-0f6a184c318e","machineId":1,"spinId":"0c17037d-ae3c-45d1-97ce-2d96e0a461e9","mode":"NORMAL","animation":"NORMAL","startPhase":{"left":18.0,"center":11.0,"right":11.0},"stopEnableAfterMs":400}}
[21:26:21] [Render thread/INFO] (PiriRuntimeAcceptance) PIRI_PHASE02_PACKET {"type":"ACTION_ACCEPTED","payload":{"clientSequence":49,"action":"STOP_CENTER"}}
[21:26:21] [Render thread/INFO] (PiriRuntimeAcceptance) PIRI_PHASE02_PACKET {"type":"REEL_STOP","payload":{"spinId":"0c17037d-ae3c-45d1-97ce-2d96e0a461e9","reel":"CENTER","pressedIndex":3,"stopIndex":3,"slip":0,"durationMs":80}}
[21:26:21] [Render thread/INFO] (PiriRuntimeAcceptance) PIRI_PHASE02_PACKET {"type":"PUBLIC_STATE","payload":{"sessionId":"64238a28-ddc2-4620-9ea6-0f6a184c318e","machineId":1,"expectedNextClientSequence":50,"gameState":"NORMAL_SPINNING","lifecycle":"ACTIVE","credit":2,"heldMedals":799,"bet":3,"pay":0,"bonusCount":0,"lampOn":false,"displayStops":{"left":18,"center":3,"right":11},"stoppedMask":2}}
[21:26:22] [Render thread/INFO] (PiriRuntimeAcceptance) PIRI_PHASE02_PACKET {"type":"ACTION_ACCEPTED","payload":{"clientSequence":50,"action":"STOP_RIGHT"}}
[21:26:22] [Render thread/INFO] (PiriRuntimeAcceptance) PIRI_PHASE02_PACKET {"type":"REEL_STOP","payload":{"spinId":"0c17037d-ae3c-45d1-97ce-2d96e0a461e9","reel":"RIGHT","pressedIndex":15,"stopIndex":15,"slip":0,"durationMs":80}}
[21:26:22] [Render thread/INFO] (PiriRuntimeAcceptance) PIRI_PHASE02_PACKET {"type":"PUBLIC_STATE","payload":{"sessionId":"64238a28-ddc2-4620-9ea6-0f6a184c318e","machineId":1,"expectedNextClientSequence":51,"gameState":"NORMAL_SPINNING","lifecycle":"ACTIVE","credit":2,"heldMedals":799,"bet":3,"pay":0,"bonusCount":0,"lampOn":false,"displayStops":{"left":18,"center":3,"right":15},"stoppedMask":6}}
[21:26:22] [Render thread/INFO] (PiriRuntimeAcceptance) PIRI_PHASE02_PACKET {"type":"ACTION_ACCEPTED","payload":{"clientSequence":51,"action":"STOP_LEFT"}}
[21:26:22] [Render thread/INFO] (PiriRuntimeAcceptance) PIRI_PHASE02_PACKET {"type":"REEL_STOP","payload":{"spinId":"0c17037d-ae3c-45d1-97ce-2d96e0a461e9","reel":"LEFT","pressedIndex":13,"stopIndex":13,"slip":0,"durationMs":80}}
[21:26:22] [Render thread/INFO] (PiriRuntimeAcceptance) PIRI_PHASE02_PACKET {"type":"PUBLIC_STATE","payload":{"sessionId":"64238a28-ddc2-4620-9ea6-0f6a184c318e","machineId":1,"expectedNextClientSequence":52,"gameState":"SEATED_READY","lifecycle":"ACTIVE","credit":2,"heldMedals":799,"bet":0,"pay":0,"bonusCount":0,"lampOn":false,"displayStops":{"left":13,"center":3,"right":15},"stoppedMask":7}}
[21:26:23] [Render thread/INFO] (PiriRuntimeAcceptance) PIRI_PHASE02_PACKET {"type":"ACTION_ACCEPTED","payload":{"clientSequence":52,"action":"SPACE_ACTION"}}
[21:26:23] [Render thread/INFO] (PiriRuntimeAcceptance) PIRI_PHASE02_PACKET {"type":"PUBLIC_STATE","payload":{"sessionId":"64238a28-ddc2-4620-9ea6-0f6a184c318e","machineId":1,"expectedNextClientSequence":53,"gameState":"NORMAL_BETTED","lifecycle":"ACTIVE","credit":0,"heldMedals":798,"bet":3,"pay":0,"bonusCount":0,"lampOn":false,"displayStops":{"left":13,"center":3,"right":15},"stoppedMask":7}}
[21:26:23] [Render thread/INFO] (PiriRuntimeAcceptance) PIRI_PHASE02_PACKET {"type":"ACTION_ACCEPTED","payload":{"clientSequence":53,"action":"SPACE_ACTION"}}
[21:26:23] [Render thread/INFO] (PiriRuntimeAcceptance) PIRI_PHASE02_PACKET {"type":"PUBLIC_STATE","payload":{"sessionId":"64238a28-ddc2-4620-9ea6-0f6a184c318e","machineId":1,"expectedNextClientSequence":54,"gameState":"NORMAL_SPINNING","lifecycle":"ACTIVE","credit":0,"heldMedals":798,"bet":3,"pay":0,"bonusCount":0,"lampOn":false,"displayStops":{"left":13,"center":3,"right":15},"stoppedMask":0}}
[21:26:23] [Render thread/INFO] (PiriRuntimeAcceptance) PIRI_PHASE02_PACKET {"type":"SPIN_START","payload":{"sessionId":"64238a28-ddc2-4620-9ea6-0f6a184c318e","machineId":1,"spinId":"5df6da95-ed10-48af-acbb-5ac8792f2848","mode":"NORMAL","animation":"NORMAL","startPhase":{"left":13.0,"center":3.0,"right":15.0},"stopEnableAfterMs":400}}
[21:26:24] [Render thread/INFO] (PiriRuntimeAcceptance) PIRI_PHASE02_PACKET {"type":"ACTION_ACCEPTED","payload":{"clientSequence":54,"action":"STOP_RIGHT"}}
[21:26:24] [Render thread/INFO] (PiriRuntimeAcceptance) PIRI_PHASE02_PACKET {"type":"REEL_STOP","payload":{"spinId":"5df6da95-ed10-48af-acbb-5ac8792f2848","reel":"RIGHT","pressedIndex":8,"stopIndex":8,"slip":0,"durationMs":80}}
[21:26:24] [Render thread/INFO] (PiriRuntimeAcceptance) PIRI_PHASE02_PACKET {"type":"PUBLIC_STATE","payload":{"sessionId":"64238a28-ddc2-4620-9ea6-0f6a184c318e","machineId":1,"expectedNextClientSequence":55,"gameState":"NORMAL_SPINNING","lifecycle":"ACTIVE","credit":0,"heldMedals":798,"bet":3,"pay":0,"bonusCount":0,"lampOn":false,"displayStops":{"left":13,"center":3,"right":8},"stoppedMask":4}}
[21:26:24] [Render thread/INFO] (PiriRuntimeAcceptance) PIRI_PHASE02_PACKET {"type":"ACTION_ACCEPTED","payload":{"clientSequence":55,"action":"STOP_LEFT"}}
[21:26:24] [Render thread/INFO] (PiriRuntimeAcceptance) PIRI_PHASE02_PACKET {"type":"REEL_STOP","payload":{"spinId":"5df6da95-ed10-48af-acbb-5ac8792f2848","reel":"LEFT","pressedIndex":18,"stopIndex":18,"slip":0,"durationMs":80}}
[21:26:24] [Render thread/INFO] (PiriRuntimeAcceptance) PIRI_PHASE02_PACKET {"type":"PUBLIC_STATE","payload":{"sessionId":"64238a28-ddc2-4620-9ea6-0f6a184c318e","machineId":1,"expectedNextClientSequence":56,"gameState":"NORMAL_SPINNING","lifecycle":"ACTIVE","credit":0,"heldMedals":798,"bet":3,"pay":0,"bonusCount":0,"lampOn":false,"displayStops":{"left":18,"center":3,"right":8},"stoppedMask":5}}
[21:26:25] [Render thread/INFO] (PiriRuntimeAcceptance) PIRI_PHASE02_PACKET {"type":"ACTION_ACCEPTED","payload":{"clientSequence":56,"action":"STOP_CENTER"}}
[21:26:25] [Render thread/INFO] (PiriRuntimeAcceptance) PIRI_PHASE02_PACKET {"type":"REEL_STOP","payload":{"spinId":"5df6da95-ed10-48af-acbb-5ac8792f2848","reel":"CENTER","pressedIndex":19,"stopIndex":19,"slip":0,"durationMs":80}}
[21:26:25] [Render thread/INFO] (PiriRuntimeAcceptance) PIRI_PHASE02_PACKET {"type":"PUBLIC_STATE","payload":{"sessionId":"64238a28-ddc2-4620-9ea6-0f6a184c318e","machineId":1,"expectedNextClientSequence":57,"gameState":"SEATED_READY","lifecycle":"ACTIVE","credit":0,"heldMedals":798,"bet":0,"pay":0,"bonusCount":0,"lampOn":false,"displayStops":{"left":18,"center":19,"right":8},"stoppedMask":7}}
[21:26:25] [Render thread/INFO] (PiriRuntimeAcceptance) PIRI_PHASE02_PACKET {"type":"ACTION_ACCEPTED","payload":{"clientSequence":57,"action":"SPACE_ACTION"}}
[21:26:25] [Render thread/INFO] (PiriRuntimeAcceptance) PIRI_PHASE02_PACKET {"type":"PUBLIC_STATE","payload":{"sessionId":"64238a28-ddc2-4620-9ea6-0f6a184c318e","machineId":1,"expectedNextClientSequence":58,"gameState":"NORMAL_BETTED","lifecycle":"ACTIVE","credit":0,"heldMedals":795,"bet":3,"pay":0,"bonusCount":0,"lampOn":false,"displayStops":{"left":18,"center":19,"right":8},"stoppedMask":7}}
[21:26:26] [Render thread/INFO] (PiriRuntimeAcceptance) PIRI_PHASE02_PACKET {"type":"ACTION_ACCEPTED","payload":{"clientSequence":58,"action":"SPACE_ACTION"}}
[21:26:26] [Render thread/INFO] (PiriRuntimeAcceptance) PIRI_PHASE02_PACKET {"type":"PUBLIC_STATE","payload":{"sessionId":"64238a28-ddc2-4620-9ea6-0f6a184c318e","machineId":1,"expectedNextClientSequence":59,"gameState":"NORMAL_SPINNING","lifecycle":"ACTIVE","credit":0,"heldMedals":795,"bet":3,"pay":0,"bonusCount":0,"lampOn":false,"displayStops":{"left":18,"center":19,"right":8},"stoppedMask":0}}
[21:26:26] [Render thread/INFO] (PiriRuntimeAcceptance) PIRI_PHASE02_PACKET {"type":"SPIN_START","payload":{"sessionId":"64238a28-ddc2-4620-9ea6-0f6a184c318e","machineId":1,"spinId":"05c5d8ca-06e7-41e0-be37-3c55bb9329ff","mode":"NORMAL","animation":"NORMAL","startPhase":{"left":18.0,"center":19.0,"right":8.0},"stopEnableAfterMs":400}}
[21:26:27] [Render thread/INFO] (PiriRuntimeAcceptance) PIRI_PHASE02_PACKET {"type":"ACTION_ACCEPTED","payload":{"clientSequence":59,"action":"STOP_RIGHT"}}
[21:26:27] [Render thread/INFO] (PiriRuntimeAcceptance) PIRI_PHASE02_PACKET {"type":"REEL_STOP","payload":{"spinId":"05c5d8ca-06e7-41e0-be37-3c55bb9329ff","reel":"RIGHT","pressedIndex":1,"stopIndex":1,"slip":0,"durationMs":80}}
[21:26:27] [Render thread/INFO] (PiriRuntimeAcceptance) PIRI_PHASE02_PACKET {"type":"PUBLIC_STATE","payload":{"sessionId":"64238a28-ddc2-4620-9ea6-0f6a184c318e","machineId":1,"expectedNextClientSequence":60,"gameState":"NORMAL_SPINNING","lifecycle":"ACTIVE","credit":0,"heldMedals":795,"bet":3,"pay":0,"bonusCount":0,"lampOn":false,"displayStops":{"left":18,"center":19,"right":1},"stoppedMask":4}}
[21:26:27] [Render thread/INFO] (PiriRuntimeAcceptance) PIRI_PHASE02_PACKET {"type":"ACTION_ACCEPTED","payload":{"clientSequence":60,"action":"STOP_CENTER"}}
[21:26:27] [Render thread/INFO] (PiriRuntimeAcceptance) PIRI_PHASE02_PACKET {"type":"REEL_STOP","payload":{"spinId":"05c5d8ca-06e7-41e0-be37-3c55bb9329ff","reel":"CENTER","pressedIndex":3,"stopIndex":3,"slip":0,"durationMs":80}}
[21:26:27] [Render thread/INFO] (PiriRuntimeAcceptance) PIRI_PHASE02_PACKET {"type":"PUBLIC_STATE","payload":{"sessionId":"64238a28-ddc2-4620-9ea6-0f6a184c318e","machineId":1,"expectedNextClientSequence":61,"gameState":"NORMAL_SPINNING","lifecycle":"ACTIVE","credit":0,"heldMedals":795,"bet":3,"pay":0,"bonusCount":0,"lampOn":false,"displayStops":{"left":18,"center":3,"right":1},"stoppedMask":6}}
[21:26:28] [Render thread/INFO] (PiriRuntimeAcceptance) PIRI_PHASE02_PACKET {"type":"ACTION_ACCEPTED","payload":{"clientSequence":61,"action":"STOP_LEFT"}}
[21:26:28] [Render thread/INFO] (PiriRuntimeAcceptance) PIRI_PHASE02_PACKET {"type":"REEL_STOP","payload":{"spinId":"05c5d8ca-06e7-41e0-be37-3c55bb9329ff","reel":"LEFT","pressedIndex":14,"stopIndex":14,"slip":0,"durationMs":80}}
[21:26:28] [Render thread/INFO] (PiriRuntimeAcceptance) PIRI_PHASE02_PACKET {"type":"PUBLIC_STATE","payload":{"sessionId":"64238a28-ddc2-4620-9ea6-0f6a184c318e","machineId":1,"expectedNextClientSequence":62,"gameState":"SEATED_READY","lifecycle":"ACTIVE","credit":0,"heldMedals":795,"bet":0,"pay":0,"bonusCount":0,"lampOn":false,"displayStops":{"left":14,"center":3,"right":1},"stoppedMask":7}}
[21:26:28] [Render thread/INFO] (PiriRuntimeAcceptance) PIRI_PHASE02_PACKET {"type":"ACTION_ACCEPTED","payload":{"clientSequence":62,"action":"SPACE_ACTION"}}
[21:26:28] [Render thread/INFO] (PiriRuntimeAcceptance) PIRI_PHASE02_PACKET {"type":"PUBLIC_STATE","payload":{"sessionId":"64238a28-ddc2-4620-9ea6-0f6a184c318e","machineId":1,"expectedNextClientSequence":63,"gameState":"NORMAL_BETTED","lifecycle":"ACTIVE","credit":0,"heldMedals":792,"bet":3,"pay":0,"bonusCount":0,"lampOn":false,"displayStops":{"left":14,"center":3,"right":1},"stoppedMask":7}}
[21:26:29] [Render thread/INFO] (PiriRuntimeAcceptance) PIRI_PHASE02_PACKET {"type":"ACTION_ACCEPTED","payload":{"clientSequence":63,"action":"SPACE_ACTION"}}
[21:26:29] [Render thread/INFO] (PiriRuntimeAcceptance) PIRI_PHASE02_PACKET {"type":"PUBLIC_STATE","payload":{"sessionId":"64238a28-ddc2-4620-9ea6-0f6a184c318e","machineId":1,"expectedNextClientSequence":64,"gameState":"NORMAL_SPINNING","lifecycle":"ACTIVE","credit":0,"heldMedals":792,"bet":3,"pay":0,"bonusCount":0,"lampOn":false,"displayStops":{"left":14,"center":3,"right":1},"stoppedMask":0}}
[21:26:29] [Render thread/INFO] (PiriRuntimeAcceptance) PIRI_PHASE02_PACKET {"type":"SPIN_START","payload":{"sessionId":"64238a28-ddc2-4620-9ea6-0f6a184c318e","machineId":1,"spinId":"087180ba-6fbf-4430-a13b-bf3d94016f64","mode":"NORMAL","animation":"NORMAL","startPhase":{"left":14.0,"center":3.0,"right":1.0},"stopEnableAfterMs":400}}
[21:26:29] [Render thread/INFO] (PiriRuntimeAcceptance) PIRI_PHASE02_PACKET {"type":"ACTION_ACCEPTED","payload":{"clientSequence":64,"action":"STOP_LEFT"}}
[21:26:29] [Render thread/INFO] (PiriRuntimeAcceptance) PIRI_PHASE02_PACKET {"type":"REEL_STOP","payload":{"spinId":"087180ba-6fbf-4430-a13b-bf3d94016f64","reel":"LEFT","pressedIndex":6,"stopIndex":6,"slip":0,"durationMs":80}}
[21:26:29] [Render thread/INFO] (PiriRuntimeAcceptance) PIRI_PHASE02_PACKET {"type":"PUBLIC_STATE","payload":{"sessionId":"64238a28-ddc2-4620-9ea6-0f6a184c318e","machineId":1,"expectedNextClientSequence":65,"gameState":"NORMAL_SPINNING","lifecycle":"ACTIVE","credit":0,"heldMedals":792,"bet":3,"pay":0,"bonusCount":0,"lampOn":false,"displayStops":{"left":6,"center":3,"right":1},"stoppedMask":1}}
[21:26:30] [Render thread/INFO] (PiriRuntimeAcceptance) PIRI_PHASE02_PACKET {"type":"ACTION_ACCEPTED","payload":{"clientSequence":65,"action":"STOP_CENTER"}}
[21:26:30] [Render thread/INFO] (PiriRuntimeAcceptance) PIRI_PHASE02_PACKET {"type":"REEL_STOP","payload":{"spinId":"087180ba-6fbf-4430-a13b-bf3d94016f64","reel":"CENTER","pressedIndex":7,"stopIndex":7,"slip":0,"durationMs":80}}
[21:26:30] [Render thread/INFO] (PiriRuntimeAcceptance) PIRI_PHASE02_PACKET {"type":"PUBLIC_STATE","payload":{"sessionId":"64238a28-ddc2-4620-9ea6-0f6a184c318e","machineId":1,"expectedNextClientSequence":66,"gameState":"NORMAL_SPINNING","lifecycle":"ACTIVE","credit":0,"heldMedals":792,"bet":3,"pay":0,"bonusCount":0,"lampOn":false,"displayStops":{"left":6,"center":7,"right":1},"stoppedMask":3}}
[21:26:30] [Render thread/INFO] (PiriRuntimeAcceptance) PIRI_PHASE02_PACKET {"type":"ACTION_ACCEPTED","payload":{"clientSequence":66,"action":"STOP_RIGHT"}}
[21:26:30] [Render thread/INFO] (PiriRuntimeAcceptance) PIRI_PHASE02_PACKET {"type":"REEL_STOP","payload":{"spinId":"087180ba-6fbf-4430-a13b-bf3d94016f64","reel":"RIGHT","pressedIndex":17,"stopIndex":17,"slip":0,"durationMs":80}}
[21:26:30] [Render thread/INFO] (PiriRuntimeAcceptance) PIRI_PHASE02_PACKET {"type":"PUBLIC_STATE","payload":{"sessionId":"64238a28-ddc2-4620-9ea6-0f6a184c318e","machineId":1,"expectedNextClientSequence":67,"gameState":"SEATED_READY","lifecycle":"ACTIVE","credit":0,"heldMedals":792,"bet":0,"pay":0,"bonusCount":0,"lampOn":false,"displayStops":{"left":6,"center":7,"right":17},"stoppedMask":7}}
[21:26:31] [Render thread/INFO] (PiriRuntimeAcceptance) PIRI_PHASE02_PACKET {"type":"ACTION_ACCEPTED","payload":{"clientSequence":67,"action":"SPACE_ACTION"}}
[21:26:31] [Render thread/INFO] (PiriRuntimeAcceptance) PIRI_PHASE02_PACKET {"type":"PUBLIC_STATE","payload":{"sessionId":"64238a28-ddc2-4620-9ea6-0f6a184c318e","machineId":1,"expectedNextClientSequence":68,"gameState":"NORMAL_BETTED","lifecycle":"ACTIVE","credit":0,"heldMedals":789,"bet":3,"pay":0,"bonusCount":0,"lampOn":false,"displayStops":{"left":6,"center":7,"right":17},"stoppedMask":7}}
[21:26:31] [Render thread/INFO] (PiriRuntimeAcceptance) PIRI_PHASE02_PACKET {"type":"ACTION_ACCEPTED","payload":{"clientSequence":68,"action":"SPACE_ACTION"}}
[21:26:31] [Render thread/INFO] (PiriRuntimeAcceptance) PIRI_PHASE02_PACKET {"type":"PUBLIC_STATE","payload":{"sessionId":"64238a28-ddc2-4620-9ea6-0f6a184c318e","machineId":1,"expectedNextClientSequence":69,"gameState":"NORMAL_SPINNING","lifecycle":"ACTIVE","credit":0,"heldMedals":789,"bet":3,"pay":0,"bonusCount":0,"lampOn":false,"displayStops":{"left":6,"center":7,"right":17},"stoppedMask":0}}
[21:26:31] [Render thread/INFO] (PiriRuntimeAcceptance) PIRI_PHASE02_PACKET {"type":"SPIN_START","payload":{"sessionId":"64238a28-ddc2-4620-9ea6-0f6a184c318e","machineId":1,"spinId":"63b66788-2976-481b-8b1d-b59acb3dea65","mode":"NORMAL","animation":"NORMAL","startPhase":{"left":6.0,"center":7.0,"right":17.0},"stopEnableAfterMs":400}}
[21:26:32] [Render thread/INFO] (PiriRuntimeAcceptance) PIRI_PHASE02_PACKET {"type":"ACTION_ACCEPTED","payload":{"clientSequence":69,"action":"STOP_LEFT"}}
[21:26:32] [Render thread/INFO] (PiriRuntimeAcceptance) PIRI_PHASE02_PACKET {"type":"REEL_STOP","payload":{"spinId":"63b66788-2976-481b-8b1d-b59acb3dea65","reel":"LEFT","pressedIndex":19,"stopIndex":18,"slip":1,"durationMs":130}}
[21:26:32] [Render thread/INFO] (PiriRuntimeAcceptance) PIRI_PHASE02_PACKET {"type":"PUBLIC_STATE","payload":{"sessionId":"64238a28-ddc2-4620-9ea6-0f6a184c318e","machineId":1,"expectedNextClientSequence":70,"gameState":"NORMAL_SPINNING","lifecycle":"ACTIVE","credit":0,"heldMedals":789,"bet":3,"pay":0,"bonusCount":0,"lampOn":false,"displayStops":{"left":18,"center":7,"right":17},"stoppedMask":1}}
[21:26:33] [Render thread/INFO] (PiriRuntimeAcceptance) PIRI_PHASE02_PACKET {"type":"ACTION_ACCEPTED","payload":{"clientSequence":70,"action":"STOP_RIGHT"}}
[21:26:33] [Render thread/INFO] (PiriRuntimeAcceptance) PIRI_PHASE02_PACKET {"type":"REEL_STOP","payload":{"spinId":"63b66788-2976-481b-8b1d-b59acb3dea65","reel":"RIGHT","pressedIndex":0,"stopIndex":0,"slip":0,"durationMs":80}}
[21:26:33] [Render thread/INFO] (PiriRuntimeAcceptance) PIRI_PHASE02_PACKET {"type":"PUBLIC_STATE","payload":{"sessionId":"64238a28-ddc2-4620-9ea6-0f6a184c318e","machineId":1,"expectedNextClientSequence":71,"gameState":"NORMAL_SPINNING","lifecycle":"ACTIVE","credit":0,"heldMedals":789,"bet":3,"pay":0,"bonusCount":0,"lampOn":false,"displayStops":{"left":18,"center":7,"right":0},"stoppedMask":5}}
[21:26:33] [Render thread/INFO] (PiriRuntimeAcceptance) PIRI_PHASE02_PACKET {"type":"ACTION_ACCEPTED","payload":{"clientSequence":71,"action":"STOP_CENTER"}}
[21:26:33] [Render thread/INFO] (PiriRuntimeAcceptance) PIRI_PHASE02_PACKET {"type":"REEL_STOP","payload":{"spinId":"63b66788-2976-481b-8b1d-b59acb3dea65","reel":"CENTER","pressedIndex":2,"stopIndex":1,"slip":1,"durationMs":130}}
[21:26:33] [Render thread/INFO] (PiriRuntimeAcceptance) PIRI_PHASE02_PACKET {"type":"PUBLIC_STATE","payload":{"sessionId":"64238a28-ddc2-4620-9ea6-0f6a184c318e","machineId":1,"expectedNextClientSequence":72,"gameState":"SEATED_READY","lifecycle":"ACTIVE","credit":0,"heldMedals":789,"bet":0,"pay":0,"bonusCount":0,"lampOn":false,"displayStops":{"left":18,"center":1,"right":0},"stoppedMask":7}}
[21:26:34] [Render thread/INFO] (PiriRuntimeAcceptance) PIRI_PHASE02_PACKET {"type":"ACTION_ACCEPTED","payload":{"clientSequence":72,"action":"SPACE_ACTION"}}
[21:26:34] [Render thread/INFO] (PiriRuntimeAcceptance) PIRI_PHASE02_PACKET {"type":"PUBLIC_STATE","payload":{"sessionId":"64238a28-ddc2-4620-9ea6-0f6a184c318e","machineId":1,"expectedNextClientSequence":73,"gameState":"NORMAL_BETTED","lifecycle":"ACTIVE","credit":0,"heldMedals":786,"bet":3,"pay":0,"bonusCount":0,"lampOn":false,"displayStops":{"left":18,"center":1,"right":0},"stoppedMask":7}}
[21:26:34] [Render thread/INFO] (PiriRuntimeAcceptance) PIRI_PHASE02_PACKET {"type":"ACTION_ACCEPTED","payload":{"clientSequence":73,"action":"SPACE_ACTION"}}
[21:26:34] [Render thread/INFO] (PiriRuntimeAcceptance) PIRI_PHASE02_PACKET {"type":"PUBLIC_STATE","payload":{"sessionId":"64238a28-ddc2-4620-9ea6-0f6a184c318e","machineId":1,"expectedNextClientSequence":74,"gameState":"NORMAL_SPINNING","lifecycle":"ACTIVE","credit":0,"heldMedals":786,"bet":3,"pay":0,"bonusCount":0,"lampOn":false,"displayStops":{"left":18,"center":1,"right":0},"stoppedMask":0}}
[21:26:34] [Render thread/INFO] (PiriRuntimeAcceptance) PIRI_PHASE02_PACKET {"type":"SPIN_START","payload":{"sessionId":"64238a28-ddc2-4620-9ea6-0f6a184c318e","machineId":1,"spinId":"7e28d762-06d3-482b-a575-b18137f63e89","mode":"NORMAL","animation":"NORMAL","startPhase":{"left":18.0,"center":1.0,"right":0.0},"stopEnableAfterMs":400}}
[21:26:35] [Render thread/INFO] (PiriRuntimeAcceptance) PIRI_PHASE02_PACKET {"type":"ACTION_ACCEPTED","payload":{"clientSequence":74,"action":"STOP_CENTER"}}
[21:26:35] [Render thread/INFO] (PiriRuntimeAcceptance) PIRI_PHASE02_PACKET {"type":"REEL_STOP","payload":{"spinId":"7e28d762-06d3-482b-a575-b18137f63e89","reel":"CENTER","pressedIndex":10,"stopIndex":10,"slip":0,"durationMs":80}}
[21:26:35] [Render thread/INFO] (PiriRuntimeAcceptance) PIRI_PHASE02_PACKET {"type":"PUBLIC_STATE","payload":{"sessionId":"64238a28-ddc2-4620-9ea6-0f6a184c318e","machineId":1,"expectedNextClientSequence":75,"gameState":"NORMAL_SPINNING","lifecycle":"ACTIVE","credit":0,"heldMedals":786,"bet":3,"pay":0,"bonusCount":0,"lampOn":false,"displayStops":{"left":18,"center":10,"right":0},"stoppedMask":2}}
[21:26:36] [Render thread/INFO] (PiriRuntimeAcceptance) PIRI_PHASE02_PACKET {"type":"ACTION_ACCEPTED","payload":{"clientSequence":75,"action":"STOP_LEFT"}}
[21:26:36] [Render thread/INFO] (PiriRuntimeAcceptance) PIRI_PHASE02_PACKET {"type":"REEL_STOP","payload":{"spinId":"7e28d762-06d3-482b-a575-b18137f63e89","reel":"LEFT","pressedIndex":18,"stopIndex":18,"slip":0,"durationMs":80}}
[21:26:36] [Render thread/INFO] (PiriRuntimeAcceptance) PIRI_PHASE02_PACKET {"type":"PUBLIC_STATE","payload":{"sessionId":"64238a28-ddc2-4620-9ea6-0f6a184c318e","machineId":1,"expectedNextClientSequence":76,"gameState":"NORMAL_SPINNING","lifecycle":"ACTIVE","credit":0,"heldMedals":786,"bet":3,"pay":0,"bonusCount":0,"lampOn":false,"displayStops":{"left":18,"center":10,"right":0},"stoppedMask":3}}
[21:26:36] [Render thread/INFO] (PiriRuntimeAcceptance) PIRI_PHASE02_PACKET {"type":"ACTION_ACCEPTED","payload":{"clientSequence":76,"action":"STOP_RIGHT"}}
[21:26:36] [Render thread/INFO] (PiriRuntimeAcceptance) PIRI_PHASE02_PACKET {"type":"REEL_STOP","payload":{"spinId":"7e28d762-06d3-482b-a575-b18137f63e89","reel":"RIGHT","pressedIndex":12,"stopIndex":12,"slip":0,"durationMs":80}}
[21:26:36] [Render thread/INFO] (PiriRuntimeAcceptance) PIRI_PHASE02_PACKET {"type":"PUBLIC_STATE","payload":{"sessionId":"64238a28-ddc2-4620-9ea6-0f6a184c318e","machineId":1,"expectedNextClientSequence":77,"gameState":"SEATED_READY","lifecycle":"ACTIVE","credit":0,"heldMedals":786,"bet":0,"pay":0,"bonusCount":0,"lampOn":false,"displayStops":{"left":18,"center":10,"right":12},"stoppedMask":7}}
[21:26:37] [Render thread/INFO] (PiriRuntimeAcceptance) PIRI_PHASE02_PACKET {"type":"ACTION_ACCEPTED","payload":{"clientSequence":77,"action":"SPACE_ACTION"}}
[21:26:37] [Render thread/INFO] (PiriRuntimeAcceptance) PIRI_PHASE02_PACKET {"type":"PUBLIC_STATE","payload":{"sessionId":"64238a28-ddc2-4620-9ea6-0f6a184c318e","machineId":1,"expectedNextClientSequence":78,"gameState":"NORMAL_BETTED","lifecycle":"ACTIVE","credit":0,"heldMedals":783,"bet":3,"pay":0,"bonusCount":0,"lampOn":false,"displayStops":{"left":18,"center":10,"right":12},"stoppedMask":7}}
[21:26:37] [Render thread/INFO] (PiriRuntimeAcceptance) PIRI_PHASE02_PACKET {"type":"ACTION_ACCEPTED","payload":{"clientSequence":78,"action":"SPACE_ACTION"}}
[21:26:37] [Render thread/INFO] (PiriRuntimeAcceptance) PIRI_PHASE02_PACKET {"type":"PUBLIC_STATE","payload":{"sessionId":"64238a28-ddc2-4620-9ea6-0f6a184c318e","machineId":1,"expectedNextClientSequence":79,"gameState":"NORMAL_SPINNING","lifecycle":"ACTIVE","credit":0,"heldMedals":783,"bet":3,"pay":0,"bonusCount":0,"lampOn":false,"displayStops":{"left":18,"center":10,"right":12},"stoppedMask":0}}
[21:26:37] [Render thread/INFO] (PiriRuntimeAcceptance) PIRI_PHASE02_PACKET {"type":"SPIN_START","payload":{"sessionId":"64238a28-ddc2-4620-9ea6-0f6a184c318e","machineId":1,"spinId":"2cad3895-aa78-4654-9cb0-cf19b6bbd62f","mode":"NORMAL","animation":"NORMAL","startPhase":{"left":18.0,"center":10.0,"right":12.0},"stopEnableAfterMs":400}}
[21:26:38] [Render thread/INFO] (PiriRuntimeAcceptance) PIRI_PHASE02_PACKET {"type":"ACTION_ACCEPTED","payload":{"clientSequence":79,"action":"STOP_CENTER"}}
[21:26:38] [Render thread/INFO] (PiriRuntimeAcceptance) PIRI_PHASE02_PACKET {"type":"REEL_STOP","payload":{"spinId":"2cad3895-aa78-4654-9cb0-cf19b6bbd62f","reel":"CENTER","pressedIndex":2,"stopIndex":2,"slip":0,"durationMs":80}}
[21:26:38] [Render thread/INFO] (PiriRuntimeAcceptance) PIRI_PHASE02_PACKET {"type":"PUBLIC_STATE","payload":{"sessionId":"64238a28-ddc2-4620-9ea6-0f6a184c318e","machineId":1,"expectedNextClientSequence":80,"gameState":"NORMAL_SPINNING","lifecycle":"ACTIVE","credit":0,"heldMedals":783,"bet":3,"pay":0,"bonusCount":0,"lampOn":false,"displayStops":{"left":18,"center":2,"right":12},"stoppedMask":2}}
[21:26:38] [Render thread/INFO] (PiriRuntimeAcceptance) PIRI_PHASE02_PACKET {"type":"ACTION_ACCEPTED","payload":{"clientSequence":80,"action":"STOP_RIGHT"}}
[21:26:38] [Render thread/INFO] (PiriRuntimeAcceptance) PIRI_PHASE02_PACKET {"type":"REEL_STOP","payload":{"spinId":"2cad3895-aa78-4654-9cb0-cf19b6bbd62f","reel":"RIGHT","pressedIndex":16,"stopIndex":16,"slip":0,"durationMs":80}}
[21:26:38] [Render thread/INFO] (PiriRuntimeAcceptance) PIRI_PHASE02_PACKET {"type":"PUBLIC_STATE","payload":{"sessionId":"64238a28-ddc2-4620-9ea6-0f6a184c318e","machineId":1,"expectedNextClientSequence":81,"gameState":"NORMAL_SPINNING","lifecycle":"ACTIVE","credit":0,"heldMedals":783,"bet":3,"pay":0,"bonusCount":0,"lampOn":false,"displayStops":{"left":18,"center":2,"right":16},"stoppedMask":6}}
[21:26:39] [Render thread/INFO] (PiriRuntimeAcceptance) PIRI_PHASE02_PACKET {"type":"ACTION_ACCEPTED","payload":{"clientSequence":81,"action":"STOP_LEFT"}}
[21:26:39] [Render thread/INFO] (PiriRuntimeAcceptance) PIRI_PHASE02_PACKET {"type":"REEL_STOP","payload":{"spinId":"2cad3895-aa78-4654-9cb0-cf19b6bbd62f","reel":"LEFT","pressedIndex":13,"stopIndex":13,"slip":0,"durationMs":80}}
[21:26:39] [Render thread/INFO] (PiriRuntimeAcceptance) PIRI_PHASE02_PACKET {"type":"PUBLIC_STATE","payload":{"sessionId":"64238a28-ddc2-4620-9ea6-0f6a184c318e","machineId":1,"expectedNextClientSequence":82,"gameState":"SEATED_READY","lifecycle":"ACTIVE","credit":0,"heldMedals":783,"bet":0,"pay":0,"bonusCount":0,"lampOn":false,"displayStops":{"left":13,"center":2,"right":16},"stoppedMask":7}}
[21:26:39] [Render thread/INFO] (PiriRuntimeAcceptance) PIRI_PHASE02_PACKET {"type":"ACTION_ACCEPTED","payload":{"clientSequence":82,"action":"SPACE_ACTION"}}
[21:26:39] [Render thread/INFO] (PiriRuntimeAcceptance) PIRI_PHASE02_PACKET {"type":"PUBLIC_STATE","payload":{"sessionId":"64238a28-ddc2-4620-9ea6-0f6a184c318e","machineId":1,"expectedNextClientSequence":83,"gameState":"NORMAL_BETTED","lifecycle":"ACTIVE","credit":0,"heldMedals":780,"bet":3,"pay":0,"bonusCount":0,"lampOn":false,"displayStops":{"left":13,"center":2,"right":16},"stoppedMask":7}}
[21:26:40] [Render thread/INFO] (PiriRuntimeAcceptance) PIRI_PHASE02_PACKET {"type":"ACTION_ACCEPTED","payload":{"clientSequence":83,"action":"SPACE_ACTION"}}
[21:26:40] [Render thread/INFO] (PiriRuntimeAcceptance) PIRI_PHASE02_PACKET {"type":"PUBLIC_STATE","payload":{"sessionId":"64238a28-ddc2-4620-9ea6-0f6a184c318e","machineId":1,"expectedNextClientSequence":84,"gameState":"NORMAL_SPINNING","lifecycle":"ACTIVE","credit":0,"heldMedals":780,"bet":3,"pay":0,"bonusCount":0,"lampOn":false,"displayStops":{"left":13,"center":2,"right":16},"stoppedMask":0}}
[21:26:40] [Render thread/INFO] (PiriRuntimeAcceptance) PIRI_PHASE02_PACKET {"type":"SPIN_START","payload":{"sessionId":"64238a28-ddc2-4620-9ea6-0f6a184c318e","machineId":1,"spinId":"859cd4be-9bf2-415f-822e-19024f3885a9","mode":"NORMAL","animation":"NORMAL","startPhase":{"left":13.0,"center":2.0,"right":16.0},"stopEnableAfterMs":400}}
[21:26:41] [Render thread/INFO] (PiriRuntimeAcceptance) PIRI_PHASE02_PACKET {"type":"ACTION_ACCEPTED","payload":{"clientSequence":84,"action":"STOP_RIGHT"}}
[21:26:41] [Render thread/INFO] (PiriRuntimeAcceptance) PIRI_PHASE02_PACKET {"type":"REEL_STOP","payload":{"spinId":"859cd4be-9bf2-415f-822e-19024f3885a9","reel":"RIGHT","pressedIndex":9,"stopIndex":9,"slip":0,"durationMs":80}}
[21:26:41] [Render thread/INFO] (PiriRuntimeAcceptance) PIRI_PHASE02_PACKET {"type":"PUBLIC_STATE","payload":{"sessionId":"64238a28-ddc2-4620-9ea6-0f6a184c318e","machineId":1,"expectedNextClientSequence":85,"gameState":"NORMAL_SPINNING","lifecycle":"ACTIVE","credit":0,"heldMedals":780,"bet":3,"pay":0,"bonusCount":0,"lampOn":false,"displayStops":{"left":13,"center":2,"right":9},"stoppedMask":4}}
[21:26:41] [Render thread/INFO] (PiriRuntimeAcceptance) PIRI_PHASE02_PACKET {"type":"ACTION_ACCEPTED","payload":{"clientSequence":85,"action":"STOP_LEFT"}}
[21:26:41] [Render thread/INFO] (PiriRuntimeAcceptance) PIRI_PHASE02_PACKET {"type":"REEL_STOP","payload":{"spinId":"859cd4be-9bf2-415f-822e-19024f3885a9","reel":"LEFT","pressedIndex":18,"stopIndex":18,"slip":0,"durationMs":80}}
[21:26:41] [Render thread/INFO] (PiriRuntimeAcceptance) PIRI_PHASE02_PACKET {"type":"PUBLIC_STATE","payload":{"sessionId":"64238a28-ddc2-4620-9ea6-0f6a184c318e","machineId":1,"expectedNextClientSequence":86,"gameState":"NORMAL_SPINNING","lifecycle":"ACTIVE","credit":0,"heldMedals":780,"bet":3,"pay":0,"bonusCount":0,"lampOn":false,"displayStops":{"left":18,"center":2,"right":9},"stoppedMask":5}}
[21:26:42] [Render thread/INFO] (PiriRuntimeAcceptance) PIRI_PHASE02_PACKET {"type":"ACTION_ACCEPTED","payload":{"clientSequence":86,"action":"STOP_CENTER"}}
[21:26:42] [Render thread/INFO] (PiriRuntimeAcceptance) PIRI_PHASE02_PACKET {"type":"REEL_STOP","payload":{"spinId":"859cd4be-9bf2-415f-822e-19024f3885a9","reel":"CENTER","pressedIndex":19,"stopIndex":19,"slip":0,"durationMs":80}}
[21:26:42] [Render thread/INFO] (PiriRuntimeAcceptance) PIRI_PHASE02_PACKET {"type":"PUBLIC_STATE","payload":{"sessionId":"64238a28-ddc2-4620-9ea6-0f6a184c318e","machineId":1,"expectedNextClientSequence":87,"gameState":"SEATED_READY","lifecycle":"ACTIVE","credit":0,"heldMedals":780,"bet":0,"pay":0,"bonusCount":0,"lampOn":false,"displayStops":{"left":18,"center":19,"right":9},"stoppedMask":7}}
[21:26:42] [Render thread/INFO] (PiriRuntimeAcceptance) PIRI_PHASE02_PACKET {"type":"ACTION_ACCEPTED","payload":{"clientSequence":87,"action":"SPACE_ACTION"}}
[21:26:42] [Render thread/INFO] (PiriRuntimeAcceptance) PIRI_PHASE02_PACKET {"type":"PUBLIC_STATE","payload":{"sessionId":"64238a28-ddc2-4620-9ea6-0f6a184c318e","machineId":1,"expectedNextClientSequence":88,"gameState":"NORMAL_BETTED","lifecycle":"ACTIVE","credit":0,"heldMedals":777,"bet":3,"pay":0,"bonusCount":0,"lampOn":false,"displayStops":{"left":18,"center":19,"right":9},"stoppedMask":7}}
[21:26:43] [Render thread/INFO] (PiriRuntimeAcceptance) PIRI_PHASE02_PACKET {"type":"ACTION_ACCEPTED","payload":{"clientSequence":88,"action":"SPACE_ACTION"}}
[21:26:43] [Render thread/INFO] (PiriRuntimeAcceptance) PIRI_PHASE02_PACKET {"type":"PUBLIC_STATE","payload":{"sessionId":"64238a28-ddc2-4620-9ea6-0f6a184c318e","machineId":1,"expectedNextClientSequence":89,"gameState":"NORMAL_SPINNING","lifecycle":"ACTIVE","credit":0,"heldMedals":777,"bet":3,"pay":0,"bonusCount":0,"lampOn":false,"displayStops":{"left":18,"center":19,"right":9},"stoppedMask":0}}
[21:26:43] [Render thread/INFO] (PiriRuntimeAcceptance) PIRI_PHASE02_PACKET {"type":"SPIN_START","payload":{"sessionId":"64238a28-ddc2-4620-9ea6-0f6a184c318e","machineId":1,"spinId":"9d544ef8-3a9b-452a-9d33-0bf7d888980e","mode":"NORMAL","animation":"NORMAL","startPhase":{"left":18.0,"center":19.0,"right":9.0},"stopEnableAfterMs":400}}
[21:26:44] [Render thread/INFO] (PiriRuntimeAcceptance) PIRI_PHASE02_PACKET {"type":"ACTION_ACCEPTED","payload":{"clientSequence":89,"action":"STOP_RIGHT"}}
[21:26:44] [Render thread/INFO] (PiriRuntimeAcceptance) PIRI_PHASE02_PACKET {"type":"REEL_STOP","payload":{"spinId":"9d544ef8-3a9b-452a-9d33-0bf7d888980e","reel":"RIGHT","pressedIndex":18,"stopIndex":18,"slip":0,"durationMs":80}}
[21:26:44] [Render thread/INFO] (PiriRuntimeAcceptance) PIRI_PHASE02_PACKET {"type":"PUBLIC_STATE","payload":{"sessionId":"64238a28-ddc2-4620-9ea6-0f6a184c318e","machineId":1,"expectedNextClientSequence":90,"gameState":"NORMAL_SPINNING","lifecycle":"ACTIVE","credit":0,"heldMedals":777,"bet":3,"pay":0,"bonusCount":0,"lampOn":false,"displayStops":{"left":18,"center":19,"right":18},"stoppedMask":4}}
[21:26:44] [Render thread/INFO] (PiriRuntimeAcceptance) PIRI_PHASE02_PACKET {"type":"ACTION_ACCEPTED","payload":{"clientSequence":90,"action":"STOP_CENTER"}}
[21:26:44] [Render thread/INFO] (PiriRuntimeAcceptance) PIRI_PHASE02_PACKET {"type":"REEL_STOP","payload":{"spinId":"9d544ef8-3a9b-452a-9d33-0bf7d888980e","reel":"CENTER","pressedIndex":19,"stopIndex":19,"slip":0,"durationMs":80}}
[21:26:44] [Render thread/INFO] (PiriRuntimeAcceptance) PIRI_PHASE02_PACKET {"type":"PUBLIC_STATE","payload":{"sessionId":"64238a28-ddc2-4620-9ea6-0f6a184c318e","machineId":1,"expectedNextClientSequence":91,"gameState":"NORMAL_SPINNING","lifecycle":"ACTIVE","credit":0,"heldMedals":777,"bet":3,"pay":0,"bonusCount":0,"lampOn":false,"displayStops":{"left":18,"center":19,"right":18},"stoppedMask":6}}
[21:26:45] [Render thread/INFO] (PiriRuntimeAcceptance) PIRI_PHASE02_PACKET {"type":"ACTION_ACCEPTED","payload":{"clientSequence":91,"action":"STOP_LEFT"}}
[21:26:45] [Render thread/INFO] (PiriRuntimeAcceptance) PIRI_PHASE02_PACKET {"type":"REEL_STOP","payload":{"spinId":"9d544ef8-3a9b-452a-9d33-0bf7d888980e","reel":"LEFT","pressedIndex":9,"stopIndex":5,"slip":4,"durationMs":280}}
[21:26:45] [Render thread/INFO] (PiriRuntimeAcceptance) PIRI_PHASE02_PACKET {"type":"PUBLIC_STATE","payload":{"sessionId":"64238a28-ddc2-4620-9ea6-0f6a184c318e","machineId":1,"expectedNextClientSequence":92,"gameState":"SEATED_READY","lifecycle":"ACTIVE","credit":0,"heldMedals":777,"bet":0,"pay":0,"bonusCount":0,"lampOn":false,"displayStops":{"left":5,"center":19,"right":18},"stoppedMask":7}}
[21:26:45] [Render thread/INFO] (PiriRuntimeAcceptance) PIRI_PHASE02_PACKET {"type":"ACTION_ACCEPTED","payload":{"clientSequence":92,"action":"SPACE_ACTION"}}
[21:26:45] [Render thread/INFO] (PiriRuntimeAcceptance) PIRI_PHASE02_PACKET {"type":"PUBLIC_STATE","payload":{"sessionId":"64238a28-ddc2-4620-9ea6-0f6a184c318e","machineId":1,"expectedNextClientSequence":93,"gameState":"NORMAL_BETTED","lifecycle":"ACTIVE","credit":0,"heldMedals":774,"bet":3,"pay":0,"bonusCount":0,"lampOn":false,"displayStops":{"left":5,"center":19,"right":18},"stoppedMask":7}}
[21:26:46] [Render thread/INFO] (PiriRuntimeAcceptance) PIRI_PHASE02_PACKET {"type":"ACTION_ACCEPTED","payload":{"clientSequence":93,"action":"SPACE_ACTION"}}
[21:26:46] [Render thread/INFO] (PiriRuntimeAcceptance) PIRI_PHASE02_PACKET {"type":"PUBLIC_STATE","payload":{"sessionId":"64238a28-ddc2-4620-9ea6-0f6a184c318e","machineId":1,"expectedNextClientSequence":94,"gameState":"NORMAL_SPINNING","lifecycle":"ACTIVE","credit":0,"heldMedals":774,"bet":3,"pay":0,"bonusCount":0,"lampOn":false,"displayStops":{"left":5,"center":19,"right":18},"stoppedMask":0}}
[21:26:46] [Render thread/INFO] (PiriRuntimeAcceptance) PIRI_PHASE02_PACKET {"type":"SPIN_START","payload":{"sessionId":"64238a28-ddc2-4620-9ea6-0f6a184c318e","machineId":1,"spinId":"163ab308-3d04-4d20-9438-97a766c78c44","mode":"NORMAL","animation":"NORMAL","startPhase":{"left":5.0,"center":19.0,"right":18.0},"stopEnableAfterMs":400}}
[21:26:47] [Render thread/INFO] (PiriRuntimeAcceptance) PIRI_PHASE02_PACKET {"type":"ACTION_ACCEPTED","payload":{"clientSequence":94,"action":"STOP_LEFT"}}
[21:26:47] [Render thread/INFO] (PiriRuntimeAcceptance) PIRI_PHASE02_PACKET {"type":"REEL_STOP","payload":{"spinId":"163ab308-3d04-4d20-9438-97a766c78c44","reel":"LEFT","pressedIndex":18,"stopIndex":18,"slip":0,"durationMs":80}}
[21:26:47] [Render thread/INFO] (PiriRuntimeAcceptance) PIRI_PHASE02_PACKET {"type":"PUBLIC_STATE","payload":{"sessionId":"64238a28-ddc2-4620-9ea6-0f6a184c318e","machineId":1,"expectedNextClientSequence":95,"gameState":"NORMAL_SPINNING","lifecycle":"ACTIVE","credit":0,"heldMedals":774,"bet":3,"pay":0,"bonusCount":0,"lampOn":false,"displayStops":{"left":18,"center":19,"right":18},"stoppedMask":1}}
[21:26:47] [Render thread/INFO] (PiriRuntimeAcceptance) PIRI_PHASE02_PACKET {"type":"ACTION_ACCEPTED","payload":{"clientSequence":95,"action":"STOP_CENTER"}}
[21:26:47] [Render thread/INFO] (PiriRuntimeAcceptance) PIRI_PHASE02_PACKET {"type":"REEL_STOP","payload":{"spinId":"163ab308-3d04-4d20-9438-97a766c78c44","reel":"CENTER","pressedIndex":2,"stopIndex":2,"slip":0,"durationMs":80}}
[21:26:47] [Render thread/INFO] (PiriRuntimeAcceptance) PIRI_PHASE02_PACKET {"type":"PUBLIC_STATE","payload":{"sessionId":"64238a28-ddc2-4620-9ea6-0f6a184c318e","machineId":1,"expectedNextClientSequence":96,"gameState":"NORMAL_SPINNING","lifecycle":"ACTIVE","credit":0,"heldMedals":774,"bet":3,"pay":0,"bonusCount":0,"lampOn":false,"displayStops":{"left":18,"center":2,"right":18},"stoppedMask":3}}
[21:26:48] [Render thread/INFO] (PiriRuntimeAcceptance) PIRI_PHASE02_PACKET {"type":"ACTION_ACCEPTED","payload":{"clientSequence":96,"action":"STOP_RIGHT"}}
[21:26:48] [Render thread/INFO] (PiriRuntimeAcceptance) PIRI_PHASE02_PACKET {"type":"REEL_STOP","payload":{"spinId":"163ab308-3d04-4d20-9438-97a766c78c44","reel":"RIGHT","pressedIndex":13,"stopIndex":12,"slip":1,"durationMs":130}}
[21:26:48] [Render thread/INFO] (PiriRuntimeAcceptance) PIRI_PHASE02_PACKET {"type":"PUBLIC_STATE","payload":{"sessionId":"64238a28-ddc2-4620-9ea6-0f6a184c318e","machineId":1,"expectedNextClientSequence":97,"gameState":"SEATED_READY","lifecycle":"ACTIVE","credit":0,"heldMedals":774,"bet":0,"pay":0,"bonusCount":0,"lampOn":false,"displayStops":{"left":18,"center":2,"right":12},"stoppedMask":7}}
[21:26:48] [Render thread/INFO] (PiriRuntimeAcceptance) PIRI_PHASE02_PACKET {"type":"ACTION_ACCEPTED","payload":{"clientSequence":97,"action":"SPACE_ACTION"}}
[21:26:48] [Render thread/INFO] (PiriRuntimeAcceptance) PIRI_PHASE02_PACKET {"type":"PUBLIC_STATE","payload":{"sessionId":"64238a28-ddc2-4620-9ea6-0f6a184c318e","machineId":1,"expectedNextClientSequence":98,"gameState":"NORMAL_BETTED","lifecycle":"ACTIVE","credit":0,"heldMedals":771,"bet":3,"pay":0,"bonusCount":0,"lampOn":false,"displayStops":{"left":18,"center":2,"right":12},"stoppedMask":7}}
[21:26:49] [Render thread/INFO] (PiriRuntimeAcceptance) PIRI_PHASE02_PACKET {"type":"ACTION_ACCEPTED","payload":{"clientSequence":98,"action":"SPACE_ACTION"}}
[21:26:49] [Render thread/INFO] (PiriRuntimeAcceptance) PIRI_PHASE02_PACKET {"type":"PUBLIC_STATE","payload":{"sessionId":"64238a28-ddc2-4620-9ea6-0f6a184c318e","machineId":1,"expectedNextClientSequence":99,"gameState":"NORMAL_SPINNING","lifecycle":"ACTIVE","credit":0,"heldMedals":771,"bet":3,"pay":0,"bonusCount":0,"lampOn":false,"displayStops":{"left":18,"center":2,"right":12},"stoppedMask":0}}
[21:26:49] [Render thread/INFO] (PiriRuntimeAcceptance) PIRI_PHASE02_PACKET {"type":"SPIN_START","payload":{"sessionId":"64238a28-ddc2-4620-9ea6-0f6a184c318e","machineId":1,"spinId":"13f3f2cb-aa4e-468c-bafa-f89586069696","mode":"NORMAL","animation":"NORMAL","startPhase":{"left":18.0,"center":2.0,"right":12.0},"stopEnableAfterMs":400}}
[21:26:49] [Render thread/INFO] (PiriRuntimeAcceptance) PIRI_PHASE02_PACKET {"type":"ACTION_ACCEPTED","payload":{"clientSequence":99,"action":"STOP_LEFT"}}
[21:26:49] [Render thread/INFO] (PiriRuntimeAcceptance) PIRI_PHASE02_PACKET {"type":"REEL_STOP","payload":{"spinId":"13f3f2cb-aa4e-468c-bafa-f89586069696","reel":"LEFT","pressedIndex":10,"stopIndex":10,"slip":0,"durationMs":80}}
[21:26:49] [Render thread/INFO] (PiriRuntimeAcceptance) PIRI_PHASE02_PACKET {"type":"PUBLIC_STATE","payload":{"sessionId":"64238a28-ddc2-4620-9ea6-0f6a184c318e","machineId":1,"expectedNextClientSequence":100,"gameState":"NORMAL_SPINNING","lifecycle":"ACTIVE","credit":0,"heldMedals":771,"bet":3,"pay":0,"bonusCount":0,"lampOn":false,"displayStops":{"left":10,"center":2,"right":12},"stoppedMask":1}}
[21:26:50] [Render thread/INFO] (PiriRuntimeAcceptance) PIRI_PHASE02_PACKET {"type":"ACTION_ACCEPTED","payload":{"clientSequence":100,"action":"STOP_RIGHT"}}
[21:26:50] [Render thread/INFO] (PiriRuntimeAcceptance) PIRI_PHASE02_PACKET {"type":"REEL_STOP","payload":{"spinId":"13f3f2cb-aa4e-468c-bafa-f89586069696","reel":"RIGHT","pressedIndex":16,"stopIndex":16,"slip":0,"durationMs":80}}
[21:26:50] [Render thread/INFO] (PiriRuntimeAcceptance) PIRI_PHASE02_PACKET {"type":"PUBLIC_STATE","payload":{"sessionId":"64238a28-ddc2-4620-9ea6-0f6a184c318e","machineId":1,"expectedNextClientSequence":101,"gameState":"NORMAL_SPINNING","lifecycle":"ACTIVE","credit":0,"heldMedals":771,"bet":3,"pay":0,"bonusCount":0,"lampOn":false,"displayStops":{"left":10,"center":2,"right":16},"stoppedMask":5}}
[21:26:50] [Render thread/INFO] (PiriRuntimeAcceptance) PIRI_PHASE02_PACKET {"type":"ACTION_ACCEPTED","payload":{"clientSequence":101,"action":"STOP_CENTER"}}
[21:26:50] [Render thread/INFO] (PiriRuntimeAcceptance) PIRI_PHASE02_PACKET {"type":"REEL_STOP","payload":{"spinId":"13f3f2cb-aa4e-468c-bafa-f89586069696","reel":"CENTER","pressedIndex":18,"stopIndex":18,"slip":0,"durationMs":80}}
[21:26:50] [Render thread/INFO] (PiriRuntimeAcceptance) PIRI_PHASE02_PACKET {"type":"PUBLIC_STATE","payload":{"sessionId":"64238a28-ddc2-4620-9ea6-0f6a184c318e","machineId":1,"expectedNextClientSequence":102,"gameState":"SEATED_READY","lifecycle":"ACTIVE","credit":0,"heldMedals":771,"bet":0,"pay":0,"bonusCount":0,"lampOn":false,"displayStops":{"left":10,"center":18,"right":16},"stoppedMask":7}}
[21:26:51] [Render thread/INFO] (PiriRuntimeAcceptance) PIRI_PHASE02_PACKET {"type":"ACTION_ACCEPTED","payload":{"clientSequence":102,"action":"SPACE_ACTION"}}
[21:26:51] [Render thread/INFO] (PiriRuntimeAcceptance) PIRI_PHASE02_PACKET {"type":"PUBLIC_STATE","payload":{"sessionId":"64238a28-ddc2-4620-9ea6-0f6a184c318e","machineId":1,"expectedNextClientSequence":103,"gameState":"NORMAL_BETTED","lifecycle":"ACTIVE","credit":0,"heldMedals":768,"bet":3,"pay":0,"bonusCount":0,"lampOn":false,"displayStops":{"left":10,"center":18,"right":16},"stoppedMask":7}}
[21:26:51] [Render thread/INFO] (PiriRuntimeAcceptance) PIRI_PHASE02_PACKET {"type":"ACTION_ACCEPTED","payload":{"clientSequence":103,"action":"SPACE_ACTION"}}
[21:26:51] [Render thread/INFO] (PiriRuntimeAcceptance) PIRI_PHASE02_PACKET {"type":"PUBLIC_STATE","payload":{"sessionId":"64238a28-ddc2-4620-9ea6-0f6a184c318e","machineId":1,"expectedNextClientSequence":104,"gameState":"NORMAL_SPINNING","lifecycle":"ACTIVE","credit":0,"heldMedals":768,"bet":3,"pay":0,"bonusCount":0,"lampOn":false,"displayStops":{"left":10,"center":18,"right":16},"stoppedMask":0}}
[21:26:51] [Render thread/INFO] (PiriRuntimeAcceptance) PIRI_PHASE02_PACKET {"type":"SPIN_START","payload":{"sessionId":"64238a28-ddc2-4620-9ea6-0f6a184c318e","machineId":1,"spinId":"cfc16f79-2820-4a8f-87e4-5d57b4da696a","mode":"NORMAL","animation":"NORMAL","startPhase":{"left":10.0,"center":18.0,"right":16.0},"stopEnableAfterMs":400}}
[21:26:52] [Render thread/INFO] (PiriRuntimeAcceptance) PIRI_PHASE02_PACKET {"type":"ACTION_ACCEPTED","payload":{"clientSequence":104,"action":"STOP_CENTER"}}
[21:26:52] [Render thread/INFO] (PiriRuntimeAcceptance) PIRI_PHASE02_PACKET {"type":"REEL_STOP","payload":{"spinId":"cfc16f79-2820-4a8f-87e4-5d57b4da696a","reel":"CENTER","pressedIndex":6,"stopIndex":6,"slip":0,"durationMs":80}}
[21:26:52] [Render thread/INFO] (PiriRuntimeAcceptance) PIRI_PHASE02_PACKET {"type":"PUBLIC_STATE","payload":{"sessionId":"64238a28-ddc2-4620-9ea6-0f6a184c318e","machineId":1,"expectedNextClientSequence":105,"gameState":"NORMAL_SPINNING","lifecycle":"ACTIVE","credit":0,"heldMedals":768,"bet":3,"pay":0,"bonusCount":0,"lampOn":false,"displayStops":{"left":10,"center":6,"right":16},"stoppedMask":2}}
[21:26:53] [Render thread/INFO] (PiriRuntimeAcceptance) PIRI_PHASE02_PACKET {"type":"ACTION_ACCEPTED","payload":{"clientSequence":105,"action":"STOP_LEFT"}}
[21:26:53] [Render thread/INFO] (PiriRuntimeAcceptance) PIRI_PHASE02_PACKET {"type":"REEL_STOP","payload":{"spinId":"cfc16f79-2820-4a8f-87e4-5d57b4da696a","reel":"LEFT","pressedIndex":10,"stopIndex":10,"slip":0,"durationMs":80}}
[21:26:53] [Render thread/INFO] (PiriRuntimeAcceptance) PIRI_PHASE02_PACKET {"type":"PUBLIC_STATE","payload":{"sessionId":"64238a28-ddc2-4620-9ea6-0f6a184c318e","machineId":1,"expectedNextClientSequence":106,"gameState":"NORMAL_SPINNING","lifecycle":"ACTIVE","credit":0,"heldMedals":768,"bet":3,"pay":0,"bonusCount":0,"lampOn":false,"displayStops":{"left":10,"center":6,"right":16},"stoppedMask":3}}
[21:26:53] [Render thread/INFO] (PiriRuntimeAcceptance) PIRI_PHASE02_PACKET {"type":"ACTION_ACCEPTED","payload":{"clientSequence":106,"action":"STOP_RIGHT"}}
[21:26:53] [Render thread/INFO] (PiriRuntimeAcceptance) PIRI_PHASE02_PACKET {"type":"REEL_STOP","payload":{"spinId":"cfc16f79-2820-4a8f-87e4-5d57b4da696a","reel":"RIGHT","pressedIndex":7,"stopIndex":6,"slip":1,"durationMs":130}}
[21:26:53] [Render thread/INFO] (PiriRuntimeAcceptance) PIRI_PHASE02_PACKET {"type":"PUBLIC_STATE","payload":{"sessionId":"64238a28-ddc2-4620-9ea6-0f6a184c318e","machineId":1,"expectedNextClientSequence":107,"gameState":"SEATED_READY","lifecycle":"ACTIVE","credit":0,"heldMedals":768,"bet":0,"pay":0,"bonusCount":0,"lampOn":false,"displayStops":{"left":10,"center":6,"right":6},"stoppedMask":7}}
[21:26:54] [Render thread/INFO] (PiriRuntimeAcceptance) PIRI_PHASE02_PACKET {"type":"ACTION_ACCEPTED","payload":{"clientSequence":107,"action":"SPACE_ACTION"}}
[21:26:54] [Render thread/INFO] (PiriRuntimeAcceptance) PIRI_PHASE02_PACKET {"type":"PUBLIC_STATE","payload":{"sessionId":"64238a28-ddc2-4620-9ea6-0f6a184c318e","machineId":1,"expectedNextClientSequence":108,"gameState":"NORMAL_BETTED","lifecycle":"ACTIVE","credit":0,"heldMedals":765,"bet":3,"pay":0,"bonusCount":0,"lampOn":false,"displayStops":{"left":10,"center":6,"right":6},"stoppedMask":7}}
[21:26:54] [Render thread/INFO] (PiriRuntimeAcceptance) PIRI_PHASE02_PACKET {"type":"ACTION_ACCEPTED","payload":{"clientSequence":108,"action":"SPACE_ACTION"}}
[21:26:54] [Render thread/INFO] (PiriRuntimeAcceptance) PIRI_PHASE02_PACKET {"type":"PUBLIC_STATE","payload":{"sessionId":"64238a28-ddc2-4620-9ea6-0f6a184c318e","machineId":1,"expectedNextClientSequence":109,"gameState":"NORMAL_SPINNING","lifecycle":"ACTIVE","credit":0,"heldMedals":765,"bet":3,"pay":0,"bonusCount":0,"lampOn":false,"displayStops":{"left":10,"center":6,"right":6},"stoppedMask":0}}
[21:26:54] [Render thread/INFO] (PiriRuntimeAcceptance) PIRI_PHASE02_PACKET {"type":"SPIN_START","payload":{"sessionId":"64238a28-ddc2-4620-9ea6-0f6a184c318e","machineId":1,"spinId":"53c80d66-b013-4b41-a6ae-53c70db92d04","mode":"NORMAL","animation":"NORMAL","startPhase":{"left":10.0,"center":6.0,"right":6.0},"stopEnableAfterMs":400}}
[21:26:55] [Render thread/INFO] (PiriRuntimeAcceptance) PIRI_PHASE02_PACKET {"type":"ACTION_ACCEPTED","payload":{"clientSequence":109,"action":"STOP_CENTER"}}
[21:26:55] [Render thread/INFO] (PiriRuntimeAcceptance) PIRI_PHASE02_PACKET {"type":"REEL_STOP","payload":{"spinId":"53c80d66-b013-4b41-a6ae-53c70db92d04","reel":"CENTER","pressedIndex":19,"stopIndex":19,"slip":0,"durationMs":80}}
[21:26:55] [Render thread/INFO] (PiriRuntimeAcceptance) PIRI_PHASE02_PACKET {"type":"PUBLIC_STATE","payload":{"sessionId":"64238a28-ddc2-4620-9ea6-0f6a184c318e","machineId":1,"expectedNextClientSequence":110,"gameState":"NORMAL_SPINNING","lifecycle":"ACTIVE","credit":0,"heldMedals":765,"bet":3,"pay":0,"bonusCount":0,"lampOn":false,"displayStops":{"left":10,"center":19,"right":6},"stoppedMask":2}}
[21:26:56] [Render thread/INFO] (PiriRuntimeAcceptance) PIRI_PHASE02_PACKET {"type":"ACTION_ACCEPTED","payload":{"clientSequence":110,"action":"STOP_RIGHT"}}
[21:26:56] [Render thread/INFO] (PiriRuntimeAcceptance) PIRI_PHASE02_PACKET {"type":"REEL_STOP","payload":{"spinId":"53c80d66-b013-4b41-a6ae-53c70db92d04","reel":"RIGHT","pressedIndex":10,"stopIndex":10,"slip":0,"durationMs":80}}
[21:26:56] [Render thread/INFO] (PiriRuntimeAcceptance) PIRI_PHASE02_PACKET {"type":"PUBLIC_STATE","payload":{"sessionId":"64238a28-ddc2-4620-9ea6-0f6a184c318e","machineId":1,"expectedNextClientSequence":111,"gameState":"NORMAL_SPINNING","lifecycle":"ACTIVE","credit":0,"heldMedals":765,"bet":3,"pay":0,"bonusCount":0,"lampOn":false,"displayStops":{"left":10,"center":19,"right":10},"stoppedMask":6}}
[21:26:56] [Render thread/INFO] (PiriRuntimeAcceptance) PIRI_PHASE02_PACKET {"type":"ACTION_ACCEPTED","payload":{"clientSequence":111,"action":"STOP_LEFT"}}
[21:26:56] [Render thread/INFO] (PiriRuntimeAcceptance) PIRI_PHASE02_PACKET {"type":"REEL_STOP","payload":{"spinId":"53c80d66-b013-4b41-a6ae-53c70db92d04","reel":"LEFT","pressedIndex":5,"stopIndex":5,"slip":0,"durationMs":80}}
[21:26:56] [Render thread/INFO] (PiriRuntimeAcceptance) PIRI_PHASE02_PACKET {"type":"PUBLIC_STATE","payload":{"sessionId":"64238a28-ddc2-4620-9ea6-0f6a184c318e","machineId":1,"expectedNextClientSequence":112,"gameState":"SEATED_READY","lifecycle":"ACTIVE","credit":0,"heldMedals":765,"bet":0,"pay":0,"bonusCount":0,"lampOn":false,"displayStops":{"left":5,"center":19,"right":10},"stoppedMask":7}}
[21:26:57] [Render thread/INFO] (PiriRuntimeAcceptance) PIRI_PHASE02_PACKET {"type":"ACTION_ACCEPTED","payload":{"clientSequence":112,"action":"SPACE_ACTION"}}
[21:26:57] [Render thread/INFO] (PiriRuntimeAcceptance) PIRI_PHASE02_PACKET {"type":"PUBLIC_STATE","payload":{"sessionId":"64238a28-ddc2-4620-9ea6-0f6a184c318e","machineId":1,"expectedNextClientSequence":113,"gameState":"NORMAL_BETTED","lifecycle":"ACTIVE","credit":0,"heldMedals":762,"bet":3,"pay":0,"bonusCount":0,"lampOn":false,"displayStops":{"left":5,"center":19,"right":10},"stoppedMask":7}}
[21:26:57] [Render thread/INFO] (PiriRuntimeAcceptance) PIRI_PHASE02_PACKET {"type":"ACTION_ACCEPTED","payload":{"clientSequence":113,"action":"SPACE_ACTION"}}
[21:26:57] [Render thread/INFO] (PiriRuntimeAcceptance) PIRI_PHASE02_PACKET {"type":"PUBLIC_STATE","payload":{"sessionId":"64238a28-ddc2-4620-9ea6-0f6a184c318e","machineId":1,"expectedNextClientSequence":114,"gameState":"NORMAL_SPINNING","lifecycle":"ACTIVE","credit":0,"heldMedals":762,"bet":3,"pay":0,"bonusCount":0,"lampOn":false,"displayStops":{"left":5,"center":19,"right":10},"stoppedMask":0}}
[21:26:57] [Render thread/INFO] (PiriRuntimeAcceptance) PIRI_PHASE02_PACKET {"type":"SPIN_START","payload":{"sessionId":"64238a28-ddc2-4620-9ea6-0f6a184c318e","machineId":1,"spinId":"5bb8029b-54b7-4cb3-9ea0-bdaa8de37b99","mode":"NORMAL","animation":"NORMAL","startPhase":{"left":5.0,"center":19.0,"right":10.0},"stopEnableAfterMs":400}}
[21:26:58] [Render thread/INFO] (PiriRuntimeAcceptance) PIRI_PHASE02_PACKET {"type":"ACTION_ACCEPTED","payload":{"clientSequence":114,"action":"STOP_RIGHT"}}
[21:26:58] [Render thread/INFO] (PiriRuntimeAcceptance) PIRI_PHASE02_PACKET {"type":"REEL_STOP","payload":{"spinId":"5bb8029b-54b7-4cb3-9ea0-bdaa8de37b99","reel":"RIGHT","pressedIndex":2,"stopIndex":2,"slip":0,"durationMs":80}}
[21:26:58] [Render thread/INFO] (PiriRuntimeAcceptance) PIRI_PHASE02_PACKET {"type":"PUBLIC_STATE","payload":{"sessionId":"64238a28-ddc2-4620-9ea6-0f6a184c318e","machineId":1,"expectedNextClientSequence":115,"gameState":"NORMAL_SPINNING","lifecycle":"ACTIVE","credit":0,"heldMedals":762,"bet":3,"pay":0,"bonusCount":0,"lampOn":false,"displayStops":{"left":5,"center":19,"right":2},"stoppedMask":4}}
[21:26:58] [Render thread/INFO] (PiriRuntimeAcceptance) PIRI_PHASE02_PACKET {"type":"ACTION_ACCEPTED","payload":{"clientSequence":115,"action":"STOP_LEFT"}}
[21:26:58] [Render thread/INFO] (PiriRuntimeAcceptance) PIRI_PHASE02_PACKET {"type":"REEL_STOP","payload":{"spinId":"5bb8029b-54b7-4cb3-9ea0-bdaa8de37b99","reel":"LEFT","pressedIndex":9,"stopIndex":5,"slip":4,"durationMs":280}}
[21:26:58] [Render thread/INFO] (PiriRuntimeAcceptance) PIRI_PHASE02_PACKET {"type":"PUBLIC_STATE","payload":{"sessionId":"64238a28-ddc2-4620-9ea6-0f6a184c318e","machineId":1,"expectedNextClientSequence":116,"gameState":"NORMAL_SPINNING","lifecycle":"ACTIVE","credit":0,"heldMedals":762,"bet":3,"pay":0,"bonusCount":0,"lampOn":false,"displayStops":{"left":5,"center":19,"right":2},"stoppedMask":5}}
[21:26:59] [Render thread/INFO] (PiriRuntimeAcceptance) PIRI_PHASE02_PACKET {"type":"ACTION_ACCEPTED","payload":{"clientSequence":116,"action":"STOP_CENTER"}}
[21:26:59] [Render thread/INFO] (PiriRuntimeAcceptance) PIRI_PHASE02_PACKET {"type":"REEL_STOP","payload":{"spinId":"5bb8029b-54b7-4cb3-9ea0-bdaa8de37b99","reel":"CENTER","pressedIndex":14,"stopIndex":14,"slip":0,"durationMs":80}}
[21:26:59] [Render thread/INFO] (PiriRuntimeAcceptance) PIRI_PHASE02_PACKET {"type":"PUBLIC_STATE","payload":{"sessionId":"64238a28-ddc2-4620-9ea6-0f6a184c318e","machineId":1,"expectedNextClientSequence":117,"gameState":"REPLAY_READY","lifecycle":"ACTIVE","credit":0,"heldMedals":762,"bet":3,"pay":0,"bonusCount":0,"lampOn":false,"displayStops":{"left":5,"center":14,"right":2},"stoppedMask":7}}
[21:26:59] [Render thread/INFO] (PiriRuntimeAcceptance) PIRI_PHASE02_PACKET {"type":"ACTION_ACCEPTED","payload":{"clientSequence":117,"action":"SPACE_ACTION"}}
[21:26:59] [Render thread/INFO] (PiriRuntimeAcceptance) PIRI_PHASE02_PACKET {"type":"PUBLIC_STATE","payload":{"sessionId":"64238a28-ddc2-4620-9ea6-0f6a184c318e","machineId":1,"expectedNextClientSequence":118,"gameState":"NORMAL_SPINNING","lifecycle":"ACTIVE","credit":0,"heldMedals":762,"bet":3,"pay":0,"bonusCount":0,"lampOn":false,"displayStops":{"left":5,"center":14,"right":2},"stoppedMask":0}}
[21:26:59] [Render thread/INFO] (PiriRuntimeAcceptance) PIRI_PHASE02_PACKET {"type":"SPIN_START","payload":{"sessionId":"64238a28-ddc2-4620-9ea6-0f6a184c318e","machineId":1,"spinId":"6c793fcf-b922-4ad7-92c7-b6b2a70f3e28","mode":"NORMAL","animation":"NORMAL","startPhase":{"left":5.0,"center":14.0,"right":2.0},"stopEnableAfterMs":400}}
[21:27:00] [Render thread/INFO] (PiriRuntimeAcceptance) PIRI_PHASE02_PACKET {"type":"ACTION_ACCEPTED","payload":{"clientSequence":118,"action":"STOP_RIGHT"}}
[21:27:00] [Render thread/INFO] (PiriRuntimeAcceptance) PIRI_PHASE02_PACKET {"type":"REEL_STOP","payload":{"spinId":"6c793fcf-b922-4ad7-92c7-b6b2a70f3e28","reel":"RIGHT","pressedIndex":15,"stopIndex":15,"slip":0,"durationMs":80}}
[21:27:00] [Render thread/INFO] (PiriRuntimeAcceptance) PIRI_PHASE02_PACKET {"type":"PUBLIC_STATE","payload":{"sessionId":"64238a28-ddc2-4620-9ea6-0f6a184c318e","machineId":1,"expectedNextClientSequence":119,"gameState":"NORMAL_SPINNING","lifecycle":"ACTIVE","credit":0,"heldMedals":762,"bet":3,"pay":0,"bonusCount":0,"lampOn":false,"displayStops":{"left":5,"center":14,"right":15},"stoppedMask":4}}
[21:27:00] [Render thread/INFO] (PiriRuntimeAcceptance) PIRI_PHASE02_PACKET {"type":"ACTION_ACCEPTED","payload":{"clientSequence":119,"action":"STOP_CENTER"}}
[21:27:00] [Render thread/INFO] (PiriRuntimeAcceptance) PIRI_PHASE02_PACKET {"type":"REEL_STOP","payload":{"spinId":"6c793fcf-b922-4ad7-92c7-b6b2a70f3e28","reel":"CENTER","pressedIndex":18,"stopIndex":18,"slip":0,"durationMs":80}}
[21:27:00] [Render thread/INFO] (PiriRuntimeAcceptance) PIRI_PHASE02_PACKET {"type":"PUBLIC_STATE","payload":{"sessionId":"64238a28-ddc2-4620-9ea6-0f6a184c318e","machineId":1,"expectedNextClientSequence":120,"gameState":"NORMAL_SPINNING","lifecycle":"ACTIVE","credit":0,"heldMedals":762,"bet":3,"pay":0,"bonusCount":0,"lampOn":false,"displayStops":{"left":5,"center":18,"right":15},"stoppedMask":6}}
[21:27:01] [Render thread/INFO] (PiriRuntimeAcceptance) PIRI_PHASE02_PACKET {"type":"ACTION_ACCEPTED","payload":{"clientSequence":120,"action":"STOP_LEFT"}}
[21:27:01] [Render thread/INFO] (PiriRuntimeAcceptance) PIRI_PHASE02_PACKET {"type":"REEL_STOP","payload":{"spinId":"6c793fcf-b922-4ad7-92c7-b6b2a70f3e28","reel":"LEFT","pressedIndex":0,"stopIndex":18,"slip":3,"durationMs":230}}
[21:27:01] [Render thread/INFO] (PiriRuntimeAcceptance) PIRI_PHASE02_PACKET {"type":"PUBLIC_STATE","payload":{"sessionId":"64238a28-ddc2-4620-9ea6-0f6a184c318e","machineId":1,"expectedNextClientSequence":121,"gameState":"SEATED_READY","lifecycle":"ACTIVE","credit":0,"heldMedals":762,"bet":0,"pay":0,"bonusCount":0,"lampOn":false,"displayStops":{"left":18,"center":18,"right":15},"stoppedMask":7}}
[21:27:02] [Render thread/INFO] (PiriRuntimeAcceptance) PIRI_PHASE02_PACKET {"type":"ACTION_ACCEPTED","payload":{"clientSequence":121,"action":"SPACE_ACTION"}}
[21:27:02] [Render thread/INFO] (PiriRuntimeAcceptance) PIRI_PHASE02_PACKET {"type":"PUBLIC_STATE","payload":{"sessionId":"64238a28-ddc2-4620-9ea6-0f6a184c318e","machineId":1,"expectedNextClientSequence":122,"gameState":"NORMAL_BETTED","lifecycle":"ACTIVE","credit":0,"heldMedals":759,"bet":3,"pay":0,"bonusCount":0,"lampOn":false,"displayStops":{"left":18,"center":18,"right":15},"stoppedMask":7}}
[21:27:02] [Render thread/INFO] (PiriRuntimeAcceptance) PIRI_PHASE02_PACKET {"type":"ACTION_ACCEPTED","payload":{"clientSequence":122,"action":"SPACE_ACTION"}}
[21:27:02] [Render thread/INFO] (PiriRuntimeAcceptance) PIRI_PHASE02_PACKET {"type":"PUBLIC_STATE","payload":{"sessionId":"64238a28-ddc2-4620-9ea6-0f6a184c318e","machineId":1,"expectedNextClientSequence":123,"gameState":"NORMAL_SPINNING","lifecycle":"ACTIVE","credit":0,"heldMedals":759,"bet":3,"pay":0,"bonusCount":0,"lampOn":false,"displayStops":{"left":18,"center":18,"right":15},"stoppedMask":0}}
[21:27:02] [Render thread/INFO] (PiriRuntimeAcceptance) PIRI_PHASE02_PACKET {"type":"SPIN_START","payload":{"sessionId":"64238a28-ddc2-4620-9ea6-0f6a184c318e","machineId":1,"spinId":"acac6efc-fee0-47cf-b926-0e888a4b489f","mode":"NORMAL","animation":"NORMAL","startPhase":{"left":18.0,"center":18.0,"right":15.0},"stopEnableAfterMs":400}}
[21:27:03] [Render thread/INFO] (PiriRuntimeAcceptance) PIRI_PHASE02_PACKET {"type":"ACTION_ACCEPTED","payload":{"clientSequence":123,"action":"STOP_LEFT"}}
[21:27:03] [Render thread/INFO] (PiriRuntimeAcceptance) PIRI_PHASE02_PACKET {"type":"REEL_STOP","payload":{"spinId":"acac6efc-fee0-47cf-b926-0e888a4b489f","reel":"LEFT","pressedIndex":10,"stopIndex":10,"slip":0,"durationMs":80}}
[21:27:03] [Render thread/INFO] (PiriRuntimeAcceptance) PIRI_PHASE02_PACKET {"type":"PUBLIC_STATE","payload":{"sessionId":"64238a28-ddc2-4620-9ea6-0f6a184c318e","machineId":1,"expectedNextClientSequence":124,"gameState":"NORMAL_SPINNING","lifecycle":"ACTIVE","credit":0,"heldMedals":759,"bet":3,"pay":0,"bonusCount":0,"lampOn":false,"displayStops":{"left":10,"center":18,"right":15},"stoppedMask":1}}
[21:27:03] [Render thread/INFO] (PiriRuntimeAcceptance) PIRI_PHASE02_PACKET {"type":"ACTION_ACCEPTED","payload":{"clientSequence":124,"action":"STOP_CENTER"}}
[21:27:03] [Render thread/INFO] (PiriRuntimeAcceptance) PIRI_PHASE02_PACKET {"type":"REEL_STOP","payload":{"spinId":"acac6efc-fee0-47cf-b926-0e888a4b489f","reel":"CENTER","pressedIndex":1,"stopIndex":1,"slip":0,"durationMs":80}}
[21:27:03] [Render thread/INFO] (PiriRuntimeAcceptance) PIRI_PHASE02_PACKET {"type":"PUBLIC_STATE","payload":{"sessionId":"64238a28-ddc2-4620-9ea6-0f6a184c318e","machineId":1,"expectedNextClientSequence":125,"gameState":"NORMAL_SPINNING","lifecycle":"ACTIVE","credit":0,"heldMedals":759,"bet":3,"pay":0,"bonusCount":0,"lampOn":false,"displayStops":{"left":10,"center":1,"right":15},"stoppedMask":3}}
[21:27:04] [Render thread/INFO] (PiriRuntimeAcceptance) PIRI_PHASE02_PACKET {"type":"ACTION_ACCEPTED","payload":{"clientSequence":125,"action":"STOP_RIGHT"}}
[21:27:04] [Render thread/INFO] (PiriRuntimeAcceptance) PIRI_PHASE02_PACKET {"type":"REEL_STOP","payload":{"spinId":"acac6efc-fee0-47cf-b926-0e888a4b489f","reel":"RIGHT","pressedIndex":10,"stopIndex":10,"slip":0,"durationMs":80}}
[21:27:04] [Render thread/INFO] (PiriRuntimeAcceptance) PIRI_PHASE02_PACKET {"type":"PUBLIC_STATE","payload":{"sessionId":"64238a28-ddc2-4620-9ea6-0f6a184c318e","machineId":1,"expectedNextClientSequence":126,"gameState":"SEATED_READY","lifecycle":"ACTIVE","credit":0,"heldMedals":759,"bet":0,"pay":0,"bonusCount":0,"lampOn":false,"displayStops":{"left":10,"center":1,"right":10},"stoppedMask":7}}
[21:27:05] [Render thread/INFO] (PiriRuntimeAcceptance) PIRI_PHASE02_PACKET {"type":"ACTION_ACCEPTED","payload":{"clientSequence":126,"action":"SPACE_ACTION"}}
[21:27:05] [Render thread/INFO] (PiriRuntimeAcceptance) PIRI_PHASE02_PACKET {"type":"PUBLIC_STATE","payload":{"sessionId":"64238a28-ddc2-4620-9ea6-0f6a184c318e","machineId":1,"expectedNextClientSequence":127,"gameState":"NORMAL_BETTED","lifecycle":"ACTIVE","credit":0,"heldMedals":756,"bet":3,"pay":0,"bonusCount":0,"lampOn":false,"displayStops":{"left":10,"center":1,"right":10},"stoppedMask":7}}
[21:27:05] [Render thread/INFO] (PiriRuntimeAcceptance) PIRI_PHASE02_PACKET {"type":"ACTION_ACCEPTED","payload":{"clientSequence":127,"action":"SPACE_ACTION"}}
[21:27:05] [Render thread/INFO] (PiriRuntimeAcceptance) PIRI_PHASE02_PACKET {"type":"PUBLIC_STATE","payload":{"sessionId":"64238a28-ddc2-4620-9ea6-0f6a184c318e","machineId":1,"expectedNextClientSequence":128,"gameState":"NORMAL_SPINNING","lifecycle":"ACTIVE","credit":0,"heldMedals":756,"bet":3,"pay":0,"bonusCount":0,"lampOn":false,"displayStops":{"left":10,"center":1,"right":10},"stoppedMask":0}}
[21:27:05] [Render thread/INFO] (PiriRuntimeAcceptance) PIRI_PHASE02_PACKET {"type":"SPIN_START","payload":{"sessionId":"64238a28-ddc2-4620-9ea6-0f6a184c318e","machineId":1,"spinId":"a99e62c2-708c-4f8a-b8bb-ec60ec6e067c","mode":"NORMAL","animation":"NORMAL","startPhase":{"left":10.0,"center":1.0,"right":10.0},"stopEnableAfterMs":400}}
[21:27:06] [Render thread/INFO] (PiriRuntimeAcceptance) PIRI_PHASE02_PACKET {"type":"ACTION_ACCEPTED","payload":{"clientSequence":128,"action":"STOP_LEFT"}}
[21:27:06] [Render thread/INFO] (PiriRuntimeAcceptance) PIRI_PHASE02_PACKET {"type":"REEL_STOP","payload":{"spinId":"a99e62c2-708c-4f8a-b8bb-ec60ec6e067c","reel":"LEFT","pressedIndex":3,"stopIndex":3,"slip":0,"durationMs":80}}
[21:27:06] [Render thread/INFO] (PiriRuntimeAcceptance) PIRI_PHASE02_PACKET {"type":"PUBLIC_STATE","payload":{"sessionId":"64238a28-ddc2-4620-9ea6-0f6a184c318e","machineId":1,"expectedNextClientSequence":129,"gameState":"NORMAL_SPINNING","lifecycle":"ACTIVE","credit":0,"heldMedals":756,"bet":3,"pay":0,"bonusCount":0,"lampOn":false,"displayStops":{"left":3,"center":1,"right":10},"stoppedMask":1}}
[21:27:06] [Render thread/INFO] (PiriRuntimeAcceptance) PIRI_PHASE02_PACKET {"type":"ACTION_ACCEPTED","payload":{"clientSequence":129,"action":"STOP_RIGHT"}}
[21:27:06] [Render thread/INFO] (PiriRuntimeAcceptance) PIRI_PHASE02_PACKET {"type":"REEL_STOP","payload":{"spinId":"a99e62c2-708c-4f8a-b8bb-ec60ec6e067c","reel":"RIGHT","pressedIndex":15,"stopIndex":15,"slip":0,"durationMs":80}}
[21:27:06] [Render thread/INFO] (PiriRuntimeAcceptance) PIRI_PHASE02_PACKET {"type":"PUBLIC_STATE","payload":{"sessionId":"64238a28-ddc2-4620-9ea6-0f6a184c318e","machineId":1,"expectedNextClientSequence":130,"gameState":"NORMAL_SPINNING","lifecycle":"ACTIVE","credit":0,"heldMedals":756,"bet":3,"pay":0,"bonusCount":0,"lampOn":false,"displayStops":{"left":3,"center":1,"right":15},"stoppedMask":5}}
[21:27:07] [Render thread/INFO] (PiriRuntimeAcceptance) PIRI_PHASE02_PACKET {"type":"ACTION_ACCEPTED","payload":{"clientSequence":130,"action":"STOP_CENTER"}}
[21:27:07] [Render thread/INFO] (PiriRuntimeAcceptance) PIRI_PHASE02_PACKET {"type":"REEL_STOP","payload":{"spinId":"a99e62c2-708c-4f8a-b8bb-ec60ec6e067c","reel":"CENTER","pressedIndex":18,"stopIndex":18,"slip":0,"durationMs":80}}
[21:27:07] [Render thread/INFO] (PiriRuntimeAcceptance) PIRI_PHASE02_PACKET {"type":"PUBLIC_STATE","payload":{"sessionId":"64238a28-ddc2-4620-9ea6-0f6a184c318e","machineId":1,"expectedNextClientSequence":131,"gameState":"SEATED_READY","lifecycle":"ACTIVE","credit":0,"heldMedals":756,"bet":0,"pay":0,"bonusCount":0,"lampOn":false,"displayStops":{"left":3,"center":18,"right":15},"stoppedMask":7}}
[21:27:07] [Render thread/INFO] (PiriRuntimeAcceptance) PIRI_PHASE02_PACKET {"type":"ACTION_ACCEPTED","payload":{"clientSequence":131,"action":"SPACE_ACTION"}}
[21:27:07] [Render thread/INFO] (PiriRuntimeAcceptance) PIRI_PHASE02_PACKET {"type":"PUBLIC_STATE","payload":{"sessionId":"64238a28-ddc2-4620-9ea6-0f6a184c318e","machineId":1,"expectedNextClientSequence":132,"gameState":"NORMAL_BETTED","lifecycle":"ACTIVE","credit":0,"heldMedals":753,"bet":3,"pay":0,"bonusCount":0,"lampOn":false,"displayStops":{"left":3,"center":18,"right":15},"stoppedMask":7}}
[21:27:08] [Render thread/INFO] (PiriRuntimeAcceptance) PIRI_PHASE02_PACKET {"type":"ACTION_ACCEPTED","payload":{"clientSequence":132,"action":"SPACE_ACTION"}}
[21:27:08] [Render thread/INFO] (PiriRuntimeAcceptance) PIRI_PHASE02_PACKET {"type":"PUBLIC_STATE","payload":{"sessionId":"64238a28-ddc2-4620-9ea6-0f6a184c318e","machineId":1,"expectedNextClientSequence":133,"gameState":"NORMAL_SPINNING","lifecycle":"ACTIVE","credit":0,"heldMedals":753,"bet":3,"pay":0,"bonusCount":0,"lampOn":false,"displayStops":{"left":3,"center":18,"right":15},"stoppedMask":0}}
[21:27:08] [Render thread/INFO] (PiriRuntimeAcceptance) PIRI_PHASE02_PACKET {"type":"SPIN_START","payload":{"sessionId":"64238a28-ddc2-4620-9ea6-0f6a184c318e","machineId":1,"spinId":"32d94f1d-c0fa-4fb8-ac0a-9b3b3da9adfd","mode":"NORMAL","animation":"NORMAL","startPhase":{"left":3.0,"center":18.0,"right":15.0},"stopEnableAfterMs":400}}
[21:27:09] [Render thread/INFO] (PiriRuntimeAcceptance) PIRI_PHASE02_PACKET {"type":"ACTION_ACCEPTED","payload":{"clientSequence":133,"action":"STOP_CENTER"}}
[21:27:09] [Render thread/INFO] (PiriRuntimeAcceptance) PIRI_PHASE02_PACKET {"type":"REEL_STOP","payload":{"spinId":"32d94f1d-c0fa-4fb8-ac0a-9b3b3da9adfd","reel":"CENTER","pressedIndex":10,"stopIndex":9,"slip":1,"durationMs":130}}
[21:27:09] [Render thread/INFO] (PiriRuntimeAcceptance) PIRI_PHASE02_PACKET {"type":"PUBLIC_STATE","payload":{"sessionId":"64238a28-ddc2-4620-9ea6-0f6a184c318e","machineId":1,"expectedNextClientSequence":134,"gameState":"NORMAL_SPINNING","lifecycle":"ACTIVE","credit":0,"heldMedals":753,"bet":3,"pay":0,"bonusCount":0,"lampOn":false,"displayStops":{"left":3,"center":9,"right":15},"stoppedMask":2}}
[21:27:09] [Render thread/INFO] (PiriRuntimeAcceptance) PIRI_PHASE02_PACKET {"type":"ACTION_ACCEPTED","payload":{"clientSequence":134,"action":"STOP_LEFT"}}
[21:27:09] [Render thread/INFO] (PiriRuntimeAcceptance) PIRI_PHASE02_PACKET {"type":"REEL_STOP","payload":{"spinId":"32d94f1d-c0fa-4fb8-ac0a-9b3b3da9adfd","reel":"LEFT","pressedIndex":7,"stopIndex":6,"slip":1,"durationMs":130}}
[21:27:09] [Render thread/INFO] (PiriRuntimeAcceptance) PIRI_PHASE02_PACKET {"type":"PUBLIC_STATE","payload":{"sessionId":"64238a28-ddc2-4620-9ea6-0f6a184c318e","machineId":1,"expectedNextClientSequence":135,"gameState":"NORMAL_SPINNING","lifecycle":"ACTIVE","credit":0,"heldMedals":753,"bet":3,"pay":0,"bonusCount":0,"lampOn":false,"displayStops":{"left":6,"center":9,"right":15},"stoppedMask":3}}
[21:27:10] [Render thread/INFO] (PiriRuntimeAcceptance) PIRI_PHASE02_PACKET {"type":"ACTION_ACCEPTED","payload":{"clientSequence":135,"action":"STOP_RIGHT"}}
[21:27:10] [Render thread/INFO] (PiriRuntimeAcceptance) PIRI_PHASE02_PACKET {"type":"REEL_STOP","payload":{"spinId":"32d94f1d-c0fa-4fb8-ac0a-9b3b3da9adfd","reel":"RIGHT","pressedIndex":10,"stopIndex":8,"slip":2,"durationMs":180}}
[21:27:10] [Render thread/INFO] (PiriRuntimeAcceptance) PIRI_PHASE02_PACKET {"type":"PAYOUT","payload":{}}
[21:27:10] [Render thread/INFO] (PiriRuntimeAcceptance) PIRI_PHASE02_PACKET {"type":"PUBLIC_STATE","payload":{"sessionId":"64238a28-ddc2-4620-9ea6-0f6a184c318e","machineId":1,"expectedNextClientSequence":136,"gameState":"SEATED_READY","lifecycle":"ACTIVE","credit":8,"heldMedals":753,"bet":0,"pay":8,"bonusCount":0,"lampOn":false,"displayStops":{"left":6,"center":9,"right":8},"stoppedMask":7}}
[21:27:10] [Render thread/INFO] (PiriRuntimeAcceptance) PIRI_PHASE02_PACKET {"type":"ACTION_ACCEPTED","payload":{"clientSequence":136,"action":"SPACE_ACTION"}}
[21:27:10] [Render thread/INFO] (PiriRuntimeAcceptance) PIRI_PHASE02_PACKET {"type":"PUBLIC_STATE","payload":{"sessionId":"64238a28-ddc2-4620-9ea6-0f6a184c318e","machineId":1,"expectedNextClientSequence":137,"gameState":"NORMAL_BETTED","lifecycle":"ACTIVE","credit":5,"heldMedals":753,"bet":3,"pay":0,"bonusCount":0,"lampOn":false,"displayStops":{"left":6,"center":9,"right":8},"stoppedMask":7}}
[21:27:11] [Render thread/INFO] (PiriRuntimeAcceptance) PIRI_PHASE02_PACKET {"type":"ACTION_ACCEPTED","payload":{"clientSequence":137,"action":"SPACE_ACTION"}}
[21:27:11] [Render thread/INFO] (PiriRuntimeAcceptance) PIRI_PHASE02_PACKET {"type":"PUBLIC_STATE","payload":{"sessionId":"64238a28-ddc2-4620-9ea6-0f6a184c318e","machineId":1,"expectedNextClientSequence":138,"gameState":"NORMAL_SPINNING","lifecycle":"ACTIVE","credit":5,"heldMedals":753,"bet":3,"pay":0,"bonusCount":0,"lampOn":false,"displayStops":{"left":6,"center":9,"right":8},"stoppedMask":0}}
[21:27:11] [Render thread/INFO] (PiriRuntimeAcceptance) PIRI_PHASE02_PACKET {"type":"SPIN_START","payload":{"sessionId":"64238a28-ddc2-4620-9ea6-0f6a184c318e","machineId":1,"spinId":"7404605d-da63-4f4f-b840-3e06446c3bd8","mode":"NORMAL","animation":"NORMAL","startPhase":{"left":6.0,"center":9.0,"right":8.0},"stopEnableAfterMs":400}}
[21:27:11] [Render thread/INFO] (PiriRuntimeAcceptance) PIRI_PHASE02_PACKET {"type":"ACTION_ACCEPTED","payload":{"clientSequence":138,"action":"STOP_CENTER"}}
[21:27:11] [Render thread/INFO] (PiriRuntimeAcceptance) PIRI_PHASE02_PACKET {"type":"REEL_STOP","payload":{"spinId":"7404605d-da63-4f4f-b840-3e06446c3bd8","reel":"CENTER","pressedIndex":2,"stopIndex":0,"slip":2,"durationMs":180}}
[21:27:11] [Render thread/INFO] (PiriRuntimeAcceptance) PIRI_PHASE02_PACKET {"type":"PUBLIC_STATE","payload":{"sessionId":"64238a28-ddc2-4620-9ea6-0f6a184c318e","machineId":1,"expectedNextClientSequence":139,"gameState":"NORMAL_SPINNING","lifecycle":"ACTIVE","credit":5,"heldMedals":753,"bet":3,"pay":0,"bonusCount":0,"lampOn":false,"displayStops":{"left":6,"center":0,"right":8},"stoppedMask":2}}
[21:27:12] [Render thread/INFO] (PiriRuntimeAcceptance) PIRI_PHASE02_PACKET {"type":"ACTION_ACCEPTED","payload":{"clientSequence":139,"action":"STOP_RIGHT"}}
[21:27:12] [Render thread/INFO] (PiriRuntimeAcceptance) PIRI_PHASE02_PACKET {"type":"REEL_STOP","payload":{"spinId":"7404605d-da63-4f4f-b840-3e06446c3bd8","reel":"RIGHT","pressedIndex":13,"stopIndex":12,"slip":1,"durationMs":130}}
[21:27:12] [Render thread/INFO] (PiriRuntimeAcceptance) PIRI_PHASE02_PACKET {"type":"PUBLIC_STATE","payload":{"sessionId":"64238a28-ddc2-4620-9ea6-0f6a184c318e","machineId":1,"expectedNextClientSequence":140,"gameState":"NORMAL_SPINNING","lifecycle":"ACTIVE","credit":5,"heldMedals":753,"bet":3,"pay":0,"bonusCount":0,"lampOn":false,"displayStops":{"left":6,"center":0,"right":12},"stoppedMask":6}}
[21:27:13] [Render thread/INFO] (PiriRuntimeAcceptance) PIRI_PHASE02_PACKET {"type":"ACTION_ACCEPTED","payload":{"clientSequence":140,"action":"STOP_LEFT"}}
[21:27:13] [Render thread/INFO] (PiriRuntimeAcceptance) PIRI_PHASE02_PACKET {"type":"REEL_STOP","payload":{"spinId":"7404605d-da63-4f4f-b840-3e06446c3bd8","reel":"LEFT","pressedIndex":18,"stopIndex":17,"slip":1,"durationMs":130}}
[21:27:13] [Render thread/INFO] (PiriRuntimeAcceptance) PIRI_PHASE02_PACKET {"type":"PAYOUT","payload":{}}
[21:27:13] [Render thread/INFO] (PiriRuntimeAcceptance) PIRI_PHASE02_PACKET {"type":"PUBLIC_STATE","payload":{"sessionId":"64238a28-ddc2-4620-9ea6-0f6a184c318e","machineId":1,"expectedNextClientSequence":141,"gameState":"SEATED_READY","lifecycle":"ACTIVE","credit":13,"heldMedals":753,"bet":0,"pay":8,"bonusCount":0,"lampOn":false,"displayStops":{"left":17,"center":0,"right":12},"stoppedMask":7}}
[21:27:13] [Render thread/INFO] (PiriRuntimeAcceptance) PIRI_PHASE02_PACKET {"type":"ACTION_ACCEPTED","payload":{"clientSequence":141,"action":"SPACE_ACTION"}}
[21:27:13] [Render thread/INFO] (PiriRuntimeAcceptance) PIRI_PHASE02_PACKET {"type":"PUBLIC_STATE","payload":{"sessionId":"64238a28-ddc2-4620-9ea6-0f6a184c318e","machineId":1,"expectedNextClientSequence":142,"gameState":"NORMAL_BETTED","lifecycle":"ACTIVE","credit":10,"heldMedals":753,"bet":3,"pay":0,"bonusCount":0,"lampOn":false,"displayStops":{"left":17,"center":0,"right":12},"stoppedMask":7}}
[21:27:14] [Render thread/INFO] (PiriRuntimeAcceptance) PIRI_PHASE02_PACKET {"type":"ACTION_ACCEPTED","payload":{"clientSequence":142,"action":"SPACE_ACTION"}}
[21:27:14] [Render thread/INFO] (PiriRuntimeAcceptance) PIRI_PHASE02_PACKET {"type":"PUBLIC_STATE","payload":{"sessionId":"64238a28-ddc2-4620-9ea6-0f6a184c318e","machineId":1,"expectedNextClientSequence":143,"gameState":"NORMAL_SPINNING","lifecycle":"ACTIVE","credit":10,"heldMedals":753,"bet":3,"pay":0,"bonusCount":0,"lampOn":false,"displayStops":{"left":17,"center":0,"right":12},"stoppedMask":0}}
[21:27:14] [Render thread/INFO] (PiriRuntimeAcceptance) PIRI_PHASE02_PACKET {"type":"SPIN_START","payload":{"sessionId":"64238a28-ddc2-4620-9ea6-0f6a184c318e","machineId":1,"spinId":"cd365b9f-20ba-4e4c-adf8-fc27f33a0e28","mode":"NORMAL","animation":"NORMAL","startPhase":{"left":17.0,"center":0.0,"right":12.0},"stopEnableAfterMs":400}}
[21:27:14] [Render thread/INFO] (PiriRuntimeAcceptance) PIRI_PHASE02_PACKET {"type":"ACTION_ACCEPTED","payload":{"clientSequence":143,"action":"STOP_RIGHT"}}
[21:27:14] [Render thread/INFO] (PiriRuntimeAcceptance) PIRI_PHASE02_PACKET {"type":"REEL_STOP","payload":{"spinId":"cd365b9f-20ba-4e4c-adf8-fc27f33a0e28","reel":"RIGHT","pressedIndex":4,"stopIndex":3,"slip":1,"durationMs":130}}
[21:27:14] [Render thread/INFO] (PiriRuntimeAcceptance) PIRI_PHASE02_PACKET {"type":"PUBLIC_STATE","payload":{"sessionId":"64238a28-ddc2-4620-9ea6-0f6a184c318e","machineId":1,"expectedNextClientSequence":144,"gameState":"NORMAL_SPINNING","lifecycle":"ACTIVE","credit":10,"heldMedals":753,"bet":3,"pay":0,"bonusCount":0,"lampOn":false,"displayStops":{"left":17,"center":0,"right":3},"stoppedMask":4}}
[21:27:15] [Render thread/INFO] (PiriRuntimeAcceptance) PIRI_PHASE02_PACKET {"type":"ACTION_ACCEPTED","payload":{"clientSequence":144,"action":"STOP_LEFT"}}
[21:27:15] [Render thread/INFO] (PiriRuntimeAcceptance) PIRI_PHASE02_PACKET {"type":"REEL_STOP","payload":{"spinId":"cd365b9f-20ba-4e4c-adf8-fc27f33a0e28","reel":"LEFT","pressedIndex":0,"stopIndex":17,"slip":4,"durationMs":280}}
[21:27:15] [Render thread/INFO] (PiriRuntimeAcceptance) PIRI_PHASE02_PACKET {"type":"PUBLIC_STATE","payload":{"sessionId":"64238a28-ddc2-4620-9ea6-0f6a184c318e","machineId":1,"expectedNextClientSequence":145,"gameState":"NORMAL_SPINNING","lifecycle":"ACTIVE","credit":10,"heldMedals":753,"bet":3,"pay":0,"bonusCount":0,"lampOn":false,"displayStops":{"left":17,"center":0,"right":3},"stoppedMask":5}}
[21:27:15] [Render thread/INFO] (PiriRuntimeAcceptance) PIRI_PHASE02_PACKET {"type":"ACTION_ACCEPTED","payload":{"clientSequence":145,"action":"STOP_CENTER"}}
[21:27:15] [Render thread/INFO] (PiriRuntimeAcceptance) PIRI_PHASE02_PACKET {"type":"REEL_STOP","payload":{"spinId":"cd365b9f-20ba-4e4c-adf8-fc27f33a0e28","reel":"CENTER","pressedIndex":16,"stopIndex":16,"slip":0,"durationMs":80}}
[21:27:15] [Render thread/INFO] (PiriRuntimeAcceptance) PIRI_PHASE02_PACKET {"type":"PAYOUT","payload":{}}
[21:27:15] [Render thread/INFO] (PiriRuntimeAcceptance) PIRI_PHASE02_PACKET {"type":"PUBLIC_STATE","payload":{"sessionId":"64238a28-ddc2-4620-9ea6-0f6a184c318e","machineId":1,"expectedNextClientSequence":146,"gameState":"SEATED_READY","lifecycle":"ACTIVE","credit":18,"heldMedals":753,"bet":0,"pay":8,"bonusCount":0,"lampOn":false,"displayStops":{"left":17,"center":16,"right":3},"stoppedMask":7}}
[21:27:16] [Render thread/INFO] (PiriRuntimeAcceptance) PIRI_PHASE02_PACKET {"type":"ACTION_ACCEPTED","payload":{"clientSequence":146,"action":"SPACE_ACTION"}}
[21:27:16] [Render thread/INFO] (PiriRuntimeAcceptance) PIRI_PHASE02_PACKET {"type":"PUBLIC_STATE","payload":{"sessionId":"64238a28-ddc2-4620-9ea6-0f6a184c318e","machineId":1,"expectedNextClientSequence":147,"gameState":"NORMAL_BETTED","lifecycle":"ACTIVE","credit":15,"heldMedals":753,"bet":3,"pay":0,"bonusCount":0,"lampOn":false,"displayStops":{"left":17,"center":16,"right":3},"stoppedMask":7}}
[21:27:16] [Render thread/INFO] (PiriRuntimeAcceptance) PIRI_PHASE02_PACKET {"type":"ACTION_ACCEPTED","payload":{"clientSequence":147,"action":"SPACE_ACTION"}}
[21:27:16] [Render thread/INFO] (PiriRuntimeAcceptance) PIRI_PHASE02_PACKET {"type":"PUBLIC_STATE","payload":{"sessionId":"64238a28-ddc2-4620-9ea6-0f6a184c318e","machineId":1,"expectedNextClientSequence":148,"gameState":"NORMAL_SPINNING","lifecycle":"ACTIVE","credit":15,"heldMedals":753,"bet":3,"pay":0,"bonusCount":0,"lampOn":false,"displayStops":{"left":17,"center":16,"right":3},"stoppedMask":0}}
[21:27:16] [Render thread/INFO] (PiriRuntimeAcceptance) PIRI_PHASE02_PACKET {"type":"SPIN_START","payload":{"sessionId":"64238a28-ddc2-4620-9ea6-0f6a184c318e","machineId":1,"spinId":"64b73346-5a54-4015-a9e1-487e8164814f","mode":"NORMAL","animation":"NORMAL","startPhase":{"left":17.0,"center":16.0,"right":3.0},"stopEnableAfterMs":400}}
[21:27:17] [Render thread/INFO] (PiriRuntimeAcceptance) PIRI_PHASE02_PACKET {"type":"ACTION_ACCEPTED","payload":{"clientSequence":148,"action":"STOP_RIGHT"}}
[21:27:17] [Render thread/INFO] (PiriRuntimeAcceptance) PIRI_PHASE02_PACKET {"type":"REEL_STOP","payload":{"spinId":"64b73346-5a54-4015-a9e1-487e8164814f","reel":"RIGHT","pressedIndex":17,"stopIndex":16,"slip":1,"durationMs":130}}
[21:27:17] [Render thread/INFO] (PiriRuntimeAcceptance) PIRI_PHASE02_PACKET {"type":"PUBLIC_STATE","payload":{"sessionId":"64238a28-ddc2-4620-9ea6-0f6a184c318e","machineId":1,"expectedNextClientSequence":149,"gameState":"NORMAL_SPINNING","lifecycle":"ACTIVE","credit":15,"heldMedals":753,"bet":3,"pay":0,"bonusCount":0,"lampOn":false,"displayStops":{"left":17,"center":16,"right":16},"stoppedMask":4}}
[21:27:18] [Render thread/INFO] (PiriRuntimeAcceptance) PIRI_PHASE02_PACKET {"type":"ACTION_ACCEPTED","payload":{"clientSequence":149,"action":"STOP_CENTER"}}
[21:27:18] [Render thread/INFO] (PiriRuntimeAcceptance) PIRI_PHASE02_PACKET {"type":"REEL_STOP","payload":{"spinId":"64b73346-5a54-4015-a9e1-487e8164814f","reel":"CENTER","pressedIndex":0,"stopIndex":0,"slip":0,"durationMs":80}}
[21:27:18] [Render thread/INFO] (PiriRuntimeAcceptance) PIRI_PHASE02_PACKET {"type":"PUBLIC_STATE","payload":{"sessionId":"64238a28-ddc2-4620-9ea6-0f6a184c318e","machineId":1,"expectedNextClientSequence":150,"gameState":"NORMAL_SPINNING","lifecycle":"ACTIVE","credit":15,"heldMedals":753,"bet":3,"pay":0,"bonusCount":0,"lampOn":false,"displayStops":{"left":17,"center":0,"right":16},"stoppedMask":6}}
[21:27:18] [Render thread/INFO] (PiriRuntimeAcceptance) PIRI_PHASE02_PACKET {"type":"ACTION_ACCEPTED","payload":{"clientSequence":150,"action":"STOP_LEFT"}}
[21:27:18] [Render thread/INFO] (PiriRuntimeAcceptance) PIRI_PHASE02_PACKET {"type":"REEL_STOP","payload":{"spinId":"64b73346-5a54-4015-a9e1-487e8164814f","reel":"LEFT","pressedIndex":13,"stopIndex":13,"slip":0,"durationMs":80}}
[21:27:18] [Render thread/INFO] (PiriRuntimeAcceptance) PIRI_PHASE02_PACKET {"type":"PAYOUT","payload":{}}
[21:27:18] [Render thread/INFO] (PiriRuntimeAcceptance) PIRI_PHASE02_PACKET {"type":"PUBLIC_STATE","payload":{"sessionId":"64238a28-ddc2-4620-9ea6-0f6a184c318e","machineId":1,"expectedNextClientSequence":151,"gameState":"SEATED_READY","lifecycle":"ACTIVE","credit":23,"heldMedals":753,"bet":0,"pay":8,"bonusCount":0,"lampOn":false,"displayStops":{"left":13,"center":0,"right":16},"stoppedMask":7}}
[21:27:19] [Render thread/INFO] (PiriRuntimeAcceptance) PIRI_PHASE02_PACKET {"type":"ACTION_ACCEPTED","payload":{"clientSequence":151,"action":"SPACE_ACTION"}}
[21:27:19] [Render thread/INFO] (PiriRuntimeAcceptance) PIRI_PHASE02_PACKET {"type":"PUBLIC_STATE","payload":{"sessionId":"64238a28-ddc2-4620-9ea6-0f6a184c318e","machineId":1,"expectedNextClientSequence":152,"gameState":"NORMAL_BETTED","lifecycle":"ACTIVE","credit":20,"heldMedals":753,"bet":3,"pay":0,"bonusCount":0,"lampOn":false,"displayStops":{"left":13,"center":0,"right":16},"stoppedMask":7}}
[21:27:19] [Render thread/INFO] (PiriRuntimeAcceptance) PIRI_PHASE02_PACKET {"type":"ACTION_ACCEPTED","payload":{"clientSequence":152,"action":"SPACE_ACTION"}}
[21:27:19] [Render thread/INFO] (PiriRuntimeAcceptance) PIRI_PHASE02_PACKET {"type":"PUBLIC_STATE","payload":{"sessionId":"64238a28-ddc2-4620-9ea6-0f6a184c318e","machineId":1,"expectedNextClientSequence":153,"gameState":"NORMAL_SPINNING","lifecycle":"ACTIVE","credit":20,"heldMedals":753,"bet":3,"pay":0,"bonusCount":0,"lampOn":false,"displayStops":{"left":13,"center":0,"right":16},"stoppedMask":0}}
[21:27:19] [Render thread/INFO] (PiriRuntimeAcceptance) PIRI_PHASE02_PACKET {"type":"SPIN_START","payload":{"sessionId":"64238a28-ddc2-4620-9ea6-0f6a184c318e","machineId":1,"spinId":"02006de5-397e-40ad-b3e0-ae52887a62fa","mode":"NORMAL","animation":"NORMAL","startPhase":{"left":13.0,"center":0.0,"right":16.0},"stopEnableAfterMs":400}}
[21:27:20] [Render thread/INFO] (PiriRuntimeAcceptance) PIRI_PHASE02_PACKET {"type":"ACTION_ACCEPTED","payload":{"clientSequence":153,"action":"STOP_LEFT"}}
[21:27:20] [Render thread/INFO] (PiriRuntimeAcceptance) PIRI_PHASE02_PACKET {"type":"REEL_STOP","payload":{"spinId":"02006de5-397e-40ad-b3e0-ae52887a62fa","reel":"LEFT","pressedIndex":6,"stopIndex":6,"slip":0,"durationMs":80}}
[21:27:20] [Render thread/INFO] (PiriRuntimeAcceptance) PIRI_PHASE02_PACKET {"type":"PUBLIC_STATE","payload":{"sessionId":"64238a28-ddc2-4620-9ea6-0f6a184c318e","machineId":1,"expectedNextClientSequence":154,"gameState":"NORMAL_SPINNING","lifecycle":"ACTIVE","credit":20,"heldMedals":753,"bet":3,"pay":0,"bonusCount":0,"lampOn":false,"displayStops":{"left":6,"center":0,"right":16},"stoppedMask":1}}
[21:27:21] [Render thread/INFO] (PiriRuntimeAcceptance) PIRI_PHASE02_PACKET {"type":"ACTION_ACCEPTED","payload":{"clientSequence":154,"action":"STOP_CENTER"}}
[21:27:21] [Render thread/INFO] (PiriRuntimeAcceptance) PIRI_PHASE02_PACKET {"type":"REEL_STOP","payload":{"spinId":"02006de5-397e-40ad-b3e0-ae52887a62fa","reel":"CENTER","pressedIndex":0,"stopIndex":0,"slip":0,"durationMs":80}}
[21:27:21] [Render thread/INFO] (PiriRuntimeAcceptance) PIRI_PHASE02_PACKET {"type":"PUBLIC_STATE","payload":{"sessionId":"64238a28-ddc2-4620-9ea6-0f6a184c318e","machineId":1,"expectedNextClientSequence":155,"gameState":"NORMAL_SPINNING","lifecycle":"ACTIVE","credit":20,"heldMedals":753,"bet":3,"pay":0,"bonusCount":0,"lampOn":false,"displayStops":{"left":6,"center":0,"right":16},"stoppedMask":3}}
[21:27:21] [Render thread/INFO] (PiriRuntimeAcceptance) PIRI_PHASE02_PACKET {"type":"ACTION_ACCEPTED","payload":{"clientSequence":155,"action":"STOP_RIGHT"}}
[21:27:21] [Render thread/INFO] (PiriRuntimeAcceptance) PIRI_PHASE02_PACKET {"type":"REEL_STOP","payload":{"spinId":"02006de5-397e-40ad-b3e0-ae52887a62fa","reel":"RIGHT","pressedIndex":7,"stopIndex":7,"slip":0,"durationMs":80}}
[21:27:21] [Render thread/INFO] (PiriRuntimeAcceptance) PIRI_PHASE02_PACKET {"type":"PUBLIC_STATE","payload":{"sessionId":"64238a28-ddc2-4620-9ea6-0f6a184c318e","machineId":1,"expectedNextClientSequence":156,"gameState":"SEATED_READY","lifecycle":"ACTIVE","credit":20,"heldMedals":753,"bet":0,"pay":0,"bonusCount":0,"lampOn":false,"displayStops":{"left":6,"center":0,"right":7},"stoppedMask":7}}
[21:27:22] [Render thread/INFO] (PiriRuntimeAcceptance) PIRI_PHASE02_PACKET {"type":"ACTION_ACCEPTED","payload":{"clientSequence":156,"action":"SPACE_ACTION"}}
[21:27:22] [Render thread/INFO] (PiriRuntimeAcceptance) PIRI_PHASE02_PACKET {"type":"PUBLIC_STATE","payload":{"sessionId":"64238a28-ddc2-4620-9ea6-0f6a184c318e","machineId":1,"expectedNextClientSequence":157,"gameState":"NORMAL_BETTED","lifecycle":"ACTIVE","credit":17,"heldMedals":753,"bet":3,"pay":0,"bonusCount":0,"lampOn":false,"displayStops":{"left":6,"center":0,"right":7},"stoppedMask":7}}
[21:27:22] [Render thread/INFO] (PiriRuntimeAcceptance) PIRI_PHASE02_PACKET {"type":"ACTION_ACCEPTED","payload":{"clientSequence":157,"action":"SPACE_ACTION"}}
[21:27:22] [Render thread/INFO] (PiriRuntimeAcceptance) PIRI_PHASE02_PACKET {"type":"PUBLIC_STATE","payload":{"sessionId":"64238a28-ddc2-4620-9ea6-0f6a184c318e","machineId":1,"expectedNextClientSequence":158,"gameState":"NORMAL_SPINNING","lifecycle":"ACTIVE","credit":17,"heldMedals":753,"bet":3,"pay":0,"bonusCount":0,"lampOn":false,"displayStops":{"left":6,"center":0,"right":7},"stoppedMask":0}}
[21:27:22] [Render thread/INFO] (PiriRuntimeAcceptance) PIRI_PHASE02_PACKET {"type":"SPIN_START","payload":{"sessionId":"64238a28-ddc2-4620-9ea6-0f6a184c318e","machineId":1,"spinId":"d5bd9e70-2b25-457b-bb8b-786d424006fc","mode":"NORMAL","animation":"NORMAL","startPhase":{"left":6.0,"center":0.0,"right":7.0},"stopEnableAfterMs":400}}
[21:27:23] [Render thread/INFO] (PiriRuntimeAcceptance) PIRI_PHASE02_PACKET {"type":"ACTION_ACCEPTED","payload":{"clientSequence":158,"action":"STOP_LEFT"}}
[21:27:23] [Render thread/INFO] (PiriRuntimeAcceptance) PIRI_PHASE02_PACKET {"type":"REEL_STOP","payload":{"spinId":"d5bd9e70-2b25-457b-bb8b-786d424006fc","reel":"LEFT","pressedIndex":20,"stopIndex":18,"slip":2,"durationMs":180}}
[21:27:23] [Render thread/INFO] (PiriRuntimeAcceptance) PIRI_PHASE02_PACKET {"type":"PUBLIC_STATE","payload":{"sessionId":"64238a28-ddc2-4620-9ea6-0f6a184c318e","machineId":1,"expectedNextClientSequence":159,"gameState":"NORMAL_SPINNING","lifecycle":"ACTIVE","credit":17,"heldMedals":753,"bet":3,"pay":0,"bonusCount":0,"lampOn":false,"displayStops":{"left":18,"center":0,"right":7},"stoppedMask":1}}
[21:27:23] [Render thread/INFO] (PiriRuntimeAcceptance) PIRI_PHASE02_PACKET {"type":"ACTION_ACCEPTED","payload":{"clientSequence":159,"action":"STOP_RIGHT"}}
[21:27:23] [Render thread/INFO] (PiriRuntimeAcceptance) PIRI_PHASE02_PACKET {"type":"REEL_STOP","payload":{"spinId":"d5bd9e70-2b25-457b-bb8b-786d424006fc","reel":"RIGHT","pressedIndex":12,"stopIndex":12,"slip":0,"durationMs":80}}
[21:27:23] [Render thread/INFO] (PiriRuntimeAcceptance) PIRI_PHASE02_PACKET {"type":"PUBLIC_STATE","payload":{"sessionId":"64238a28-ddc2-4620-9ea6-0f6a184c318e","machineId":1,"expectedNextClientSequence":160,"gameState":"NORMAL_SPINNING","lifecycle":"ACTIVE","credit":17,"heldMedals":753,"bet":3,"pay":0,"bonusCount":0,"lampOn":false,"displayStops":{"left":18,"center":0,"right":12},"stoppedMask":5}}
[21:27:24] [Render thread/INFO] (PiriRuntimeAcceptance) PIRI_PHASE02_PACKET {"type":"ACTION_ACCEPTED","payload":{"clientSequence":160,"action":"STOP_CENTER"}}
[21:27:24] [Render thread/INFO] (PiriRuntimeAcceptance) PIRI_PHASE02_PACKET {"type":"REEL_STOP","payload":{"spinId":"d5bd9e70-2b25-457b-bb8b-786d424006fc","reel":"CENTER","pressedIndex":17,"stopIndex":17,"slip":0,"durationMs":80}}
[21:27:24] [Render thread/INFO] (PiriRuntimeAcceptance) PIRI_PHASE02_PACKET {"type":"PUBLIC_STATE","payload":{"sessionId":"64238a28-ddc2-4620-9ea6-0f6a184c318e","machineId":1,"expectedNextClientSequence":161,"gameState":"SEATED_READY","lifecycle":"ACTIVE","credit":17,"heldMedals":753,"bet":0,"pay":0,"bonusCount":0,"lampOn":false,"displayStops":{"left":18,"center":17,"right":12},"stoppedMask":7}}
[21:27:24] [Render thread/INFO] (PiriRuntimeAcceptance) PIRI_PHASE02_PACKET {"type":"ACTION_ACCEPTED","payload":{"clientSequence":161,"action":"SPACE_ACTION"}}
[21:27:24] [Render thread/INFO] (PiriRuntimeAcceptance) PIRI_PHASE02_PACKET {"type":"PUBLIC_STATE","payload":{"sessionId":"64238a28-ddc2-4620-9ea6-0f6a184c318e","machineId":1,"expectedNextClientSequence":162,"gameState":"NORMAL_BETTED","lifecycle":"ACTIVE","credit":14,"heldMedals":753,"bet":3,"pay":0,"bonusCount":0,"lampOn":false,"displayStops":{"left":18,"center":17,"right":12},"stoppedMask":7}}
[21:27:25] [Render thread/INFO] (PiriRuntimeAcceptance) PIRI_PHASE02_PACKET {"type":"ACTION_ACCEPTED","payload":{"clientSequence":162,"action":"SPACE_ACTION"}}
[21:27:25] [Render thread/INFO] (PiriRuntimeAcceptance) PIRI_PHASE02_PACKET {"type":"PUBLIC_STATE","payload":{"sessionId":"64238a28-ddc2-4620-9ea6-0f6a184c318e","machineId":1,"expectedNextClientSequence":163,"gameState":"NORMAL_SPINNING","lifecycle":"ACTIVE","credit":14,"heldMedals":753,"bet":3,"pay":0,"bonusCount":0,"lampOn":false,"displayStops":{"left":18,"center":17,"right":12},"stoppedMask":0}}
[21:27:25] [Render thread/INFO] (PiriRuntimeAcceptance) PIRI_PHASE02_PACKET {"type":"SPIN_START","payload":{"sessionId":"64238a28-ddc2-4620-9ea6-0f6a184c318e","machineId":1,"spinId":"324558db-974b-4077-8df1-bcd81348e9b6","mode":"NORMAL","animation":"NORMAL","startPhase":{"left":18.0,"center":17.0,"right":12.0},"stopEnableAfterMs":400}}
[21:27:26] [Render thread/INFO] (PiriRuntimeAcceptance) PIRI_PHASE02_PACKET {"type":"ACTION_ACCEPTED","payload":{"clientSequence":163,"action":"STOP_CENTER"}}
[21:27:26] [Render thread/INFO] (PiriRuntimeAcceptance) PIRI_PHASE02_PACKET {"type":"REEL_STOP","payload":{"spinId":"324558db-974b-4077-8df1-bcd81348e9b6","reel":"CENTER","pressedIndex":9,"stopIndex":9,"slip":0,"durationMs":80}}
[21:27:26] [Render thread/INFO] (PiriRuntimeAcceptance) PIRI_PHASE02_PACKET {"type":"PUBLIC_STATE","payload":{"sessionId":"64238a28-ddc2-4620-9ea6-0f6a184c318e","machineId":1,"expectedNextClientSequence":164,"gameState":"NORMAL_SPINNING","lifecycle":"ACTIVE","credit":14,"heldMedals":753,"bet":3,"pay":0,"bonusCount":0,"lampOn":false,"displayStops":{"left":18,"center":9,"right":12},"stoppedMask":2}}
[21:27:26] [Render thread/INFO] (PiriRuntimeAcceptance) PIRI_PHASE02_PACKET {"type":"ACTION_ACCEPTED","payload":{"clientSequence":164,"action":"STOP_LEFT"}}
[21:27:26] [Render thread/INFO] (PiriRuntimeAcceptance) PIRI_PHASE02_PACKET {"type":"REEL_STOP","payload":{"spinId":"324558db-974b-4077-8df1-bcd81348e9b6","reel":"LEFT","pressedIndex":1,"stopIndex":1,"slip":0,"durationMs":80}}
[21:27:26] [Render thread/INFO] (PiriRuntimeAcceptance) PIRI_PHASE02_PACKET {"type":"PUBLIC_STATE","payload":{"sessionId":"64238a28-ddc2-4620-9ea6-0f6a184c318e","machineId":1,"expectedNextClientSequence":165,"gameState":"NORMAL_SPINNING","lifecycle":"ACTIVE","credit":14,"heldMedals":753,"bet":3,"pay":0,"bonusCount":0,"lampOn":false,"displayStops":{"left":1,"center":9,"right":12},"stoppedMask":3}}
[21:27:27] [Render thread/INFO] (PiriRuntimeAcceptance) PIRI_PHASE02_PACKET {"type":"ACTION_ACCEPTED","payload":{"clientSequence":165,"action":"STOP_RIGHT"}}
[21:27:27] [Render thread/INFO] (PiriRuntimeAcceptance) PIRI_PHASE02_PACKET {"type":"REEL_STOP","payload":{"spinId":"324558db-974b-4077-8df1-bcd81348e9b6","reel":"RIGHT","pressedIndex":7,"stopIndex":7,"slip":0,"durationMs":80}}
[21:27:27] [Render thread/INFO] (PiriRuntimeAcceptance) PIRI_PHASE02_PACKET {"type":"PUBLIC_STATE","payload":{"sessionId":"64238a28-ddc2-4620-9ea6-0f6a184c318e","machineId":1,"expectedNextClientSequence":166,"gameState":"SEATED_READY","lifecycle":"ACTIVE","credit":14,"heldMedals":753,"bet":0,"pay":0,"bonusCount":0,"lampOn":false,"displayStops":{"left":1,"center":9,"right":7},"stoppedMask":7}}
[21:27:27] [Render thread/INFO] (PiriRuntimeAcceptance) PIRI_PHASE02_PACKET {"type":"ACTION_ACCEPTED","payload":{"clientSequence":166,"action":"SPACE_ACTION"}}
[21:27:27] [Render thread/INFO] (PiriRuntimeAcceptance) PIRI_PHASE02_PACKET {"type":"PUBLIC_STATE","payload":{"sessionId":"64238a28-ddc2-4620-9ea6-0f6a184c318e","machineId":1,"expectedNextClientSequence":167,"gameState":"NORMAL_BETTED","lifecycle":"ACTIVE","credit":11,"heldMedals":753,"bet":3,"pay":0,"bonusCount":0,"lampOn":false,"displayStops":{"left":1,"center":9,"right":7},"stoppedMask":7}}
[21:27:28] [Render thread/INFO] (PiriRuntimeAcceptance) PIRI_PHASE02_PACKET {"type":"ACTION_ACCEPTED","payload":{"clientSequence":167,"action":"SPACE_ACTION"}}
[21:27:28] [Render thread/INFO] (PiriRuntimeAcceptance) PIRI_PHASE02_PACKET {"type":"PUBLIC_STATE","payload":{"sessionId":"64238a28-ddc2-4620-9ea6-0f6a184c318e","machineId":1,"expectedNextClientSequence":168,"gameState":"NORMAL_SPINNING","lifecycle":"ACTIVE","credit":11,"heldMedals":753,"bet":3,"pay":0,"bonusCount":0,"lampOn":false,"displayStops":{"left":1,"center":9,"right":7},"stoppedMask":0}}
[21:27:28] [Render thread/INFO] (PiriRuntimeAcceptance) PIRI_PHASE02_PACKET {"type":"SPIN_START","payload":{"sessionId":"64238a28-ddc2-4620-9ea6-0f6a184c318e","machineId":1,"spinId":"f5192234-892a-4544-9885-ddbe56f42fe8","mode":"NORMAL","animation":"NORMAL","startPhase":{"left":1.0,"center":9.0,"right":7.0},"stopEnableAfterMs":400}}
[21:27:29] [Render thread/INFO] (PiriRuntimeAcceptance) PIRI_PHASE02_PACKET {"type":"ACTION_ACCEPTED","payload":{"clientSequence":168,"action":"STOP_CENTER"}}
[21:27:29] [Render thread/INFO] (PiriRuntimeAcceptance) PIRI_PHASE02_PACKET {"type":"REEL_STOP","payload":{"spinId":"f5192234-892a-4544-9885-ddbe56f42fe8","reel":"CENTER","pressedIndex":18,"stopIndex":18,"slip":0,"durationMs":80}}
[21:27:29] [Render thread/INFO] (PiriRuntimeAcceptance) PIRI_PHASE02_PACKET {"type":"PUBLIC_STATE","payload":{"sessionId":"64238a28-ddc2-4620-9ea6-0f6a184c318e","machineId":1,"expectedNextClientSequence":169,"gameState":"NORMAL_SPINNING","lifecycle":"ACTIVE","credit":11,"heldMedals":753,"bet":3,"pay":0,"bonusCount":0,"lampOn":false,"displayStops":{"left":1,"center":18,"right":7},"stoppedMask":2}}
[21:27:29] [Render thread/INFO] (PiriRuntimeAcceptance) PIRI_PHASE02_PACKET {"type":"ACTION_ACCEPTED","payload":{"clientSequence":169,"action":"STOP_RIGHT"}}
[21:27:29] [Render thread/INFO] (PiriRuntimeAcceptance) PIRI_PHASE02_PACKET {"type":"REEL_STOP","payload":{"spinId":"f5192234-892a-4544-9885-ddbe56f42fe8","reel":"RIGHT","pressedIndex":7,"stopIndex":7,"slip":0,"durationMs":80}}
[21:27:29] [Render thread/INFO] (PiriRuntimeAcceptance) PIRI_PHASE02_PACKET {"type":"PUBLIC_STATE","payload":{"sessionId":"64238a28-ddc2-4620-9ea6-0f6a184c318e","machineId":1,"expectedNextClientSequence":170,"gameState":"NORMAL_SPINNING","lifecycle":"ACTIVE","credit":11,"heldMedals":753,"bet":3,"pay":0,"bonusCount":0,"lampOn":false,"displayStops":{"left":1,"center":18,"right":7},"stoppedMask":6}}
[21:27:30] [Render thread/INFO] (PiriRuntimeAcceptance) PIRI_PHASE02_PACKET {"type":"ACTION_ACCEPTED","payload":{"clientSequence":170,"action":"STOP_LEFT"}}
[21:27:30] [Render thread/INFO] (PiriRuntimeAcceptance) PIRI_PHASE02_PACKET {"type":"REEL_STOP","payload":{"spinId":"f5192234-892a-4544-9885-ddbe56f42fe8","reel":"LEFT","pressedIndex":13,"stopIndex":13,"slip":0,"durationMs":80}}
[21:27:30] [Render thread/INFO] (PiriRuntimeAcceptance) PIRI_PHASE02_PACKET {"type":"PUBLIC_STATE","payload":{"sessionId":"64238a28-ddc2-4620-9ea6-0f6a184c318e","machineId":1,"expectedNextClientSequence":171,"gameState":"SEATED_READY","lifecycle":"ACTIVE","credit":11,"heldMedals":753,"bet":0,"pay":0,"bonusCount":0,"lampOn":false,"displayStops":{"left":13,"center":18,"right":7},"stoppedMask":7}}
[21:27:30] [Render thread/INFO] (PiriRuntimeAcceptance) PIRI_PHASE02_PACKET {"type":"ACTION_ACCEPTED","payload":{"clientSequence":171,"action":"SPACE_ACTION"}}
[21:27:30] [Render thread/INFO] (PiriRuntimeAcceptance) PIRI_PHASE02_PACKET {"type":"PUBLIC_STATE","payload":{"sessionId":"64238a28-ddc2-4620-9ea6-0f6a184c318e","machineId":1,"expectedNextClientSequence":172,"gameState":"NORMAL_BETTED","lifecycle":"ACTIVE","credit":8,"heldMedals":753,"bet":3,"pay":0,"bonusCount":0,"lampOn":false,"displayStops":{"left":13,"center":18,"right":7},"stoppedMask":7}}
[21:27:31] [Render thread/INFO] (PiriRuntimeAcceptance) PIRI_PHASE02_PACKET {"type":"ACTION_ACCEPTED","payload":{"clientSequence":172,"action":"SPACE_ACTION"}}
[21:27:31] [Render thread/INFO] (PiriRuntimeAcceptance) PIRI_PHASE02_PACKET {"type":"PUBLIC_STATE","payload":{"sessionId":"64238a28-ddc2-4620-9ea6-0f6a184c318e","machineId":1,"expectedNextClientSequence":173,"gameState":"NORMAL_SPINNING","lifecycle":"ACTIVE","credit":8,"heldMedals":753,"bet":3,"pay":0,"bonusCount":0,"lampOn":false,"displayStops":{"left":13,"center":18,"right":7},"stoppedMask":0}}
[21:27:31] [Render thread/INFO] (PiriRuntimeAcceptance) PIRI_PHASE02_PACKET {"type":"SPIN_START","payload":{"sessionId":"64238a28-ddc2-4620-9ea6-0f6a184c318e","machineId":1,"spinId":"008da234-f1a1-46e4-b3e7-d479e7e97d16","mode":"NORMAL","animation":"NORMAL","startPhase":{"left":13.0,"center":18.0,"right":7.0},"stopEnableAfterMs":400}}
[21:27:32] [Render thread/INFO] (PiriRuntimeAcceptance) PIRI_PHASE02_PACKET {"type":"ACTION_ACCEPTED","payload":{"clientSequence":173,"action":"STOP_RIGHT"}}
[21:27:32] [Render thread/INFO] (PiriRuntimeAcceptance) PIRI_PHASE02_PACKET {"type":"REEL_STOP","payload":{"spinId":"008da234-f1a1-46e4-b3e7-d479e7e97d16","reel":"RIGHT","pressedIndex":20,"stopIndex":20,"slip":0,"durationMs":80}}
[21:27:32] [Render thread/INFO] (PiriRuntimeAcceptance) PIRI_PHASE02_PACKET {"type":"PUBLIC_STATE","payload":{"sessionId":"64238a28-ddc2-4620-9ea6-0f6a184c318e","machineId":1,"expectedNextClientSequence":174,"gameState":"NORMAL_SPINNING","lifecycle":"ACTIVE","credit":8,"heldMedals":753,"bet":3,"pay":0,"bonusCount":0,"lampOn":false,"displayStops":{"left":13,"center":18,"right":20},"stoppedMask":4}}
[21:27:32] [Render thread/INFO] (PiriRuntimeAcceptance) PIRI_PHASE02_PACKET {"type":"ACTION_ACCEPTED","payload":{"clientSequence":174,"action":"STOP_LEFT"}}
[21:27:32] [Render thread/INFO] (PiriRuntimeAcceptance) PIRI_PHASE02_PACKET {"type":"REEL_STOP","payload":{"spinId":"008da234-f1a1-46e4-b3e7-d479e7e97d16","reel":"LEFT","pressedIndex":17,"stopIndex":17,"slip":0,"durationMs":80}}
[21:27:32] [Render thread/INFO] (PiriRuntimeAcceptance) PIRI_PHASE02_PACKET {"type":"PUBLIC_STATE","payload":{"sessionId":"64238a28-ddc2-4620-9ea6-0f6a184c318e","machineId":1,"expectedNextClientSequence":175,"gameState":"NORMAL_SPINNING","lifecycle":"ACTIVE","credit":8,"heldMedals":753,"bet":3,"pay":0,"bonusCount":0,"lampOn":false,"displayStops":{"left":17,"center":18,"right":20},"stoppedMask":5}}
[21:27:33] [Render thread/INFO] (PiriRuntimeAcceptance) PIRI_PHASE02_PACKET {"type":"ACTION_ACCEPTED","payload":{"clientSequence":175,"action":"STOP_CENTER"}}
[21:27:33] [Render thread/INFO] (PiriRuntimeAcceptance) PIRI_PHASE02_PACKET {"type":"REEL_STOP","payload":{"spinId":"008da234-f1a1-46e4-b3e7-d479e7e97d16","reel":"CENTER","pressedIndex":13,"stopIndex":11,"slip":2,"durationMs":180}}
[21:27:33] [Render thread/INFO] (PiriRuntimeAcceptance) PIRI_PHASE02_PACKET {"type":"PUBLIC_STATE","payload":{"sessionId":"64238a28-ddc2-4620-9ea6-0f6a184c318e","machineId":1,"expectedNextClientSequence":176,"gameState":"SEATED_READY","lifecycle":"ACTIVE","credit":8,"heldMedals":753,"bet":0,"pay":0,"bonusCount":0,"lampOn":false,"displayStops":{"left":17,"center":11,"right":20},"stoppedMask":7}}
[21:27:33] [Render thread/INFO] (PiriRuntimeAcceptance) PIRI_PHASE02_PACKET {"type":"ACTION_ACCEPTED","payload":{"clientSequence":176,"action":"SPACE_ACTION"}}
[21:27:33] [Render thread/INFO] (PiriRuntimeAcceptance) PIRI_PHASE02_PACKET {"type":"PUBLIC_STATE","payload":{"sessionId":"64238a28-ddc2-4620-9ea6-0f6a184c318e","machineId":1,"expectedNextClientSequence":177,"gameState":"NORMAL_BETTED","lifecycle":"ACTIVE","credit":5,"heldMedals":753,"bet":3,"pay":0,"bonusCount":0,"lampOn":false,"displayStops":{"left":17,"center":11,"right":20},"stoppedMask":7}}
[21:27:34] [Render thread/INFO] (PiriRuntimeAcceptance) PIRI_PHASE02_PACKET {"type":"ACTION_ACCEPTED","payload":{"clientSequence":177,"action":"SPACE_ACTION"}}
[21:27:34] [Render thread/INFO] (PiriRuntimeAcceptance) PIRI_PHASE02_PACKET {"type":"PUBLIC_STATE","payload":{"sessionId":"64238a28-ddc2-4620-9ea6-0f6a184c318e","machineId":1,"expectedNextClientSequence":178,"gameState":"NORMAL_SPINNING","lifecycle":"ACTIVE","credit":5,"heldMedals":753,"bet":3,"pay":0,"bonusCount":0,"lampOn":false,"displayStops":{"left":17,"center":11,"right":20},"stoppedMask":0}}
[21:27:34] [Render thread/INFO] (PiriRuntimeAcceptance) PIRI_PHASE02_PACKET {"type":"SPIN_START","payload":{"sessionId":"64238a28-ddc2-4620-9ea6-0f6a184c318e","machineId":1,"spinId":"72d10aa6-7a9a-42c2-84f1-33cab455ee12","mode":"NORMAL","animation":"NORMAL","startPhase":{"left":17.0,"center":11.0,"right":20.0},"stopEnableAfterMs":400}}
[21:27:34] [Render thread/INFO] (PiriRuntimeAcceptance) PIRI_PHASE02_PACKET {"type":"ACTION_ACCEPTED","payload":{"clientSequence":178,"action":"STOP_RIGHT"}}
[21:27:34] [Render thread/INFO] (PiriRuntimeAcceptance) PIRI_PHASE02_PACKET {"type":"REEL_STOP","payload":{"spinId":"72d10aa6-7a9a-42c2-84f1-33cab455ee12","reel":"RIGHT","pressedIndex":13,"stopIndex":13,"slip":0,"durationMs":80}}
[21:27:34] [Render thread/INFO] (PiriRuntimeAcceptance) PIRI_PHASE02_PACKET {"type":"PUBLIC_STATE","payload":{"sessionId":"64238a28-ddc2-4620-9ea6-0f6a184c318e","machineId":1,"expectedNextClientSequence":179,"gameState":"NORMAL_SPINNING","lifecycle":"ACTIVE","credit":5,"heldMedals":753,"bet":3,"pay":0,"bonusCount":0,"lampOn":false,"displayStops":{"left":17,"center":11,"right":13},"stoppedMask":4}}
[21:27:35] [Render thread/INFO] (PiriRuntimeAcceptance) PIRI_PHASE02_PACKET {"type":"ACTION_ACCEPTED","payload":{"clientSequence":179,"action":"STOP_CENTER"}}
[21:27:35] [Render thread/INFO] (PiriRuntimeAcceptance) PIRI_PHASE02_PACKET {"type":"REEL_STOP","payload":{"spinId":"72d10aa6-7a9a-42c2-84f1-33cab455ee12","reel":"CENTER","pressedIndex":15,"stopIndex":15,"slip":0,"durationMs":80}}
[21:27:35] [Render thread/INFO] (PiriRuntimeAcceptance) PIRI_PHASE02_PACKET {"type":"PUBLIC_STATE","payload":{"sessionId":"64238a28-ddc2-4620-9ea6-0f6a184c318e","machineId":1,"expectedNextClientSequence":180,"gameState":"NORMAL_SPINNING","lifecycle":"ACTIVE","credit":5,"heldMedals":753,"bet":3,"pay":0,"bonusCount":0,"lampOn":false,"displayStops":{"left":17,"center":15,"right":13},"stoppedMask":6}}
[21:27:35] [Render thread/INFO] (PiriRuntimeAcceptance) PIRI_PHASE02_PACKET {"type":"ACTION_ACCEPTED","payload":{"clientSequence":180,"action":"STOP_LEFT"}}
[21:27:35] [Render thread/INFO] (PiriRuntimeAcceptance) PIRI_PHASE02_PACKET {"type":"REEL_STOP","payload":{"spinId":"72d10aa6-7a9a-42c2-84f1-33cab455ee12","reel":"LEFT","pressedIndex":12,"stopIndex":12,"slip":0,"durationMs":80}}
[21:27:35] [Render thread/INFO] (PiriRuntimeAcceptance) PIRI_PHASE02_PACKET {"type":"PUBLIC_STATE","payload":{"sessionId":"64238a28-ddc2-4620-9ea6-0f6a184c318e","machineId":1,"expectedNextClientSequence":181,"gameState":"SEATED_READY","lifecycle":"ACTIVE","credit":5,"heldMedals":753,"bet":0,"pay":0,"bonusCount":0,"lampOn":false,"displayStops":{"left":12,"center":15,"right":13},"stoppedMask":7}}
[21:27:36] [Render thread/INFO] (PiriRuntimeAcceptance) PIRI_PHASE02_PACKET {"type":"ACTION_ACCEPTED","payload":{"clientSequence":181,"action":"SPACE_ACTION"}}
[21:27:36] [Render thread/INFO] (PiriRuntimeAcceptance) PIRI_PHASE02_PACKET {"type":"PUBLIC_STATE","payload":{"sessionId":"64238a28-ddc2-4620-9ea6-0f6a184c318e","machineId":1,"expectedNextClientSequence":182,"gameState":"NORMAL_BETTED","lifecycle":"ACTIVE","credit":2,"heldMedals":753,"bet":3,"pay":0,"bonusCount":0,"lampOn":false,"displayStops":{"left":12,"center":15,"right":13},"stoppedMask":7}}
[21:27:36] [Render thread/INFO] (PiriRuntimeAcceptance) PIRI_PHASE02_PACKET {"type":"ACTION_ACCEPTED","payload":{"clientSequence":182,"action":"SPACE_ACTION"}}
[21:27:36] [Render thread/INFO] (PiriRuntimeAcceptance) PIRI_PHASE02_PACKET {"type":"PUBLIC_STATE","payload":{"sessionId":"64238a28-ddc2-4620-9ea6-0f6a184c318e","machineId":1,"expectedNextClientSequence":183,"gameState":"NORMAL_SPINNING","lifecycle":"ACTIVE","credit":2,"heldMedals":753,"bet":3,"pay":0,"bonusCount":0,"lampOn":false,"displayStops":{"left":12,"center":15,"right":13},"stoppedMask":0}}
[21:27:36] [Render thread/INFO] (PiriRuntimeAcceptance) PIRI_PHASE02_PACKET {"type":"SPIN_START","payload":{"sessionId":"64238a28-ddc2-4620-9ea6-0f6a184c318e","machineId":1,"spinId":"73a3b80a-8d8b-4b7a-950d-4259535ea1c8","mode":"NORMAL","animation":"NORMAL","startPhase":{"left":12.0,"center":15.0,"right":13.0},"stopEnableAfterMs":400}}
[21:27:37] [Render thread/INFO] (PiriRuntimeAcceptance) PIRI_PHASE02_PACKET {"type":"ACTION_ACCEPTED","payload":{"clientSequence":183,"action":"STOP_LEFT"}}
[21:27:37] [Render thread/INFO] (PiriRuntimeAcceptance) PIRI_PHASE02_PACKET {"type":"REEL_STOP","payload":{"spinId":"73a3b80a-8d8b-4b7a-950d-4259535ea1c8","reel":"LEFT","pressedIndex":5,"stopIndex":5,"slip":0,"durationMs":80}}
[21:27:37] [Render thread/INFO] (PiriRuntimeAcceptance) PIRI_PHASE02_PACKET {"type":"PUBLIC_STATE","payload":{"sessionId":"64238a28-ddc2-4620-9ea6-0f6a184c318e","machineId":1,"expectedNextClientSequence":184,"gameState":"NORMAL_SPINNING","lifecycle":"ACTIVE","credit":2,"heldMedals":753,"bet":3,"pay":0,"bonusCount":0,"lampOn":false,"displayStops":{"left":5,"center":15,"right":13},"stoppedMask":1}}
[21:27:38] [Render thread/INFO] (PiriRuntimeAcceptance) PIRI_PHASE02_PACKET {"type":"ACTION_ACCEPTED","payload":{"clientSequence":184,"action":"STOP_CENTER"}}
[21:27:38] [Render thread/INFO] (PiriRuntimeAcceptance) PIRI_PHASE02_PACKET {"type":"REEL_STOP","payload":{"spinId":"73a3b80a-8d8b-4b7a-950d-4259535ea1c8","reel":"CENTER","pressedIndex":20,"stopIndex":20,"slip":0,"durationMs":80}}
[21:27:38] [Render thread/INFO] (PiriRuntimeAcceptance) PIRI_PHASE02_PACKET {"type":"PUBLIC_STATE","payload":{"sessionId":"64238a28-ddc2-4620-9ea6-0f6a184c318e","machineId":1,"expectedNextClientSequence":185,"gameState":"NORMAL_SPINNING","lifecycle":"ACTIVE","credit":2,"heldMedals":753,"bet":3,"pay":0,"bonusCount":0,"lampOn":false,"displayStops":{"left":5,"center":20,"right":13},"stoppedMask":3}}
[21:27:38] [Render thread/INFO] (PiriRuntimeAcceptance) PIRI_PHASE02_PACKET {"type":"ACTION_ACCEPTED","payload":{"clientSequence":185,"action":"STOP_RIGHT"}}
[21:27:38] [Render thread/INFO] (PiriRuntimeAcceptance) PIRI_PHASE02_PACKET {"type":"REEL_STOP","payload":{"spinId":"73a3b80a-8d8b-4b7a-950d-4259535ea1c8","reel":"RIGHT","pressedIndex":9,"stopIndex":9,"slip":0,"durationMs":80}}
[21:27:38] [Render thread/INFO] (PiriRuntimeAcceptance) PIRI_PHASE02_PACKET {"type":"PUBLIC_STATE","payload":{"sessionId":"64238a28-ddc2-4620-9ea6-0f6a184c318e","machineId":1,"expectedNextClientSequence":186,"gameState":"SEATED_READY","lifecycle":"ACTIVE","credit":2,"heldMedals":753,"bet":0,"pay":0,"bonusCount":0,"lampOn":false,"displayStops":{"left":5,"center":20,"right":9},"stoppedMask":7}}
[21:27:39] [Render thread/INFO] (PiriRuntimeAcceptance) PIRI_PHASE02_PACKET {"type":"ACTION_ACCEPTED","payload":{"clientSequence":186,"action":"SPACE_ACTION"}}
[21:27:39] [Render thread/INFO] (PiriRuntimeAcceptance) PIRI_PHASE02_PACKET {"type":"PUBLIC_STATE","payload":{"sessionId":"64238a28-ddc2-4620-9ea6-0f6a184c318e","machineId":1,"expectedNextClientSequence":187,"gameState":"NORMAL_BETTED","lifecycle":"ACTIVE","credit":0,"heldMedals":752,"bet":3,"pay":0,"bonusCount":0,"lampOn":false,"displayStops":{"left":5,"center":20,"right":9},"stoppedMask":7}}
[21:27:39] [Render thread/INFO] (PiriRuntimeAcceptance) PIRI_PHASE02_PACKET {"type":"ACTION_ACCEPTED","payload":{"clientSequence":187,"action":"SPACE_ACTION"}}
[21:27:39] [Render thread/INFO] (PiriRuntimeAcceptance) PIRI_PHASE02_PACKET {"type":"PUBLIC_STATE","payload":{"sessionId":"64238a28-ddc2-4620-9ea6-0f6a184c318e","machineId":1,"expectedNextClientSequence":188,"gameState":"NORMAL_SPINNING","lifecycle":"ACTIVE","credit":0,"heldMedals":752,"bet":3,"pay":0,"bonusCount":0,"lampOn":false,"displayStops":{"left":5,"center":20,"right":9},"stoppedMask":0}}
[21:27:39] [Render thread/INFO] (PiriRuntimeAcceptance) PIRI_PHASE02_PACKET {"type":"SPIN_START","payload":{"sessionId":"64238a28-ddc2-4620-9ea6-0f6a184c318e","machineId":1,"spinId":"4914aa2d-9c44-4679-b8d5-d069886971d5","mode":"NORMAL","animation":"NORMAL","startPhase":{"left":5.0,"center":20.0,"right":9.0},"stopEnableAfterMs":400}}
[21:27:40] [Render thread/INFO] (PiriRuntimeAcceptance) PIRI_PHASE02_PACKET {"type":"ACTION_ACCEPTED","payload":{"clientSequence":188,"action":"STOP_LEFT"}}
[21:27:40] [Render thread/INFO] (PiriRuntimeAcceptance) PIRI_PHASE02_PACKET {"type":"REEL_STOP","payload":{"spinId":"4914aa2d-9c44-4679-b8d5-d069886971d5","reel":"LEFT","pressedIndex":18,"stopIndex":18,"slip":0,"durationMs":80}}
[21:27:40] [Render thread/INFO] (PiriRuntimeAcceptance) PIRI_PHASE02_PACKET {"type":"PUBLIC_STATE","payload":{"sessionId":"64238a28-ddc2-4620-9ea6-0f6a184c318e","machineId":1,"expectedNextClientSequence":189,"gameState":"NORMAL_SPINNING","lifecycle":"ACTIVE","credit":0,"heldMedals":752,"bet":3,"pay":0,"bonusCount":0,"lampOn":false,"displayStops":{"left":18,"center":20,"right":9},"stoppedMask":1}}
[21:27:40] [Render thread/INFO] (PiriRuntimeAcceptance) PIRI_PHASE02_PACKET {"type":"ACTION_ACCEPTED","payload":{"clientSequence":189,"action":"STOP_RIGHT"}}
[21:27:40] [Render thread/INFO] (PiriRuntimeAcceptance) PIRI_PHASE02_PACKET {"type":"REEL_STOP","payload":{"spinId":"4914aa2d-9c44-4679-b8d5-d069886971d5","reel":"RIGHT","pressedIndex":13,"stopIndex":13,"slip":0,"durationMs":80}}
[21:27:40] [Render thread/INFO] (PiriRuntimeAcceptance) PIRI_PHASE02_PACKET {"type":"PUBLIC_STATE","payload":{"sessionId":"64238a28-ddc2-4620-9ea6-0f6a184c318e","machineId":1,"expectedNextClientSequence":190,"gameState":"NORMAL_SPINNING","lifecycle":"ACTIVE","credit":0,"heldMedals":752,"bet":3,"pay":0,"bonusCount":0,"lampOn":false,"displayStops":{"left":18,"center":20,"right":13},"stoppedMask":5}}
[21:27:41] [Render thread/INFO] (PiriRuntimeAcceptance) PIRI_PHASE02_PACKET {"type":"ACTION_ACCEPTED","payload":{"clientSequence":190,"action":"STOP_CENTER"}}
[21:27:41] [Render thread/INFO] (PiriRuntimeAcceptance) PIRI_PHASE02_PACKET {"type":"REEL_STOP","payload":{"spinId":"4914aa2d-9c44-4679-b8d5-d069886971d5","reel":"CENTER","pressedIndex":15,"stopIndex":15,"slip":0,"durationMs":80}}
[21:27:41] [Render thread/INFO] (PiriRuntimeAcceptance) PIRI_PHASE02_PACKET {"type":"PUBLIC_STATE","payload":{"sessionId":"64238a28-ddc2-4620-9ea6-0f6a184c318e","machineId":1,"expectedNextClientSequence":191,"gameState":"SEATED_READY","lifecycle":"ACTIVE","credit":0,"heldMedals":752,"bet":0,"pay":0,"bonusCount":0,"lampOn":false,"displayStops":{"left":18,"center":15,"right":13},"stoppedMask":7}}
[21:27:41] [Render thread/INFO] (PiriRuntimeAcceptance) PIRI_PHASE02_PACKET {"type":"ACTION_ACCEPTED","payload":{"clientSequence":191,"action":"SPACE_ACTION"}}
[21:27:41] [Render thread/INFO] (PiriRuntimeAcceptance) PIRI_PHASE02_PACKET {"type":"PUBLIC_STATE","payload":{"sessionId":"64238a28-ddc2-4620-9ea6-0f6a184c318e","machineId":1,"expectedNextClientSequence":192,"gameState":"NORMAL_BETTED","lifecycle":"ACTIVE","credit":0,"heldMedals":749,"bet":3,"pay":0,"bonusCount":0,"lampOn":false,"displayStops":{"left":18,"center":15,"right":13},"stoppedMask":7}}
[21:27:42] [Render thread/INFO] (PiriRuntimeAcceptance) PIRI_PHASE02_PACKET {"type":"ACTION_ACCEPTED","payload":{"clientSequence":192,"action":"SPACE_ACTION"}}
[21:27:42] [Render thread/INFO] (PiriRuntimeAcceptance) PIRI_PHASE02_PACKET {"type":"PUBLIC_STATE","payload":{"sessionId":"64238a28-ddc2-4620-9ea6-0f6a184c318e","machineId":1,"expectedNextClientSequence":193,"gameState":"NORMAL_SPINNING","lifecycle":"ACTIVE","credit":0,"heldMedals":749,"bet":3,"pay":0,"bonusCount":0,"lampOn":false,"displayStops":{"left":18,"center":15,"right":13},"stoppedMask":0}}
[21:27:42] [Render thread/INFO] (PiriRuntimeAcceptance) PIRI_PHASE02_PACKET {"type":"SPIN_START","payload":{"sessionId":"64238a28-ddc2-4620-9ea6-0f6a184c318e","machineId":1,"spinId":"14c998ee-6ece-4d90-9d13-234e21b00040","mode":"NORMAL","animation":"NORMAL","startPhase":{"left":18.0,"center":15.0,"right":13.0},"stopEnableAfterMs":400}}
[21:27:43] [Render thread/INFO] (PiriRuntimeAcceptance) PIRI_PHASE02_PACKET {"type":"ACTION_ACCEPTED","payload":{"clientSequence":193,"action":"STOP_CENTER"}}
[21:27:43] [Render thread/INFO] (PiriRuntimeAcceptance) PIRI_PHASE02_PACKET {"type":"REEL_STOP","payload":{"spinId":"14c998ee-6ece-4d90-9d13-234e21b00040","reel":"CENTER","pressedIndex":7,"stopIndex":7,"slip":0,"durationMs":80}}
[21:27:43] [Render thread/INFO] (PiriRuntimeAcceptance) PIRI_PHASE02_PACKET {"type":"PUBLIC_STATE","payload":{"sessionId":"64238a28-ddc2-4620-9ea6-0f6a184c318e","machineId":1,"expectedNextClientSequence":194,"gameState":"NORMAL_SPINNING","lifecycle":"ACTIVE","credit":0,"heldMedals":749,"bet":3,"pay":0,"bonusCount":0,"lampOn":false,"displayStops":{"left":18,"center":7,"right":13},"stoppedMask":2}}
[21:27:43] [Render thread/INFO] (PiriRuntimeAcceptance) PIRI_PHASE02_PACKET {"type":"ACTION_ACCEPTED","payload":{"clientSequence":194,"action":"STOP_LEFT"}}
[21:27:43] [Render thread/INFO] (PiriRuntimeAcceptance) PIRI_PHASE02_PACKET {"type":"REEL_STOP","payload":{"spinId":"14c998ee-6ece-4d90-9d13-234e21b00040","reel":"LEFT","pressedIndex":1,"stopIndex":1,"slip":0,"durationMs":80}}
[21:27:43] [Render thread/INFO] (PiriRuntimeAcceptance) PIRI_PHASE02_PACKET {"type":"PUBLIC_STATE","payload":{"sessionId":"64238a28-ddc2-4620-9ea6-0f6a184c318e","machineId":1,"expectedNextClientSequence":195,"gameState":"NORMAL_SPINNING","lifecycle":"ACTIVE","credit":0,"heldMedals":749,"bet":3,"pay":0,"bonusCount":0,"lampOn":false,"displayStops":{"left":1,"center":7,"right":13},"stoppedMask":3}}
[21:27:44] [Render thread/INFO] (PiriRuntimeAcceptance) PIRI_PHASE02_PACKET {"type":"ACTION_ACCEPTED","payload":{"clientSequence":195,"action":"STOP_RIGHT"}}
[21:27:44] [Render thread/INFO] (PiriRuntimeAcceptance) PIRI_PHASE02_PACKET {"type":"REEL_STOP","payload":{"spinId":"14c998ee-6ece-4d90-9d13-234e21b00040","reel":"RIGHT","pressedIndex":8,"stopIndex":8,"slip":0,"durationMs":80}}
[21:27:44] [Render thread/INFO] (PiriRuntimeAcceptance) PIRI_PHASE02_PACKET {"type":"PUBLIC_STATE","payload":{"sessionId":"64238a28-ddc2-4620-9ea6-0f6a184c318e","machineId":1,"expectedNextClientSequence":196,"gameState":"SEATED_READY","lifecycle":"ACTIVE","credit":0,"heldMedals":749,"bet":0,"pay":0,"bonusCount":0,"lampOn":false,"displayStops":{"left":1,"center":7,"right":8},"stoppedMask":7}}
[21:27:44] [Render thread/INFO] (PiriRuntimeAcceptance) PIRI_PHASE02_PACKET {"type":"ACTION_ACCEPTED","payload":{"clientSequence":196,"action":"SPACE_ACTION"}}
[21:27:44] [Render thread/INFO] (PiriRuntimeAcceptance) PIRI_PHASE02_PACKET {"type":"PUBLIC_STATE","payload":{"sessionId":"64238a28-ddc2-4620-9ea6-0f6a184c318e","machineId":1,"expectedNextClientSequence":197,"gameState":"NORMAL_BETTED","lifecycle":"ACTIVE","credit":0,"heldMedals":746,"bet":3,"pay":0,"bonusCount":0,"lampOn":false,"displayStops":{"left":1,"center":7,"right":8},"stoppedMask":7}}
[21:27:45] [Render thread/INFO] (PiriRuntimeAcceptance) PIRI_PHASE02_PACKET {"type":"ACTION_ACCEPTED","payload":{"clientSequence":197,"action":"SPACE_ACTION"}}
[21:27:45] [Render thread/INFO] (PiriRuntimeAcceptance) PIRI_PHASE02_PACKET {"type":"PUBLIC_STATE","payload":{"sessionId":"64238a28-ddc2-4620-9ea6-0f6a184c318e","machineId":1,"expectedNextClientSequence":198,"gameState":"NORMAL_SPINNING","lifecycle":"ACTIVE","credit":0,"heldMedals":746,"bet":3,"pay":0,"bonusCount":0,"lampOn":false,"displayStops":{"left":1,"center":7,"right":8},"stoppedMask":0}}
[21:27:45] [Render thread/INFO] (PiriRuntimeAcceptance) PIRI_PHASE02_PACKET {"type":"SPIN_START","payload":{"sessionId":"64238a28-ddc2-4620-9ea6-0f6a184c318e","machineId":1,"spinId":"6b595921-6366-439c-a802-0d704cc2391a","mode":"NORMAL","animation":"NORMAL","startPhase":{"left":1.0,"center":7.0,"right":8.0},"stopEnableAfterMs":400}}
[21:27:46] [Render thread/INFO] (PiriRuntimeAcceptance) PIRI_PHASE02_PACKET {"type":"ACTION_ACCEPTED","payload":{"clientSequence":198,"action":"STOP_CENTER"}}
[21:27:46] [Render thread/INFO] (PiriRuntimeAcceptance) PIRI_PHASE02_PACKET {"type":"REEL_STOP","payload":{"spinId":"6b595921-6366-439c-a802-0d704cc2391a","reel":"CENTER","pressedIndex":20,"stopIndex":20,"slip":0,"durationMs":80}}
[21:27:46] [Render thread/INFO] (PiriRuntimeAcceptance) PIRI_PHASE02_PACKET {"type":"PUBLIC_STATE","payload":{"sessionId":"64238a28-ddc2-4620-9ea6-0f6a184c318e","machineId":1,"expectedNextClientSequence":199,"gameState":"NORMAL_SPINNING","lifecycle":"ACTIVE","credit":0,"heldMedals":746,"bet":3,"pay":0,"bonusCount":0,"lampOn":false,"displayStops":{"left":1,"center":20,"right":8},"stoppedMask":2}}
[21:27:46] [Render thread/INFO] (PiriRuntimeAcceptance) PIRI_PHASE02_PACKET {"type":"ACTION_ACCEPTED","payload":{"clientSequence":199,"action":"STOP_RIGHT"}}
[21:27:46] [Render thread/INFO] (PiriRuntimeAcceptance) PIRI_PHASE02_PACKET {"type":"REEL_STOP","payload":{"spinId":"6b595921-6366-439c-a802-0d704cc2391a","reel":"RIGHT","pressedIndex":12,"stopIndex":12,"slip":0,"durationMs":80}}
[21:27:46] [Render thread/INFO] (PiriRuntimeAcceptance) PIRI_PHASE02_PACKET {"type":"PUBLIC_STATE","payload":{"sessionId":"64238a28-ddc2-4620-9ea6-0f6a184c318e","machineId":1,"expectedNextClientSequence":200,"gameState":"NORMAL_SPINNING","lifecycle":"ACTIVE","credit":0,"heldMedals":746,"bet":3,"pay":0,"bonusCount":0,"lampOn":false,"displayStops":{"left":1,"center":20,"right":12},"stoppedMask":6}}
[21:27:47] [Render thread/INFO] (PiriRuntimeAcceptance) PIRI_PHASE02_PACKET {"type":"ACTION_ACCEPTED","payload":{"clientSequence":200,"action":"STOP_LEFT"}}
[21:27:47] [Render thread/INFO] (PiriRuntimeAcceptance) PIRI_PHASE02_PACKET {"type":"REEL_STOP","payload":{"spinId":"6b595921-6366-439c-a802-0d704cc2391a","reel":"LEFT","pressedIndex":17,"stopIndex":17,"slip":0,"durationMs":80}}
[21:27:47] [Render thread/INFO] (PiriRuntimeAcceptance) PIRI_PHASE02_PACKET {"type":"PAYOUT","payload":{}}
[21:27:47] [Render thread/INFO] (PiriRuntimeAcceptance) PIRI_PHASE02_PACKET {"type":"PUBLIC_STATE","payload":{"sessionId":"64238a28-ddc2-4620-9ea6-0f6a184c318e","machineId":1,"expectedNextClientSequence":201,"gameState":"SEATED_READY","lifecycle":"ACTIVE","credit":8,"heldMedals":746,"bet":0,"pay":8,"bonusCount":0,"lampOn":false,"displayStops":{"left":17,"center":20,"right":12},"stoppedMask":7}}
[21:27:47] [Render thread/INFO] (PiriRuntimeAcceptance) PIRI_PHASE02_PACKET {"type":"ACTION_ACCEPTED","payload":{"clientSequence":201,"action":"SPACE_ACTION"}}
[21:27:47] [Render thread/INFO] (PiriRuntimeAcceptance) PIRI_PHASE02_PACKET {"type":"PUBLIC_STATE","payload":{"sessionId":"64238a28-ddc2-4620-9ea6-0f6a184c318e","machineId":1,"expectedNextClientSequence":202,"gameState":"NORMAL_BETTED","lifecycle":"ACTIVE","credit":5,"heldMedals":746,"bet":3,"pay":0,"bonusCount":0,"lampOn":false,"displayStops":{"left":17,"center":20,"right":12},"stoppedMask":7}}
[21:27:48] [Render thread/INFO] (PiriRuntimeAcceptance) PIRI_PHASE02_PACKET {"type":"ACTION_ACCEPTED","payload":{"clientSequence":202,"action":"SPACE_ACTION"}}
[21:27:48] [Render thread/INFO] (PiriRuntimeAcceptance) PIRI_PHASE02_PACKET {"type":"PUBLIC_STATE","payload":{"sessionId":"64238a28-ddc2-4620-9ea6-0f6a184c318e","machineId":1,"expectedNextClientSequence":203,"gameState":"NORMAL_SPINNING","lifecycle":"ACTIVE","credit":5,"heldMedals":746,"bet":3,"pay":0,"bonusCount":0,"lampOn":false,"displayStops":{"left":17,"center":20,"right":12},"stoppedMask":0}}
[21:27:48] [Render thread/INFO] (PiriRuntimeAcceptance) PIRI_PHASE02_PACKET {"type":"SPIN_START","payload":{"sessionId":"64238a28-ddc2-4620-9ea6-0f6a184c318e","machineId":1,"spinId":"a75638d6-7ac3-4ae0-bb16-37bf979ea057","mode":"NORMAL","animation":"NORMAL","startPhase":{"left":17.0,"center":20.0,"right":12.0},"stopEnableAfterMs":400}}
[21:27:48] [Render thread/INFO] (PiriRuntimeAcceptance) PIRI_PHASE02_PACKET {"type":"ACTION_ACCEPTED","payload":{"clientSequence":203,"action":"STOP_RIGHT"}}
[21:27:48] [Render thread/INFO] (PiriRuntimeAcceptance) PIRI_PHASE02_PACKET {"type":"REEL_STOP","payload":{"spinId":"a75638d6-7ac3-4ae0-bb16-37bf979ea057","reel":"RIGHT","pressedIndex":4,"stopIndex":4,"slip":0,"durationMs":80}}
[21:27:48] [Render thread/INFO] (PiriRuntimeAcceptance) PIRI_PHASE02_PACKET {"type":"PUBLIC_STATE","payload":{"sessionId":"64238a28-ddc2-4620-9ea6-0f6a184c318e","machineId":1,"expectedNextClientSequence":204,"gameState":"NORMAL_SPINNING","lifecycle":"ACTIVE","credit":5,"heldMedals":746,"bet":3,"pay":0,"bonusCount":0,"lampOn":false,"displayStops":{"left":17,"center":20,"right":4},"stoppedMask":4}}
[21:27:49] [Render thread/INFO] (PiriRuntimeAcceptance) PIRI_PHASE02_PACKET {"type":"ACTION_ACCEPTED","payload":{"clientSequence":204,"action":"STOP_LEFT"}}
[21:27:49] [Render thread/INFO] (PiriRuntimeAcceptance) PIRI_PHASE02_PACKET {"type":"REEL_STOP","payload":{"spinId":"a75638d6-7ac3-4ae0-bb16-37bf979ea057","reel":"LEFT","pressedIndex":0,"stopIndex":18,"slip":3,"durationMs":230}}
[21:27:49] [Render thread/INFO] (PiriRuntimeAcceptance) PIRI_PHASE02_PACKET {"type":"PUBLIC_STATE","payload":{"sessionId":"64238a28-ddc2-4620-9ea6-0f6a184c318e","machineId":1,"expectedNextClientSequence":205,"gameState":"NORMAL_SPINNING","lifecycle":"ACTIVE","credit":5,"heldMedals":746,"bet":3,"pay":0,"bonusCount":0,"lampOn":false,"displayStops":{"left":18,"center":20,"right":4},"stoppedMask":5}}
[21:27:49] [Render thread/INFO] (PiriRuntimeAcceptance) PIRI_PHASE02_PACKET {"type":"ACTION_ACCEPTED","payload":{"clientSequence":205,"action":"STOP_CENTER"}}
[21:27:49] [Render thread/INFO] (PiriRuntimeAcceptance) PIRI_PHASE02_PACKET {"type":"REEL_STOP","payload":{"spinId":"a75638d6-7ac3-4ae0-bb16-37bf979ea057","reel":"CENTER","pressedIndex":15,"stopIndex":15,"slip":0,"durationMs":80}}
[21:27:49] [Render thread/INFO] (PiriRuntimeAcceptance) PIRI_PHASE02_PACKET {"type":"PUBLIC_STATE","payload":{"sessionId":"64238a28-ddc2-4620-9ea6-0f6a184c318e","machineId":1,"expectedNextClientSequence":206,"gameState":"SEATED_READY","lifecycle":"ACTIVE","credit":5,"heldMedals":746,"bet":0,"pay":0,"bonusCount":0,"lampOn":false,"displayStops":{"left":18,"center":15,"right":4},"stoppedMask":7}}
[21:27:50] [Render thread/INFO] (PiriRuntimeAcceptance) PIRI_PHASE02_PACKET {"type":"ACTION_ACCEPTED","payload":{"clientSequence":206,"action":"SPACE_ACTION"}}
[21:27:50] [Render thread/INFO] (PiriRuntimeAcceptance) PIRI_PHASE02_PACKET {"type":"PUBLIC_STATE","payload":{"sessionId":"64238a28-ddc2-4620-9ea6-0f6a184c318e","machineId":1,"expectedNextClientSequence":207,"gameState":"NORMAL_BETTED","lifecycle":"ACTIVE","credit":2,"heldMedals":746,"bet":3,"pay":0,"bonusCount":0,"lampOn":false,"displayStops":{"left":18,"center":15,"right":4},"stoppedMask":7}}
[21:27:50] [Render thread/INFO] (PiriRuntimeAcceptance) PIRI_PHASE02_PACKET {"type":"ACTION_ACCEPTED","payload":{"clientSequence":207,"action":"SPACE_ACTION"}}
[21:27:50] [Render thread/INFO] (PiriRuntimeAcceptance) PIRI_PHASE02_PACKET {"type":"PUBLIC_STATE","payload":{"sessionId":"64238a28-ddc2-4620-9ea6-0f6a184c318e","machineId":1,"expectedNextClientSequence":208,"gameState":"NORMAL_SPINNING","lifecycle":"ACTIVE","credit":2,"heldMedals":746,"bet":3,"pay":0,"bonusCount":0,"lampOn":false,"displayStops":{"left":18,"center":15,"right":4},"stoppedMask":0}}
[21:27:50] [Render thread/INFO] (PiriRuntimeAcceptance) PIRI_PHASE02_PACKET {"type":"SPIN_START","payload":{"sessionId":"64238a28-ddc2-4620-9ea6-0f6a184c318e","machineId":1,"spinId":"4cfdfa9b-68c5-43ae-974b-3434747b88f8","mode":"NORMAL","animation":"NORMAL","startPhase":{"left":18.0,"center":15.0,"right":4.0},"stopEnableAfterMs":400}}
[21:27:51] [Render thread/INFO] (PiriRuntimeAcceptance) PIRI_PHASE02_PACKET {"type":"ACTION_ACCEPTED","payload":{"clientSequence":208,"action":"STOP_RIGHT"}}
[21:27:51] [Render thread/INFO] (PiriRuntimeAcceptance) PIRI_PHASE02_PACKET {"type":"REEL_STOP","payload":{"spinId":"4cfdfa9b-68c5-43ae-974b-3434747b88f8","reel":"RIGHT","pressedIndex":18,"stopIndex":18,"slip":0,"durationMs":80}}
[21:27:51] [Render thread/INFO] (PiriRuntimeAcceptance) PIRI_PHASE02_PACKET {"type":"PUBLIC_STATE","payload":{"sessionId":"64238a28-ddc2-4620-9ea6-0f6a184c318e","machineId":1,"expectedNextClientSequence":209,"gameState":"NORMAL_SPINNING","lifecycle":"ACTIVE","credit":2,"heldMedals":746,"bet":3,"pay":0,"bonusCount":0,"lampOn":false,"displayStops":{"left":18,"center":15,"right":18},"stoppedMask":4}}
[21:27:52] [Render thread/INFO] (PiriRuntimeAcceptance) PIRI_PHASE02_PACKET {"type":"ACTION_ACCEPTED","payload":{"clientSequence":209,"action":"STOP_CENTER"}}
[21:27:52] [Render thread/INFO] (PiriRuntimeAcceptance) PIRI_PHASE02_PACKET {"type":"REEL_STOP","payload":{"spinId":"4cfdfa9b-68c5-43ae-974b-3434747b88f8","reel":"CENTER","pressedIndex":15,"stopIndex":15,"slip":0,"durationMs":80}}
[21:27:52] [Render thread/INFO] (PiriRuntimeAcceptance) PIRI_PHASE02_PACKET {"type":"PUBLIC_STATE","payload":{"sessionId":"64238a28-ddc2-4620-9ea6-0f6a184c318e","machineId":1,"expectedNextClientSequence":210,"gameState":"NORMAL_SPINNING","lifecycle":"ACTIVE","credit":2,"heldMedals":746,"bet":3,"pay":0,"bonusCount":0,"lampOn":false,"displayStops":{"left":18,"center":15,"right":18},"stoppedMask":6}}
[21:27:52] [Render thread/INFO] (PiriRuntimeAcceptance) PIRI_PHASE02_PACKET {"type":"ACTION_ACCEPTED","payload":{"clientSequence":210,"action":"STOP_LEFT"}}
[21:27:52] [Render thread/INFO] (PiriRuntimeAcceptance) PIRI_PHASE02_PACKET {"type":"REEL_STOP","payload":{"spinId":"4cfdfa9b-68c5-43ae-974b-3434747b88f8","reel":"LEFT","pressedIndex":9,"stopIndex":5,"slip":4,"durationMs":280}}
[21:27:52] [Render thread/INFO] (PiriRuntimeAcceptance) PIRI_PHASE02_PACKET {"type":"PUBLIC_STATE","payload":{"sessionId":"64238a28-ddc2-4620-9ea6-0f6a184c318e","machineId":1,"expectedNextClientSequence":211,"gameState":"SEATED_READY","lifecycle":"ACTIVE","credit":2,"heldMedals":746,"bet":0,"pay":0,"bonusCount":0,"lampOn":false,"displayStops":{"left":5,"center":15,"right":18},"stoppedMask":7}}
[21:27:53] [Render thread/INFO] (PiriRuntimeAcceptance) PIRI_PHASE02_PACKET {"type":"ACTION_ACCEPTED","payload":{"clientSequence":211,"action":"SPACE_ACTION"}}
[21:27:53] [Render thread/INFO] (PiriRuntimeAcceptance) PIRI_PHASE02_PACKET {"type":"PUBLIC_STATE","payload":{"sessionId":"64238a28-ddc2-4620-9ea6-0f6a184c318e","machineId":1,"expectedNextClientSequence":212,"gameState":"NORMAL_BETTED","lifecycle":"ACTIVE","credit":0,"heldMedals":745,"bet":3,"pay":0,"bonusCount":0,"lampOn":false,"displayStops":{"left":5,"center":15,"right":18},"stoppedMask":7}}
[21:27:54] [Render thread/INFO] (PiriRuntimeAcceptance) PIRI_PHASE02_PACKET {"type":"ACTION_ACCEPTED","payload":{"clientSequence":212,"action":"SPACE_ACTION"}}
[21:27:54] [Render thread/INFO] (PiriRuntimeAcceptance) PIRI_PHASE02_PACKET {"type":"PUBLIC_STATE","payload":{"sessionId":"64238a28-ddc2-4620-9ea6-0f6a184c318e","machineId":1,"expectedNextClientSequence":213,"gameState":"NORMAL_SPINNING","lifecycle":"ACTIVE","credit":0,"heldMedals":745,"bet":3,"pay":0,"bonusCount":0,"lampOn":false,"displayStops":{"left":5,"center":15,"right":18},"stoppedMask":0}}
[21:27:54] [Render thread/INFO] (PiriRuntimeAcceptance) PIRI_PHASE02_PACKET {"type":"SPIN_START","payload":{"sessionId":"64238a28-ddc2-4620-9ea6-0f6a184c318e","machineId":1,"spinId":"897c169d-18aa-438f-b962-56ebe9efe852","mode":"NORMAL","animation":"NORMAL","startPhase":{"left":5.0,"center":15.0,"right":18.0},"stopEnableAfterMs":400}}
[21:27:54] [Render thread/INFO] (PiriRuntimeAcceptance) PIRI_PHASE02_PACKET {"type":"ACTION_ACCEPTED","payload":{"clientSequence":213,"action":"STOP_LEFT"}}
[21:27:54] [Render thread/INFO] (PiriRuntimeAcceptance) PIRI_PHASE02_PACKET {"type":"REEL_STOP","payload":{"spinId":"897c169d-18aa-438f-b962-56ebe9efe852","reel":"LEFT","pressedIndex":19,"stopIndex":18,"slip":1,"durationMs":130}}
[21:27:54] [Render thread/INFO] (PiriRuntimeAcceptance) PIRI_PHASE02_PACKET {"type":"PUBLIC_STATE","payload":{"sessionId":"64238a28-ddc2-4620-9ea6-0f6a184c318e","machineId":1,"expectedNextClientSequence":214,"gameState":"NORMAL_SPINNING","lifecycle":"ACTIVE","credit":0,"heldMedals":745,"bet":3,"pay":0,"bonusCount":0,"lampOn":false,"displayStops":{"left":18,"center":15,"right":18},"stoppedMask":1}}
[21:27:55] [Render thread/INFO] (PiriRuntimeAcceptance) PIRI_PHASE02_PACKET {"type":"ACTION_ACCEPTED","payload":{"clientSequence":214,"action":"STOP_CENTER"}}
[21:27:55] [Render thread/INFO] (PiriRuntimeAcceptance) PIRI_PHASE02_PACKET {"type":"REEL_STOP","payload":{"spinId":"897c169d-18aa-438f-b962-56ebe9efe852","reel":"CENTER","pressedIndex":20,"stopIndex":20,"slip":0,"durationMs":80}}
[21:27:55] [Render thread/INFO] (PiriRuntimeAcceptance) PIRI_PHASE02_PACKET {"type":"PUBLIC_STATE","payload":{"sessionId":"64238a28-ddc2-4620-9ea6-0f6a184c318e","machineId":1,"expectedNextClientSequence":215,"gameState":"NORMAL_SPINNING","lifecycle":"ACTIVE","credit":0,"heldMedals":745,"bet":3,"pay":0,"bonusCount":0,"lampOn":false,"displayStops":{"left":18,"center":20,"right":18},"stoppedMask":3}}
[21:27:56] [Render thread/INFO] (PiriRuntimeAcceptance) PIRI_PHASE02_PACKET {"type":"ACTION_ACCEPTED","payload":{"clientSequence":215,"action":"STOP_RIGHT"}}
[21:27:56] [Render thread/INFO] (PiriRuntimeAcceptance) PIRI_PHASE02_PACKET {"type":"REEL_STOP","payload":{"spinId":"897c169d-18aa-438f-b962-56ebe9efe852","reel":"RIGHT","pressedIndex":9,"stopIndex":9,"slip":0,"durationMs":80}}
[21:27:56] [Render thread/INFO] (PiriRuntimeAcceptance) PIRI_PHASE02_PACKET {"type":"PUBLIC_STATE","payload":{"sessionId":"64238a28-ddc2-4620-9ea6-0f6a184c318e","machineId":1,"expectedNextClientSequence":216,"gameState":"SEATED_READY","lifecycle":"ACTIVE","credit":0,"heldMedals":745,"bet":0,"pay":0,"bonusCount":0,"lampOn":false,"displayStops":{"left":18,"center":20,"right":9},"stoppedMask":7}}
[21:27:56] [Render thread/INFO] (PiriRuntimeAcceptance) PIRI_PHASE02_PACKET {"type":"ACTION_ACCEPTED","payload":{"clientSequence":216,"action":"SPACE_ACTION"}}
[21:27:56] [Render thread/INFO] (PiriRuntimeAcceptance) PIRI_PHASE02_PACKET {"type":"PUBLIC_STATE","payload":{"sessionId":"64238a28-ddc2-4620-9ea6-0f6a184c318e","machineId":1,"expectedNextClientSequence":217,"gameState":"NORMAL_BETTED","lifecycle":"ACTIVE","credit":0,"heldMedals":742,"bet":3,"pay":0,"bonusCount":0,"lampOn":false,"displayStops":{"left":18,"center":20,"right":9},"stoppedMask":7}}
[21:27:57] [Render thread/INFO] (PiriRuntimeAcceptance) PIRI_PHASE02_PACKET {"type":"ACTION_ACCEPTED","payload":{"clientSequence":217,"action":"SPACE_ACTION"}}
[21:27:57] [Render thread/INFO] (PiriRuntimeAcceptance) PIRI_PHASE02_PACKET {"type":"PUBLIC_STATE","payload":{"sessionId":"64238a28-ddc2-4620-9ea6-0f6a184c318e","machineId":1,"expectedNextClientSequence":218,"gameState":"NORMAL_SPINNING","lifecycle":"ACTIVE","credit":0,"heldMedals":742,"bet":3,"pay":0,"bonusCount":0,"lampOn":false,"displayStops":{"left":18,"center":20,"right":9},"stoppedMask":0}}
[21:27:57] [Render thread/INFO] (PiriRuntimeAcceptance) PIRI_PHASE02_PACKET {"type":"SPIN_START","payload":{"sessionId":"64238a28-ddc2-4620-9ea6-0f6a184c318e","machineId":1,"spinId":"57b5bd9b-376b-44d6-ac45-f5bf7600deca","mode":"NORMAL","animation":"NORMAL","startPhase":{"left":18.0,"center":20.0,"right":9.0},"stopEnableAfterMs":400}}
[21:27:57] [Render thread/INFO] (PiriRuntimeAcceptance) PIRI_PHASE02_PACKET {"type":"ACTION_ACCEPTED","payload":{"clientSequence":218,"action":"STOP_LEFT"}}
[21:27:57] [Render thread/INFO] (PiriRuntimeAcceptance) PIRI_PHASE02_PACKET {"type":"REEL_STOP","payload":{"spinId":"57b5bd9b-376b-44d6-ac45-f5bf7600deca","reel":"LEFT","pressedIndex":11,"stopIndex":11,"slip":0,"durationMs":80}}
[21:27:57] [Render thread/INFO] (PiriRuntimeAcceptance) PIRI_PHASE02_PACKET {"type":"PUBLIC_STATE","payload":{"sessionId":"64238a28-ddc2-4620-9ea6-0f6a184c318e","machineId":1,"expectedNextClientSequence":219,"gameState":"NORMAL_SPINNING","lifecycle":"ACTIVE","credit":0,"heldMedals":742,"bet":3,"pay":0,"bonusCount":0,"lampOn":false,"displayStops":{"left":11,"center":20,"right":9},"stoppedMask":1}}
[21:27:58] [Render thread/INFO] (PiriRuntimeAcceptance) PIRI_PHASE02_PACKET {"type":"ACTION_ACCEPTED","payload":{"clientSequence":219,"action":"STOP_RIGHT"}}
[21:27:58] [Render thread/INFO] (PiriRuntimeAcceptance) PIRI_PHASE02_PACKET {"type":"REEL_STOP","payload":{"spinId":"57b5bd9b-376b-44d6-ac45-f5bf7600deca","reel":"RIGHT","pressedIndex":14,"stopIndex":14,"slip":0,"durationMs":80}}
[21:27:58] [Render thread/INFO] (PiriRuntimeAcceptance) PIRI_PHASE02_PACKET {"type":"PUBLIC_STATE","payload":{"sessionId":"64238a28-ddc2-4620-9ea6-0f6a184c318e","machineId":1,"expectedNextClientSequence":220,"gameState":"NORMAL_SPINNING","lifecycle":"ACTIVE","credit":0,"heldMedals":742,"bet":3,"pay":0,"bonusCount":0,"lampOn":false,"displayStops":{"left":11,"center":20,"right":14},"stoppedMask":5}}
[21:27:58] [Render thread/INFO] (PiriRuntimeAcceptance) PIRI_PHASE02_PACKET {"type":"ACTION_ACCEPTED","payload":{"clientSequence":220,"action":"STOP_CENTER"}}
[21:27:58] [Render thread/INFO] (PiriRuntimeAcceptance) PIRI_PHASE02_PACKET {"type":"REEL_STOP","payload":{"spinId":"57b5bd9b-376b-44d6-ac45-f5bf7600deca","reel":"CENTER","pressedIndex":16,"stopIndex":13,"slip":3,"durationMs":230}}
[21:27:58] [Render thread/INFO] (PiriRuntimeAcceptance) PIRI_PHASE02_PACKET {"type":"PUBLIC_STATE","payload":{"sessionId":"64238a28-ddc2-4620-9ea6-0f6a184c318e","machineId":1,"expectedNextClientSequence":221,"gameState":"SEATED_READY","lifecycle":"ACTIVE","credit":0,"heldMedals":742,"bet":0,"pay":0,"bonusCount":0,"lampOn":false,"displayStops":{"left":11,"center":13,"right":14},"stoppedMask":7}}
[21:27:59] [Render thread/INFO] (PiriRuntimeAcceptance) PIRI_PHASE02_PACKET {"type":"ACTION_ACCEPTED","payload":{"clientSequence":221,"action":"SPACE_ACTION"}}
[21:27:59] [Render thread/INFO] (PiriRuntimeAcceptance) PIRI_PHASE02_PACKET {"type":"PUBLIC_STATE","payload":{"sessionId":"64238a28-ddc2-4620-9ea6-0f6a184c318e","machineId":1,"expectedNextClientSequence":222,"gameState":"NORMAL_BETTED","lifecycle":"ACTIVE","credit":0,"heldMedals":739,"bet":3,"pay":0,"bonusCount":0,"lampOn":false,"displayStops":{"left":11,"center":13,"right":14},"stoppedMask":7}}
[21:28:00] [Render thread/INFO] (PiriRuntimeAcceptance) PIRI_PHASE02_PACKET {"type":"ACTION_ACCEPTED","payload":{"clientSequence":222,"action":"SPACE_ACTION"}}
[21:28:00] [Render thread/INFO] (PiriRuntimeAcceptance) PIRI_PHASE02_PACKET {"type":"PUBLIC_STATE","payload":{"sessionId":"64238a28-ddc2-4620-9ea6-0f6a184c318e","machineId":1,"expectedNextClientSequence":223,"gameState":"NORMAL_SPINNING","lifecycle":"ACTIVE","credit":0,"heldMedals":739,"bet":3,"pay":0,"bonusCount":0,"lampOn":false,"displayStops":{"left":11,"center":13,"right":14},"stoppedMask":0}}
[21:28:00] [Render thread/INFO] (PiriRuntimeAcceptance) PIRI_PHASE02_PACKET {"type":"SPIN_START","payload":{"sessionId":"64238a28-ddc2-4620-9ea6-0f6a184c318e","machineId":1,"spinId":"2ba4574d-2124-4c6a-b0e7-2db7e34402aa","mode":"NORMAL","animation":"NORMAL","startPhase":{"left":11.0,"center":13.0,"right":14.0},"stopEnableAfterMs":400}}
[21:28:01] [Render thread/INFO] (PiriRuntimeAcceptance) PIRI_PHASE02_PACKET {"type":"ACTION_ACCEPTED","payload":{"clientSequence":223,"action":"STOP_CENTER"}}
[21:28:01] [Render thread/INFO] (PiriRuntimeAcceptance) PIRI_PHASE02_PACKET {"type":"REEL_STOP","payload":{"spinId":"2ba4574d-2124-4c6a-b0e7-2db7e34402aa","reel":"CENTER","pressedIndex":6,"stopIndex":6,"slip":0,"durationMs":80}}
[21:28:01] [Render thread/INFO] (PiriRuntimeAcceptance) PIRI_PHASE02_PACKET {"type":"PUBLIC_STATE","payload":{"sessionId":"64238a28-ddc2-4620-9ea6-0f6a184c318e","machineId":1,"expectedNextClientSequence":224,"gameState":"NORMAL_SPINNING","lifecycle":"ACTIVE","credit":0,"heldMedals":739,"bet":3,"pay":0,"bonusCount":0,"lampOn":false,"displayStops":{"left":11,"center":6,"right":14},"stoppedMask":2}}
[21:28:01] [Render thread/INFO] (PiriRuntimeAcceptance) PIRI_PHASE02_PACKET {"type":"ACTION_ACCEPTED","payload":{"clientSequence":224,"action":"STOP_LEFT"}}
[21:28:01] [Render thread/INFO] (PiriRuntimeAcceptance) PIRI_PHASE02_PACKET {"type":"REEL_STOP","payload":{"spinId":"2ba4574d-2124-4c6a-b0e7-2db7e34402aa","reel":"LEFT","pressedIndex":16,"stopIndex":16,"slip":0,"durationMs":80}}
[21:28:01] [Render thread/INFO] (PiriRuntimeAcceptance) PIRI_PHASE02_PACKET {"type":"PUBLIC_STATE","payload":{"sessionId":"64238a28-ddc2-4620-9ea6-0f6a184c318e","machineId":1,"expectedNextClientSequence":225,"gameState":"NORMAL_SPINNING","lifecycle":"ACTIVE","credit":0,"heldMedals":739,"bet":3,"pay":0,"bonusCount":0,"lampOn":false,"displayStops":{"left":16,"center":6,"right":14},"stoppedMask":3}}
[21:28:02] [Render thread/INFO] (PiriRuntimeAcceptance) PIRI_PHASE02_PACKET {"type":"ACTION_ACCEPTED","payload":{"clientSequence":225,"action":"STOP_RIGHT"}}
[21:28:02] [Render thread/INFO] (PiriRuntimeAcceptance) PIRI_PHASE02_PACKET {"type":"REEL_STOP","payload":{"spinId":"2ba4574d-2124-4c6a-b0e7-2db7e34402aa","reel":"RIGHT","pressedIndex":10,"stopIndex":10,"slip":0,"durationMs":80}}
[21:28:02] [Render thread/INFO] (PiriRuntimeAcceptance) PIRI_PHASE02_PACKET {"type":"PUBLIC_STATE","payload":{"sessionId":"64238a28-ddc2-4620-9ea6-0f6a184c318e","machineId":1,"expectedNextClientSequence":226,"gameState":"SEATED_READY","lifecycle":"ACTIVE","credit":0,"heldMedals":739,"bet":0,"pay":0,"bonusCount":0,"lampOn":false,"displayStops":{"left":16,"center":6,"right":10},"stoppedMask":7}}
[21:28:02] [Render thread/INFO] (PiriRuntimeAcceptance) PIRI_PHASE02_PACKET {"type":"ACTION_ACCEPTED","payload":{"clientSequence":226,"action":"SPACE_ACTION"}}
[21:28:02] [Render thread/INFO] (PiriRuntimeAcceptance) PIRI_PHASE02_PACKET {"type":"PUBLIC_STATE","payload":{"sessionId":"64238a28-ddc2-4620-9ea6-0f6a184c318e","machineId":1,"expectedNextClientSequence":227,"gameState":"NORMAL_BETTED","lifecycle":"ACTIVE","credit":0,"heldMedals":736,"bet":3,"pay":0,"bonusCount":0,"lampOn":false,"displayStops":{"left":16,"center":6,"right":10},"stoppedMask":7}}
[21:28:03] [Render thread/INFO] (PiriRuntimeAcceptance) PIRI_PHASE02_PACKET {"type":"ACTION_ACCEPTED","payload":{"clientSequence":227,"action":"SPACE_ACTION"}}
[21:28:03] [Render thread/INFO] (PiriRuntimeAcceptance) PIRI_PHASE02_PACKET {"type":"PUBLIC_STATE","payload":{"sessionId":"64238a28-ddc2-4620-9ea6-0f6a184c318e","machineId":1,"expectedNextClientSequence":228,"gameState":"NORMAL_SPINNING","lifecycle":"ACTIVE","credit":0,"heldMedals":736,"bet":3,"pay":0,"bonusCount":0,"lampOn":false,"displayStops":{"left":16,"center":6,"right":10},"stoppedMask":0}}
[21:28:03] [Render thread/INFO] (PiriRuntimeAcceptance) PIRI_PHASE02_PACKET {"type":"SPIN_START","payload":{"sessionId":"64238a28-ddc2-4620-9ea6-0f6a184c318e","machineId":1,"spinId":"b6937b73-bb8c-4037-846d-c71554467393","mode":"NORMAL","animation":"NORMAL","startPhase":{"left":16.0,"center":6.0,"right":10.0},"stopEnableAfterMs":400}}
[21:28:04] [Render thread/INFO] (PiriRuntimeAcceptance) PIRI_PHASE02_PACKET {"type":"ACTION_ACCEPTED","payload":{"clientSequence":228,"action":"STOP_CENTER"}}
[21:28:04] [Render thread/INFO] (PiriRuntimeAcceptance) PIRI_PHASE02_PACKET {"type":"REEL_STOP","payload":{"spinId":"b6937b73-bb8c-4037-846d-c71554467393","reel":"CENTER","pressedIndex":20,"stopIndex":20,"slip":0,"durationMs":80}}
[21:28:04] [Render thread/INFO] (PiriRuntimeAcceptance) PIRI_PHASE02_PACKET {"type":"PUBLIC_STATE","payload":{"sessionId":"64238a28-ddc2-4620-9ea6-0f6a184c318e","machineId":1,"expectedNextClientSequence":229,"gameState":"NORMAL_SPINNING","lifecycle":"ACTIVE","credit":0,"heldMedals":736,"bet":3,"pay":0,"bonusCount":0,"lampOn":false,"displayStops":{"left":16,"center":20,"right":10},"stoppedMask":2}}
[21:28:04] [Render thread/INFO] (PiriRuntimeAcceptance) PIRI_PHASE02_PACKET {"type":"ACTION_ACCEPTED","payload":{"clientSequence":229,"action":"STOP_RIGHT"}}
[21:28:04] [Render thread/INFO] (PiriRuntimeAcceptance) PIRI_PHASE02_PACKET {"type":"REEL_STOP","payload":{"spinId":"b6937b73-bb8c-4037-846d-c71554467393","reel":"RIGHT","pressedIndex":15,"stopIndex":15,"slip":0,"durationMs":80}}
[21:28:04] [Render thread/INFO] (PiriRuntimeAcceptance) PIRI_PHASE02_PACKET {"type":"PUBLIC_STATE","payload":{"sessionId":"64238a28-ddc2-4620-9ea6-0f6a184c318e","machineId":1,"expectedNextClientSequence":230,"gameState":"NORMAL_SPINNING","lifecycle":"ACTIVE","credit":0,"heldMedals":736,"bet":3,"pay":0,"bonusCount":0,"lampOn":false,"displayStops":{"left":16,"center":20,"right":15},"stoppedMask":6}}
[21:28:05] [Render thread/INFO] (PiriRuntimeAcceptance) PIRI_PHASE02_PACKET {"type":"ACTION_ACCEPTED","payload":{"clientSequence":230,"action":"STOP_LEFT"}}
[21:28:05] [Render thread/INFO] (PiriRuntimeAcceptance) PIRI_PHASE02_PACKET {"type":"REEL_STOP","payload":{"spinId":"b6937b73-bb8c-4037-846d-c71554467393","reel":"LEFT","pressedIndex":11,"stopIndex":11,"slip":0,"durationMs":80}}
[21:28:05] [Render thread/INFO] (PiriRuntimeAcceptance) PIRI_PHASE02_PACKET {"type":"PUBLIC_STATE","payload":{"sessionId":"64238a28-ddc2-4620-9ea6-0f6a184c318e","machineId":1,"expectedNextClientSequence":231,"gameState":"SEATED_READY","lifecycle":"ACTIVE","credit":0,"heldMedals":736,"bet":0,"pay":0,"bonusCount":0,"lampOn":false,"displayStops":{"left":11,"center":20,"right":15},"stoppedMask":7}}
[21:28:05] [Render thread/INFO] (PiriRuntimeAcceptance) PIRI_PHASE02_PACKET {"type":"ACTION_ACCEPTED","payload":{"clientSequence":231,"action":"SPACE_ACTION"}}
[21:28:05] [Render thread/INFO] (PiriRuntimeAcceptance) PIRI_PHASE02_PACKET {"type":"PUBLIC_STATE","payload":{"sessionId":"64238a28-ddc2-4620-9ea6-0f6a184c318e","machineId":1,"expectedNextClientSequence":232,"gameState":"NORMAL_BETTED","lifecycle":"ACTIVE","credit":0,"heldMedals":733,"bet":3,"pay":0,"bonusCount":0,"lampOn":false,"displayStops":{"left":11,"center":20,"right":15},"stoppedMask":7}}
[21:28:06] [Render thread/INFO] (PiriRuntimeAcceptance) PIRI_PHASE02_PACKET {"type":"ACTION_ACCEPTED","payload":{"clientSequence":232,"action":"SPACE_ACTION"}}
[21:28:06] [Render thread/INFO] (PiriRuntimeAcceptance) PIRI_PHASE02_PACKET {"type":"PUBLIC_STATE","payload":{"sessionId":"64238a28-ddc2-4620-9ea6-0f6a184c318e","machineId":1,"expectedNextClientSequence":233,"gameState":"NORMAL_SPINNING","lifecycle":"ACTIVE","credit":0,"heldMedals":733,"bet":3,"pay":0,"bonusCount":0,"lampOn":false,"displayStops":{"left":11,"center":20,"right":15},"stoppedMask":0}}
[21:28:06] [Render thread/INFO] (PiriRuntimeAcceptance) PIRI_PHASE02_PACKET {"type":"SPIN_START","payload":{"sessionId":"64238a28-ddc2-4620-9ea6-0f6a184c318e","machineId":1,"spinId":"a8102132-805f-48cd-9ee8-b60f03a35af0","mode":"NORMAL","animation":"NORMAL","startPhase":{"left":11.0,"center":20.0,"right":15.0},"stopEnableAfterMs":400}}
[21:28:07] [Render thread/INFO] (PiriRuntimeAcceptance) PIRI_PHASE02_PACKET {"type":"ACTION_ACCEPTED","payload":{"clientSequence":233,"action":"STOP_RIGHT"}}
[21:28:07] [Render thread/INFO] (PiriRuntimeAcceptance) PIRI_PHASE02_PACKET {"type":"REEL_STOP","payload":{"spinId":"a8102132-805f-48cd-9ee8-b60f03a35af0","reel":"RIGHT","pressedIndex":3,"stopIndex":3,"slip":0,"durationMs":80}}
[21:28:07] [Render thread/INFO] (PiriRuntimeAcceptance) PIRI_PHASE02_PACKET {"type":"PUBLIC_STATE","payload":{"sessionId":"64238a28-ddc2-4620-9ea6-0f6a184c318e","machineId":1,"expectedNextClientSequence":234,"gameState":"NORMAL_SPINNING","lifecycle":"ACTIVE","credit":0,"heldMedals":733,"bet":3,"pay":0,"bonusCount":0,"lampOn":false,"displayStops":{"left":11,"center":20,"right":3},"stoppedMask":4}}
[21:28:07] [Render thread/INFO] (PiriRuntimeAcceptance) PIRI_PHASE02_PACKET {"type":"ACTION_ACCEPTED","payload":{"clientSequence":234,"action":"STOP_LEFT"}}
[21:28:07] [Render thread/INFO] (PiriRuntimeAcceptance) PIRI_PHASE02_PACKET {"type":"REEL_STOP","payload":{"spinId":"a8102132-805f-48cd-9ee8-b60f03a35af0","reel":"LEFT","pressedIndex":11,"stopIndex":11,"slip":0,"durationMs":80}}
[21:28:07] [Render thread/INFO] (PiriRuntimeAcceptance) PIRI_PHASE02_PACKET {"type":"PUBLIC_STATE","payload":{"sessionId":"64238a28-ddc2-4620-9ea6-0f6a184c318e","machineId":1,"expectedNextClientSequence":235,"gameState":"NORMAL_SPINNING","lifecycle":"ACTIVE","credit":0,"heldMedals":733,"bet":3,"pay":0,"bonusCount":0,"lampOn":false,"displayStops":{"left":11,"center":20,"right":3},"stoppedMask":5}}
[21:28:08] [Render thread/INFO] (PiriRuntimeAcceptance) PIRI_PHASE02_PACKET {"type":"ACTION_ACCEPTED","payload":{"clientSequence":235,"action":"STOP_CENTER"}}
[21:28:08] [Render thread/INFO] (PiriRuntimeAcceptance) PIRI_PHASE02_PACKET {"type":"REEL_STOP","payload":{"spinId":"a8102132-805f-48cd-9ee8-b60f03a35af0","reel":"CENTER","pressedIndex":11,"stopIndex":11,"slip":0,"durationMs":80}}
[21:28:08] [Render thread/INFO] (PiriRuntimeAcceptance) PIRI_PHASE02_PACKET {"type":"PUBLIC_STATE","payload":{"sessionId":"64238a28-ddc2-4620-9ea6-0f6a184c318e","machineId":1,"expectedNextClientSequence":236,"gameState":"SEATED_READY","lifecycle":"ACTIVE","credit":0,"heldMedals":733,"bet":0,"pay":0,"bonusCount":0,"lampOn":false,"displayStops":{"left":11,"center":11,"right":3},"stoppedMask":7}}
[21:28:08] [Render thread/INFO] (PiriRuntimeAcceptance) PIRI_PHASE02_PACKET {"type":"ACTION_ACCEPTED","payload":{"clientSequence":236,"action":"SPACE_ACTION"}}
[21:28:08] [Render thread/INFO] (PiriRuntimeAcceptance) PIRI_PHASE02_PACKET {"type":"PUBLIC_STATE","payload":{"sessionId":"64238a28-ddc2-4620-9ea6-0f6a184c318e","machineId":1,"expectedNextClientSequence":237,"gameState":"NORMAL_BETTED","lifecycle":"ACTIVE","credit":0,"heldMedals":730,"bet":3,"pay":0,"bonusCount":0,"lampOn":false,"displayStops":{"left":11,"center":11,"right":3},"stoppedMask":7}}
[21:28:09] [Render thread/INFO] (PiriRuntimeAcceptance) PIRI_PHASE02_PACKET {"type":"ACTION_ACCEPTED","payload":{"clientSequence":237,"action":"SPACE_ACTION"}}
[21:28:09] [Render thread/INFO] (PiriRuntimeAcceptance) PIRI_PHASE02_PACKET {"type":"PUBLIC_STATE","payload":{"sessionId":"64238a28-ddc2-4620-9ea6-0f6a184c318e","machineId":1,"expectedNextClientSequence":238,"gameState":"NORMAL_SPINNING","lifecycle":"ACTIVE","credit":0,"heldMedals":730,"bet":3,"pay":0,"bonusCount":0,"lampOn":false,"displayStops":{"left":11,"center":11,"right":3},"stoppedMask":0}}
[21:28:09] [Render thread/INFO] (PiriRuntimeAcceptance) PIRI_PHASE02_PACKET {"type":"SPIN_START","payload":{"sessionId":"64238a28-ddc2-4620-9ea6-0f6a184c318e","machineId":1,"spinId":"80a2948d-91e0-499a-8024-d44d14bd1b86","mode":"NORMAL","animation":"NORMAL","startPhase":{"left":11.0,"center":11.0,"right":3.0},"stopEnableAfterMs":400}}
[21:28:09] [Render thread/INFO] (PiriRuntimeAcceptance) PIRI_PHASE02_PACKET {"type":"ACTION_ACCEPTED","payload":{"clientSequence":238,"action":"STOP_RIGHT"}}
[21:28:09] [Render thread/INFO] (PiriRuntimeAcceptance) PIRI_PHASE02_PACKET {"type":"REEL_STOP","payload":{"spinId":"80a2948d-91e0-499a-8024-d44d14bd1b86","reel":"RIGHT","pressedIndex":17,"stopIndex":17,"slip":0,"durationMs":80}}
[21:28:09] [Render thread/INFO] (PiriRuntimeAcceptance) PIRI_PHASE02_PACKET {"type":"PUBLIC_STATE","payload":{"sessionId":"64238a28-ddc2-4620-9ea6-0f6a184c318e","machineId":1,"expectedNextClientSequence":239,"gameState":"NORMAL_SPINNING","lifecycle":"ACTIVE","credit":0,"heldMedals":730,"bet":3,"pay":0,"bonusCount":0,"lampOn":false,"displayStops":{"left":11,"center":11,"right":17},"stoppedMask":4}}
[21:28:10] [Render thread/INFO] (PiriRuntimeAcceptance) PIRI_PHASE02_PACKET {"type":"ACTION_ACCEPTED","payload":{"clientSequence":239,"action":"STOP_CENTER"}}
[21:28:10] [Render thread/INFO] (PiriRuntimeAcceptance) PIRI_PHASE02_PACKET {"type":"REEL_STOP","payload":{"spinId":"80a2948d-91e0-499a-8024-d44d14bd1b86","reel":"CENTER","pressedIndex":16,"stopIndex":16,"slip":0,"durationMs":80}}
[21:28:10] [Render thread/INFO] (PiriRuntimeAcceptance) PIRI_PHASE02_PACKET {"type":"PUBLIC_STATE","payload":{"sessionId":"64238a28-ddc2-4620-9ea6-0f6a184c318e","machineId":1,"expectedNextClientSequence":240,"gameState":"NORMAL_SPINNING","lifecycle":"ACTIVE","credit":0,"heldMedals":730,"bet":3,"pay":0,"bonusCount":0,"lampOn":false,"displayStops":{"left":11,"center":16,"right":17},"stoppedMask":6}}
[21:28:11] [Render thread/INFO] (PiriRuntimeAcceptance) PIRI_PHASE02_PACKET {"type":"ACTION_ACCEPTED","payload":{"clientSequence":240,"action":"STOP_LEFT"}}
[21:28:11] [Render thread/INFO] (PiriRuntimeAcceptance) PIRI_PHASE02_PACKET {"type":"REEL_STOP","payload":{"spinId":"80a2948d-91e0-499a-8024-d44d14bd1b86","reel":"LEFT","pressedIndex":2,"stopIndex":2,"slip":0,"durationMs":80}}
[21:28:11] [Render thread/INFO] (PiriRuntimeAcceptance) PIRI_PHASE02_PACKET {"type":"PUBLIC_STATE","payload":{"sessionId":"64238a28-ddc2-4620-9ea6-0f6a184c318e","machineId":1,"expectedNextClientSequence":241,"gameState":"SEATED_READY","lifecycle":"ACTIVE","credit":0,"heldMedals":730,"bet":0,"pay":0,"bonusCount":0,"lampOn":false,"displayStops":{"left":2,"center":16,"right":17},"stoppedMask":7}}
[21:28:11] [Render thread/INFO] (PiriRuntimeAcceptance) PIRI_PHASE02_PACKET {"type":"ACTION_ACCEPTED","payload":{"clientSequence":241,"action":"SPACE_ACTION"}}
[21:28:11] [Render thread/INFO] (PiriRuntimeAcceptance) PIRI_PHASE02_PACKET {"type":"PUBLIC_STATE","payload":{"sessionId":"64238a28-ddc2-4620-9ea6-0f6a184c318e","machineId":1,"expectedNextClientSequence":242,"gameState":"NORMAL_BETTED","lifecycle":"ACTIVE","credit":0,"heldMedals":727,"bet":3,"pay":0,"bonusCount":0,"lampOn":false,"displayStops":{"left":2,"center":16,"right":17},"stoppedMask":7}}
[21:28:12] [Render thread/INFO] (PiriRuntimeAcceptance) PIRI_PHASE02_PACKET {"type":"ACTION_ACCEPTED","payload":{"clientSequence":242,"action":"SPACE_ACTION"}}
[21:28:12] [Render thread/INFO] (PiriRuntimeAcceptance) PIRI_PHASE02_PACKET {"type":"PUBLIC_STATE","payload":{"sessionId":"64238a28-ddc2-4620-9ea6-0f6a184c318e","machineId":1,"expectedNextClientSequence":243,"gameState":"NORMAL_SPINNING","lifecycle":"ACTIVE","credit":0,"heldMedals":727,"bet":3,"pay":0,"bonusCount":0,"lampOn":false,"displayStops":{"left":2,"center":16,"right":17},"stoppedMask":0}}
[21:28:12] [Render thread/INFO] (PiriRuntimeAcceptance) PIRI_PHASE02_PACKET {"type":"SPIN_START","payload":{"sessionId":"64238a28-ddc2-4620-9ea6-0f6a184c318e","machineId":1,"spinId":"d8da7386-dc1f-46bf-8292-1ea3186abd77","mode":"NORMAL","animation":"NORMAL","startPhase":{"left":2.0,"center":16.0,"right":17.0},"stopEnableAfterMs":400}}
[21:28:12] [Render thread/INFO] (PiriRuntimeAcceptance) PIRI_PHASE02_PACKET {"type":"ACTION_ACCEPTED","payload":{"clientSequence":243,"action":"STOP_LEFT"}}
[21:28:12] [Render thread/INFO] (PiriRuntimeAcceptance) PIRI_PHASE02_PACKET {"type":"REEL_STOP","payload":{"spinId":"d8da7386-dc1f-46bf-8292-1ea3186abd77","reel":"LEFT","pressedIndex":15,"stopIndex":15,"slip":0,"durationMs":80}}
[21:28:12] [Render thread/INFO] (PiriRuntimeAcceptance) PIRI_PHASE02_PACKET {"type":"PUBLIC_STATE","payload":{"sessionId":"64238a28-ddc2-4620-9ea6-0f6a184c318e","machineId":1,"expectedNextClientSequence":244,"gameState":"NORMAL_SPINNING","lifecycle":"ACTIVE","credit":0,"heldMedals":727,"bet":3,"pay":0,"bonusCount":0,"lampOn":false,"displayStops":{"left":15,"center":16,"right":17},"stoppedMask":1}}
[21:28:13] [Render thread/INFO] (PiriRuntimeAcceptance) PIRI_PHASE02_PACKET {"type":"ACTION_ACCEPTED","payload":{"clientSequence":244,"action":"STOP_CENTER"}}
[21:28:13] [Render thread/INFO] (PiriRuntimeAcceptance) PIRI_PHASE02_PACKET {"type":"REEL_STOP","payload":{"spinId":"d8da7386-dc1f-46bf-8292-1ea3186abd77","reel":"CENTER","pressedIndex":20,"stopIndex":18,"slip":2,"durationMs":180}}
[21:28:13] [Render thread/INFO] (PiriRuntimeAcceptance) PIRI_PHASE02_PACKET {"type":"PUBLIC_STATE","payload":{"sessionId":"64238a28-ddc2-4620-9ea6-0f6a184c318e","machineId":1,"expectedNextClientSequence":245,"gameState":"NORMAL_SPINNING","lifecycle":"ACTIVE","credit":0,"heldMedals":727,"bet":3,"pay":0,"bonusCount":0,"lampOn":false,"displayStops":{"left":15,"center":18,"right":17},"stoppedMask":3}}
[21:28:13] [Render thread/INFO] (PiriRuntimeAcceptance) PIRI_PHASE02_PACKET {"type":"ACTION_ACCEPTED","payload":{"clientSequence":245,"action":"STOP_RIGHT"}}
[21:28:13] [Render thread/INFO] (PiriRuntimeAcceptance) PIRI_PHASE02_PACKET {"type":"REEL_STOP","payload":{"spinId":"d8da7386-dc1f-46bf-8292-1ea3186abd77","reel":"RIGHT","pressedIndex":12,"stopIndex":10,"slip":2,"durationMs":180}}
[21:28:13] [Render thread/INFO] (PiriRuntimeAcceptance) PIRI_PHASE02_PACKET {"type":"PUBLIC_STATE","payload":{"sessionId":"64238a28-ddc2-4620-9ea6-0f6a184c318e","machineId":1,"expectedNextClientSequence":246,"gameState":"REPLAY_READY","lifecycle":"ACTIVE","credit":0,"heldMedals":727,"bet":3,"pay":0,"bonusCount":0,"lampOn":false,"displayStops":{"left":15,"center":18,"right":10},"stoppedMask":7}}
[21:28:14] [Render thread/INFO] (PiriRuntimeAcceptance) PIRI_PHASE02_PACKET {"type":"ACTION_ACCEPTED","payload":{"clientSequence":246,"action":"SPACE_ACTION"}}
[21:28:14] [Render thread/INFO] (PiriRuntimeAcceptance) PIRI_PHASE02_PACKET {"type":"PUBLIC_STATE","payload":{"sessionId":"64238a28-ddc2-4620-9ea6-0f6a184c318e","machineId":1,"expectedNextClientSequence":247,"gameState":"NORMAL_SPINNING","lifecycle":"ACTIVE","credit":0,"heldMedals":727,"bet":3,"pay":0,"bonusCount":0,"lampOn":false,"displayStops":{"left":15,"center":18,"right":10},"stoppedMask":0}}
[21:28:14] [Render thread/INFO] (PiriRuntimeAcceptance) PIRI_PHASE02_PACKET {"type":"SPIN_START","payload":{"sessionId":"64238a28-ddc2-4620-9ea6-0f6a184c318e","machineId":1,"spinId":"a34d6e4f-3c25-403e-894f-572c3568ce34","mode":"NORMAL","animation":"NORMAL","startPhase":{"left":15.0,"center":18.0,"right":10.0},"stopEnableAfterMs":400}}
[21:28:15] [Render thread/INFO] (PiriRuntimeAcceptance) PIRI_PHASE02_PACKET {"type":"ACTION_ACCEPTED","payload":{"clientSequence":247,"action":"STOP_LEFT"}}
[21:28:15] [Render thread/INFO] (PiriRuntimeAcceptance) PIRI_PHASE02_PACKET {"type":"REEL_STOP","payload":{"spinId":"a34d6e4f-3c25-403e-894f-572c3568ce34","reel":"LEFT","pressedIndex":8,"stopIndex":6,"slip":2,"durationMs":180}}
[21:28:15] [Render thread/INFO] (PiriRuntimeAcceptance) PIRI_PHASE02_PACKET {"type":"PUBLIC_STATE","payload":{"sessionId":"64238a28-ddc2-4620-9ea6-0f6a184c318e","machineId":1,"expectedNextClientSequence":248,"gameState":"NORMAL_SPINNING","lifecycle":"ACTIVE","credit":0,"heldMedals":727,"bet":3,"pay":0,"bonusCount":0,"lampOn":false,"displayStops":{"left":6,"center":18,"right":10},"stoppedMask":1}}
[21:28:16] [Render thread/INFO] (PiriRuntimeAcceptance) PIRI_PHASE02_PACKET {"type":"ACTION_ACCEPTED","payload":{"clientSequence":248,"action":"STOP_RIGHT"}}
[21:28:16] [Render thread/INFO] (PiriRuntimeAcceptance) PIRI_PHASE02_PACKET {"type":"REEL_STOP","payload":{"spinId":"a34d6e4f-3c25-403e-894f-572c3568ce34","reel":"RIGHT","pressedIndex":15,"stopIndex":15,"slip":0,"durationMs":80}}
[21:28:16] [Render thread/INFO] (PiriRuntimeAcceptance) PIRI_PHASE02_PACKET {"type":"PUBLIC_STATE","payload":{"sessionId":"64238a28-ddc2-4620-9ea6-0f6a184c318e","machineId":1,"expectedNextClientSequence":249,"gameState":"NORMAL_SPINNING","lifecycle":"ACTIVE","credit":0,"heldMedals":727,"bet":3,"pay":0,"bonusCount":0,"lampOn":false,"displayStops":{"left":6,"center":18,"right":15},"stoppedMask":5}}
[21:28:16] [Render thread/INFO] (PiriRuntimeAcceptance) PIRI_PHASE02_PACKET {"type":"ACTION_ACCEPTED","payload":{"clientSequence":249,"action":"STOP_CENTER"}}
[21:28:16] [Render thread/INFO] (PiriRuntimeAcceptance) PIRI_PHASE02_PACKET {"type":"REEL_STOP","payload":{"spinId":"a34d6e4f-3c25-403e-894f-572c3568ce34","reel":"CENTER","pressedIndex":14,"stopIndex":14,"slip":0,"durationMs":80}}
[21:28:16] [Render thread/INFO] (PiriRuntimeAcceptance) PIRI_PHASE02_PACKET {"type":"PUBLIC_STATE","payload":{"sessionId":"64238a28-ddc2-4620-9ea6-0f6a184c318e","machineId":1,"expectedNextClientSequence":250,"gameState":"SEATED_READY","lifecycle":"ACTIVE","credit":0,"heldMedals":727,"bet":0,"pay":0,"bonusCount":0,"lampOn":false,"displayStops":{"left":6,"center":14,"right":15},"stoppedMask":7}}
[21:28:17] [Render thread/INFO] (PiriRuntimeAcceptance) PIRI_PHASE02_PACKET {"type":"ACTION_ACCEPTED","payload":{"clientSequence":250,"action":"SPACE_ACTION"}}
[21:28:17] [Render thread/INFO] (PiriRuntimeAcceptance) PIRI_PHASE02_PACKET {"type":"PUBLIC_STATE","payload":{"sessionId":"64238a28-ddc2-4620-9ea6-0f6a184c318e","machineId":1,"expectedNextClientSequence":251,"gameState":"NORMAL_BETTED","lifecycle":"ACTIVE","credit":0,"heldMedals":724,"bet":3,"pay":0,"bonusCount":0,"lampOn":false,"displayStops":{"left":6,"center":14,"right":15},"stoppedMask":7}}
[21:28:17] [Render thread/INFO] (PiriRuntimeAcceptance) PIRI_PHASE02_PACKET {"type":"ACTION_ACCEPTED","payload":{"clientSequence":251,"action":"SPACE_ACTION"}}
[21:28:17] [Render thread/INFO] (PiriRuntimeAcceptance) PIRI_PHASE02_PACKET {"type":"PUBLIC_STATE","payload":{"sessionId":"64238a28-ddc2-4620-9ea6-0f6a184c318e","machineId":1,"expectedNextClientSequence":252,"gameState":"NORMAL_SPINNING","lifecycle":"ACTIVE","credit":0,"heldMedals":724,"bet":3,"pay":0,"bonusCount":0,"lampOn":false,"displayStops":{"left":6,"center":14,"right":15},"stoppedMask":0}}
[21:28:17] [Render thread/INFO] (PiriRuntimeAcceptance) PIRI_PHASE02_PACKET {"type":"SPIN_START","payload":{"sessionId":"64238a28-ddc2-4620-9ea6-0f6a184c318e","machineId":1,"spinId":"f583b472-b882-455d-8c45-ceb23e364fe0","mode":"NORMAL","animation":"NORMAL","startPhase":{"left":6.0,"center":14.0,"right":15.0},"stopEnableAfterMs":400}}
[21:28:18] [Render thread/INFO] (PiriRuntimeAcceptance) PIRI_PHASE02_PACKET {"type":"ACTION_ACCEPTED","payload":{"clientSequence":252,"action":"STOP_CENTER"}}
[21:28:18] [Render thread/INFO] (PiriRuntimeAcceptance) PIRI_PHASE02_PACKET {"type":"REEL_STOP","payload":{"spinId":"f583b472-b882-455d-8c45-ceb23e364fe0","reel":"CENTER","pressedIndex":2,"stopIndex":2,"slip":0,"durationMs":80}}
[21:28:18] [Render thread/INFO] (PiriRuntimeAcceptance) PIRI_PHASE02_PACKET {"type":"PUBLIC_STATE","payload":{"sessionId":"64238a28-ddc2-4620-9ea6-0f6a184c318e","machineId":1,"expectedNextClientSequence":253,"gameState":"NORMAL_SPINNING","lifecycle":"ACTIVE","credit":0,"heldMedals":724,"bet":3,"pay":0,"bonusCount":0,"lampOn":false,"displayStops":{"left":6,"center":2,"right":15},"stoppedMask":2}}
[21:28:19] [Render thread/INFO] (PiriRuntimeAcceptance) PIRI_PHASE02_PACKET {"type":"ACTION_ACCEPTED","payload":{"clientSequence":253,"action":"STOP_LEFT"}}
[21:28:19] [Render thread/INFO] (PiriRuntimeAcceptance) PIRI_PHASE02_PACKET {"type":"REEL_STOP","payload":{"spinId":"f583b472-b882-455d-8c45-ceb23e364fe0","reel":"LEFT","pressedIndex":6,"stopIndex":6,"slip":0,"durationMs":80}}
[21:28:19] [Render thread/INFO] (PiriRuntimeAcceptance) PIRI_PHASE02_PACKET {"type":"PUBLIC_STATE","payload":{"sessionId":"64238a28-ddc2-4620-9ea6-0f6a184c318e","machineId":1,"expectedNextClientSequence":254,"gameState":"NORMAL_SPINNING","lifecycle":"ACTIVE","credit":0,"heldMedals":724,"bet":3,"pay":0,"bonusCount":0,"lampOn":false,"displayStops":{"left":6,"center":2,"right":15},"stoppedMask":3}}
[21:28:19] [Render thread/INFO] (PiriRuntimeAcceptance) PIRI_PHASE02_PACKET {"type":"ACTION_ACCEPTED","payload":{"clientSequence":254,"action":"STOP_RIGHT"}}
[21:28:19] [Render thread/INFO] (PiriRuntimeAcceptance) PIRI_PHASE02_PACKET {"type":"REEL_STOP","payload":{"spinId":"f583b472-b882-455d-8c45-ceb23e364fe0","reel":"RIGHT","pressedIndex":6,"stopIndex":5,"slip":1,"durationMs":130}}
[21:28:19] [Render thread/INFO] (PiriRuntimeAcceptance) PIRI_PHASE02_PACKET {"type":"PUBLIC_STATE","payload":{"sessionId":"64238a28-ddc2-4620-9ea6-0f6a184c318e","machineId":1,"expectedNextClientSequence":255,"gameState":"SEATED_READY","lifecycle":"ACTIVE","credit":0,"heldMedals":724,"bet":0,"pay":0,"bonusCount":0,"lampOn":false,"displayStops":{"left":6,"center":2,"right":5},"stoppedMask":7}}
[21:28:20] [Render thread/INFO] (PiriRuntimeAcceptance) PIRI_PHASE02_PACKET {"type":"ACTION_ACCEPTED","payload":{"clientSequence":255,"action":"SPACE_ACTION"}}
[21:28:20] [Render thread/INFO] (PiriRuntimeAcceptance) PIRI_PHASE02_PACKET {"type":"PUBLIC_STATE","payload":{"sessionId":"64238a28-ddc2-4620-9ea6-0f6a184c318e","machineId":1,"expectedNextClientSequence":256,"gameState":"NORMAL_BETTED","lifecycle":"ACTIVE","credit":0,"heldMedals":721,"bet":3,"pay":0,"bonusCount":0,"lampOn":false,"displayStops":{"left":6,"center":2,"right":5},"stoppedMask":7}}
[21:28:20] [Render thread/INFO] (PiriRuntimeAcceptance) PIRI_PHASE02_PACKET {"type":"ACTION_ACCEPTED","payload":{"clientSequence":256,"action":"SPACE_ACTION"}}
[21:28:20] [Render thread/INFO] (PiriRuntimeAcceptance) PIRI_PHASE02_PACKET {"type":"PUBLIC_STATE","payload":{"sessionId":"64238a28-ddc2-4620-9ea6-0f6a184c318e","machineId":1,"expectedNextClientSequence":257,"gameState":"NORMAL_SPINNING","lifecycle":"ACTIVE","credit":0,"heldMedals":721,"bet":3,"pay":0,"bonusCount":0,"lampOn":false,"displayStops":{"left":6,"center":2,"right":5},"stoppedMask":0}}
[21:28:20] [Render thread/INFO] (PiriRuntimeAcceptance) PIRI_PHASE02_PACKET {"type":"SPIN_START","payload":{"sessionId":"64238a28-ddc2-4620-9ea6-0f6a184c318e","machineId":1,"spinId":"05b223ca-5e7c-4900-bd69-7b139a298a36","mode":"NORMAL","animation":"NORMAL","startPhase":{"left":6.0,"center":2.0,"right":5.0},"stopEnableAfterMs":400}}
[21:28:21] [Render thread/INFO] (PiriRuntimeAcceptance) PIRI_PHASE02_PACKET {"type":"ACTION_ACCEPTED","payload":{"clientSequence":257,"action":"STOP_CENTER"}}
[21:28:21] [Render thread/INFO] (PiriRuntimeAcceptance) PIRI_PHASE02_PACKET {"type":"REEL_STOP","payload":{"spinId":"05b223ca-5e7c-4900-bd69-7b139a298a36","reel":"CENTER","pressedIndex":15,"stopIndex":15,"slip":0,"durationMs":80}}
[21:28:21] [Render thread/INFO] (PiriRuntimeAcceptance) PIRI_PHASE02_PACKET {"type":"PUBLIC_STATE","payload":{"sessionId":"64238a28-ddc2-4620-9ea6-0f6a184c318e","machineId":1,"expectedNextClientSequence":258,"gameState":"NORMAL_SPINNING","lifecycle":"ACTIVE","credit":0,"heldMedals":721,"bet":3,"pay":0,"bonusCount":0,"lampOn":false,"displayStops":{"left":6,"center":15,"right":5},"stoppedMask":2}}
[21:28:22] [Render thread/INFO] (PiriRuntimeAcceptance) PIRI_PHASE02_PACKET {"type":"ACTION_ACCEPTED","payload":{"clientSequence":258,"action":"STOP_RIGHT"}}
[21:28:22] [Render thread/INFO] (PiriRuntimeAcceptance) PIRI_PHASE02_PACKET {"type":"REEL_STOP","payload":{"spinId":"05b223ca-5e7c-4900-bd69-7b139a298a36","reel":"RIGHT","pressedIndex":5,"stopIndex":5,"slip":0,"durationMs":80}}
[21:28:22] [Render thread/INFO] (PiriRuntimeAcceptance) PIRI_PHASE02_PACKET {"type":"PUBLIC_STATE","payload":{"sessionId":"64238a28-ddc2-4620-9ea6-0f6a184c318e","machineId":1,"expectedNextClientSequence":259,"gameState":"NORMAL_SPINNING","lifecycle":"ACTIVE","credit":0,"heldMedals":721,"bet":3,"pay":0,"bonusCount":0,"lampOn":false,"displayStops":{"left":6,"center":15,"right":5},"stoppedMask":6}}
[21:28:22] [Render thread/INFO] (PiriRuntimeAcceptance) PIRI_PHASE02_PACKET {"type":"ACTION_ACCEPTED","payload":{"clientSequence":259,"action":"STOP_LEFT"}}
[21:28:22] [Render thread/INFO] (PiriRuntimeAcceptance) PIRI_PHASE02_PACKET {"type":"REEL_STOP","payload":{"spinId":"05b223ca-5e7c-4900-bd69-7b139a298a36","reel":"LEFT","pressedIndex":18,"stopIndex":18,"slip":0,"durationMs":80}}
[21:28:22] [Render thread/INFO] (PiriRuntimeAcceptance) PIRI_PHASE02_PACKET {"type":"PUBLIC_STATE","payload":{"sessionId":"64238a28-ddc2-4620-9ea6-0f6a184c318e","machineId":1,"expectedNextClientSequence":260,"gameState":"SEATED_READY","lifecycle":"ACTIVE","credit":0,"heldMedals":721,"bet":0,"pay":0,"bonusCount":0,"lampOn":false,"displayStops":{"left":18,"center":15,"right":5},"stoppedMask":7}}
[21:28:23] [Render thread/INFO] (PiriRuntimeAcceptance) PIRI_PHASE02_PACKET {"type":"ACTION_ACCEPTED","payload":{"clientSequence":260,"action":"SPACE_ACTION"}}
[21:28:23] [Render thread/INFO] (PiriRuntimeAcceptance) PIRI_PHASE02_PACKET {"type":"PUBLIC_STATE","payload":{"sessionId":"64238a28-ddc2-4620-9ea6-0f6a184c318e","machineId":1,"expectedNextClientSequence":261,"gameState":"NORMAL_BETTED","lifecycle":"ACTIVE","credit":0,"heldMedals":718,"bet":3,"pay":0,"bonusCount":0,"lampOn":false,"displayStops":{"left":18,"center":15,"right":5},"stoppedMask":7}}
[21:28:23] [Render thread/INFO] (PiriRuntimeAcceptance) PIRI_PHASE02_PACKET {"type":"ACTION_ACCEPTED","payload":{"clientSequence":261,"action":"SPACE_ACTION"}}
[21:28:23] [Render thread/INFO] (PiriRuntimeAcceptance) PIRI_PHASE02_PACKET {"type":"PUBLIC_STATE","payload":{"sessionId":"64238a28-ddc2-4620-9ea6-0f6a184c318e","machineId":1,"expectedNextClientSequence":262,"gameState":"NORMAL_SPINNING","lifecycle":"ACTIVE","credit":0,"heldMedals":718,"bet":3,"pay":0,"bonusCount":0,"lampOn":false,"displayStops":{"left":18,"center":15,"right":5},"stoppedMask":0}}
[21:28:23] [Render thread/INFO] (PiriRuntimeAcceptance) PIRI_PHASE02_PACKET {"type":"SPIN_START","payload":{"sessionId":"64238a28-ddc2-4620-9ea6-0f6a184c318e","machineId":1,"spinId":"deb7a02e-a1af-45b1-a3fd-f7b3fb47ada4","mode":"NORMAL","animation":"NORMAL","startPhase":{"left":18.0,"center":15.0,"right":5.0},"stopEnableAfterMs":400}}
[21:28:24] [Render thread/INFO] (PiriRuntimeAcceptance) PIRI_PHASE02_PACKET {"type":"ACTION_ACCEPTED","payload":{"clientSequence":262,"action":"STOP_RIGHT"}}
[21:28:24] [Render thread/INFO] (PiriRuntimeAcceptance) PIRI_PHASE02_PACKET {"type":"REEL_STOP","payload":{"spinId":"deb7a02e-a1af-45b1-a3fd-f7b3fb47ada4","reel":"RIGHT","pressedIndex":18,"stopIndex":18,"slip":0,"durationMs":80}}
[21:28:24] [Render thread/INFO] (PiriRuntimeAcceptance) PIRI_PHASE02_PACKET {"type":"PUBLIC_STATE","payload":{"sessionId":"64238a28-ddc2-4620-9ea6-0f6a184c318e","machineId":1,"expectedNextClientSequence":263,"gameState":"NORMAL_SPINNING","lifecycle":"ACTIVE","credit":0,"heldMedals":718,"bet":3,"pay":0,"bonusCount":0,"lampOn":false,"displayStops":{"left":18,"center":15,"right":18},"stoppedMask":4}}
[21:28:24] [Render thread/INFO] (PiriRuntimeAcceptance) PIRI_PHASE02_PACKET {"type":"ACTION_ACCEPTED","payload":{"clientSequence":263,"action":"STOP_LEFT"}}
[21:28:24] [Render thread/INFO] (PiriRuntimeAcceptance) PIRI_PHASE02_PACKET {"type":"REEL_STOP","payload":{"spinId":"deb7a02e-a1af-45b1-a3fd-f7b3fb47ada4","reel":"LEFT","pressedIndex":1,"stopIndex":1,"slip":0,"durationMs":80}}
[21:28:24] [Render thread/INFO] (PiriRuntimeAcceptance) PIRI_PHASE02_PACKET {"type":"PUBLIC_STATE","payload":{"sessionId":"64238a28-ddc2-4620-9ea6-0f6a184c318e","machineId":1,"expectedNextClientSequence":264,"gameState":"NORMAL_SPINNING","lifecycle":"ACTIVE","credit":0,"heldMedals":718,"bet":3,"pay":0,"bonusCount":0,"lampOn":false,"displayStops":{"left":1,"center":15,"right":18},"stoppedMask":5}}
[21:28:25] [Render thread/INFO] (PiriRuntimeAcceptance) PIRI_PHASE02_PACKET {"type":"ACTION_ACCEPTED","payload":{"clientSequence":264,"action":"STOP_CENTER"}}
[21:28:25] [Render thread/INFO] (PiriRuntimeAcceptance) PIRI_PHASE02_PACKET {"type":"REEL_STOP","payload":{"spinId":"deb7a02e-a1af-45b1-a3fd-f7b3fb47ada4","reel":"CENTER","pressedIndex":10,"stopIndex":10,"slip":0,"durationMs":80}}
[21:28:25] [Render thread/INFO] (PiriRuntimeAcceptance) PIRI_PHASE02_PACKET {"type":"PUBLIC_STATE","payload":{"sessionId":"64238a28-ddc2-4620-9ea6-0f6a184c318e","machineId":1,"expectedNextClientSequence":265,"gameState":"REPLAY_READY","lifecycle":"ACTIVE","credit":0,"heldMedals":718,"bet":3,"pay":0,"bonusCount":0,"lampOn":false,"displayStops":{"left":1,"center":10,"right":18},"stoppedMask":7}}
[21:28:25] [Render thread/INFO] (PiriRuntimeAcceptance) PIRI_PHASE02_PACKET {"type":"ACTION_ACCEPTED","payload":{"clientSequence":265,"action":"SPACE_ACTION"}}
[21:28:25] [Render thread/INFO] (PiriRuntimeAcceptance) PIRI_PHASE02_PACKET {"type":"PUBLIC_STATE","payload":{"sessionId":"64238a28-ddc2-4620-9ea6-0f6a184c318e","machineId":1,"expectedNextClientSequence":266,"gameState":"NORMAL_SPINNING","lifecycle":"ACTIVE","credit":0,"heldMedals":718,"bet":3,"pay":0,"bonusCount":0,"lampOn":false,"displayStops":{"left":1,"center":10,"right":18},"stoppedMask":0}}
[21:28:25] [Render thread/INFO] (PiriRuntimeAcceptance) PIRI_PHASE02_PACKET {"type":"SPIN_START","payload":{"sessionId":"64238a28-ddc2-4620-9ea6-0f6a184c318e","machineId":1,"spinId":"afbaac8e-8eeb-4442-b588-5d52ea95bcdb","mode":"NORMAL","animation":"NORMAL","startPhase":{"left":1.0,"center":10.0,"right":18.0},"stopEnableAfterMs":400}}
[21:28:26] [Render thread/INFO] (PiriRuntimeAcceptance) PIRI_PHASE02_PACKET {"type":"ACTION_ACCEPTED","payload":{"clientSequence":266,"action":"STOP_RIGHT"}}
[21:28:26] [Render thread/INFO] (PiriRuntimeAcceptance) PIRI_PHASE02_PACKET {"type":"REEL_STOP","payload":{"spinId":"afbaac8e-8eeb-4442-b588-5d52ea95bcdb","reel":"RIGHT","pressedIndex":11,"stopIndex":11,"slip":0,"durationMs":80}}
[21:28:26] [Render thread/INFO] (PiriRuntimeAcceptance) PIRI_PHASE02_PACKET {"type":"PUBLIC_STATE","payload":{"sessionId":"64238a28-ddc2-4620-9ea6-0f6a184c318e","machineId":1,"expectedNextClientSequence":267,"gameState":"NORMAL_SPINNING","lifecycle":"ACTIVE","credit":0,"heldMedals":718,"bet":3,"pay":0,"bonusCount":0,"lampOn":false,"displayStops":{"left":1,"center":10,"right":11},"stoppedMask":4}}
[21:28:27] [Render thread/INFO] (PiriRuntimeAcceptance) PIRI_PHASE02_PACKET {"type":"ACTION_ACCEPTED","payload":{"clientSequence":267,"action":"STOP_CENTER"}}
[21:28:27] [Render thread/INFO] (PiriRuntimeAcceptance) PIRI_PHASE02_PACKET {"type":"REEL_STOP","payload":{"spinId":"afbaac8e-8eeb-4442-b588-5d52ea95bcdb","reel":"CENTER","pressedIndex":15,"stopIndex":15,"slip":0,"durationMs":80}}
[21:28:27] [Render thread/INFO] (PiriRuntimeAcceptance) PIRI_PHASE02_PACKET {"type":"PUBLIC_STATE","payload":{"sessionId":"64238a28-ddc2-4620-9ea6-0f6a184c318e","machineId":1,"expectedNextClientSequence":268,"gameState":"NORMAL_SPINNING","lifecycle":"ACTIVE","credit":0,"heldMedals":718,"bet":3,"pay":0,"bonusCount":0,"lampOn":false,"displayStops":{"left":1,"center":15,"right":11},"stoppedMask":6}}
[21:28:27] [Render thread/INFO] (PiriRuntimeAcceptance) PIRI_PHASE02_PACKET {"type":"ACTION_ACCEPTED","payload":{"clientSequence":268,"action":"STOP_LEFT"}}
[21:28:27] [Render thread/INFO] (PiriRuntimeAcceptance) PIRI_PHASE02_PACKET {"type":"REEL_STOP","payload":{"spinId":"afbaac8e-8eeb-4442-b588-5d52ea95bcdb","reel":"LEFT","pressedIndex":17,"stopIndex":17,"slip":0,"durationMs":80}}
[21:28:27] [Render thread/INFO] (PiriRuntimeAcceptance) PIRI_PHASE02_PACKET {"type":"PUBLIC_STATE","payload":{"sessionId":"64238a28-ddc2-4620-9ea6-0f6a184c318e","machineId":1,"expectedNextClientSequence":269,"gameState":"SEATED_READY","lifecycle":"ACTIVE","credit":0,"heldMedals":718,"bet":0,"pay":0,"bonusCount":0,"lampOn":false,"displayStops":{"left":17,"center":15,"right":11},"stoppedMask":7}}
[21:28:28] [Render thread/INFO] (PiriRuntimeAcceptance) PIRI_PHASE02_PACKET {"type":"ACTION_ACCEPTED","payload":{"clientSequence":269,"action":"SPACE_ACTION"}}
[21:28:28] [Render thread/INFO] (PiriRuntimeAcceptance) PIRI_PHASE02_PACKET {"type":"PUBLIC_STATE","payload":{"sessionId":"64238a28-ddc2-4620-9ea6-0f6a184c318e","machineId":1,"expectedNextClientSequence":270,"gameState":"NORMAL_BETTED","lifecycle":"ACTIVE","credit":0,"heldMedals":715,"bet":3,"pay":0,"bonusCount":0,"lampOn":false,"displayStops":{"left":17,"center":15,"right":11},"stoppedMask":7}}
[21:28:28] [Render thread/INFO] (PiriRuntimeAcceptance) PIRI_PHASE02_PACKET {"type":"ACTION_ACCEPTED","payload":{"clientSequence":270,"action":"SPACE_ACTION"}}
[21:28:28] [Render thread/INFO] (PiriRuntimeAcceptance) PIRI_PHASE02_PACKET {"type":"PUBLIC_STATE","payload":{"sessionId":"64238a28-ddc2-4620-9ea6-0f6a184c318e","machineId":1,"expectedNextClientSequence":271,"gameState":"NORMAL_SPINNING","lifecycle":"ACTIVE","credit":0,"heldMedals":715,"bet":3,"pay":0,"bonusCount":0,"lampOn":false,"displayStops":{"left":17,"center":15,"right":11},"stoppedMask":0}}
[21:28:28] [Render thread/INFO] (PiriRuntimeAcceptance) PIRI_PHASE02_PACKET {"type":"SPIN_START","payload":{"sessionId":"64238a28-ddc2-4620-9ea6-0f6a184c318e","machineId":1,"spinId":"15938801-6275-448b-b6e3-cf4e19e8e7b1","mode":"NORMAL","animation":"NORMAL","startPhase":{"left":17.0,"center":15.0,"right":11.0},"stopEnableAfterMs":400}}
[21:28:29] [Render thread/INFO] (PiriRuntimeAcceptance) PIRI_PHASE02_PACKET {"type":"ACTION_ACCEPTED","payload":{"clientSequence":271,"action":"STOP_LEFT"}}
[21:28:29] [Render thread/INFO] (PiriRuntimeAcceptance) PIRI_PHASE02_PACKET {"type":"REEL_STOP","payload":{"spinId":"15938801-6275-448b-b6e3-cf4e19e8e7b1","reel":"LEFT","pressedIndex":9,"stopIndex":6,"slip":3,"durationMs":230}}
[21:28:29] [Render thread/INFO] (PiriRuntimeAcceptance) PIRI_PHASE02_PACKET {"type":"PUBLIC_STATE","payload":{"sessionId":"64238a28-ddc2-4620-9ea6-0f6a184c318e","machineId":1,"expectedNextClientSequence":272,"gameState":"NORMAL_SPINNING","lifecycle":"ACTIVE","credit":0,"heldMedals":715,"bet":3,"pay":0,"bonusCount":0,"lampOn":false,"displayStops":{"left":6,"center":15,"right":11},"stoppedMask":1}}
[21:28:30] [Render thread/INFO] (PiriRuntimeAcceptance) PIRI_PHASE02_PACKET {"type":"ACTION_ACCEPTED","payload":{"clientSequence":272,"action":"STOP_CENTER"}}
[21:28:30] [Render thread/INFO] (PiriRuntimeAcceptance) PIRI_PHASE02_PACKET {"type":"REEL_STOP","payload":{"spinId":"15938801-6275-448b-b6e3-cf4e19e8e7b1","reel":"CENTER","pressedIndex":19,"stopIndex":19,"slip":0,"durationMs":80}}
[21:28:30] [Render thread/INFO] (PiriRuntimeAcceptance) PIRI_PHASE02_PACKET {"type":"PUBLIC_STATE","payload":{"sessionId":"64238a28-ddc2-4620-9ea6-0f6a184c318e","machineId":1,"expectedNextClientSequence":273,"gameState":"NORMAL_SPINNING","lifecycle":"ACTIVE","credit":0,"heldMedals":715,"bet":3,"pay":0,"bonusCount":0,"lampOn":false,"displayStops":{"left":6,"center":19,"right":11},"stoppedMask":3}}
[21:28:30] [Render thread/INFO] (PiriRuntimeAcceptance) PIRI_PHASE02_PACKET {"type":"ACTION_ACCEPTED","payload":{"clientSequence":273,"action":"STOP_RIGHT"}}
[21:28:30] [Render thread/INFO] (PiriRuntimeAcceptance) PIRI_PHASE02_PACKET {"type":"REEL_STOP","payload":{"spinId":"15938801-6275-448b-b6e3-cf4e19e8e7b1","reel":"RIGHT","pressedIndex":6,"stopIndex":5,"slip":1,"durationMs":130}}
[21:28:30] [Render thread/INFO] (PiriRuntimeAcceptance) PIRI_PHASE02_PACKET {"type":"PUBLIC_STATE","payload":{"sessionId":"64238a28-ddc2-4620-9ea6-0f6a184c318e","machineId":1,"expectedNextClientSequence":274,"gameState":"SEATED_READY","lifecycle":"ACTIVE","credit":0,"heldMedals":715,"bet":0,"pay":0,"bonusCount":0,"lampOn":false,"displayStops":{"left":6,"center":19,"right":5},"stoppedMask":7}}
[21:28:31] [Render thread/INFO] (PiriRuntimeAcceptance) PIRI_PHASE02_PACKET {"type":"ACTION_ACCEPTED","payload":{"clientSequence":274,"action":"SPACE_ACTION"}}
[21:28:31] [Render thread/INFO] (PiriRuntimeAcceptance) PIRI_PHASE02_PACKET {"type":"PUBLIC_STATE","payload":{"sessionId":"64238a28-ddc2-4620-9ea6-0f6a184c318e","machineId":1,"expectedNextClientSequence":275,"gameState":"NORMAL_BETTED","lifecycle":"ACTIVE","credit":0,"heldMedals":712,"bet":3,"pay":0,"bonusCount":0,"lampOn":false,"displayStops":{"left":6,"center":19,"right":5},"stoppedMask":7}}
[21:28:31] [Render thread/INFO] (PiriRuntimeAcceptance) PIRI_PHASE02_PACKET {"type":"ACTION_ACCEPTED","payload":{"clientSequence":275,"action":"SPACE_ACTION"}}
[21:28:31] [Render thread/INFO] (PiriRuntimeAcceptance) PIRI_PHASE02_PACKET {"type":"PUBLIC_STATE","payload":{"sessionId":"64238a28-ddc2-4620-9ea6-0f6a184c318e","machineId":1,"expectedNextClientSequence":276,"gameState":"NORMAL_SPINNING","lifecycle":"ACTIVE","credit":0,"heldMedals":712,"bet":3,"pay":0,"bonusCount":0,"lampOn":false,"displayStops":{"left":6,"center":19,"right":5},"stoppedMask":0}}
[21:28:31] [Render thread/INFO] (PiriRuntimeAcceptance) PIRI_PHASE02_PACKET {"type":"SPIN_START","payload":{"sessionId":"64238a28-ddc2-4620-9ea6-0f6a184c318e","machineId":1,"spinId":"5bd3b4ad-18c2-45ef-90aa-0d820bf8bc61","mode":"NORMAL","animation":"NORMAL","startPhase":{"left":6.0,"center":19.0,"right":5.0},"stopEnableAfterMs":400}}
[21:28:32] [Render thread/INFO] (PiriRuntimeAcceptance) PIRI_PHASE02_PACKET {"type":"ACTION_ACCEPTED","payload":{"clientSequence":276,"action":"STOP_LEFT"}}
[21:28:32] [Render thread/INFO] (PiriRuntimeAcceptance) PIRI_PHASE02_PACKET {"type":"REEL_STOP","payload":{"spinId":"5bd3b4ad-18c2-45ef-90aa-0d820bf8bc61","reel":"LEFT","pressedIndex":20,"stopIndex":18,"slip":2,"durationMs":180}}
[21:28:32] [Render thread/INFO] (PiriRuntimeAcceptance) PIRI_PHASE02_PACKET {"type":"PUBLIC_STATE","payload":{"sessionId":"64238a28-ddc2-4620-9ea6-0f6a184c318e","machineId":1,"expectedNextClientSequence":277,"gameState":"NORMAL_SPINNING","lifecycle":"ACTIVE","credit":0,"heldMedals":712,"bet":3,"pay":0,"bonusCount":0,"lampOn":false,"displayStops":{"left":18,"center":19,"right":5},"stoppedMask":1}}
[21:28:32] [Render thread/INFO] (PiriRuntimeAcceptance) PIRI_PHASE02_PACKET {"type":"ACTION_ACCEPTED","payload":{"clientSequence":277,"action":"STOP_RIGHT"}}
[21:28:32] [Render thread/INFO] (PiriRuntimeAcceptance) PIRI_PHASE02_PACKET {"type":"REEL_STOP","payload":{"spinId":"5bd3b4ad-18c2-45ef-90aa-0d820bf8bc61","reel":"RIGHT","pressedIndex":10,"stopIndex":9,"slip":1,"durationMs":130}}
[21:28:32] [Render thread/INFO] (PiriRuntimeAcceptance) PIRI_PHASE02_PACKET {"type":"PUBLIC_STATE","payload":{"sessionId":"64238a28-ddc2-4620-9ea6-0f6a184c318e","machineId":1,"expectedNextClientSequence":278,"gameState":"NORMAL_SPINNING","lifecycle":"ACTIVE","credit":0,"heldMedals":712,"bet":3,"pay":0,"bonusCount":0,"lampOn":false,"displayStops":{"left":18,"center":19,"right":9},"stoppedMask":5}}
[21:28:33] [Render thread/INFO] (PiriRuntimeAcceptance) PIRI_PHASE02_PACKET {"type":"ACTION_ACCEPTED","payload":{"clientSequence":278,"action":"STOP_CENTER"}}
[21:28:33] [Render thread/INFO] (PiriRuntimeAcceptance) PIRI_PHASE02_PACKET {"type":"REEL_STOP","payload":{"spinId":"5bd3b4ad-18c2-45ef-90aa-0d820bf8bc61","reel":"CENTER","pressedIndex":14,"stopIndex":14,"slip":0,"durationMs":80}}
[21:28:33] [Render thread/INFO] (PiriRuntimeAcceptance) PIRI_PHASE02_PACKET {"type":"PUBLIC_STATE","payload":{"sessionId":"64238a28-ddc2-4620-9ea6-0f6a184c318e","machineId":1,"expectedNextClientSequence":279,"gameState":"REPLAY_READY","lifecycle":"ACTIVE","credit":0,"heldMedals":712,"bet":3,"pay":0,"bonusCount":0,"lampOn":false,"displayStops":{"left":18,"center":14,"right":9},"stoppedMask":7}}
[21:28:33] [Render thread/INFO] (PiriRuntimeAcceptance) PIRI_PHASE02_PACKET {"type":"ACTION_ACCEPTED","payload":{"clientSequence":279,"action":"SPACE_ACTION"}}
[21:28:33] [Render thread/INFO] (PiriRuntimeAcceptance) PIRI_PHASE02_PACKET {"type":"PUBLIC_STATE","payload":{"sessionId":"64238a28-ddc2-4620-9ea6-0f6a184c318e","machineId":1,"expectedNextClientSequence":280,"gameState":"NORMAL_SPINNING","lifecycle":"ACTIVE","credit":0,"heldMedals":712,"bet":3,"pay":0,"bonusCount":0,"lampOn":false,"displayStops":{"left":18,"center":14,"right":9},"stoppedMask":0}}
[21:28:33] [Render thread/INFO] (PiriRuntimeAcceptance) PIRI_PHASE02_PACKET {"type":"SPIN_START","payload":{"sessionId":"64238a28-ddc2-4620-9ea6-0f6a184c318e","machineId":1,"spinId":"ecb633f4-a11b-4860-b849-7a12c3de7f42","mode":"NORMAL","animation":"NORMAL","startPhase":{"left":18.0,"center":14.0,"right":9.0},"stopEnableAfterMs":400}}
[21:28:34] [Render thread/INFO] (PiriRuntimeAcceptance) PIRI_PHASE02_PACKET {"type":"ACTION_ACCEPTED","payload":{"clientSequence":280,"action":"STOP_CENTER"}}
[21:28:34] [Render thread/INFO] (PiriRuntimeAcceptance) PIRI_PHASE02_PACKET {"type":"REEL_STOP","payload":{"spinId":"ecb633f4-a11b-4860-b849-7a12c3de7f42","reel":"CENTER","pressedIndex":2,"stopIndex":2,"slip":0,"durationMs":80}}
[21:28:34] [Render thread/INFO] (PiriRuntimeAcceptance) PIRI_PHASE02_PACKET {"type":"PUBLIC_STATE","payload":{"sessionId":"64238a28-ddc2-4620-9ea6-0f6a184c318e","machineId":1,"expectedNextClientSequence":281,"gameState":"NORMAL_SPINNING","lifecycle":"ACTIVE","credit":0,"heldMedals":712,"bet":3,"pay":0,"bonusCount":0,"lampOn":false,"displayStops":{"left":18,"center":2,"right":9},"stoppedMask":2}}
[21:28:35] [Render thread/INFO] (PiriRuntimeAcceptance) PIRI_PHASE02_PACKET {"type":"ACTION_ACCEPTED","payload":{"clientSequence":281,"action":"STOP_LEFT"}}
[21:28:35] [Render thread/INFO] (PiriRuntimeAcceptance) PIRI_PHASE02_PACKET {"type":"REEL_STOP","payload":{"spinId":"ecb633f4-a11b-4860-b849-7a12c3de7f42","reel":"LEFT","pressedIndex":18,"stopIndex":18,"slip":0,"durationMs":80}}
[21:28:35] [Render thread/INFO] (PiriRuntimeAcceptance) PIRI_PHASE02_PACKET {"type":"PUBLIC_STATE","payload":{"sessionId":"64238a28-ddc2-4620-9ea6-0f6a184c318e","machineId":1,"expectedNextClientSequence":282,"gameState":"NORMAL_SPINNING","lifecycle":"ACTIVE","credit":0,"heldMedals":712,"bet":3,"pay":0,"bonusCount":0,"lampOn":false,"displayStops":{"left":18,"center":2,"right":9},"stoppedMask":3}}
[21:28:35] [Render thread/INFO] (PiriRuntimeAcceptance) PIRI_PHASE02_PACKET {"type":"ACTION_ACCEPTED","payload":{"clientSequence":282,"action":"STOP_RIGHT"}}
[21:28:35] [Render thread/INFO] (PiriRuntimeAcceptance) PIRI_PHASE02_PACKET {"type":"REEL_STOP","payload":{"spinId":"ecb633f4-a11b-4860-b849-7a12c3de7f42","reel":"RIGHT","pressedIndex":0,"stopIndex":20,"slip":1,"durationMs":130}}
[21:28:35] [Render thread/INFO] (PiriRuntimeAcceptance) PIRI_PHASE02_PACKET {"type":"PUBLIC_STATE","payload":{"sessionId":"64238a28-ddc2-4620-9ea6-0f6a184c318e","machineId":1,"expectedNextClientSequence":283,"gameState":"SEATED_READY","lifecycle":"ACTIVE","credit":0,"heldMedals":712,"bet":0,"pay":0,"bonusCount":0,"lampOn":false,"displayStops":{"left":18,"center":2,"right":20},"stoppedMask":7}}
[21:28:36] [Render thread/INFO] (PiriRuntimeAcceptance) PIRI_PHASE02_PACKET {"type":"ACTION_ACCEPTED","payload":{"clientSequence":283,"action":"SPACE_ACTION"}}
[21:28:36] [Render thread/INFO] (PiriRuntimeAcceptance) PIRI_PHASE02_PACKET {"type":"PUBLIC_STATE","payload":{"sessionId":"64238a28-ddc2-4620-9ea6-0f6a184c318e","machineId":1,"expectedNextClientSequence":284,"gameState":"NORMAL_BETTED","lifecycle":"ACTIVE","credit":0,"heldMedals":709,"bet":3,"pay":0,"bonusCount":0,"lampOn":false,"displayStops":{"left":18,"center":2,"right":20},"stoppedMask":7}}
[21:28:36] [Render thread/INFO] (PiriRuntimeAcceptance) PIRI_PHASE02_PACKET {"type":"ACTION_ACCEPTED","payload":{"clientSequence":284,"action":"SPACE_ACTION"}}
[21:28:36] [Render thread/INFO] (PiriRuntimeAcceptance) PIRI_PHASE02_PACKET {"type":"PUBLIC_STATE","payload":{"sessionId":"64238a28-ddc2-4620-9ea6-0f6a184c318e","machineId":1,"expectedNextClientSequence":285,"gameState":"NORMAL_SPINNING","lifecycle":"ACTIVE","credit":0,"heldMedals":709,"bet":3,"pay":0,"bonusCount":0,"lampOn":false,"displayStops":{"left":18,"center":2,"right":20},"stoppedMask":0}}
[21:28:36] [Render thread/INFO] (PiriRuntimeAcceptance) PIRI_PHASE02_PACKET {"type":"SPIN_START","payload":{"sessionId":"64238a28-ddc2-4620-9ea6-0f6a184c318e","machineId":1,"spinId":"4e9a3431-3c7f-45ad-9674-ceb40b0fb153","mode":"NORMAL","animation":"NORMAL","startPhase":{"left":18.0,"center":2.0,"right":20.0},"stopEnableAfterMs":400}}
[21:28:37] [Render thread/INFO] (PiriRuntimeAcceptance) PIRI_PHASE02_PACKET {"type":"ACTION_ACCEPTED","payload":{"clientSequence":285,"action":"STOP_CENTER"}}
[21:28:37] [Render thread/INFO] (PiriRuntimeAcceptance) PIRI_PHASE02_PACKET {"type":"REEL_STOP","payload":{"spinId":"4e9a3431-3c7f-45ad-9674-ceb40b0fb153","reel":"CENTER","pressedIndex":16,"stopIndex":16,"slip":0,"durationMs":80}}
[21:28:37] [Render thread/INFO] (PiriRuntimeAcceptance) PIRI_PHASE02_PACKET {"type":"PUBLIC_STATE","payload":{"sessionId":"64238a28-ddc2-4620-9ea6-0f6a184c318e","machineId":1,"expectedNextClientSequence":286,"gameState":"NORMAL_SPINNING","lifecycle":"ACTIVE","credit":0,"heldMedals":709,"bet":3,"pay":0,"bonusCount":0,"lampOn":false,"displayStops":{"left":18,"center":16,"right":20},"stoppedMask":2}}
[21:28:38] [Render thread/INFO] (PiriRuntimeAcceptance) PIRI_PHASE02_PACKET {"type":"ACTION_ACCEPTED","payload":{"clientSequence":286,"action":"STOP_RIGHT"}}
[21:28:38] [Render thread/INFO] (PiriRuntimeAcceptance) PIRI_PHASE02_PACKET {"type":"REEL_STOP","payload":{"spinId":"4e9a3431-3c7f-45ad-9674-ceb40b0fb153","reel":"RIGHT","pressedIndex":20,"stopIndex":20,"slip":0,"durationMs":80}}
[21:28:38] [Render thread/INFO] (PiriRuntimeAcceptance) PIRI_PHASE02_PACKET {"type":"PUBLIC_STATE","payload":{"sessionId":"64238a28-ddc2-4620-9ea6-0f6a184c318e","machineId":1,"expectedNextClientSequence":287,"gameState":"NORMAL_SPINNING","lifecycle":"ACTIVE","credit":0,"heldMedals":709,"bet":3,"pay":0,"bonusCount":0,"lampOn":false,"displayStops":{"left":18,"center":16,"right":20},"stoppedMask":6}}
[21:28:38] [Render thread/INFO] (PiriRuntimeAcceptance) PIRI_PHASE02_PACKET {"type":"ACTION_ACCEPTED","payload":{"clientSequence":287,"action":"STOP_LEFT"}}
[21:28:38] [Render thread/INFO] (PiriRuntimeAcceptance) PIRI_PHASE02_PACKET {"type":"REEL_STOP","payload":{"spinId":"4e9a3431-3c7f-45ad-9674-ceb40b0fb153","reel":"LEFT","pressedIndex":9,"stopIndex":5,"slip":4,"durationMs":280}}
[21:28:38] [Render thread/INFO] (PiriRuntimeAcceptance) PIRI_PHASE02_PACKET {"type":"PUBLIC_STATE","payload":{"sessionId":"64238a28-ddc2-4620-9ea6-0f6a184c318e","machineId":1,"expectedNextClientSequence":288,"gameState":"SEATED_READY","lifecycle":"ACTIVE","credit":0,"heldMedals":709,"bet":0,"pay":0,"bonusCount":0,"lampOn":false,"displayStops":{"left":5,"center":16,"right":20},"stoppedMask":7}}
[21:28:39] [Render thread/INFO] (PiriRuntimeAcceptance) PIRI_PHASE02_PACKET {"type":"ACTION_ACCEPTED","payload":{"clientSequence":288,"action":"SPACE_ACTION"}}
[21:28:39] [Render thread/INFO] (PiriRuntimeAcceptance) PIRI_PHASE02_PACKET {"type":"PUBLIC_STATE","payload":{"sessionId":"64238a28-ddc2-4620-9ea6-0f6a184c318e","machineId":1,"expectedNextClientSequence":289,"gameState":"NORMAL_BETTED","lifecycle":"ACTIVE","credit":0,"heldMedals":706,"bet":3,"pay":0,"bonusCount":0,"lampOn":false,"displayStops":{"left":5,"center":16,"right":20},"stoppedMask":7}}
[21:28:40] [Render thread/INFO] (PiriRuntimeAcceptance) PIRI_PHASE02_PACKET {"type":"ACTION_ACCEPTED","payload":{"clientSequence":289,"action":"SPACE_ACTION"}}
[21:28:40] [Render thread/INFO] (PiriRuntimeAcceptance) PIRI_PHASE02_PACKET {"type":"PUBLIC_STATE","payload":{"sessionId":"64238a28-ddc2-4620-9ea6-0f6a184c318e","machineId":1,"expectedNextClientSequence":290,"gameState":"NORMAL_SPINNING","lifecycle":"ACTIVE","credit":0,"heldMedals":706,"bet":3,"pay":0,"bonusCount":0,"lampOn":false,"displayStops":{"left":5,"center":16,"right":20},"stoppedMask":0}}
[21:28:40] [Render thread/INFO] (PiriRuntimeAcceptance) PIRI_PHASE02_PACKET {"type":"SPIN_START","payload":{"sessionId":"64238a28-ddc2-4620-9ea6-0f6a184c318e","machineId":1,"spinId":"6e5b20c5-5aae-4916-bff9-247c1d9b8d95","mode":"NORMAL","animation":"NORMAL","startPhase":{"left":5.0,"center":16.0,"right":20.0},"stopEnableAfterMs":400}}
[21:28:40] [Render thread/INFO] (PiriRuntimeAcceptance) PIRI_PHASE02_PACKET {"type":"ACTION_ACCEPTED","payload":{"clientSequence":290,"action":"STOP_RIGHT"}}
[21:28:40] [Render thread/INFO] (PiriRuntimeAcceptance) PIRI_PHASE02_PACKET {"type":"REEL_STOP","payload":{"spinId":"6e5b20c5-5aae-4916-bff9-247c1d9b8d95","reel":"RIGHT","pressedIndex":13,"stopIndex":13,"slip":0,"durationMs":80}}
[21:28:40] [Render thread/INFO] (PiriRuntimeAcceptance) PIRI_PHASE02_PACKET {"type":"PUBLIC_STATE","payload":{"sessionId":"64238a28-ddc2-4620-9ea6-0f6a184c318e","machineId":1,"expectedNextClientSequence":291,"gameState":"NORMAL_SPINNING","lifecycle":"ACTIVE","credit":0,"heldMedals":706,"bet":3,"pay":0,"bonusCount":0,"lampOn":false,"displayStops":{"left":5,"center":16,"right":13},"stoppedMask":4}}
[21:28:41] [Render thread/INFO] (PiriRuntimeAcceptance) PIRI_PHASE02_PACKET {"type":"ACTION_ACCEPTED","payload":{"clientSequence":291,"action":"STOP_LEFT"}}
[21:28:41] [Render thread/INFO] (PiriRuntimeAcceptance) PIRI_PHASE02_PACKET {"type":"REEL_STOP","payload":{"spinId":"6e5b20c5-5aae-4916-bff9-247c1d9b8d95","reel":"LEFT","pressedIndex":5,"stopIndex":5,"slip":0,"durationMs":80}}
[21:28:41] [Render thread/INFO] (PiriRuntimeAcceptance) PIRI_PHASE02_PACKET {"type":"PUBLIC_STATE","payload":{"sessionId":"64238a28-ddc2-4620-9ea6-0f6a184c318e","machineId":1,"expectedNextClientSequence":292,"gameState":"NORMAL_SPINNING","lifecycle":"ACTIVE","credit":0,"heldMedals":706,"bet":3,"pay":0,"bonusCount":0,"lampOn":false,"displayStops":{"left":5,"center":16,"right":13},"stoppedMask":5}}
[21:28:42] [Render thread/INFO] (PiriRuntimeAcceptance) PIRI_PHASE02_PACKET {"type":"ACTION_ACCEPTED","payload":{"clientSequence":292,"action":"STOP_CENTER"}}
[21:28:42] [Render thread/INFO] (PiriRuntimeAcceptance) PIRI_PHASE02_PACKET {"type":"REEL_STOP","payload":{"spinId":"6e5b20c5-5aae-4916-bff9-247c1d9b8d95","reel":"CENTER","pressedIndex":7,"stopIndex":7,"slip":0,"durationMs":80}}
[21:28:42] [Render thread/INFO] (PiriRuntimeAcceptance) PIRI_PHASE02_PACKET {"type":"PUBLIC_STATE","payload":{"sessionId":"64238a28-ddc2-4620-9ea6-0f6a184c318e","machineId":1,"expectedNextClientSequence":293,"gameState":"SEATED_READY","lifecycle":"ACTIVE","credit":0,"heldMedals":706,"bet":0,"pay":0,"bonusCount":0,"lampOn":false,"displayStops":{"left":5,"center":7,"right":13},"stoppedMask":7}}
[21:28:42] [Render thread/INFO] (PiriRuntimeAcceptance) PIRI_PHASE02_PACKET {"type":"ACTION_ACCEPTED","payload":{"clientSequence":293,"action":"SPACE_ACTION"}}
[21:28:42] [Render thread/INFO] (PiriRuntimeAcceptance) PIRI_PHASE02_PACKET {"type":"PUBLIC_STATE","payload":{"sessionId":"64238a28-ddc2-4620-9ea6-0f6a184c318e","machineId":1,"expectedNextClientSequence":294,"gameState":"NORMAL_BETTED","lifecycle":"ACTIVE","credit":0,"heldMedals":703,"bet":3,"pay":0,"bonusCount":0,"lampOn":false,"displayStops":{"left":5,"center":7,"right":13},"stoppedMask":7}}
[21:28:43] [Render thread/INFO] (PiriRuntimeAcceptance) PIRI_PHASE02_PACKET {"type":"ACTION_ACCEPTED","payload":{"clientSequence":294,"action":"SPACE_ACTION"}}
[21:28:43] [Render thread/INFO] (PiriRuntimeAcceptance) PIRI_PHASE02_PACKET {"type":"PUBLIC_STATE","payload":{"sessionId":"64238a28-ddc2-4620-9ea6-0f6a184c318e","machineId":1,"expectedNextClientSequence":295,"gameState":"NORMAL_SPINNING","lifecycle":"ACTIVE","credit":0,"heldMedals":703,"bet":3,"pay":0,"bonusCount":0,"lampOn":false,"displayStops":{"left":5,"center":7,"right":13},"stoppedMask":0}}
[21:28:43] [Render thread/INFO] (PiriRuntimeAcceptance) PIRI_PHASE02_PACKET {"type":"SPIN_START","payload":{"sessionId":"64238a28-ddc2-4620-9ea6-0f6a184c318e","machineId":1,"spinId":"491e9c9d-2b2f-4570-99d6-208b075c3304","mode":"NORMAL","animation":"NORMAL","startPhase":{"left":5.0,"center":7.0,"right":13.0},"stopEnableAfterMs":400}}
[21:28:43] [Render thread/INFO] (PiriRuntimeAcceptance) PIRI_PHASE02_PACKET {"type":"ACTION_ACCEPTED","payload":{"clientSequence":295,"action":"STOP_RIGHT"}}
[21:28:43] [Render thread/INFO] (PiriRuntimeAcceptance) PIRI_PHASE02_PACKET {"type":"REEL_STOP","payload":{"spinId":"491e9c9d-2b2f-4570-99d6-208b075c3304","reel":"RIGHT","pressedIndex":6,"stopIndex":6,"slip":0,"durationMs":80}}
[21:28:43] [Render thread/INFO] (PiriRuntimeAcceptance) PIRI_PHASE02_PACKET {"type":"PUBLIC_STATE","payload":{"sessionId":"64238a28-ddc2-4620-9ea6-0f6a184c318e","machineId":1,"expectedNextClientSequence":296,"gameState":"NORMAL_SPINNING","lifecycle":"ACTIVE","credit":0,"heldMedals":703,"bet":3,"pay":0,"bonusCount":0,"lampOn":false,"displayStops":{"left":5,"center":7,"right":6},"stoppedMask":4}}
[21:28:44] [Render thread/INFO] (PiriRuntimeAcceptance) PIRI_PHASE02_PACKET {"type":"ACTION_ACCEPTED","payload":{"clientSequence":296,"action":"STOP_CENTER"}}
[21:28:44] [Render thread/INFO] (PiriRuntimeAcceptance) PIRI_PHASE02_PACKET {"type":"REEL_STOP","payload":{"spinId":"491e9c9d-2b2f-4570-99d6-208b075c3304","reel":"CENTER","pressedIndex":12,"stopIndex":12,"slip":0,"durationMs":80}}
[21:28:44] [Render thread/INFO] (PiriRuntimeAcceptance) PIRI_PHASE02_PACKET {"type":"PUBLIC_STATE","payload":{"sessionId":"64238a28-ddc2-4620-9ea6-0f6a184c318e","machineId":1,"expectedNextClientSequence":297,"gameState":"NORMAL_SPINNING","lifecycle":"ACTIVE","credit":0,"heldMedals":703,"bet":3,"pay":0,"bonusCount":0,"lampOn":false,"displayStops":{"left":5,"center":12,"right":6},"stoppedMask":6}}
[21:28:44] [Render thread/INFO] (PiriRuntimeAcceptance) PIRI_PHASE02_PACKET {"type":"ACTION_ACCEPTED","payload":{"clientSequence":297,"action":"STOP_LEFT"}}
[21:28:44] [Render thread/INFO] (PiriRuntimeAcceptance) PIRI_PHASE02_PACKET {"type":"REEL_STOP","payload":{"spinId":"491e9c9d-2b2f-4570-99d6-208b075c3304","reel":"LEFT","pressedIndex":1,"stopIndex":0,"slip":1,"durationMs":130}}
[21:28:44] [Render thread/INFO] (PiriRuntimeAcceptance) PIRI_PHASE02_PACKET {"type":"PAYOUT","payload":{}}
[21:28:44] [Render thread/INFO] (PiriRuntimeAcceptance) PIRI_PHASE02_PACKET {"type":"PUBLIC_STATE","payload":{"sessionId":"64238a28-ddc2-4620-9ea6-0f6a184c318e","machineId":1,"expectedNextClientSequence":298,"gameState":"SEATED_READY","lifecycle":"ACTIVE","credit":2,"heldMedals":703,"bet":0,"pay":2,"bonusCount":0,"lampOn":false,"displayStops":{"left":0,"center":12,"right":6},"stoppedMask":7}}
[21:28:45] [Render thread/INFO] (PiriRuntimeAcceptance) PIRI_PHASE02_PACKET {"type":"ACTION_ACCEPTED","payload":{"clientSequence":298,"action":"SPACE_ACTION"}}
[21:28:45] [Render thread/INFO] (PiriRuntimeAcceptance) PIRI_PHASE02_PACKET {"type":"PUBLIC_STATE","payload":{"sessionId":"64238a28-ddc2-4620-9ea6-0f6a184c318e","machineId":1,"expectedNextClientSequence":299,"gameState":"NORMAL_BETTED","lifecycle":"ACTIVE","credit":0,"heldMedals":702,"bet":3,"pay":0,"bonusCount":0,"lampOn":false,"displayStops":{"left":0,"center":12,"right":6},"stoppedMask":7}}
[21:28:46] [Render thread/INFO] (PiriRuntimeAcceptance) PIRI_PHASE02_PACKET {"type":"ACTION_ACCEPTED","payload":{"clientSequence":299,"action":"SPACE_ACTION"}}
[21:28:46] [Render thread/INFO] (PiriRuntimeAcceptance) PIRI_PHASE02_PACKET {"type":"PUBLIC_STATE","payload":{"sessionId":"64238a28-ddc2-4620-9ea6-0f6a184c318e","machineId":1,"expectedNextClientSequence":300,"gameState":"NORMAL_SPINNING","lifecycle":"ACTIVE","credit":0,"heldMedals":702,"bet":3,"pay":0,"bonusCount":0,"lampOn":false,"displayStops":{"left":0,"center":12,"right":6},"stoppedMask":0}}
[21:28:46] [Render thread/INFO] (PiriRuntimeAcceptance) PIRI_PHASE02_PACKET {"type":"SPIN_START","payload":{"sessionId":"64238a28-ddc2-4620-9ea6-0f6a184c318e","machineId":1,"spinId":"de81acfe-ec1d-4ee9-9ba7-7aa67b6f1bb1","mode":"NORMAL","animation":"NORMAL","startPhase":{"left":0.0,"center":12.0,"right":6.0},"stopEnableAfterMs":400}}
[21:28:46] [Render thread/INFO] (PiriRuntimeAcceptance) PIRI_PHASE02_PACKET {"type":"ACTION_ACCEPTED","payload":{"clientSequence":300,"action":"STOP_LEFT"}}
[21:28:46] [Render thread/INFO] (PiriRuntimeAcceptance) PIRI_PHASE02_PACKET {"type":"REEL_STOP","payload":{"spinId":"de81acfe-ec1d-4ee9-9ba7-7aa67b6f1bb1","reel":"LEFT","pressedIndex":13,"stopIndex":13,"slip":0,"durationMs":80}}
[21:28:46] [Render thread/INFO] (PiriRuntimeAcceptance) PIRI_PHASE02_PACKET {"type":"PUBLIC_STATE","payload":{"sessionId":"64238a28-ddc2-4620-9ea6-0f6a184c318e","machineId":1,"expectedNextClientSequence":301,"gameState":"NORMAL_SPINNING","lifecycle":"ACTIVE","credit":0,"heldMedals":702,"bet":3,"pay":0,"bonusCount":0,"lampOn":false,"displayStops":{"left":13,"center":12,"right":6},"stoppedMask":1}}
[21:28:47] [Render thread/INFO] (PiriRuntimeAcceptance) PIRI_PHASE02_PACKET {"type":"ACTION_ACCEPTED","payload":{"clientSequence":301,"action":"STOP_CENTER"}}
[21:28:47] [Render thread/INFO] (PiriRuntimeAcceptance) PIRI_PHASE02_PACKET {"type":"REEL_STOP","payload":{"spinId":"de81acfe-ec1d-4ee9-9ba7-7aa67b6f1bb1","reel":"CENTER","pressedIndex":16,"stopIndex":16,"slip":0,"durationMs":80}}
[21:28:47] [Render thread/INFO] (PiriRuntimeAcceptance) PIRI_PHASE02_PACKET {"type":"PUBLIC_STATE","payload":{"sessionId":"64238a28-ddc2-4620-9ea6-0f6a184c318e","machineId":1,"expectedNextClientSequence":302,"gameState":"NORMAL_SPINNING","lifecycle":"ACTIVE","credit":0,"heldMedals":702,"bet":3,"pay":0,"bonusCount":0,"lampOn":false,"displayStops":{"left":13,"center":16,"right":6},"stoppedMask":3}}
[21:28:47] [Render thread/INFO] (PiriRuntimeAcceptance) PIRI_PHASE02_PACKET {"type":"ACTION_ACCEPTED","payload":{"clientSequence":302,"action":"STOP_RIGHT"}}
[21:28:47] [Render thread/INFO] (PiriRuntimeAcceptance) PIRI_PHASE02_PACKET {"type":"REEL_STOP","payload":{"spinId":"de81acfe-ec1d-4ee9-9ba7-7aa67b6f1bb1","reel":"RIGHT","pressedIndex":1,"stopIndex":1,"slip":0,"durationMs":80}}
[21:28:47] [Render thread/INFO] (PiriRuntimeAcceptance) PIRI_PHASE02_PACKET {"type":"PAYOUT","payload":{}}
[21:28:47] [Render thread/INFO] (PiriRuntimeAcceptance) PIRI_PHASE02_PACKET {"type":"PUBLIC_STATE","payload":{"sessionId":"64238a28-ddc2-4620-9ea6-0f6a184c318e","machineId":1,"expectedNextClientSequence":303,"gameState":"SEATED_READY","lifecycle":"ACTIVE","credit":8,"heldMedals":702,"bet":0,"pay":8,"bonusCount":0,"lampOn":false,"displayStops":{"left":13,"center":16,"right":1},"stoppedMask":7}}
[21:28:48] [Render thread/INFO] (PiriRuntimeAcceptance) PIRI_PHASE02_PACKET {"type":"ACTION_ACCEPTED","payload":{"clientSequence":303,"action":"SPACE_ACTION"}}
[21:28:48] [Render thread/INFO] (PiriRuntimeAcceptance) PIRI_PHASE02_PACKET {"type":"PUBLIC_STATE","payload":{"sessionId":"64238a28-ddc2-4620-9ea6-0f6a184c318e","machineId":1,"expectedNextClientSequence":304,"gameState":"NORMAL_BETTED","lifecycle":"ACTIVE","credit":5,"heldMedals":702,"bet":3,"pay":0,"bonusCount":0,"lampOn":false,"displayStops":{"left":13,"center":16,"right":1},"stoppedMask":7}}
[21:28:48] [Render thread/INFO] (PiriRuntimeAcceptance) PIRI_PHASE02_PACKET {"type":"ACTION_ACCEPTED","payload":{"clientSequence":304,"action":"SPACE_ACTION"}}
[21:28:48] [Render thread/INFO] (PiriRuntimeAcceptance) PIRI_PHASE02_PACKET {"type":"PUBLIC_STATE","payload":{"sessionId":"64238a28-ddc2-4620-9ea6-0f6a184c318e","machineId":1,"expectedNextClientSequence":305,"gameState":"NORMAL_SPINNING","lifecycle":"ACTIVE","credit":5,"heldMedals":702,"bet":3,"pay":0,"bonusCount":0,"lampOn":false,"displayStops":{"left":13,"center":16,"right":1},"stoppedMask":0}}
[21:28:48] [Render thread/INFO] (PiriRuntimeAcceptance) PIRI_PHASE02_PACKET {"type":"SPIN_START","payload":{"sessionId":"64238a28-ddc2-4620-9ea6-0f6a184c318e","machineId":1,"spinId":"d11bd808-d0bc-4ed3-b19c-e9ed5407b999","mode":"NORMAL","animation":"NORMAL","startPhase":{"left":13.0,"center":16.0,"right":1.0},"stopEnableAfterMs":400}}
[21:28:49] [Render thread/INFO] (PiriRuntimeAcceptance) PIRI_PHASE02_PACKET {"type":"ACTION_ACCEPTED","payload":{"clientSequence":305,"action":"STOP_LEFT"}}
[21:28:49] [Render thread/INFO] (PiriRuntimeAcceptance) PIRI_PHASE02_PACKET {"type":"REEL_STOP","payload":{"spinId":"d11bd808-d0bc-4ed3-b19c-e9ed5407b999","reel":"LEFT","pressedIndex":6,"stopIndex":6,"slip":0,"durationMs":80}}
[21:28:49] [Render thread/INFO] (PiriRuntimeAcceptance) PIRI_PHASE02_PACKET {"type":"PUBLIC_STATE","payload":{"sessionId":"64238a28-ddc2-4620-9ea6-0f6a184c318e","machineId":1,"expectedNextClientSequence":306,"gameState":"NORMAL_SPINNING","lifecycle":"ACTIVE","credit":5,"heldMedals":702,"bet":3,"pay":0,"bonusCount":0,"lampOn":false,"displayStops":{"left":6,"center":16,"right":1},"stoppedMask":1}}
[21:28:50] [Render thread/INFO] (PiriRuntimeAcceptance) PIRI_PHASE02_PACKET {"type":"ACTION_ACCEPTED","payload":{"clientSequence":306,"action":"STOP_RIGHT"}}
[21:28:50] [Render thread/INFO] (PiriRuntimeAcceptance) PIRI_PHASE02_PACKET {"type":"REEL_STOP","payload":{"spinId":"d11bd808-d0bc-4ed3-b19c-e9ed5407b999","reel":"RIGHT","pressedIndex":6,"stopIndex":6,"slip":0,"durationMs":80}}
[21:28:50] [Render thread/INFO] (PiriRuntimeAcceptance) PIRI_PHASE02_PACKET {"type":"PUBLIC_STATE","payload":{"sessionId":"64238a28-ddc2-4620-9ea6-0f6a184c318e","machineId":1,"expectedNextClientSequence":307,"gameState":"NORMAL_SPINNING","lifecycle":"ACTIVE","credit":5,"heldMedals":702,"bet":3,"pay":0,"bonusCount":0,"lampOn":false,"displayStops":{"left":6,"center":16,"right":6},"stoppedMask":5}}
[21:28:50] [Render thread/INFO] (PiriRuntimeAcceptance) PIRI_PHASE02_PACKET {"type":"ACTION_ACCEPTED","payload":{"clientSequence":307,"action":"STOP_CENTER"}}
[21:28:50] [Render thread/INFO] (PiriRuntimeAcceptance) PIRI_PHASE02_PACKET {"type":"REEL_STOP","payload":{"spinId":"d11bd808-d0bc-4ed3-b19c-e9ed5407b999","reel":"CENTER","pressedIndex":12,"stopIndex":12,"slip":0,"durationMs":80}}
[21:28:50] [Render thread/INFO] (PiriRuntimeAcceptance) PIRI_PHASE02_PACKET {"type":"PAYOUT","payload":{}}
[21:28:50] [Render thread/INFO] (PiriRuntimeAcceptance) PIRI_PHASE02_PACKET {"type":"PUBLIC_STATE","payload":{"sessionId":"64238a28-ddc2-4620-9ea6-0f6a184c318e","machineId":1,"expectedNextClientSequence":308,"gameState":"SEATED_READY","lifecycle":"ACTIVE","credit":13,"heldMedals":702,"bet":0,"pay":8,"bonusCount":0,"lampOn":false,"displayStops":{"left":6,"center":12,"right":6},"stoppedMask":7}}
[21:28:51] [Render thread/INFO] (PiriRuntimeAcceptance) PIRI_PHASE02_PACKET {"type":"ACTION_ACCEPTED","payload":{"clientSequence":308,"action":"SPACE_ACTION"}}
[21:28:51] [Render thread/INFO] (PiriRuntimeAcceptance) PIRI_PHASE02_PACKET {"type":"PUBLIC_STATE","payload":{"sessionId":"64238a28-ddc2-4620-9ea6-0f6a184c318e","machineId":1,"expectedNextClientSequence":309,"gameState":"NORMAL_BETTED","lifecycle":"ACTIVE","credit":10,"heldMedals":702,"bet":3,"pay":0,"bonusCount":0,"lampOn":false,"displayStops":{"left":6,"center":12,"right":6},"stoppedMask":7}}
[21:28:51] [Render thread/INFO] (PiriRuntimeAcceptance) PIRI_PHASE02_PACKET {"type":"ACTION_ACCEPTED","payload":{"clientSequence":309,"action":"SPACE_ACTION"}}
[21:28:51] [Render thread/INFO] (PiriRuntimeAcceptance) PIRI_PHASE02_PACKET {"type":"PUBLIC_STATE","payload":{"sessionId":"64238a28-ddc2-4620-9ea6-0f6a184c318e","machineId":1,"expectedNextClientSequence":310,"gameState":"NORMAL_SPINNING","lifecycle":"ACTIVE","credit":10,"heldMedals":702,"bet":3,"pay":0,"bonusCount":0,"lampOn":false,"displayStops":{"left":6,"center":12,"right":6},"stoppedMask":0}}
[21:28:51] [Render thread/INFO] (PiriRuntimeAcceptance) PIRI_PHASE02_PACKET {"type":"SPIN_START","payload":{"sessionId":"64238a28-ddc2-4620-9ea6-0f6a184c318e","machineId":1,"spinId":"06b4450e-68cf-430a-a5f9-efc2fed0e95f","mode":"NORMAL","animation":"NORMAL","startPhase":{"left":6.0,"center":12.0,"right":6.0},"stopEnableAfterMs":400}}
[21:28:52] [Render thread/INFO] (PiriRuntimeAcceptance) PIRI_PHASE02_PACKET {"type":"ACTION_ACCEPTED","payload":{"clientSequence":310,"action":"STOP_CENTER"}}
[21:28:52] [Render thread/INFO] (PiriRuntimeAcceptance) PIRI_PHASE02_PACKET {"type":"REEL_STOP","payload":{"spinId":"06b4450e-68cf-430a-a5f9-efc2fed0e95f","reel":"CENTER","pressedIndex":4,"stopIndex":4,"slip":0,"durationMs":80}}
[21:28:52] [Render thread/INFO] (PiriRuntimeAcceptance) PIRI_PHASE02_PACKET {"type":"PUBLIC_STATE","payload":{"sessionId":"64238a28-ddc2-4620-9ea6-0f6a184c318e","machineId":1,"expectedNextClientSequence":311,"gameState":"NORMAL_SPINNING","lifecycle":"ACTIVE","credit":10,"heldMedals":702,"bet":3,"pay":0,"bonusCount":0,"lampOn":false,"displayStops":{"left":6,"center":4,"right":6},"stoppedMask":2}}
[21:28:53] [Render thread/INFO] (PiriRuntimeAcceptance) PIRI_PHASE02_PACKET {"type":"ACTION_ACCEPTED","payload":{"clientSequence":311,"action":"STOP_LEFT"}}
[21:28:53] [Render thread/INFO] (PiriRuntimeAcceptance) PIRI_PHASE02_PACKET {"type":"REEL_STOP","payload":{"spinId":"06b4450e-68cf-430a-a5f9-efc2fed0e95f","reel":"LEFT","pressedIndex":10,"stopIndex":10,"slip":0,"durationMs":80}}
[21:28:53] [Render thread/INFO] (PiriRuntimeAcceptance) PIRI_PHASE02_PACKET {"type":"PUBLIC_STATE","payload":{"sessionId":"64238a28-ddc2-4620-9ea6-0f6a184c318e","machineId":1,"expectedNextClientSequence":312,"gameState":"NORMAL_SPINNING","lifecycle":"ACTIVE","credit":10,"heldMedals":702,"bet":3,"pay":0,"bonusCount":0,"lampOn":false,"displayStops":{"left":10,"center":4,"right":6},"stoppedMask":3}}
[21:28:53] [Render thread/INFO] (PiriRuntimeAcceptance) PIRI_PHASE02_PACKET {"type":"ACTION_ACCEPTED","payload":{"clientSequence":312,"action":"STOP_RIGHT"}}
[21:28:53] [Render thread/INFO] (PiriRuntimeAcceptance) PIRI_PHASE02_PACKET {"type":"REEL_STOP","payload":{"spinId":"06b4450e-68cf-430a-a5f9-efc2fed0e95f","reel":"RIGHT","pressedIndex":1,"stopIndex":1,"slip":0,"durationMs":80}}
[21:28:53] [Render thread/INFO] (PiriRuntimeAcceptance) PIRI_PHASE02_PACKET {"type":"PUBLIC_STATE","payload":{"sessionId":"64238a28-ddc2-4620-9ea6-0f6a184c318e","machineId":1,"expectedNextClientSequence":313,"gameState":"SEATED_READY","lifecycle":"ACTIVE","credit":10,"heldMedals":702,"bet":0,"pay":0,"bonusCount":0,"lampOn":false,"displayStops":{"left":10,"center":4,"right":1},"stoppedMask":7}}
[21:28:54] [Render thread/INFO] (PiriRuntimeAcceptance) PIRI_PHASE02_PACKET {"type":"ACTION_ACCEPTED","payload":{"clientSequence":313,"action":"SPACE_ACTION"}}
[21:28:54] [Render thread/INFO] (PiriRuntimeAcceptance) PIRI_PHASE02_PACKET {"type":"PUBLIC_STATE","payload":{"sessionId":"64238a28-ddc2-4620-9ea6-0f6a184c318e","machineId":1,"expectedNextClientSequence":314,"gameState":"NORMAL_BETTED","lifecycle":"ACTIVE","credit":7,"heldMedals":702,"bet":3,"pay":0,"bonusCount":0,"lampOn":false,"displayStops":{"left":10,"center":4,"right":1},"stoppedMask":7}}
[21:28:54] [Render thread/INFO] (PiriRuntimeAcceptance) PIRI_PHASE02_PACKET {"type":"ACTION_ACCEPTED","payload":{"clientSequence":314,"action":"SPACE_ACTION"}}
[21:28:54] [Render thread/INFO] (PiriRuntimeAcceptance) PIRI_PHASE02_PACKET {"type":"PUBLIC_STATE","payload":{"sessionId":"64238a28-ddc2-4620-9ea6-0f6a184c318e","machineId":1,"expectedNextClientSequence":315,"gameState":"NORMAL_SPINNING","lifecycle":"ACTIVE","credit":7,"heldMedals":702,"bet":3,"pay":0,"bonusCount":0,"lampOn":false,"displayStops":{"left":10,"center":4,"right":1},"stoppedMask":0}}
[21:28:54] [Render thread/INFO] (PiriRuntimeAcceptance) PIRI_PHASE02_PACKET {"type":"SPIN_START","payload":{"sessionId":"64238a28-ddc2-4620-9ea6-0f6a184c318e","machineId":1,"spinId":"b8309bca-75a7-417f-8943-8a0b4bf285b5","mode":"NORMAL","animation":"NORMAL","startPhase":{"left":10.0,"center":4.0,"right":1.0},"stopEnableAfterMs":400}}
[21:28:55] [Render thread/INFO] (PiriRuntimeAcceptance) PIRI_PHASE02_PACKET {"type":"ACTION_ACCEPTED","payload":{"clientSequence":315,"action":"STOP_CENTER"}}
[21:28:55] [Render thread/INFO] (PiriRuntimeAcceptance) PIRI_PHASE02_PACKET {"type":"REEL_STOP","payload":{"spinId":"b8309bca-75a7-417f-8943-8a0b4bf285b5","reel":"CENTER","pressedIndex":18,"stopIndex":18,"slip":0,"durationMs":80}}
[21:28:55] [Render thread/INFO] (PiriRuntimeAcceptance) PIRI_PHASE02_PACKET {"type":"PUBLIC_STATE","payload":{"sessionId":"64238a28-ddc2-4620-9ea6-0f6a184c318e","machineId":1,"expectedNextClientSequence":316,"gameState":"NORMAL_SPINNING","lifecycle":"ACTIVE","credit":7,"heldMedals":702,"bet":3,"pay":0,"bonusCount":0,"lampOn":false,"displayStops":{"left":10,"center":18,"right":1},"stoppedMask":2}}
[21:28:55] [Render thread/INFO] (PiriRuntimeAcceptance) PIRI_PHASE02_PACKET {"type":"ACTION_ACCEPTED","payload":{"clientSequence":316,"action":"STOP_RIGHT"}}
[21:28:55] [Render thread/INFO] (PiriRuntimeAcceptance) PIRI_PHASE02_PACKET {"type":"REEL_STOP","payload":{"spinId":"b8309bca-75a7-417f-8943-8a0b4bf285b5","reel":"RIGHT","pressedIndex":6,"stopIndex":6,"slip":0,"durationMs":80}}
[21:28:55] [Render thread/INFO] (PiriRuntimeAcceptance) PIRI_PHASE02_PACKET {"type":"PUBLIC_STATE","payload":{"sessionId":"64238a28-ddc2-4620-9ea6-0f6a184c318e","machineId":1,"expectedNextClientSequence":317,"gameState":"NORMAL_SPINNING","lifecycle":"ACTIVE","credit":7,"heldMedals":702,"bet":3,"pay":0,"bonusCount":0,"lampOn":false,"displayStops":{"left":10,"center":18,"right":6},"stoppedMask":6}}
[21:28:56] [Render thread/INFO] (PiriRuntimeAcceptance) PIRI_PHASE02_PACKET {"type":"ACTION_ACCEPTED","payload":{"clientSequence":317,"action":"STOP_LEFT"}}
[21:28:56] [Render thread/INFO] (PiriRuntimeAcceptance) PIRI_PHASE02_PACKET {"type":"REEL_STOP","payload":{"spinId":"b8309bca-75a7-417f-8943-8a0b4bf285b5","reel":"LEFT","pressedIndex":6,"stopIndex":5,"slip":1,"durationMs":130}}
[21:28:56] [Render thread/INFO] (PiriRuntimeAcceptance) PIRI_PHASE02_PACKET {"type":"PUBLIC_STATE","payload":{"sessionId":"64238a28-ddc2-4620-9ea6-0f6a184c318e","machineId":1,"expectedNextClientSequence":318,"gameState":"SEATED_READY","lifecycle":"ACTIVE","credit":7,"heldMedals":702,"bet":0,"pay":0,"bonusCount":0,"lampOn":false,"displayStops":{"left":5,"center":18,"right":6},"stoppedMask":7}}
[21:28:56] [Render thread/INFO] (PiriRuntimeAcceptance) PIRI_PHASE02_PACKET {"type":"ACTION_ACCEPTED","payload":{"clientSequence":318,"action":"SPACE_ACTION"}}
[21:28:56] [Render thread/INFO] (PiriRuntimeAcceptance) PIRI_PHASE02_PACKET {"type":"PUBLIC_STATE","payload":{"sessionId":"64238a28-ddc2-4620-9ea6-0f6a184c318e","machineId":1,"expectedNextClientSequence":319,"gameState":"NORMAL_BETTED","lifecycle":"ACTIVE","credit":4,"heldMedals":702,"bet":3,"pay":0,"bonusCount":0,"lampOn":false,"displayStops":{"left":5,"center":18,"right":6},"stoppedMask":7}}
[21:28:57] [Render thread/INFO] (PiriRuntimeAcceptance) PIRI_PHASE02_PACKET {"type":"ACTION_ACCEPTED","payload":{"clientSequence":319,"action":"SPACE_ACTION"}}
[21:28:57] [Render thread/INFO] (PiriRuntimeAcceptance) PIRI_PHASE02_PACKET {"type":"PUBLIC_STATE","payload":{"sessionId":"64238a28-ddc2-4620-9ea6-0f6a184c318e","machineId":1,"expectedNextClientSequence":320,"gameState":"NORMAL_SPINNING","lifecycle":"ACTIVE","credit":4,"heldMedals":702,"bet":3,"pay":0,"bonusCount":0,"lampOn":false,"displayStops":{"left":5,"center":18,"right":6},"stoppedMask":0}}
[21:28:57] [Render thread/INFO] (PiriRuntimeAcceptance) PIRI_PHASE02_PACKET {"type":"SPIN_START","payload":{"sessionId":"64238a28-ddc2-4620-9ea6-0f6a184c318e","machineId":1,"spinId":"48e1e8bf-533c-4eb9-983b-22360bcac81d","mode":"NORMAL","animation":"NORMAL","startPhase":{"left":5.0,"center":18.0,"right":6.0},"stopEnableAfterMs":400}}
[21:28:58] [Render thread/INFO] (PiriRuntimeAcceptance) PIRI_PHASE02_PACKET {"type":"ACTION_ACCEPTED","payload":{"clientSequence":320,"action":"STOP_RIGHT"}}
[21:28:58] [Render thread/INFO] (PiriRuntimeAcceptance) PIRI_PHASE02_PACKET {"type":"REEL_STOP","payload":{"spinId":"48e1e8bf-533c-4eb9-983b-22360bcac81d","reel":"RIGHT","pressedIndex":15,"stopIndex":15,"slip":0,"durationMs":80}}
[21:28:58] [Render thread/INFO] (PiriRuntimeAcceptance) PIRI_PHASE02_PACKET {"type":"PUBLIC_STATE","payload":{"sessionId":"64238a28-ddc2-4620-9ea6-0f6a184c318e","machineId":1,"expectedNextClientSequence":321,"gameState":"NORMAL_SPINNING","lifecycle":"ACTIVE","credit":4,"heldMedals":702,"bet":3,"pay":0,"bonusCount":0,"lampOn":false,"displayStops":{"left":5,"center":18,"right":15},"stoppedMask":4}}
[21:28:58] [Render thread/INFO] (PiriRuntimeAcceptance) PIRI_PHASE02_PACKET {"type":"ACTION_ACCEPTED","payload":{"clientSequence":321,"action":"STOP_LEFT"}}
[21:28:58] [Render thread/INFO] (PiriRuntimeAcceptance) PIRI_PHASE02_PACKET {"type":"REEL_STOP","payload":{"spinId":"48e1e8bf-533c-4eb9-983b-22360bcac81d","reel":"LEFT","pressedIndex":5,"stopIndex":5,"slip":0,"durationMs":80}}
[21:28:58] [Render thread/INFO] (PiriRuntimeAcceptance) PIRI_PHASE02_PACKET {"type":"PUBLIC_STATE","payload":{"sessionId":"64238a28-ddc2-4620-9ea6-0f6a184c318e","machineId":1,"expectedNextClientSequence":322,"gameState":"NORMAL_SPINNING","lifecycle":"ACTIVE","credit":4,"heldMedals":702,"bet":3,"pay":0,"bonusCount":0,"lampOn":false,"displayStops":{"left":5,"center":18,"right":15},"stoppedMask":5}}
[21:28:59] [Render thread/INFO] (PiriRuntimeAcceptance) PIRI_PHASE02_PACKET {"type":"ACTION_ACCEPTED","payload":{"clientSequence":322,"action":"STOP_CENTER"}}
[21:28:59] [Render thread/INFO] (PiriRuntimeAcceptance) PIRI_PHASE02_PACKET {"type":"REEL_STOP","payload":{"spinId":"48e1e8bf-533c-4eb9-983b-22360bcac81d","reel":"CENTER","pressedIndex":14,"stopIndex":12,"slip":2,"durationMs":180}}
[21:28:59] [Render thread/INFO] (PiriRuntimeAcceptance) PIRI_PHASE02_PACKET {"type":"PAYOUT","payload":{}}
[21:28:59] [Render thread/INFO] (PiriRuntimeAcceptance) PIRI_PHASE02_PACKET {"type":"PUBLIC_STATE","payload":{"sessionId":"64238a28-ddc2-4620-9ea6-0f6a184c318e","machineId":1,"expectedNextClientSequence":323,"gameState":"SEATED_READY","lifecycle":"ACTIVE","credit":12,"heldMedals":702,"bet":0,"pay":8,"bonusCount":0,"lampOn":false,"displayStops":{"left":5,"center":12,"right":15},"stoppedMask":7}}
[21:28:59] [Render thread/INFO] (PiriRuntimeAcceptance) PIRI_PHASE02_PACKET {"type":"ACTION_ACCEPTED","payload":{"clientSequence":323,"action":"SPACE_ACTION"}}
[21:28:59] [Render thread/INFO] (PiriRuntimeAcceptance) PIRI_PHASE02_PACKET {"type":"PUBLIC_STATE","payload":{"sessionId":"64238a28-ddc2-4620-9ea6-0f6a184c318e","machineId":1,"expectedNextClientSequence":324,"gameState":"NORMAL_BETTED","lifecycle":"ACTIVE","credit":9,"heldMedals":702,"bet":3,"pay":0,"bonusCount":0,"lampOn":false,"displayStops":{"left":5,"center":12,"right":15},"stoppedMask":7}}
[21:29:00] [Render thread/INFO] (PiriRuntimeAcceptance) PIRI_PHASE02_PACKET {"type":"ACTION_ACCEPTED","payload":{"clientSequence":324,"action":"SPACE_ACTION"}}
[21:29:00] [Render thread/INFO] (PiriRuntimeAcceptance) PIRI_PHASE02_PACKET {"type":"PUBLIC_STATE","payload":{"sessionId":"64238a28-ddc2-4620-9ea6-0f6a184c318e","machineId":1,"expectedNextClientSequence":325,"gameState":"NORMAL_SPINNING","lifecycle":"ACTIVE","credit":9,"heldMedals":702,"bet":3,"pay":0,"bonusCount":0,"lampOn":false,"displayStops":{"left":5,"center":12,"right":15},"stoppedMask":0}}
[21:29:00] [Render thread/INFO] (PiriRuntimeAcceptance) PIRI_PHASE02_PACKET {"type":"SPIN_START","payload":{"sessionId":"64238a28-ddc2-4620-9ea6-0f6a184c318e","machineId":1,"spinId":"2cfb12d2-cb95-402d-9c82-d01b163241ac","mode":"NORMAL","animation":"NORMAL","startPhase":{"left":5.0,"center":12.0,"right":15.0},"stopEnableAfterMs":400}}
[21:29:00] [Render thread/INFO] (PiriRuntimeAcceptance) PIRI_PHASE02_PACKET {"type":"ACTION_ACCEPTED","payload":{"clientSequence":325,"action":"STOP_RIGHT"}}
[21:29:00] [Render thread/INFO] (PiriRuntimeAcceptance) PIRI_PHASE02_PACKET {"type":"REEL_STOP","payload":{"spinId":"2cfb12d2-cb95-402d-9c82-d01b163241ac","reel":"RIGHT","pressedIndex":7,"stopIndex":7,"slip":0,"durationMs":80}}
[21:29:00] [Render thread/INFO] (PiriRuntimeAcceptance) PIRI_PHASE02_PACKET {"type":"PUBLIC_STATE","payload":{"sessionId":"64238a28-ddc2-4620-9ea6-0f6a184c318e","machineId":1,"expectedNextClientSequence":326,"gameState":"NORMAL_SPINNING","lifecycle":"ACTIVE","credit":9,"heldMedals":702,"bet":3,"pay":0,"bonusCount":0,"lampOn":false,"displayStops":{"left":5,"center":12,"right":7},"stoppedMask":4}}
[21:29:01] [Render thread/INFO] (PiriRuntimeAcceptance) PIRI_PHASE02_PACKET {"type":"ACTION_ACCEPTED","payload":{"clientSequence":326,"action":"STOP_CENTER"}}
[21:29:01] [Render thread/INFO] (PiriRuntimeAcceptance) PIRI_PHASE02_PACKET {"type":"REEL_STOP","payload":{"spinId":"2cfb12d2-cb95-402d-9c82-d01b163241ac","reel":"CENTER","pressedIndex":16,"stopIndex":16,"slip":0,"durationMs":80}}
[21:29:01] [Render thread/INFO] (PiriRuntimeAcceptance) PIRI_PHASE02_PACKET {"type":"PUBLIC_STATE","payload":{"sessionId":"64238a28-ddc2-4620-9ea6-0f6a184c318e","machineId":1,"expectedNextClientSequence":327,"gameState":"NORMAL_SPINNING","lifecycle":"ACTIVE","credit":9,"heldMedals":702,"bet":3,"pay":0,"bonusCount":0,"lampOn":false,"displayStops":{"left":5,"center":16,"right":7},"stoppedMask":6}}
[21:29:01] [Render thread/INFO] (PiriRuntimeAcceptance) PIRI_PHASE02_PACKET {"type":"ACTION_ACCEPTED","payload":{"clientSequence":327,"action":"STOP_LEFT"}}
[21:29:01] [Render thread/INFO] (PiriRuntimeAcceptance) PIRI_PHASE02_PACKET {"type":"REEL_STOP","payload":{"spinId":"2cfb12d2-cb95-402d-9c82-d01b163241ac","reel":"LEFT","pressedIndex":0,"stopIndex":17,"slip":4,"durationMs":280}}
[21:29:01] [Render thread/INFO] (PiriRuntimeAcceptance) PIRI_PHASE02_PACKET {"type":"PUBLIC_STATE","payload":{"sessionId":"64238a28-ddc2-4620-9ea6-0f6a184c318e","machineId":1,"expectedNextClientSequence":328,"gameState":"SEATED_READY","lifecycle":"ACTIVE","credit":9,"heldMedals":702,"bet":0,"pay":0,"bonusCount":0,"lampOn":false,"displayStops":{"left":17,"center":16,"right":7},"stoppedMask":7}}
[21:29:02] [Render thread/INFO] (PiriRuntimeAcceptance) PIRI_PHASE02_PACKET {"type":"ACTION_ACCEPTED","payload":{"clientSequence":328,"action":"SPACE_ACTION"}}
[21:29:02] [Render thread/INFO] (PiriRuntimeAcceptance) PIRI_PHASE02_PACKET {"type":"PUBLIC_STATE","payload":{"sessionId":"64238a28-ddc2-4620-9ea6-0f6a184c318e","machineId":1,"expectedNextClientSequence":329,"gameState":"NORMAL_BETTED","lifecycle":"ACTIVE","credit":6,"heldMedals":702,"bet":3,"pay":0,"bonusCount":0,"lampOn":false,"displayStops":{"left":17,"center":16,"right":7},"stoppedMask":7}}
[21:29:03] [Render thread/INFO] (PiriRuntimeAcceptance) PIRI_PHASE02_PACKET {"type":"ACTION_ACCEPTED","payload":{"clientSequence":329,"action":"SPACE_ACTION"}}
[21:29:03] [Render thread/INFO] (PiriRuntimeAcceptance) PIRI_PHASE02_PACKET {"type":"PUBLIC_STATE","payload":{"sessionId":"64238a28-ddc2-4620-9ea6-0f6a184c318e","machineId":1,"expectedNextClientSequence":330,"gameState":"NORMAL_SPINNING","lifecycle":"ACTIVE","credit":6,"heldMedals":702,"bet":3,"pay":0,"bonusCount":0,"lampOn":false,"displayStops":{"left":17,"center":16,"right":7},"stoppedMask":0}}
[21:29:03] [Render thread/INFO] (PiriRuntimeAcceptance) PIRI_PHASE02_PACKET {"type":"SPIN_START","payload":{"sessionId":"64238a28-ddc2-4620-9ea6-0f6a184c318e","machineId":1,"spinId":"e622e699-8da7-4b99-b3c4-4d432687cbf8","mode":"NORMAL","animation":"NORMAL","startPhase":{"left":17.0,"center":16.0,"right":7.0},"stopEnableAfterMs":400}}
[21:29:03] [Render thread/INFO] (PiriRuntimeAcceptance) PIRI_PHASE02_PACKET {"type":"ACTION_ACCEPTED","payload":{"clientSequence":330,"action":"STOP_LEFT"}}
[21:29:03] [Render thread/INFO] (PiriRuntimeAcceptance) PIRI_PHASE02_PACKET {"type":"REEL_STOP","payload":{"spinId":"e622e699-8da7-4b99-b3c4-4d432687cbf8","reel":"LEFT","pressedIndex":10,"stopIndex":10,"slip":0,"durationMs":80}}
[21:29:03] [Render thread/INFO] (PiriRuntimeAcceptance) PIRI_PHASE02_PACKET {"type":"PUBLIC_STATE","payload":{"sessionId":"64238a28-ddc2-4620-9ea6-0f6a184c318e","machineId":1,"expectedNextClientSequence":331,"gameState":"NORMAL_SPINNING","lifecycle":"ACTIVE","credit":6,"heldMedals":702,"bet":3,"pay":0,"bonusCount":0,"lampOn":false,"displayStops":{"left":10,"center":16,"right":7},"stoppedMask":1}}
[21:29:04] [Render thread/INFO] (PiriRuntimeAcceptance) PIRI_PHASE02_PACKET {"type":"ACTION_ACCEPTED","payload":{"clientSequence":331,"action":"STOP_CENTER"}}
[21:29:04] [Render thread/INFO] (PiriRuntimeAcceptance) PIRI_PHASE02_PACKET {"type":"REEL_STOP","payload":{"spinId":"e622e699-8da7-4b99-b3c4-4d432687cbf8","reel":"CENTER","pressedIndex":0,"stopIndex":0,"slip":0,"durationMs":80}}
[21:29:04] [Render thread/INFO] (PiriRuntimeAcceptance) PIRI_PHASE02_PACKET {"type":"PUBLIC_STATE","payload":{"sessionId":"64238a28-ddc2-4620-9ea6-0f6a184c318e","machineId":1,"expectedNextClientSequence":332,"gameState":"NORMAL_SPINNING","lifecycle":"ACTIVE","credit":6,"heldMedals":702,"bet":3,"pay":0,"bonusCount":0,"lampOn":false,"displayStops":{"left":10,"center":0,"right":7},"stoppedMask":3}}
[21:29:05] [Render thread/INFO] (PiriRuntimeAcceptance) PIRI_PHASE02_PACKET {"type":"ACTION_ACCEPTED","payload":{"clientSequence":332,"action":"STOP_RIGHT"}}
[21:29:05] [Render thread/INFO] (PiriRuntimeAcceptance) PIRI_PHASE02_PACKET {"type":"REEL_STOP","payload":{"spinId":"e622e699-8da7-4b99-b3c4-4d432687cbf8","reel":"RIGHT","pressedIndex":19,"stopIndex":19,"slip":0,"durationMs":80}}
[21:29:05] [Render thread/INFO] (PiriRuntimeAcceptance) PIRI_PHASE02_PACKET {"type":"PUBLIC_STATE","payload":{"sessionId":"64238a28-ddc2-4620-9ea6-0f6a184c318e","machineId":1,"expectedNextClientSequence":333,"gameState":"SEATED_READY","lifecycle":"ACTIVE","credit":6,"heldMedals":702,"bet":0,"pay":0,"bonusCount":0,"lampOn":false,"displayStops":{"left":10,"center":0,"right":19},"stoppedMask":7}}
[21:29:05] [Render thread/INFO] (PiriRuntimeAcceptance) PIRI_PHASE02_PACKET {"type":"ACTION_ACCEPTED","payload":{"clientSequence":333,"action":"SPACE_ACTION"}}
[21:29:05] [Render thread/INFO] (PiriRuntimeAcceptance) PIRI_PHASE02_PACKET {"type":"PUBLIC_STATE","payload":{"sessionId":"64238a28-ddc2-4620-9ea6-0f6a184c318e","machineId":1,"expectedNextClientSequence":334,"gameState":"NORMAL_BETTED","lifecycle":"ACTIVE","credit":3,"heldMedals":702,"bet":3,"pay":0,"bonusCount":0,"lampOn":false,"displayStops":{"left":10,"center":0,"right":19},"stoppedMask":7}}
[21:29:06] [Render thread/INFO] (PiriRuntimeAcceptance) PIRI_PHASE02_PACKET {"type":"ACTION_ACCEPTED","payload":{"clientSequence":334,"action":"SPACE_ACTION"}}
[21:29:06] [Render thread/INFO] (PiriRuntimeAcceptance) PIRI_PHASE02_PACKET {"type":"PUBLIC_STATE","payload":{"sessionId":"64238a28-ddc2-4620-9ea6-0f6a184c318e","machineId":1,"expectedNextClientSequence":335,"gameState":"NORMAL_SPINNING","lifecycle":"ACTIVE","credit":3,"heldMedals":702,"bet":3,"pay":0,"bonusCount":0,"lampOn":false,"displayStops":{"left":10,"center":0,"right":19},"stoppedMask":0}}
[21:29:06] [Render thread/INFO] (PiriRuntimeAcceptance) PIRI_PHASE02_PACKET {"type":"SPIN_START","payload":{"sessionId":"64238a28-ddc2-4620-9ea6-0f6a184c318e","machineId":1,"spinId":"0159a55e-c71a-499c-950b-6ab6509a8095","mode":"NORMAL","animation":"NORMAL","startPhase":{"left":10.0,"center":0.0,"right":19.0},"stopEnableAfterMs":400}}
[21:29:06] [Render thread/INFO] (PiriRuntimeAcceptance) PIRI_PHASE02_PACKET {"type":"ACTION_ACCEPTED","payload":{"clientSequence":335,"action":"STOP_LEFT"}}
[21:29:06] [Render thread/INFO] (PiriRuntimeAcceptance) PIRI_PHASE02_PACKET {"type":"REEL_STOP","payload":{"spinId":"0159a55e-c71a-499c-950b-6ab6509a8095","reel":"LEFT","pressedIndex":3,"stopIndex":3,"slip":0,"durationMs":80}}
[21:29:06] [Render thread/INFO] (PiriRuntimeAcceptance) PIRI_PHASE02_PACKET {"type":"PUBLIC_STATE","payload":{"sessionId":"64238a28-ddc2-4620-9ea6-0f6a184c318e","machineId":1,"expectedNextClientSequence":336,"gameState":"NORMAL_SPINNING","lifecycle":"ACTIVE","credit":3,"heldMedals":702,"bet":3,"pay":0,"bonusCount":0,"lampOn":false,"displayStops":{"left":3,"center":0,"right":19},"stoppedMask":1}}
[21:29:07] [Render thread/INFO] (PiriRuntimeAcceptance) PIRI_PHASE02_PACKET {"type":"ACTION_ACCEPTED","payload":{"clientSequence":336,"action":"STOP_RIGHT"}}
[21:29:07] [Render thread/INFO] (PiriRuntimeAcceptance) PIRI_PHASE02_PACKET {"type":"REEL_STOP","payload":{"spinId":"0159a55e-c71a-499c-950b-6ab6509a8095","reel":"RIGHT","pressedIndex":3,"stopIndex":3,"slip":0,"durationMs":80}}
[21:29:07] [Render thread/INFO] (PiriRuntimeAcceptance) PIRI_PHASE02_PACKET {"type":"TENPAI_SOUND","payload":{"spinId":"0159a55e-c71a-499c-950b-6ab6509a8095"}}
[21:29:07] [Render thread/INFO] (PiriRuntimeAcceptance) PIRI_PHASE02_PACKET {"type":"PUBLIC_STATE","payload":{"sessionId":"64238a28-ddc2-4620-9ea6-0f6a184c318e","machineId":1,"expectedNextClientSequence":337,"gameState":"NORMAL_SPINNING","lifecycle":"ACTIVE","credit":3,"heldMedals":702,"bet":3,"pay":0,"bonusCount":0,"lampOn":false,"displayStops":{"left":3,"center":0,"right":3},"stoppedMask":5}}
[21:29:07] [Render thread/INFO] (PiriRuntimeAcceptance) PIRI_PHASE02_PACKET {"type":"ACTION_ACCEPTED","payload":{"clientSequence":337,"action":"STOP_CENTER"}}
[21:29:07] [Render thread/INFO] (PiriRuntimeAcceptance) PIRI_PHASE02_PACKET {"type":"REEL_STOP","payload":{"spinId":"0159a55e-c71a-499c-950b-6ab6509a8095","reel":"CENTER","pressedIndex":17,"stopIndex":16,"slip":1,"durationMs":130}}
[21:29:07] [Render thread/INFO] (PiriRuntimeAcceptance) PIRI_PHASE02_PACKET {"type":"PUBLIC_STATE","payload":{"sessionId":"64238a28-ddc2-4620-9ea6-0f6a184c318e","machineId":1,"expectedNextClientSequence":338,"gameState":"SEATED_READY","lifecycle":"ACTIVE","credit":3,"heldMedals":702,"bet":0,"pay":0,"bonusCount":0,"lampOn":false,"displayStops":{"left":3,"center":16,"right":3},"stoppedMask":7}}
[21:29:08] [Render thread/INFO] (PiriRuntimeAcceptance) PIRI_PHASE02_PACKET {"type":"ACTION_ACCEPTED","payload":{"clientSequence":338,"action":"SPACE_ACTION"}}
[21:29:08] [Render thread/INFO] (PiriRuntimeAcceptance) PIRI_PHASE02_PACKET {"type":"PUBLIC_STATE","payload":{"sessionId":"64238a28-ddc2-4620-9ea6-0f6a184c318e","machineId":1,"expectedNextClientSequence":339,"gameState":"NORMAL_BETTED","lifecycle":"ACTIVE","credit":0,"heldMedals":702,"bet":3,"pay":0,"bonusCount":0,"lampOn":false,"displayStops":{"left":3,"center":16,"right":3},"stoppedMask":7}}
[21:29:09] [Render thread/INFO] (PiriRuntimeAcceptance) PIRI_PHASE02_PACKET {"type":"ACTION_ACCEPTED","payload":{"clientSequence":339,"action":"SPACE_ACTION"}}
[21:29:09] [Render thread/INFO] (PiriRuntimeAcceptance) PIRI_PHASE02_PACKET {"type":"PUBLIC_STATE","payload":{"sessionId":"64238a28-ddc2-4620-9ea6-0f6a184c318e","machineId":1,"expectedNextClientSequence":340,"gameState":"NORMAL_SPINNING","lifecycle":"ACTIVE","credit":0,"heldMedals":702,"bet":3,"pay":0,"bonusCount":0,"lampOn":false,"displayStops":{"left":3,"center":16,"right":3},"stoppedMask":0}}
[21:29:09] [Render thread/INFO] (PiriRuntimeAcceptance) PIRI_PHASE02_PACKET {"type":"SPIN_START","payload":{"sessionId":"64238a28-ddc2-4620-9ea6-0f6a184c318e","machineId":1,"spinId":"c69f43ea-756d-4f5a-b7a0-f74b8499d884","mode":"NORMAL","animation":"NORMAL","startPhase":{"left":3.0,"center":16.0,"right":3.0},"stopEnableAfterMs":400}}
[21:29:09] [Render thread/INFO] (PiriRuntimeAcceptance) PIRI_PHASE02_PACKET {"type":"ACTION_ACCEPTED","payload":{"clientSequence":340,"action":"STOP_CENTER"}}
[21:29:09] [Render thread/INFO] (PiriRuntimeAcceptance) PIRI_PHASE02_PACKET {"type":"REEL_STOP","payload":{"spinId":"c69f43ea-756d-4f5a-b7a0-f74b8499d884","reel":"CENTER","pressedIndex":8,"stopIndex":8,"slip":0,"durationMs":80}}
[21:29:09] [Render thread/INFO] (PiriRuntimeAcceptance) PIRI_PHASE02_PACKET {"type":"PUBLIC_STATE","payload":{"sessionId":"64238a28-ddc2-4620-9ea6-0f6a184c318e","machineId":1,"expectedNextClientSequence":341,"gameState":"NORMAL_SPINNING","lifecycle":"ACTIVE","credit":0,"heldMedals":702,"bet":3,"pay":0,"bonusCount":0,"lampOn":false,"displayStops":{"left":3,"center":8,"right":3},"stoppedMask":2}}
[21:29:10] [Render thread/INFO] (PiriRuntimeAcceptance) PIRI_PHASE02_PACKET {"type":"ACTION_ACCEPTED","payload":{"clientSequence":341,"action":"STOP_LEFT"}}
[21:29:10] [Render thread/INFO] (PiriRuntimeAcceptance) PIRI_PHASE02_PACKET {"type":"REEL_STOP","payload":{"spinId":"c69f43ea-756d-4f5a-b7a0-f74b8499d884","reel":"LEFT","pressedIndex":7,"stopIndex":6,"slip":1,"durationMs":130}}
[21:29:10] [Render thread/INFO] (PiriRuntimeAcceptance) PIRI_PHASE02_PACKET {"type":"PUBLIC_STATE","payload":{"sessionId":"64238a28-ddc2-4620-9ea6-0f6a184c318e","machineId":1,"expectedNextClientSequence":342,"gameState":"NORMAL_SPINNING","lifecycle":"ACTIVE","credit":0,"heldMedals":702,"bet":3,"pay":0,"bonusCount":0,"lampOn":false,"displayStops":{"left":6,"center":8,"right":3},"stoppedMask":3}}
[21:29:10] [Render thread/INFO] (PiriRuntimeAcceptance) PIRI_PHASE02_PACKET {"type":"ACTION_ACCEPTED","payload":{"clientSequence":342,"action":"STOP_RIGHT"}}
[21:29:10] [Render thread/INFO] (PiriRuntimeAcceptance) PIRI_PHASE02_PACKET {"type":"REEL_STOP","payload":{"spinId":"c69f43ea-756d-4f5a-b7a0-f74b8499d884","reel":"RIGHT","pressedIndex":19,"stopIndex":19,"slip":0,"durationMs":80}}
[21:29:10] [Render thread/INFO] (PiriRuntimeAcceptance) PIRI_PHASE02_PACKET {"type":"PUBLIC_STATE","payload":{"sessionId":"64238a28-ddc2-4620-9ea6-0f6a184c318e","machineId":1,"expectedNextClientSequence":343,"gameState":"SEATED_READY","lifecycle":"ACTIVE","credit":0,"heldMedals":702,"bet":0,"pay":0,"bonusCount":0,"lampOn":false,"displayStops":{"left":6,"center":8,"right":19},"stoppedMask":7}}
[21:29:11] [Render thread/INFO] (PiriRuntimeAcceptance) PIRI_PHASE02_PACKET {"type":"ACTION_ACCEPTED","payload":{"clientSequence":343,"action":"SPACE_ACTION"}}
[21:29:11] [Render thread/INFO] (PiriRuntimeAcceptance) PIRI_PHASE02_PACKET {"type":"PUBLIC_STATE","payload":{"sessionId":"64238a28-ddc2-4620-9ea6-0f6a184c318e","machineId":1,"expectedNextClientSequence":344,"gameState":"NORMAL_BETTED","lifecycle":"ACTIVE","credit":0,"heldMedals":699,"bet":3,"pay":0,"bonusCount":0,"lampOn":false,"displayStops":{"left":6,"center":8,"right":19},"stoppedMask":7}}
[21:29:12] [Render thread/INFO] (PiriRuntimeAcceptance) PIRI_PHASE02_PACKET {"type":"ACTION_ACCEPTED","payload":{"clientSequence":344,"action":"SPACE_ACTION"}}
[21:29:12] [Render thread/INFO] (PiriRuntimeAcceptance) PIRI_PHASE02_PACKET {"type":"PUBLIC_STATE","payload":{"sessionId":"64238a28-ddc2-4620-9ea6-0f6a184c318e","machineId":1,"expectedNextClientSequence":345,"gameState":"NORMAL_SPINNING","lifecycle":"ACTIVE","credit":0,"heldMedals":699,"bet":3,"pay":0,"bonusCount":0,"lampOn":false,"displayStops":{"left":6,"center":8,"right":19},"stoppedMask":0}}
[21:29:12] [Render thread/INFO] (PiriRuntimeAcceptance) PIRI_PHASE02_PACKET {"type":"SPIN_START","payload":{"sessionId":"64238a28-ddc2-4620-9ea6-0f6a184c318e","machineId":1,"spinId":"99d0d183-a866-45c4-a14e-34679d63da95","mode":"NORMAL","animation":"NORMAL","startPhase":{"left":6.0,"center":8.0,"right":19.0},"stopEnableAfterMs":400}}
[21:29:12] [Render thread/INFO] (PiriRuntimeAcceptance) PIRI_PHASE02_PACKET {"type":"ACTION_ACCEPTED","payload":{"clientSequence":345,"action":"STOP_CENTER"}}
[21:29:12] [Render thread/INFO] (PiriRuntimeAcceptance) PIRI_PHASE02_PACKET {"type":"REEL_STOP","payload":{"spinId":"99d0d183-a866-45c4-a14e-34679d63da95","reel":"CENTER","pressedIndex":0,"stopIndex":0,"slip":0,"durationMs":80}}
[21:29:12] [Render thread/INFO] (PiriRuntimeAcceptance) PIRI_PHASE02_PACKET {"type":"PUBLIC_STATE","payload":{"sessionId":"64238a28-ddc2-4620-9ea6-0f6a184c318e","machineId":1,"expectedNextClientSequence":346,"gameState":"NORMAL_SPINNING","lifecycle":"ACTIVE","credit":0,"heldMedals":699,"bet":3,"pay":0,"bonusCount":0,"lampOn":false,"displayStops":{"left":6,"center":0,"right":19},"stoppedMask":2}}
[21:29:13] [Render thread/INFO] (PiriRuntimeAcceptance) PIRI_PHASE02_PACKET {"type":"ACTION_ACCEPTED","payload":{"clientSequence":346,"action":"STOP_RIGHT"}}
[21:29:13] [Render thread/INFO] (PiriRuntimeAcceptance) PIRI_PHASE02_PACKET {"type":"REEL_STOP","payload":{"spinId":"99d0d183-a866-45c4-a14e-34679d63da95","reel":"RIGHT","pressedIndex":2,"stopIndex":2,"slip":0,"durationMs":80}}
[21:29:13] [Render thread/INFO] (PiriRuntimeAcceptance) PIRI_PHASE02_PACKET {"type":"PUBLIC_STATE","payload":{"sessionId":"64238a28-ddc2-4620-9ea6-0f6a184c318e","machineId":1,"expectedNextClientSequence":347,"gameState":"NORMAL_SPINNING","lifecycle":"ACTIVE","credit":0,"heldMedals":699,"bet":3,"pay":0,"bonusCount":0,"lampOn":false,"displayStops":{"left":6,"center":0,"right":2},"stoppedMask":6}}
[21:29:13] [Render thread/INFO] (PiriRuntimeAcceptance) PIRI_PHASE02_PACKET {"type":"ACTION_ACCEPTED","payload":{"clientSequence":347,"action":"STOP_LEFT"}}
[21:29:13] [Render thread/INFO] (PiriRuntimeAcceptance) PIRI_PHASE02_PACKET {"type":"REEL_STOP","payload":{"spinId":"99d0d183-a866-45c4-a14e-34679d63da95","reel":"LEFT","pressedIndex":1,"stopIndex":1,"slip":0,"durationMs":80}}
[21:29:13] [Render thread/INFO] (PiriRuntimeAcceptance) PIRI_PHASE02_PACKET {"type":"PUBLIC_STATE","payload":{"sessionId":"64238a28-ddc2-4620-9ea6-0f6a184c318e","machineId":1,"expectedNextClientSequence":348,"gameState":"SEATED_READY","lifecycle":"ACTIVE","credit":0,"heldMedals":699,"bet":0,"pay":0,"bonusCount":0,"lampOn":false,"displayStops":{"left":1,"center":0,"right":2},"stoppedMask":7}}
[21:29:14] [Render thread/INFO] (PiriRuntimeAcceptance) PIRI_PHASE02_PACKET {"type":"ACTION_ACCEPTED","payload":{"clientSequence":348,"action":"SPACE_ACTION"}}
[21:29:14] [Render thread/INFO] (PiriRuntimeAcceptance) PIRI_PHASE02_PACKET {"type":"PUBLIC_STATE","payload":{"sessionId":"64238a28-ddc2-4620-9ea6-0f6a184c318e","machineId":1,"expectedNextClientSequence":349,"gameState":"NORMAL_BETTED","lifecycle":"ACTIVE","credit":0,"heldMedals":696,"bet":3,"pay":0,"bonusCount":0,"lampOn":false,"displayStops":{"left":1,"center":0,"right":2},"stoppedMask":7}}
[21:29:15] [Render thread/INFO] (PiriRuntimeAcceptance) PIRI_PHASE02_PACKET {"type":"ACTION_ACCEPTED","payload":{"clientSequence":349,"action":"SPACE_ACTION"}}
[21:29:15] [Render thread/INFO] (PiriRuntimeAcceptance) PIRI_PHASE02_PACKET {"type":"PUBLIC_STATE","payload":{"sessionId":"64238a28-ddc2-4620-9ea6-0f6a184c318e","machineId":1,"expectedNextClientSequence":350,"gameState":"NORMAL_SPINNING","lifecycle":"ACTIVE","credit":0,"heldMedals":696,"bet":3,"pay":0,"bonusCount":0,"lampOn":false,"displayStops":{"left":1,"center":0,"right":2},"stoppedMask":0}}
[21:29:15] [Render thread/INFO] (PiriRuntimeAcceptance) PIRI_PHASE02_PACKET {"type":"SPIN_START","payload":{"sessionId":"64238a28-ddc2-4620-9ea6-0f6a184c318e","machineId":1,"spinId":"d2650517-8935-4854-bb63-c19ff17c1658","mode":"NORMAL","animation":"NORMAL","startPhase":{"left":1.0,"center":0.0,"right":2.0},"stopEnableAfterMs":400}}
[21:29:15] [Render thread/INFO] (PiriRuntimeAcceptance) PIRI_PHASE02_PACKET {"type":"ACTION_ACCEPTED","payload":{"clientSequence":350,"action":"STOP_RIGHT"}}
[21:29:15] [Render thread/INFO] (PiriRuntimeAcceptance) PIRI_PHASE02_PACKET {"type":"REEL_STOP","payload":{"spinId":"d2650517-8935-4854-bb63-c19ff17c1658","reel":"RIGHT","pressedIndex":16,"stopIndex":16,"slip":0,"durationMs":80}}
[21:29:15] [Render thread/INFO] (PiriRuntimeAcceptance) PIRI_PHASE02_PACKET {"type":"PUBLIC_STATE","payload":{"sessionId":"64238a28-ddc2-4620-9ea6-0f6a184c318e","machineId":1,"expectedNextClientSequence":351,"gameState":"NORMAL_SPINNING","lifecycle":"ACTIVE","credit":0,"heldMedals":696,"bet":3,"pay":0,"bonusCount":0,"lampOn":false,"displayStops":{"left":1,"center":0,"right":16},"stoppedMask":4}}
[21:29:16] [Render thread/INFO] (PiriRuntimeAcceptance) PIRI_PHASE02_PACKET {"type":"ACTION_ACCEPTED","payload":{"clientSequence":351,"action":"STOP_LEFT"}}
[21:29:16] [Render thread/INFO] (PiriRuntimeAcceptance) PIRI_PHASE02_PACKET {"type":"REEL_STOP","payload":{"spinId":"d2650517-8935-4854-bb63-c19ff17c1658","reel":"LEFT","pressedIndex":6,"stopIndex":6,"slip":0,"durationMs":80}}
[21:29:16] [Render thread/INFO] (PiriRuntimeAcceptance) PIRI_PHASE02_PACKET {"type":"PUBLIC_STATE","payload":{"sessionId":"64238a28-ddc2-4620-9ea6-0f6a184c318e","machineId":1,"expectedNextClientSequence":352,"gameState":"NORMAL_SPINNING","lifecycle":"ACTIVE","credit":0,"heldMedals":696,"bet":3,"pay":0,"bonusCount":0,"lampOn":false,"displayStops":{"left":6,"center":0,"right":16},"stoppedMask":5}}
[21:29:16] [Render thread/INFO] (PiriRuntimeAcceptance) PIRI_PHASE02_PACKET {"type":"ACTION_ACCEPTED","payload":{"clientSequence":352,"action":"STOP_CENTER"}}
[21:29:16] [Render thread/INFO] (PiriRuntimeAcceptance) PIRI_PHASE02_PACKET {"type":"REEL_STOP","payload":{"spinId":"d2650517-8935-4854-bb63-c19ff17c1658","reel":"CENTER","pressedIndex":17,"stopIndex":17,"slip":0,"durationMs":80}}
[21:29:16] [Render thread/INFO] (PiriRuntimeAcceptance) PIRI_PHASE02_PACKET {"type":"PAYOUT","payload":{}}
[21:29:16] [Render thread/INFO] (PiriRuntimeAcceptance) PIRI_PHASE02_PACKET {"type":"PUBLIC_STATE","payload":{"sessionId":"64238a28-ddc2-4620-9ea6-0f6a184c318e","machineId":1,"expectedNextClientSequence":353,"gameState":"SEATED_READY","lifecycle":"ACTIVE","credit":8,"heldMedals":696,"bet":0,"pay":8,"bonusCount":0,"lampOn":false,"displayStops":{"left":6,"center":17,"right":16},"stoppedMask":7}}
[21:29:17] [Render thread/INFO] (PiriRuntimeAcceptance) PIRI_PHASE02_PACKET {"type":"ACTION_ACCEPTED","payload":{"clientSequence":353,"action":"SPACE_ACTION"}}
[21:29:17] [Render thread/INFO] (PiriRuntimeAcceptance) PIRI_PHASE02_PACKET {"type":"PUBLIC_STATE","payload":{"sessionId":"64238a28-ddc2-4620-9ea6-0f6a184c318e","machineId":1,"expectedNextClientSequence":354,"gameState":"NORMAL_BETTED","lifecycle":"ACTIVE","credit":5,"heldMedals":696,"bet":3,"pay":0,"bonusCount":0,"lampOn":false,"displayStops":{"left":6,"center":17,"right":16},"stoppedMask":7}}
[21:29:18] [Render thread/INFO] (PiriRuntimeAcceptance) PIRI_PHASE02_PACKET {"type":"ACTION_ACCEPTED","payload":{"clientSequence":354,"action":"SPACE_ACTION"}}
[21:29:18] [Render thread/INFO] (PiriRuntimeAcceptance) PIRI_PHASE02_PACKET {"type":"PUBLIC_STATE","payload":{"sessionId":"64238a28-ddc2-4620-9ea6-0f6a184c318e","machineId":1,"expectedNextClientSequence":355,"gameState":"NORMAL_SPINNING","lifecycle":"ACTIVE","credit":5,"heldMedals":696,"bet":3,"pay":0,"bonusCount":0,"lampOn":false,"displayStops":{"left":6,"center":17,"right":16},"stoppedMask":0}}
[21:29:18] [Render thread/INFO] (PiriRuntimeAcceptance) PIRI_PHASE02_PACKET {"type":"SPIN_START","payload":{"sessionId":"64238a28-ddc2-4620-9ea6-0f6a184c318e","machineId":1,"spinId":"7f4d79d7-052e-4221-a366-c74ce313f5b9","mode":"NORMAL","animation":"NORMAL","startPhase":{"left":6.0,"center":17.0,"right":16.0},"stopEnableAfterMs":400}}
[21:29:18] [Render thread/INFO] (PiriRuntimeAcceptance) PIRI_PHASE02_PACKET {"type":"ACTION_ACCEPTED","payload":{"clientSequence":355,"action":"STOP_RIGHT"}}
[21:29:18] [Render thread/INFO] (PiriRuntimeAcceptance) PIRI_PHASE02_PACKET {"type":"REEL_STOP","payload":{"spinId":"7f4d79d7-052e-4221-a366-c74ce313f5b9","reel":"RIGHT","pressedIndex":8,"stopIndex":8,"slip":0,"durationMs":80}}
[21:29:18] [Render thread/INFO] (PiriRuntimeAcceptance) PIRI_PHASE02_PACKET {"type":"PUBLIC_STATE","payload":{"sessionId":"64238a28-ddc2-4620-9ea6-0f6a184c318e","machineId":1,"expectedNextClientSequence":356,"gameState":"NORMAL_SPINNING","lifecycle":"ACTIVE","credit":5,"heldMedals":696,"bet":3,"pay":0,"bonusCount":0,"lampOn":false,"displayStops":{"left":6,"center":17,"right":8},"stoppedMask":4}}
[21:29:19] [Render thread/INFO] (PiriRuntimeAcceptance) PIRI_PHASE02_PACKET {"type":"ACTION_ACCEPTED","payload":{"clientSequence":356,"action":"STOP_CENTER"}}
[21:29:19] [Render thread/INFO] (PiriRuntimeAcceptance) PIRI_PHASE02_PACKET {"type":"REEL_STOP","payload":{"spinId":"7f4d79d7-052e-4221-a366-c74ce313f5b9","reel":"CENTER","pressedIndex":0,"stopIndex":0,"slip":0,"durationMs":80}}
[21:29:19] [Render thread/INFO] (PiriRuntimeAcceptance) PIRI_PHASE02_PACKET {"type":"PUBLIC_STATE","payload":{"sessionId":"64238a28-ddc2-4620-9ea6-0f6a184c318e","machineId":1,"expectedNextClientSequence":357,"gameState":"NORMAL_SPINNING","lifecycle":"ACTIVE","credit":5,"heldMedals":696,"bet":3,"pay":0,"bonusCount":0,"lampOn":false,"displayStops":{"left":6,"center":0,"right":8},"stoppedMask":6}}
[21:29:19] [Render thread/INFO] (PiriRuntimeAcceptance) PIRI_PHASE02_PACKET {"type":"ACTION_ACCEPTED","payload":{"clientSequence":357,"action":"STOP_LEFT"}}
[21:29:19] [Render thread/INFO] (PiriRuntimeAcceptance) PIRI_PHASE02_PACKET {"type":"REEL_STOP","payload":{"spinId":"7f4d79d7-052e-4221-a366-c74ce313f5b9","reel":"LEFT","pressedIndex":1,"stopIndex":1,"slip":0,"durationMs":80}}
[21:29:19] [Render thread/INFO] (PiriRuntimeAcceptance) PIRI_PHASE02_PACKET {"type":"PAYOUT","payload":{}}
[21:29:19] [Render thread/INFO] (PiriRuntimeAcceptance) PIRI_PHASE02_PACKET {"type":"PUBLIC_STATE","payload":{"sessionId":"64238a28-ddc2-4620-9ea6-0f6a184c318e","machineId":1,"expectedNextClientSequence":358,"gameState":"SEATED_READY","lifecycle":"ACTIVE","credit":13,"heldMedals":696,"bet":0,"pay":8,"bonusCount":0,"lampOn":false,"displayStops":{"left":1,"center":0,"right":8},"stoppedMask":7}}
[21:29:20] [Render thread/INFO] (PiriRuntimeAcceptance) PIRI_PHASE02_PACKET {"type":"ACTION_ACCEPTED","payload":{"clientSequence":358,"action":"SPACE_ACTION"}}
[21:29:20] [Render thread/INFO] (PiriRuntimeAcceptance) PIRI_PHASE02_PACKET {"type":"PUBLIC_STATE","payload":{"sessionId":"64238a28-ddc2-4620-9ea6-0f6a184c318e","machineId":1,"expectedNextClientSequence":359,"gameState":"NORMAL_BETTED","lifecycle":"ACTIVE","credit":10,"heldMedals":696,"bet":3,"pay":0,"bonusCount":0,"lampOn":false,"displayStops":{"left":1,"center":0,"right":8},"stoppedMask":7}}
[21:29:21] [Render thread/INFO] (PiriRuntimeAcceptance) PIRI_PHASE02_PACKET {"type":"ACTION_ACCEPTED","payload":{"clientSequence":359,"action":"SPACE_ACTION"}}
[21:29:21] [Render thread/INFO] (PiriRuntimeAcceptance) PIRI_PHASE02_PACKET {"type":"PUBLIC_STATE","payload":{"sessionId":"64238a28-ddc2-4620-9ea6-0f6a184c318e","machineId":1,"expectedNextClientSequence":360,"gameState":"NORMAL_SPINNING","lifecycle":"ACTIVE","credit":10,"heldMedals":696,"bet":3,"pay":0,"bonusCount":0,"lampOn":false,"displayStops":{"left":1,"center":0,"right":8},"stoppedMask":0}}
[21:29:21] [Render thread/INFO] (PiriRuntimeAcceptance) PIRI_PHASE02_PACKET {"type":"SPIN_START","payload":{"sessionId":"64238a28-ddc2-4620-9ea6-0f6a184c318e","machineId":1,"spinId":"a0cf86a0-2e23-4915-adba-8f3969cb6e03","mode":"NORMAL","animation":"NORMAL","startPhase":{"left":1.0,"center":0.0,"right":8.0},"stopEnableAfterMs":400}}
[21:29:21] [Render thread/INFO] (PiriRuntimeAcceptance) PIRI_PHASE02_PACKET {"type":"ACTION_ACCEPTED","payload":{"clientSequence":360,"action":"STOP_LEFT"}}
[21:29:21] [Render thread/INFO] (PiriRuntimeAcceptance) PIRI_PHASE02_PACKET {"type":"REEL_STOP","payload":{"spinId":"a0cf86a0-2e23-4915-adba-8f3969cb6e03","reel":"LEFT","pressedIndex":14,"stopIndex":14,"slip":0,"durationMs":80}}
[21:29:21] [Render thread/INFO] (PiriRuntimeAcceptance) PIRI_PHASE02_PACKET {"type":"PUBLIC_STATE","payload":{"sessionId":"64238a28-ddc2-4620-9ea6-0f6a184c318e","machineId":1,"expectedNextClientSequence":361,"gameState":"NORMAL_SPINNING","lifecycle":"ACTIVE","credit":10,"heldMedals":696,"bet":3,"pay":0,"bonusCount":0,"lampOn":false,"displayStops":{"left":14,"center":0,"right":8},"stoppedMask":1}}
[21:29:22] [Render thread/INFO] (PiriRuntimeAcceptance) PIRI_PHASE02_PACKET {"type":"ACTION_ACCEPTED","payload":{"clientSequence":361,"action":"STOP_CENTER"}}
[21:29:22] [Render thread/INFO] (PiriRuntimeAcceptance) PIRI_PHASE02_PACKET {"type":"REEL_STOP","payload":{"spinId":"a0cf86a0-2e23-4915-adba-8f3969cb6e03","reel":"CENTER","pressedIndex":4,"stopIndex":4,"slip":0,"durationMs":80}}
[21:29:22] [Render thread/INFO] (PiriRuntimeAcceptance) PIRI_PHASE02_PACKET {"type":"PUBLIC_STATE","payload":{"sessionId":"64238a28-ddc2-4620-9ea6-0f6a184c318e","machineId":1,"expectedNextClientSequence":362,"gameState":"NORMAL_SPINNING","lifecycle":"ACTIVE","credit":10,"heldMedals":696,"bet":3,"pay":0,"bonusCount":0,"lampOn":false,"displayStops":{"left":14,"center":4,"right":8},"stoppedMask":3}}
[21:29:22] [Render thread/INFO] (PiriRuntimeAcceptance) PIRI_PHASE02_PACKET {"type":"ACTION_ACCEPTED","payload":{"clientSequence":362,"action":"STOP_RIGHT"}}
[21:29:22] [Render thread/INFO] (PiriRuntimeAcceptance) PIRI_PHASE02_PACKET {"type":"REEL_STOP","payload":{"spinId":"a0cf86a0-2e23-4915-adba-8f3969cb6e03","reel":"RIGHT","pressedIndex":3,"stopIndex":3,"slip":0,"durationMs":80}}
[21:29:22] [Render thread/INFO] (PiriRuntimeAcceptance) PIRI_PHASE02_PACKET {"type":"PUBLIC_STATE","payload":{"sessionId":"64238a28-ddc2-4620-9ea6-0f6a184c318e","machineId":1,"expectedNextClientSequence":363,"gameState":"SEATED_READY","lifecycle":"ACTIVE","credit":10,"heldMedals":696,"bet":0,"pay":0,"bonusCount":0,"lampOn":false,"displayStops":{"left":14,"center":4,"right":3},"stoppedMask":7}}
[21:29:23] [Render thread/INFO] (PiriRuntimeAcceptance) PIRI_PHASE02_PACKET {"type":"ACTION_ACCEPTED","payload":{"clientSequence":363,"action":"SPACE_ACTION"}}
[21:29:23] [Render thread/INFO] (PiriRuntimeAcceptance) PIRI_PHASE02_PACKET {"type":"PUBLIC_STATE","payload":{"sessionId":"64238a28-ddc2-4620-9ea6-0f6a184c318e","machineId":1,"expectedNextClientSequence":364,"gameState":"NORMAL_BETTED","lifecycle":"ACTIVE","credit":7,"heldMedals":696,"bet":3,"pay":0,"bonusCount":0,"lampOn":false,"displayStops":{"left":14,"center":4,"right":3},"stoppedMask":7}}
[21:29:23] [Render thread/INFO] (PiriRuntimeAcceptance) PIRI_PHASE02_PACKET {"type":"ACTION_ACCEPTED","payload":{"clientSequence":364,"action":"SPACE_ACTION"}}
[21:29:23] [Render thread/INFO] (PiriRuntimeAcceptance) PIRI_PHASE02_PACKET {"type":"PUBLIC_STATE","payload":{"sessionId":"64238a28-ddc2-4620-9ea6-0f6a184c318e","machineId":1,"expectedNextClientSequence":365,"gameState":"NORMAL_SPINNING","lifecycle":"ACTIVE","credit":7,"heldMedals":696,"bet":3,"pay":0,"bonusCount":0,"lampOn":false,"displayStops":{"left":14,"center":4,"right":3},"stoppedMask":0}}
[21:29:23] [Render thread/INFO] (PiriRuntimeAcceptance) PIRI_PHASE02_PACKET {"type":"SPIN_START","payload":{"sessionId":"64238a28-ddc2-4620-9ea6-0f6a184c318e","machineId":1,"spinId":"c7f9e3e6-2c4e-4140-bc40-5096916fe53b","mode":"NORMAL","animation":"NORMAL","startPhase":{"left":14.0,"center":4.0,"right":3.0},"stopEnableAfterMs":400}}
[21:29:24] [Render thread/INFO] (PiriRuntimeAcceptance) PIRI_PHASE02_PACKET {"type":"ACTION_ACCEPTED","payload":{"clientSequence":365,"action":"STOP_LEFT"}}
[21:29:24] [Render thread/INFO] (PiriRuntimeAcceptance) PIRI_PHASE02_PACKET {"type":"REEL_STOP","payload":{"spinId":"c7f9e3e6-2c4e-4140-bc40-5096916fe53b","reel":"LEFT","pressedIndex":7,"stopIndex":6,"slip":1,"durationMs":130}}
[21:29:24] [Render thread/INFO] (PiriRuntimeAcceptance) PIRI_PHASE02_PACKET {"type":"PUBLIC_STATE","payload":{"sessionId":"64238a28-ddc2-4620-9ea6-0f6a184c318e","machineId":1,"expectedNextClientSequence":366,"gameState":"NORMAL_SPINNING","lifecycle":"ACTIVE","credit":7,"heldMedals":696,"bet":3,"pay":0,"bonusCount":0,"lampOn":false,"displayStops":{"left":6,"center":4,"right":3},"stoppedMask":1}}
[21:29:25] [Render thread/INFO] (PiriRuntimeAcceptance) PIRI_PHASE02_PACKET {"type":"ACTION_ACCEPTED","payload":{"clientSequence":366,"action":"STOP_RIGHT"}}
[21:29:25] [Render thread/INFO] (PiriRuntimeAcceptance) PIRI_PHASE02_PACKET {"type":"REEL_STOP","payload":{"spinId":"c7f9e3e6-2c4e-4140-bc40-5096916fe53b","reel":"RIGHT","pressedIndex":8,"stopIndex":8,"slip":0,"durationMs":80}}
[21:29:25] [Render thread/INFO] (PiriRuntimeAcceptance) PIRI_PHASE02_PACKET {"type":"PUBLIC_STATE","payload":{"sessionId":"64238a28-ddc2-4620-9ea6-0f6a184c318e","machineId":1,"expectedNextClientSequence":367,"gameState":"NORMAL_SPINNING","lifecycle":"ACTIVE","credit":7,"heldMedals":696,"bet":3,"pay":0,"bonusCount":0,"lampOn":false,"displayStops":{"left":6,"center":4,"right":8},"stoppedMask":5}}
[21:29:25] [Render thread/INFO] (PiriRuntimeAcceptance) PIRI_PHASE02_PACKET {"type":"ACTION_ACCEPTED","payload":{"clientSequence":367,"action":"STOP_CENTER"}}
[21:29:25] [Render thread/INFO] (PiriRuntimeAcceptance) PIRI_PHASE02_PACKET {"type":"REEL_STOP","payload":{"spinId":"c7f9e3e6-2c4e-4140-bc40-5096916fe53b","reel":"CENTER","pressedIndex":0,"stopIndex":19,"slip":2,"durationMs":180}}
[21:29:25] [Render thread/INFO] (PiriRuntimeAcceptance) PIRI_PHASE02_PACKET {"type":"PUBLIC_STATE","payload":{"sessionId":"64238a28-ddc2-4620-9ea6-0f6a184c318e","machineId":1,"expectedNextClientSequence":368,"gameState":"SEATED_READY","lifecycle":"ACTIVE","credit":7,"heldMedals":696,"bet":0,"pay":0,"bonusCount":0,"lampOn":false,"displayStops":{"left":6,"center":19,"right":8},"stoppedMask":7}}
[21:29:26] [Render thread/INFO] (PiriRuntimeAcceptance) PIRI_PHASE02_PACKET {"type":"ACTION_ACCEPTED","payload":{"clientSequence":368,"action":"SPACE_ACTION"}}
[21:29:26] [Render thread/INFO] (PiriRuntimeAcceptance) PIRI_PHASE02_PACKET {"type":"PUBLIC_STATE","payload":{"sessionId":"64238a28-ddc2-4620-9ea6-0f6a184c318e","machineId":1,"expectedNextClientSequence":369,"gameState":"NORMAL_BETTED","lifecycle":"ACTIVE","credit":4,"heldMedals":696,"bet":3,"pay":0,"bonusCount":0,"lampOn":false,"displayStops":{"left":6,"center":19,"right":8},"stoppedMask":7}}
[21:29:26] [Render thread/INFO] (PiriRuntimeAcceptance) PIRI_PHASE02_PACKET {"type":"ACTION_ACCEPTED","payload":{"clientSequence":369,"action":"SPACE_ACTION"}}
[21:29:26] [Render thread/INFO] (PiriRuntimeAcceptance) PIRI_PHASE02_PACKET {"type":"PUBLIC_STATE","payload":{"sessionId":"64238a28-ddc2-4620-9ea6-0f6a184c318e","machineId":1,"expectedNextClientSequence":370,"gameState":"NORMAL_SPINNING","lifecycle":"ACTIVE","credit":4,"heldMedals":696,"bet":3,"pay":0,"bonusCount":0,"lampOn":false,"displayStops":{"left":6,"center":19,"right":8},"stoppedMask":0}}
[21:29:26] [Render thread/INFO] (PiriRuntimeAcceptance) PIRI_PHASE02_PACKET {"type":"SPIN_START","payload":{"sessionId":"64238a28-ddc2-4620-9ea6-0f6a184c318e","machineId":1,"spinId":"6fe576c6-0f29-4103-bffb-2b2372ab64c1","mode":"NORMAL","animation":"NORMAL","startPhase":{"left":6.0,"center":19.0,"right":8.0},"stopEnableAfterMs":400}}
[21:29:27] [Render thread/INFO] (PiriRuntimeAcceptance) PIRI_PHASE02_PACKET {"type":"ACTION_ACCEPTED","payload":{"clientSequence":370,"action":"STOP_CENTER"}}
[21:29:27] [Render thread/INFO] (PiriRuntimeAcceptance) PIRI_PHASE02_PACKET {"type":"REEL_STOP","payload":{"spinId":"6fe576c6-0f29-4103-bffb-2b2372ab64c1","reel":"CENTER","pressedIndex":11,"stopIndex":11,"slip":0,"durationMs":80}}
[21:29:27] [Render thread/INFO] (PiriRuntimeAcceptance) PIRI_PHASE02_PACKET {"type":"PUBLIC_STATE","payload":{"sessionId":"64238a28-ddc2-4620-9ea6-0f6a184c318e","machineId":1,"expectedNextClientSequence":371,"gameState":"NORMAL_SPINNING","lifecycle":"ACTIVE","credit":4,"heldMedals":696,"bet":3,"pay":0,"bonusCount":0,"lampOn":false,"displayStops":{"left":6,"center":11,"right":8},"stoppedMask":2}}
[21:29:28] [Render thread/INFO] (PiriRuntimeAcceptance) PIRI_PHASE02_PACKET {"type":"ACTION_ACCEPTED","payload":{"clientSequence":371,"action":"STOP_LEFT"}}
[21:29:28] [Render thread/INFO] (PiriRuntimeAcceptance) PIRI_PHASE02_PACKET {"type":"REEL_STOP","payload":{"spinId":"6fe576c6-0f29-4103-bffb-2b2372ab64c1","reel":"LEFT","pressedIndex":10,"stopIndex":10,"slip":0,"durationMs":80}}
[21:29:28] [Render thread/INFO] (PiriRuntimeAcceptance) PIRI_PHASE02_PACKET {"type":"PUBLIC_STATE","payload":{"sessionId":"64238a28-ddc2-4620-9ea6-0f6a184c318e","machineId":1,"expectedNextClientSequence":372,"gameState":"NORMAL_SPINNING","lifecycle":"ACTIVE","credit":4,"heldMedals":696,"bet":3,"pay":0,"bonusCount":0,"lampOn":false,"displayStops":{"left":10,"center":11,"right":8},"stoppedMask":3}}
[21:29:28] [Render thread/INFO] (PiriRuntimeAcceptance) PIRI_PHASE02_PACKET {"type":"ACTION_ACCEPTED","payload":{"clientSequence":372,"action":"STOP_RIGHT"}}
[21:29:28] [Render thread/INFO] (PiriRuntimeAcceptance) PIRI_PHASE02_PACKET {"type":"REEL_STOP","payload":{"spinId":"6fe576c6-0f29-4103-bffb-2b2372ab64c1","reel":"RIGHT","pressedIndex":3,"stopIndex":3,"slip":0,"durationMs":80}}
[21:29:28] [Render thread/INFO] (PiriRuntimeAcceptance) PIRI_PHASE02_PACKET {"type":"PUBLIC_STATE","payload":{"sessionId":"64238a28-ddc2-4620-9ea6-0f6a184c318e","machineId":1,"expectedNextClientSequence":373,"gameState":"SEATED_READY","lifecycle":"ACTIVE","credit":4,"heldMedals":696,"bet":0,"pay":0,"bonusCount":0,"lampOn":false,"displayStops":{"left":10,"center":11,"right":3},"stoppedMask":7}}
[21:29:29] [Render thread/INFO] (PiriRuntimeAcceptance) PIRI_PHASE02_PACKET {"type":"ACTION_ACCEPTED","payload":{"clientSequence":373,"action":"SPACE_ACTION"}}
[21:29:29] [Render thread/INFO] (PiriRuntimeAcceptance) PIRI_PHASE02_PACKET {"type":"PUBLIC_STATE","payload":{"sessionId":"64238a28-ddc2-4620-9ea6-0f6a184c318e","machineId":1,"expectedNextClientSequence":374,"gameState":"NORMAL_BETTED","lifecycle":"ACTIVE","credit":1,"heldMedals":696,"bet":3,"pay":0,"bonusCount":0,"lampOn":false,"displayStops":{"left":10,"center":11,"right":3},"stoppedMask":7}}
[21:29:29] [Render thread/INFO] (PiriRuntimeAcceptance) PIRI_PHASE02_PACKET {"type":"ACTION_ACCEPTED","payload":{"clientSequence":374,"action":"SPACE_ACTION"}}
[21:29:29] [Render thread/INFO] (PiriRuntimeAcceptance) PIRI_PHASE02_PACKET {"type":"PUBLIC_STATE","payload":{"sessionId":"64238a28-ddc2-4620-9ea6-0f6a184c318e","machineId":1,"expectedNextClientSequence":375,"gameState":"NORMAL_SPINNING","lifecycle":"ACTIVE","credit":1,"heldMedals":696,"bet":3,"pay":0,"bonusCount":0,"lampOn":false,"displayStops":{"left":10,"center":11,"right":3},"stoppedMask":0}}
[21:29:29] [Render thread/INFO] (PiriRuntimeAcceptance) PIRI_PHASE02_PACKET {"type":"SPIN_START","payload":{"sessionId":"64238a28-ddc2-4620-9ea6-0f6a184c318e","machineId":1,"spinId":"563ab09a-166c-4122-adbe-51b4c556637f","mode":"NORMAL","animation":"NORMAL","startPhase":{"left":10.0,"center":11.0,"right":3.0},"stopEnableAfterMs":400}}
[21:29:30] [Render thread/INFO] (PiriRuntimeAcceptance) PIRI_PHASE02_PACKET {"type":"ACTION_ACCEPTED","payload":{"clientSequence":375,"action":"STOP_CENTER"}}
[21:29:30] [Render thread/INFO] (PiriRuntimeAcceptance) PIRI_PHASE02_PACKET {"type":"REEL_STOP","payload":{"spinId":"563ab09a-166c-4122-adbe-51b4c556637f","reel":"CENTER","pressedIndex":20,"stopIndex":20,"slip":0,"durationMs":80}}
[21:29:30] [Render thread/INFO] (PiriRuntimeAcceptance) PIRI_PHASE02_PACKET {"type":"PUBLIC_STATE","payload":{"sessionId":"64238a28-ddc2-4620-9ea6-0f6a184c318e","machineId":1,"expectedNextClientSequence":376,"gameState":"NORMAL_SPINNING","lifecycle":"ACTIVE","credit":1,"heldMedals":696,"bet":3,"pay":0,"bonusCount":0,"lampOn":false,"displayStops":{"left":10,"center":20,"right":3},"stoppedMask":2}}
[21:29:31] [Render thread/INFO] (PiriRuntimeAcceptance) PIRI_PHASE02_PACKET {"type":"ACTION_ACCEPTED","payload":{"clientSequence":376,"action":"STOP_RIGHT"}}
[21:29:31] [Render thread/INFO] (PiriRuntimeAcceptance) PIRI_PHASE02_PACKET {"type":"REEL_STOP","payload":{"spinId":"563ab09a-166c-4122-adbe-51b4c556637f","reel":"RIGHT","pressedIndex":3,"stopIndex":3,"slip":0,"durationMs":80}}
[21:29:31] [Render thread/INFO] (PiriRuntimeAcceptance) PIRI_PHASE02_PACKET {"type":"PUBLIC_STATE","payload":{"sessionId":"64238a28-ddc2-4620-9ea6-0f6a184c318e","machineId":1,"expectedNextClientSequence":377,"gameState":"NORMAL_SPINNING","lifecycle":"ACTIVE","credit":1,"heldMedals":696,"bet":3,"pay":0,"bonusCount":0,"lampOn":false,"displayStops":{"left":10,"center":20,"right":3},"stoppedMask":6}}
[21:29:31] [Render thread/INFO] (PiriRuntimeAcceptance) PIRI_PHASE02_PACKET {"type":"ACTION_ACCEPTED","payload":{"clientSequence":377,"action":"STOP_LEFT"}}
[21:29:31] [Render thread/INFO] (PiriRuntimeAcceptance) PIRI_PHASE02_PACKET {"type":"REEL_STOP","payload":{"spinId":"563ab09a-166c-4122-adbe-51b4c556637f","reel":"LEFT","pressedIndex":1,"stopIndex":18,"slip":4,"durationMs":280}}
[21:29:31] [Render thread/INFO] (PiriRuntimeAcceptance) PIRI_PHASE02_PACKET {"type":"PUBLIC_STATE","payload":{"sessionId":"64238a28-ddc2-4620-9ea6-0f6a184c318e","machineId":1,"expectedNextClientSequence":378,"gameState":"SEATED_READY","lifecycle":"ACTIVE","credit":1,"heldMedals":696,"bet":0,"pay":0,"bonusCount":0,"lampOn":false,"displayStops":{"left":18,"center":20,"right":3},"stoppedMask":7}}
[21:29:32] [Render thread/INFO] (PiriRuntimeAcceptance) PIRI_PHASE02_PACKET {"type":"ACTION_ACCEPTED","payload":{"clientSequence":378,"action":"SPACE_ACTION"}}
[21:29:32] [Render thread/INFO] (PiriRuntimeAcceptance) PIRI_PHASE02_PACKET {"type":"PUBLIC_STATE","payload":{"sessionId":"64238a28-ddc2-4620-9ea6-0f6a184c318e","machineId":1,"expectedNextClientSequence":379,"gameState":"NORMAL_BETTED","lifecycle":"ACTIVE","credit":0,"heldMedals":694,"bet":3,"pay":0,"bonusCount":0,"lampOn":false,"displayStops":{"left":18,"center":20,"right":3},"stoppedMask":7}}
[21:29:32] [Render thread/INFO] (PiriRuntimeAcceptance) PIRI_PHASE02_PACKET {"type":"ACTION_ACCEPTED","payload":{"clientSequence":379,"action":"SPACE_ACTION"}}
[21:29:32] [Render thread/INFO] (PiriRuntimeAcceptance) PIRI_PHASE02_PACKET {"type":"PUBLIC_STATE","payload":{"sessionId":"64238a28-ddc2-4620-9ea6-0f6a184c318e","machineId":1,"expectedNextClientSequence":380,"gameState":"NORMAL_SPINNING","lifecycle":"ACTIVE","credit":0,"heldMedals":694,"bet":3,"pay":0,"bonusCount":0,"lampOn":false,"displayStops":{"left":18,"center":20,"right":3},"stoppedMask":0}}
[21:29:32] [Render thread/INFO] (PiriRuntimeAcceptance) PIRI_PHASE02_PACKET {"type":"SPIN_START","payload":{"sessionId":"64238a28-ddc2-4620-9ea6-0f6a184c318e","machineId":1,"spinId":"61a5b665-578c-439f-b93e-065b9147bd31","mode":"NORMAL","animation":"NORMAL","startPhase":{"left":18.0,"center":20.0,"right":3.0},"stopEnableAfterMs":400}}
[21:29:33] [Render thread/INFO] (PiriRuntimeAcceptance) PIRI_PHASE02_PACKET {"type":"ACTION_ACCEPTED","payload":{"clientSequence":380,"action":"STOP_RIGHT"}}
[21:29:33] [Render thread/INFO] (PiriRuntimeAcceptance) PIRI_PHASE02_PACKET {"type":"REEL_STOP","payload":{"spinId":"61a5b665-578c-439f-b93e-065b9147bd31","reel":"RIGHT","pressedIndex":12,"stopIndex":12,"slip":0,"durationMs":80}}
[21:29:33] [Render thread/INFO] (PiriRuntimeAcceptance) PIRI_PHASE02_PACKET {"type":"PUBLIC_STATE","payload":{"sessionId":"64238a28-ddc2-4620-9ea6-0f6a184c318e","machineId":1,"expectedNextClientSequence":381,"gameState":"NORMAL_SPINNING","lifecycle":"ACTIVE","credit":0,"heldMedals":694,"bet":3,"pay":0,"bonusCount":0,"lampOn":false,"displayStops":{"left":18,"center":20,"right":12},"stoppedMask":4}}
[21:29:34] [Render thread/INFO] (PiriRuntimeAcceptance) PIRI_PHASE02_PACKET {"type":"ACTION_ACCEPTED","payload":{"clientSequence":381,"action":"STOP_LEFT"}}
[21:29:34] [Render thread/INFO] (PiriRuntimeAcceptance) PIRI_PHASE02_PACKET {"type":"REEL_STOP","payload":{"spinId":"61a5b665-578c-439f-b93e-065b9147bd31","reel":"LEFT","pressedIndex":18,"stopIndex":18,"slip":0,"durationMs":80}}
[21:29:34] [Render thread/INFO] (PiriRuntimeAcceptance) PIRI_PHASE02_PACKET {"type":"PUBLIC_STATE","payload":{"sessionId":"64238a28-ddc2-4620-9ea6-0f6a184c318e","machineId":1,"expectedNextClientSequence":382,"gameState":"NORMAL_SPINNING","lifecycle":"ACTIVE","credit":0,"heldMedals":694,"bet":3,"pay":0,"bonusCount":0,"lampOn":false,"displayStops":{"left":18,"center":20,"right":12},"stoppedMask":5}}
[21:29:34] [Render thread/INFO] (PiriRuntimeAcceptance) PIRI_PHASE02_PACKET {"type":"ACTION_ACCEPTED","payload":{"clientSequence":382,"action":"STOP_CENTER"}}
[21:29:34] [Render thread/INFO] (PiriRuntimeAcceptance) PIRI_PHASE02_PACKET {"type":"REEL_STOP","payload":{"spinId":"61a5b665-578c-439f-b93e-065b9147bd31","reel":"CENTER","pressedIndex":11,"stopIndex":11,"slip":0,"durationMs":80}}
[21:29:34] [Render thread/INFO] (PiriRuntimeAcceptance) PIRI_PHASE02_PACKET {"type":"PUBLIC_STATE","payload":{"sessionId":"64238a28-ddc2-4620-9ea6-0f6a184c318e","machineId":1,"expectedNextClientSequence":383,"gameState":"SEATED_READY","lifecycle":"ACTIVE","credit":0,"heldMedals":694,"bet":0,"pay":0,"bonusCount":0,"lampOn":false,"displayStops":{"left":18,"center":11,"right":12},"stoppedMask":7}}
[21:29:35] [Render thread/INFO] (PiriRuntimeAcceptance) PIRI_PHASE02_PACKET {"type":"ACTION_ACCEPTED","payload":{"clientSequence":383,"action":"SPACE_ACTION"}}
[21:29:35] [Render thread/INFO] (PiriRuntimeAcceptance) PIRI_PHASE02_PACKET {"type":"PUBLIC_STATE","payload":{"sessionId":"64238a28-ddc2-4620-9ea6-0f6a184c318e","machineId":1,"expectedNextClientSequence":384,"gameState":"NORMAL_BETTED","lifecycle":"ACTIVE","credit":0,"heldMedals":691,"bet":3,"pay":0,"bonusCount":0,"lampOn":false,"displayStops":{"left":18,"center":11,"right":12},"stoppedMask":7}}
[21:29:35] [Render thread/INFO] (PiriRuntimeAcceptance) PIRI_PHASE02_PACKET {"type":"ACTION_ACCEPTED","payload":{"clientSequence":384,"action":"SPACE_ACTION"}}
[21:29:35] [Render thread/INFO] (PiriRuntimeAcceptance) PIRI_PHASE02_PACKET {"type":"PUBLIC_STATE","payload":{"sessionId":"64238a28-ddc2-4620-9ea6-0f6a184c318e","machineId":1,"expectedNextClientSequence":385,"gameState":"NORMAL_SPINNING","lifecycle":"ACTIVE","credit":0,"heldMedals":691,"bet":3,"pay":0,"bonusCount":0,"lampOn":false,"displayStops":{"left":18,"center":11,"right":12},"stoppedMask":0}}
[21:29:35] [Render thread/INFO] (PiriRuntimeAcceptance) PIRI_PHASE02_PACKET {"type":"SPIN_START","payload":{"sessionId":"64238a28-ddc2-4620-9ea6-0f6a184c318e","machineId":1,"spinId":"341a69d2-c5e2-4980-94a2-270182b66bb6","mode":"NORMAL","animation":"NORMAL","startPhase":{"left":18.0,"center":11.0,"right":12.0},"stopEnableAfterMs":400}}
[21:29:36] [Render thread/INFO] (PiriRuntimeAcceptance) PIRI_PHASE02_PACKET {"type":"ACTION_ACCEPTED","payload":{"clientSequence":385,"action":"STOP_RIGHT"}}
[21:29:36] [Render thread/INFO] (PiriRuntimeAcceptance) PIRI_PHASE02_PACKET {"type":"REEL_STOP","payload":{"spinId":"341a69d2-c5e2-4980-94a2-270182b66bb6","reel":"RIGHT","pressedIndex":0,"stopIndex":0,"slip":0,"durationMs":80}}
[21:29:36] [Render thread/INFO] (PiriRuntimeAcceptance) PIRI_PHASE02_PACKET {"type":"PUBLIC_STATE","payload":{"sessionId":"64238a28-ddc2-4620-9ea6-0f6a184c318e","machineId":1,"expectedNextClientSequence":386,"gameState":"NORMAL_SPINNING","lifecycle":"ACTIVE","credit":0,"heldMedals":691,"bet":3,"pay":0,"bonusCount":0,"lampOn":false,"displayStops":{"left":18,"center":11,"right":0},"stoppedMask":4}}
[21:29:37] [Render thread/INFO] (PiriRuntimeAcceptance) PIRI_PHASE02_PACKET {"type":"ACTION_ACCEPTED","payload":{"clientSequence":386,"action":"STOP_CENTER"}}
[21:29:37] [Render thread/INFO] (PiriRuntimeAcceptance) PIRI_PHASE02_PACKET {"type":"REEL_STOP","payload":{"spinId":"341a69d2-c5e2-4980-94a2-270182b66bb6","reel":"CENTER","pressedIndex":15,"stopIndex":15,"slip":0,"durationMs":80}}
[21:29:37] [Render thread/INFO] (PiriRuntimeAcceptance) PIRI_PHASE02_PACKET {"type":"PUBLIC_STATE","payload":{"sessionId":"64238a28-ddc2-4620-9ea6-0f6a184c318e","machineId":1,"expectedNextClientSequence":387,"gameState":"NORMAL_SPINNING","lifecycle":"ACTIVE","credit":0,"heldMedals":691,"bet":3,"pay":0,"bonusCount":0,"lampOn":false,"displayStops":{"left":18,"center":15,"right":0},"stoppedMask":6}}
[21:29:37] [Render thread/INFO] (PiriRuntimeAcceptance) PIRI_PHASE02_PACKET {"type":"ACTION_ACCEPTED","payload":{"clientSequence":387,"action":"STOP_LEFT"}}
[21:29:37] [Render thread/INFO] (PiriRuntimeAcceptance) PIRI_PHASE02_PACKET {"type":"REEL_STOP","payload":{"spinId":"341a69d2-c5e2-4980-94a2-270182b66bb6","reel":"LEFT","pressedIndex":13,"stopIndex":12,"slip":1,"durationMs":130}}
[21:29:37] [Render thread/INFO] (PiriRuntimeAcceptance) PIRI_PHASE02_PACKET {"type":"PUBLIC_STATE","payload":{"sessionId":"64238a28-ddc2-4620-9ea6-0f6a184c318e","machineId":1,"expectedNextClientSequence":388,"gameState":"SEATED_READY","lifecycle":"ACTIVE","credit":0,"heldMedals":691,"bet":0,"pay":0,"bonusCount":0,"lampOn":false,"displayStops":{"left":12,"center":15,"right":0},"stoppedMask":7}}
[21:29:38] [Render thread/INFO] (PiriRuntimeAcceptance) PIRI_PHASE02_PACKET {"type":"ACTION_ACCEPTED","payload":{"clientSequence":388,"action":"SPACE_ACTION"}}
[21:29:38] [Render thread/INFO] (PiriRuntimeAcceptance) PIRI_PHASE02_PACKET {"type":"PUBLIC_STATE","payload":{"sessionId":"64238a28-ddc2-4620-9ea6-0f6a184c318e","machineId":1,"expectedNextClientSequence":389,"gameState":"NORMAL_BETTED","lifecycle":"ACTIVE","credit":0,"heldMedals":688,"bet":3,"pay":0,"bonusCount":0,"lampOn":false,"displayStops":{"left":12,"center":15,"right":0},"stoppedMask":7}}
[21:29:38] [Render thread/INFO] (PiriRuntimeAcceptance) PIRI_PHASE02_PACKET {"type":"ACTION_ACCEPTED","payload":{"clientSequence":389,"action":"SPACE_ACTION"}}
[21:29:38] [Render thread/INFO] (PiriRuntimeAcceptance) PIRI_PHASE02_PACKET {"type":"PUBLIC_STATE","payload":{"sessionId":"64238a28-ddc2-4620-9ea6-0f6a184c318e","machineId":1,"expectedNextClientSequence":390,"gameState":"NORMAL_SPINNING","lifecycle":"ACTIVE","credit":0,"heldMedals":688,"bet":3,"pay":0,"bonusCount":0,"lampOn":false,"displayStops":{"left":12,"center":15,"right":0},"stoppedMask":0}}
[21:29:38] [Render thread/INFO] (PiriRuntimeAcceptance) PIRI_PHASE02_PACKET {"type":"SPIN_START","payload":{"sessionId":"64238a28-ddc2-4620-9ea6-0f6a184c318e","machineId":1,"spinId":"38260da0-6542-4bc8-a620-b154d4d07a65","mode":"NORMAL","animation":"NORMAL","startPhase":{"left":12.0,"center":15.0,"right":0.0},"stopEnableAfterMs":400}}
[21:29:39] [Render thread/INFO] (PiriRuntimeAcceptance) PIRI_PHASE02_PACKET {"type":"ACTION_ACCEPTED","payload":{"clientSequence":390,"action":"STOP_LEFT"}}
[21:29:39] [Render thread/INFO] (PiriRuntimeAcceptance) PIRI_PHASE02_PACKET {"type":"REEL_STOP","payload":{"spinId":"38260da0-6542-4bc8-a620-b154d4d07a65","reel":"LEFT","pressedIndex":0,"stopIndex":18,"slip":3,"durationMs":230}}
[21:29:39] [Render thread/INFO] (PiriRuntimeAcceptance) PIRI_PHASE02_PACKET {"type":"PUBLIC_STATE","payload":{"sessionId":"64238a28-ddc2-4620-9ea6-0f6a184c318e","machineId":1,"expectedNextClientSequence":391,"gameState":"NORMAL_SPINNING","lifecycle":"ACTIVE","credit":0,"heldMedals":688,"bet":3,"pay":0,"bonusCount":0,"lampOn":false,"displayStops":{"left":18,"center":15,"right":0},"stoppedMask":1}}
[21:29:40] [Render thread/INFO] (PiriRuntimeAcceptance) PIRI_PHASE02_PACKET {"type":"ACTION_ACCEPTED","payload":{"clientSequence":391,"action":"STOP_CENTER"}}
[21:29:40] [Render thread/INFO] (PiriRuntimeAcceptance) PIRI_PHASE02_PACKET {"type":"REEL_STOP","payload":{"spinId":"38260da0-6542-4bc8-a620-b154d4d07a65","reel":"CENTER","pressedIndex":15,"stopIndex":12,"slip":3,"durationMs":230}}
[21:29:40] [Render thread/INFO] (PiriRuntimeAcceptance) PIRI_PHASE02_PACKET {"type":"PUBLIC_STATE","payload":{"sessionId":"64238a28-ddc2-4620-9ea6-0f6a184c318e","machineId":1,"expectedNextClientSequence":392,"gameState":"NORMAL_SPINNING","lifecycle":"ACTIVE","credit":0,"heldMedals":688,"bet":3,"pay":0,"bonusCount":0,"lampOn":false,"displayStops":{"left":18,"center":12,"right":0},"stoppedMask":3}}
[21:29:40] [Render thread/INFO] (PiriRuntimeAcceptance) PIRI_PHASE02_PACKET {"type":"ACTION_ACCEPTED","payload":{"clientSequence":392,"action":"STOP_RIGHT"}}
[21:29:40] [Render thread/INFO] (PiriRuntimeAcceptance) PIRI_PHASE02_PACKET {"type":"REEL_STOP","payload":{"spinId":"38260da0-6542-4bc8-a620-b154d4d07a65","reel":"RIGHT","pressedIndex":12,"stopIndex":11,"slip":1,"durationMs":130}}
[21:29:40] [Render thread/INFO] (PiriRuntimeAcceptance) PIRI_PHASE02_PACKET {"type":"PAYOUT","payload":{}}
[21:29:40] [Render thread/INFO] (PiriRuntimeAcceptance) PIRI_PHASE02_PACKET {"type":"PUBLIC_STATE","payload":{"sessionId":"64238a28-ddc2-4620-9ea6-0f6a184c318e","machineId":1,"expectedNextClientSequence":393,"gameState":"SEATED_READY","lifecycle":"ACTIVE","credit":8,"heldMedals":688,"bet":0,"pay":8,"bonusCount":0,"lampOn":false,"displayStops":{"left":18,"center":12,"right":11},"stoppedMask":7}}
[21:29:41] [Render thread/INFO] (PiriRuntimeAcceptance) PIRI_PHASE02_PACKET {"type":"ACTION_ACCEPTED","payload":{"clientSequence":393,"action":"SPACE_ACTION"}}
[21:29:41] [Render thread/INFO] (PiriRuntimeAcceptance) PIRI_PHASE02_PACKET {"type":"PUBLIC_STATE","payload":{"sessionId":"64238a28-ddc2-4620-9ea6-0f6a184c318e","machineId":1,"expectedNextClientSequence":394,"gameState":"NORMAL_BETTED","lifecycle":"ACTIVE","credit":5,"heldMedals":688,"bet":3,"pay":0,"bonusCount":0,"lampOn":false,"displayStops":{"left":18,"center":12,"right":11},"stoppedMask":7}}
[21:29:41] [Render thread/INFO] (PiriRuntimeAcceptance) PIRI_PHASE02_PACKET {"type":"ACTION_ACCEPTED","payload":{"clientSequence":394,"action":"SPACE_ACTION"}}
[21:29:41] [Render thread/INFO] (PiriRuntimeAcceptance) PIRI_PHASE02_PACKET {"type":"PUBLIC_STATE","payload":{"sessionId":"64238a28-ddc2-4620-9ea6-0f6a184c318e","machineId":1,"expectedNextClientSequence":395,"gameState":"NORMAL_SPINNING","lifecycle":"ACTIVE","credit":5,"heldMedals":688,"bet":3,"pay":0,"bonusCount":0,"lampOn":false,"displayStops":{"left":18,"center":12,"right":11},"stoppedMask":0}}
[21:29:41] [Render thread/INFO] (PiriRuntimeAcceptance) PIRI_PHASE02_PACKET {"type":"SPIN_START","payload":{"sessionId":"64238a28-ddc2-4620-9ea6-0f6a184c318e","machineId":1,"spinId":"2c09c2cb-28bb-48ea-a130-0583f98ee962","mode":"NORMAL","animation":"NORMAL","startPhase":{"left":18.0,"center":12.0,"right":11.0},"stopEnableAfterMs":400}}
[21:29:42] [Render thread/INFO] (PiriRuntimeAcceptance) PIRI_PHASE02_PACKET {"type":"ACTION_ACCEPTED","payload":{"clientSequence":395,"action":"STOP_LEFT"}}
[21:29:42] [Render thread/INFO] (PiriRuntimeAcceptance) PIRI_PHASE02_PACKET {"type":"REEL_STOP","payload":{"spinId":"2c09c2cb-28bb-48ea-a130-0583f98ee962","reel":"LEFT","pressedIndex":6,"stopIndex":6,"slip":0,"durationMs":80}}
[21:29:42] [Render thread/INFO] (PiriRuntimeAcceptance) PIRI_PHASE02_PACKET {"type":"PUBLIC_STATE","payload":{"sessionId":"64238a28-ddc2-4620-9ea6-0f6a184c318e","machineId":1,"expectedNextClientSequence":396,"gameState":"NORMAL_SPINNING","lifecycle":"ACTIVE","credit":5,"heldMedals":688,"bet":3,"pay":0,"bonusCount":0,"lampOn":false,"displayStops":{"left":6,"center":12,"right":11},"stoppedMask":1}}
[21:29:43] [Render thread/INFO] (PiriRuntimeAcceptance) PIRI_PHASE02_PACKET {"type":"ACTION_ACCEPTED","payload":{"clientSequence":396,"action":"STOP_RIGHT"}}
[21:29:43] [Render thread/INFO] (PiriRuntimeAcceptance) PIRI_PHASE02_PACKET {"type":"REEL_STOP","payload":{"spinId":"2c09c2cb-28bb-48ea-a130-0583f98ee962","reel":"RIGHT","pressedIndex":11,"stopIndex":11,"slip":0,"durationMs":80}}
[21:29:43] [Render thread/INFO] (PiriRuntimeAcceptance) PIRI_PHASE02_PACKET {"type":"PUBLIC_STATE","payload":{"sessionId":"64238a28-ddc2-4620-9ea6-0f6a184c318e","machineId":1,"expectedNextClientSequence":397,"gameState":"NORMAL_SPINNING","lifecycle":"ACTIVE","credit":5,"heldMedals":688,"bet":3,"pay":0,"bonusCount":0,"lampOn":false,"displayStops":{"left":6,"center":12,"right":11},"stoppedMask":5}}
[21:29:43] [Render thread/INFO] (PiriRuntimeAcceptance) PIRI_PHASE02_PACKET {"type":"ACTION_ACCEPTED","payload":{"clientSequence":397,"action":"STOP_CENTER"}}
[21:29:43] [Render thread/INFO] (PiriRuntimeAcceptance) PIRI_PHASE02_PACKET {"type":"REEL_STOP","payload":{"spinId":"2c09c2cb-28bb-48ea-a130-0583f98ee962","reel":"CENTER","pressedIndex":3,"stopIndex":3,"slip":0,"durationMs":80}}
[21:29:43] [Render thread/INFO] (PiriRuntimeAcceptance) PIRI_PHASE02_PACKET {"type":"PUBLIC_STATE","payload":{"sessionId":"64238a28-ddc2-4620-9ea6-0f6a184c318e","machineId":1,"expectedNextClientSequence":398,"gameState":"SEATED_READY","lifecycle":"ACTIVE","credit":5,"heldMedals":688,"bet":0,"pay":0,"bonusCount":0,"lampOn":false,"displayStops":{"left":6,"center":3,"right":11},"stoppedMask":7}}
[21:29:44] [Render thread/INFO] (PiriRuntimeAcceptance) PIRI_PHASE02_PACKET {"type":"ACTION_ACCEPTED","payload":{"clientSequence":398,"action":"SPACE_ACTION"}}
[21:29:44] [Render thread/INFO] (PiriRuntimeAcceptance) PIRI_PHASE02_PACKET {"type":"PUBLIC_STATE","payload":{"sessionId":"64238a28-ddc2-4620-9ea6-0f6a184c318e","machineId":1,"expectedNextClientSequence":399,"gameState":"NORMAL_BETTED","lifecycle":"ACTIVE","credit":2,"heldMedals":688,"bet":3,"pay":0,"bonusCount":0,"lampOn":false,"displayStops":{"left":6,"center":3,"right":11},"stoppedMask":7}}
[21:29:44] [Render thread/INFO] (PiriRuntimeAcceptance) PIRI_PHASE02_PACKET {"type":"ACTION_ACCEPTED","payload":{"clientSequence":399,"action":"SPACE_ACTION"}}
[21:29:44] [Render thread/INFO] (PiriRuntimeAcceptance) PIRI_PHASE02_PACKET {"type":"PUBLIC_STATE","payload":{"sessionId":"64238a28-ddc2-4620-9ea6-0f6a184c318e","machineId":1,"expectedNextClientSequence":400,"gameState":"NORMAL_SPINNING","lifecycle":"ACTIVE","credit":2,"heldMedals":688,"bet":3,"pay":0,"bonusCount":0,"lampOn":false,"displayStops":{"left":6,"center":3,"right":11},"stoppedMask":0}}
[21:29:44] [Render thread/INFO] (PiriRuntimeAcceptance) PIRI_PHASE02_PACKET {"type":"SPIN_START","payload":{"sessionId":"64238a28-ddc2-4620-9ea6-0f6a184c318e","machineId":1,"spinId":"e6dedfea-d4c8-49cc-872f-12fa58a6de88","mode":"NORMAL","animation":"NORMAL","startPhase":{"left":6.0,"center":3.0,"right":11.0},"stopEnableAfterMs":400}}
[21:29:45] [Render thread/INFO] (PiriRuntimeAcceptance) PIRI_PHASE02_PACKET {"type":"ACTION_ACCEPTED","payload":{"clientSequence":400,"action":"STOP_CENTER"}}
[21:29:45] [Render thread/INFO] (PiriRuntimeAcceptance) PIRI_PHASE02_PACKET {"type":"REEL_STOP","payload":{"spinId":"e6dedfea-d4c8-49cc-872f-12fa58a6de88","reel":"CENTER","pressedIndex":16,"stopIndex":16,"slip":0,"durationMs":80}}
[21:29:45] [Render thread/INFO] (PiriRuntimeAcceptance) PIRI_PHASE02_PACKET {"type":"PUBLIC_STATE","payload":{"sessionId":"64238a28-ddc2-4620-9ea6-0f6a184c318e","machineId":1,"expectedNextClientSequence":401,"gameState":"NORMAL_SPINNING","lifecycle":"ACTIVE","credit":2,"heldMedals":688,"bet":3,"pay":0,"bonusCount":0,"lampOn":false,"displayStops":{"left":6,"center":16,"right":11},"stoppedMask":2}}
[21:29:45] [Render thread/INFO] (PiriRuntimeAcceptance) PIRI_PHASE02_PACKET {"type":"ACTION_ACCEPTED","payload":{"clientSequence":401,"action":"STOP_LEFT"}}
[21:29:45] [Render thread/INFO] (PiriRuntimeAcceptance) PIRI_PHASE02_PACKET {"type":"REEL_STOP","payload":{"spinId":"e6dedfea-d4c8-49cc-872f-12fa58a6de88","reel":"LEFT","pressedIndex":10,"stopIndex":10,"slip":0,"durationMs":80}}
[21:29:45] [Render thread/INFO] (PiriRuntimeAcceptance) PIRI_PHASE02_PACKET {"type":"PUBLIC_STATE","payload":{"sessionId":"64238a28-ddc2-4620-9ea6-0f6a184c318e","machineId":1,"expectedNextClientSequence":402,"gameState":"NORMAL_SPINNING","lifecycle":"ACTIVE","credit":2,"heldMedals":688,"bet":3,"pay":0,"bonusCount":0,"lampOn":false,"displayStops":{"left":10,"center":16,"right":11},"stoppedMask":3}}
[21:29:46] [Render thread/INFO] (PiriRuntimeAcceptance) PIRI_PHASE02_PACKET {"type":"ACTION_ACCEPTED","payload":{"clientSequence":402,"action":"STOP_RIGHT"}}
[21:29:46] [Render thread/INFO] (PiriRuntimeAcceptance) PIRI_PHASE02_PACKET {"type":"REEL_STOP","payload":{"spinId":"e6dedfea-d4c8-49cc-872f-12fa58a6de88","reel":"RIGHT","pressedIndex":7,"stopIndex":6,"slip":1,"durationMs":130}}
[21:29:46] [Render thread/INFO] (PiriRuntimeAcceptance) PIRI_PHASE02_PACKET {"type":"PUBLIC_STATE","payload":{"sessionId":"64238a28-ddc2-4620-9ea6-0f6a184c318e","machineId":1,"expectedNextClientSequence":403,"gameState":"SEATED_READY","lifecycle":"ACTIVE","credit":2,"heldMedals":688,"bet":0,"pay":0,"bonusCount":0,"lampOn":false,"displayStops":{"left":10,"center":16,"right":6},"stoppedMask":7}}
[21:29:46] [Render thread/INFO] (PiriRuntimeAcceptance) PIRI_PHASE02_PACKET {"type":"ACTION_ACCEPTED","payload":{"clientSequence":403,"action":"SPACE_ACTION"}}
[21:29:46] [Render thread/INFO] (PiriRuntimeAcceptance) PIRI_PHASE02_PACKET {"type":"PUBLIC_STATE","payload":{"sessionId":"64238a28-ddc2-4620-9ea6-0f6a184c318e","machineId":1,"expectedNextClientSequence":404,"gameState":"NORMAL_BETTED","lifecycle":"ACTIVE","credit":0,"heldMedals":687,"bet":3,"pay":0,"bonusCount":0,"lampOn":false,"displayStops":{"left":10,"center":16,"right":6},"stoppedMask":7}}
[21:29:47] [Render thread/INFO] (PiriRuntimeAcceptance) PIRI_PHASE02_PACKET {"type":"ACTION_ACCEPTED","payload":{"clientSequence":404,"action":"SPACE_ACTION"}}
[21:29:47] [Render thread/INFO] (PiriRuntimeAcceptance) PIRI_PHASE02_PACKET {"type":"PUBLIC_STATE","payload":{"sessionId":"64238a28-ddc2-4620-9ea6-0f6a184c318e","machineId":1,"expectedNextClientSequence":405,"gameState":"NORMAL_SPINNING","lifecycle":"ACTIVE","credit":0,"heldMedals":687,"bet":3,"pay":0,"bonusCount":0,"lampOn":false,"displayStops":{"left":10,"center":16,"right":6},"stoppedMask":0}}
[21:29:47] [Render thread/INFO] (PiriRuntimeAcceptance) PIRI_PHASE02_PACKET {"type":"SPIN_START","payload":{"sessionId":"64238a28-ddc2-4620-9ea6-0f6a184c318e","machineId":1,"spinId":"175722ea-2741-42a2-a5f3-16098f6522ee","mode":"NORMAL","animation":"NORMAL","startPhase":{"left":10.0,"center":16.0,"right":6.0},"stopEnableAfterMs":400}}
[21:29:48] [Render thread/INFO] (PiriRuntimeAcceptance) PIRI_PHASE02_PACKET {"type":"ACTION_ACCEPTED","payload":{"clientSequence":405,"action":"STOP_CENTER"}}
[21:29:48] [Render thread/INFO] (PiriRuntimeAcceptance) PIRI_PHASE02_PACKET {"type":"REEL_STOP","payload":{"spinId":"175722ea-2741-42a2-a5f3-16098f6522ee","reel":"CENTER","pressedIndex":8,"stopIndex":8,"slip":0,"durationMs":80}}
[21:29:48] [Render thread/INFO] (PiriRuntimeAcceptance) PIRI_PHASE02_PACKET {"type":"PUBLIC_STATE","payload":{"sessionId":"64238a28-ddc2-4620-9ea6-0f6a184c318e","machineId":1,"expectedNextClientSequence":406,"gameState":"NORMAL_SPINNING","lifecycle":"ACTIVE","credit":0,"heldMedals":687,"bet":3,"pay":0,"bonusCount":0,"lampOn":false,"displayStops":{"left":10,"center":8,"right":6},"stoppedMask":2}}
[21:29:48] [Render thread/INFO] (PiriRuntimeAcceptance) PIRI_PHASE02_PACKET {"type":"ACTION_ACCEPTED","payload":{"clientSequence":406,"action":"STOP_RIGHT"}}
[21:29:48] [Render thread/INFO] (PiriRuntimeAcceptance) PIRI_PHASE02_PACKET {"type":"REEL_STOP","payload":{"spinId":"175722ea-2741-42a2-a5f3-16098f6522ee","reel":"RIGHT","pressedIndex":10,"stopIndex":10,"slip":0,"durationMs":80}}
[21:29:48] [Render thread/INFO] (PiriRuntimeAcceptance) PIRI_PHASE02_PACKET {"type":"PUBLIC_STATE","payload":{"sessionId":"64238a28-ddc2-4620-9ea6-0f6a184c318e","machineId":1,"expectedNextClientSequence":407,"gameState":"NORMAL_SPINNING","lifecycle":"ACTIVE","credit":0,"heldMedals":687,"bet":3,"pay":0,"bonusCount":0,"lampOn":false,"displayStops":{"left":10,"center":8,"right":10},"stoppedMask":6}}
[21:29:49] [Render thread/INFO] (PiriRuntimeAcceptance) PIRI_PHASE02_PACKET {"type":"ACTION_ACCEPTED","payload":{"clientSequence":407,"action":"STOP_LEFT"}}
[21:29:49] [Render thread/INFO] (PiriRuntimeAcceptance) PIRI_PHASE02_PACKET {"type":"REEL_STOP","payload":{"spinId":"175722ea-2741-42a2-a5f3-16098f6522ee","reel":"LEFT","pressedIndex":5,"stopIndex":0,"slip":5,"durationMs":330}}
[21:29:49] [Render thread/INFO] (PiriRuntimeAcceptance) PIRI_PHASE02_PACKET {"type":"PAYOUT","payload":{}}
[21:29:49] [Render thread/INFO] (PiriRuntimeAcceptance) PIRI_PHASE02_PACKET {"type":"PUBLIC_STATE","payload":{"sessionId":"64238a28-ddc2-4620-9ea6-0f6a184c318e","machineId":1,"expectedNextClientSequence":408,"gameState":"SEATED_READY","lifecycle":"ACTIVE","credit":2,"heldMedals":687,"bet":0,"pay":2,"bonusCount":0,"lampOn":false,"displayStops":{"left":0,"center":8,"right":10},"stoppedMask":7}}
[21:29:49] [Render thread/INFO] (PiriRuntimeAcceptance) PIRI_PHASE02_PACKET {"type":"ACTION_ACCEPTED","payload":{"clientSequence":408,"action":"SPACE_ACTION"}}
[21:29:49] [Render thread/INFO] (PiriRuntimeAcceptance) PIRI_PHASE02_PACKET {"type":"PUBLIC_STATE","payload":{"sessionId":"64238a28-ddc2-4620-9ea6-0f6a184c318e","machineId":1,"expectedNextClientSequence":409,"gameState":"NORMAL_BETTED","lifecycle":"ACTIVE","credit":0,"heldMedals":686,"bet":3,"pay":0,"bonusCount":0,"lampOn":false,"displayStops":{"left":0,"center":8,"right":10},"stoppedMask":7}}
[21:29:50] [Render thread/INFO] (PiriRuntimeAcceptance) PIRI_PHASE02_PACKET {"type":"ACTION_ACCEPTED","payload":{"clientSequence":409,"action":"SPACE_ACTION"}}
[21:29:50] [Render thread/INFO] (PiriRuntimeAcceptance) PIRI_PHASE02_PACKET {"type":"PUBLIC_STATE","payload":{"sessionId":"64238a28-ddc2-4620-9ea6-0f6a184c318e","machineId":1,"expectedNextClientSequence":410,"gameState":"NORMAL_SPINNING","lifecycle":"ACTIVE","credit":0,"heldMedals":686,"bet":3,"pay":0,"bonusCount":0,"lampOn":false,"displayStops":{"left":0,"center":8,"right":10},"stoppedMask":0}}
[21:29:50] [Render thread/INFO] (PiriRuntimeAcceptance) PIRI_PHASE02_PACKET {"type":"SPIN_START","payload":{"sessionId":"64238a28-ddc2-4620-9ea6-0f6a184c318e","machineId":1,"spinId":"4d8517b9-f407-4b47-bdff-e50e6b9dad87","mode":"NORMAL","animation":"NORMAL","startPhase":{"left":0.0,"center":8.0,"right":10.0},"stopEnableAfterMs":400}}
[21:29:51] [Render thread/INFO] (PiriRuntimeAcceptance) PIRI_PHASE02_PACKET {"type":"ACTION_ACCEPTED","payload":{"clientSequence":410,"action":"STOP_RIGHT"}}
[21:29:51] [Render thread/INFO] (PiriRuntimeAcceptance) PIRI_PHASE02_PACKET {"type":"REEL_STOP","payload":{"spinId":"4d8517b9-f407-4b47-bdff-e50e6b9dad87","reel":"RIGHT","pressedIndex":2,"stopIndex":2,"slip":0,"durationMs":80}}
[21:29:51] [Render thread/INFO] (PiriRuntimeAcceptance) PIRI_PHASE02_PACKET {"type":"PUBLIC_STATE","payload":{"sessionId":"64238a28-ddc2-4620-9ea6-0f6a184c318e","machineId":1,"expectedNextClientSequence":411,"gameState":"NORMAL_SPINNING","lifecycle":"ACTIVE","credit":0,"heldMedals":686,"bet":3,"pay":0,"bonusCount":0,"lampOn":false,"displayStops":{"left":0,"center":8,"right":2},"stoppedMask":4}}
[21:29:51] [Render thread/INFO] (PiriRuntimeAcceptance) PIRI_PHASE02_PACKET {"type":"ACTION_ACCEPTED","payload":{"clientSequence":411,"action":"STOP_LEFT"}}
[21:29:51] [Render thread/INFO] (PiriRuntimeAcceptance) PIRI_PHASE02_PACKET {"type":"REEL_STOP","payload":{"spinId":"4d8517b9-f407-4b47-bdff-e50e6b9dad87","reel":"LEFT","pressedIndex":4,"stopIndex":2,"slip":2,"durationMs":180}}
[21:29:51] [Render thread/INFO] (PiriRuntimeAcceptance) PIRI_PHASE02_PACKET {"type":"TENPAI_SOUND","payload":{"spinId":"4d8517b9-f407-4b47-bdff-e50e6b9dad87"}}
[21:29:51] [Render thread/INFO] (PiriRuntimeAcceptance) PIRI_PHASE02_PACKET {"type":"PUBLIC_STATE","payload":{"sessionId":"64238a28-ddc2-4620-9ea6-0f6a184c318e","machineId":1,"expectedNextClientSequence":412,"gameState":"NORMAL_SPINNING","lifecycle":"ACTIVE","credit":0,"heldMedals":686,"bet":3,"pay":0,"bonusCount":0,"lampOn":false,"displayStops":{"left":2,"center":8,"right":2},"stoppedMask":5}}
[21:29:52] [Render thread/INFO] (PiriRuntimeAcceptance) PIRI_PHASE02_PACKET {"type":"ACTION_ACCEPTED","payload":{"clientSequence":412,"action":"STOP_CENTER"}}
[21:29:52] [Render thread/INFO] (PiriRuntimeAcceptance) PIRI_PHASE02_PACKET {"type":"REEL_STOP","payload":{"spinId":"4d8517b9-f407-4b47-bdff-e50e6b9dad87","reel":"CENTER","pressedIndex":4,"stopIndex":3,"slip":1,"durationMs":130}}
[21:29:52] [Render thread/INFO] (PiriRuntimeAcceptance) PIRI_PHASE02_PACKET {"type":"PUBLIC_STATE","payload":{"sessionId":"64238a28-ddc2-4620-9ea6-0f6a184c318e","machineId":1,"expectedNextClientSequence":413,"gameState":"REPLAY_READY","lifecycle":"ACTIVE","credit":0,"heldMedals":686,"bet":3,"pay":0,"bonusCount":0,"lampOn":false,"displayStops":{"left":2,"center":3,"right":2},"stoppedMask":7}}
[21:29:52] [Render thread/INFO] (PiriRuntimeAcceptance) PIRI_PHASE02_PACKET {"type":"ACTION_ACCEPTED","payload":{"clientSequence":413,"action":"SPACE_ACTION"}}
[21:29:52] [Render thread/INFO] (PiriRuntimeAcceptance) PIRI_PHASE02_PACKET {"type":"PUBLIC_STATE","payload":{"sessionId":"64238a28-ddc2-4620-9ea6-0f6a184c318e","machineId":1,"expectedNextClientSequence":414,"gameState":"NORMAL_SPINNING","lifecycle":"ACTIVE","credit":0,"heldMedals":686,"bet":3,"pay":0,"bonusCount":0,"lampOn":false,"displayStops":{"left":2,"center":3,"right":2},"stoppedMask":0}}
[21:29:52] [Render thread/INFO] (PiriRuntimeAcceptance) PIRI_PHASE02_PACKET {"type":"SPIN_START","payload":{"sessionId":"64238a28-ddc2-4620-9ea6-0f6a184c318e","machineId":1,"spinId":"a2c0dae0-7d02-4fa8-a8a4-74045e5658af","mode":"NORMAL","animation":"NORMAL","startPhase":{"left":2.0,"center":3.0,"right":2.0},"stopEnableAfterMs":400}}
[21:29:53] [Render thread/INFO] (PiriRuntimeAcceptance) PIRI_PHASE02_PACKET {"type":"ACTION_ACCEPTED","payload":{"clientSequence":414,"action":"STOP_RIGHT"}}
[21:29:53] [Render thread/INFO] (PiriRuntimeAcceptance) PIRI_PHASE02_PACKET {"type":"REEL_STOP","payload":{"spinId":"a2c0dae0-7d02-4fa8-a8a4-74045e5658af","reel":"RIGHT","pressedIndex":15,"stopIndex":15,"slip":0,"durationMs":80}}
[21:29:53] [Render thread/INFO] (PiriRuntimeAcceptance) PIRI_PHASE02_PACKET {"type":"PUBLIC_STATE","payload":{"sessionId":"64238a28-ddc2-4620-9ea6-0f6a184c318e","machineId":1,"expectedNextClientSequence":415,"gameState":"NORMAL_SPINNING","lifecycle":"ACTIVE","credit":0,"heldMedals":686,"bet":3,"pay":0,"bonusCount":0,"lampOn":false,"displayStops":{"left":2,"center":3,"right":15},"stoppedMask":4}}
[21:29:53] [Render thread/INFO] (PiriRuntimeAcceptance) PIRI_PHASE02_PACKET {"type":"ACTION_ACCEPTED","payload":{"clientSequence":415,"action":"STOP_CENTER"}}
[21:29:53] [Render thread/INFO] (PiriRuntimeAcceptance) PIRI_PHASE02_PACKET {"type":"REEL_STOP","payload":{"spinId":"a2c0dae0-7d02-4fa8-a8a4-74045e5658af","reel":"CENTER","pressedIndex":7,"stopIndex":7,"slip":0,"durationMs":80}}
[21:29:53] [Render thread/INFO] (PiriRuntimeAcceptance) PIRI_PHASE02_PACKET {"type":"PUBLIC_STATE","payload":{"sessionId":"64238a28-ddc2-4620-9ea6-0f6a184c318e","machineId":1,"expectedNextClientSequence":416,"gameState":"NORMAL_SPINNING","lifecycle":"ACTIVE","credit":0,"heldMedals":686,"bet":3,"pay":0,"bonusCount":0,"lampOn":false,"displayStops":{"left":2,"center":7,"right":15},"stoppedMask":6}}
[21:29:54] [Render thread/INFO] (PiriRuntimeAcceptance) PIRI_PHASE02_PACKET {"type":"ACTION_ACCEPTED","payload":{"clientSequence":416,"action":"STOP_LEFT"}}
[21:29:54] [Render thread/INFO] (PiriRuntimeAcceptance) PIRI_PHASE02_PACKET {"type":"REEL_STOP","payload":{"spinId":"a2c0dae0-7d02-4fa8-a8a4-74045e5658af","reel":"LEFT","pressedIndex":18,"stopIndex":17,"slip":1,"durationMs":130}}
[21:29:54] [Render thread/INFO] (PiriRuntimeAcceptance) PIRI_PHASE02_PACKET {"type":"PUBLIC_STATE","payload":{"sessionId":"64238a28-ddc2-4620-9ea6-0f6a184c318e","machineId":1,"expectedNextClientSequence":417,"gameState":"SEATED_READY","lifecycle":"ACTIVE","credit":0,"heldMedals":686,"bet":0,"pay":0,"bonusCount":0,"lampOn":false,"displayStops":{"left":17,"center":7,"right":15},"stoppedMask":7}}
[21:29:54] [Render thread/INFO] (PiriRuntimeAcceptance) PIRI_PHASE02_PACKET {"type":"ACTION_ACCEPTED","payload":{"clientSequence":417,"action":"SPACE_ACTION"}}
[21:29:54] [Render thread/INFO] (PiriRuntimeAcceptance) PIRI_PHASE02_PACKET {"type":"PUBLIC_STATE","payload":{"sessionId":"64238a28-ddc2-4620-9ea6-0f6a184c318e","machineId":1,"expectedNextClientSequence":418,"gameState":"NORMAL_BETTED","lifecycle":"ACTIVE","credit":0,"heldMedals":683,"bet":3,"pay":0,"bonusCount":0,"lampOn":false,"displayStops":{"left":17,"center":7,"right":15},"stoppedMask":7}}
[21:29:55] [Render thread/INFO] (PiriRuntimeAcceptance) PIRI_PHASE02_PACKET {"type":"ACTION_ACCEPTED","payload":{"clientSequence":418,"action":"SPACE_ACTION"}}
[21:29:55] [Render thread/INFO] (PiriRuntimeAcceptance) PIRI_PHASE02_PACKET {"type":"PUBLIC_STATE","payload":{"sessionId":"64238a28-ddc2-4620-9ea6-0f6a184c318e","machineId":1,"expectedNextClientSequence":419,"gameState":"NORMAL_SPINNING","lifecycle":"ACTIVE","credit":0,"heldMedals":683,"bet":3,"pay":0,"bonusCount":0,"lampOn":false,"displayStops":{"left":17,"center":7,"right":15},"stoppedMask":0}}
[21:29:55] [Render thread/INFO] (PiriRuntimeAcceptance) PIRI_PHASE02_PACKET {"type":"SPIN_START","payload":{"sessionId":"64238a28-ddc2-4620-9ea6-0f6a184c318e","machineId":1,"spinId":"d05986fa-89c3-4af6-8f6b-71a2a26fc4df","mode":"NORMAL","animation":"NORMAL","startPhase":{"left":17.0,"center":7.0,"right":15.0},"stopEnableAfterMs":400}}
[21:29:56] [Render thread/INFO] (PiriRuntimeAcceptance) PIRI_PHASE02_PACKET {"type":"ACTION_ACCEPTED","payload":{"clientSequence":419,"action":"STOP_LEFT"}}
[21:29:56] [Render thread/INFO] (PiriRuntimeAcceptance) PIRI_PHASE02_PACKET {"type":"REEL_STOP","payload":{"spinId":"d05986fa-89c3-4af6-8f6b-71a2a26fc4df","reel":"LEFT","pressedIndex":10,"stopIndex":10,"slip":0,"durationMs":80}}
[21:29:56] [Render thread/INFO] (PiriRuntimeAcceptance) PIRI_PHASE02_PACKET {"type":"PUBLIC_STATE","payload":{"sessionId":"64238a28-ddc2-4620-9ea6-0f6a184c318e","machineId":1,"expectedNextClientSequence":420,"gameState":"NORMAL_SPINNING","lifecycle":"ACTIVE","credit":0,"heldMedals":683,"bet":3,"pay":0,"bonusCount":0,"lampOn":false,"displayStops":{"left":10,"center":7,"right":15},"stoppedMask":1}}
[21:29:56] [Render thread/INFO] (PiriRuntimeAcceptance) PIRI_PHASE02_PACKET {"type":"ACTION_ACCEPTED","payload":{"clientSequence":420,"action":"STOP_CENTER"}}
[21:29:56] [Render thread/INFO] (PiriRuntimeAcceptance) PIRI_PHASE02_PACKET {"type":"REEL_STOP","payload":{"spinId":"d05986fa-89c3-4af6-8f6b-71a2a26fc4df","reel":"CENTER","pressedIndex":12,"stopIndex":12,"slip":0,"durationMs":80}}
[21:29:56] [Render thread/INFO] (PiriRuntimeAcceptance) PIRI_PHASE02_PACKET {"type":"PUBLIC_STATE","payload":{"sessionId":"64238a28-ddc2-4620-9ea6-0f6a184c318e","machineId":1,"expectedNextClientSequence":421,"gameState":"NORMAL_SPINNING","lifecycle":"ACTIVE","credit":0,"heldMedals":683,"bet":3,"pay":0,"bonusCount":0,"lampOn":false,"displayStops":{"left":10,"center":12,"right":15},"stoppedMask":3}}
[21:29:57] [Render thread/INFO] (PiriRuntimeAcceptance) PIRI_PHASE02_PACKET {"type":"ACTION_ACCEPTED","payload":{"clientSequence":421,"action":"STOP_RIGHT"}}
[21:29:57] [Render thread/INFO] (PiriRuntimeAcceptance) PIRI_PHASE02_PACKET {"type":"REEL_STOP","payload":{"spinId":"d05986fa-89c3-4af6-8f6b-71a2a26fc4df","reel":"RIGHT","pressedIndex":6,"stopIndex":6,"slip":0,"durationMs":80}}
[21:29:57] [Render thread/INFO] (PiriRuntimeAcceptance) PIRI_PHASE02_PACKET {"type":"PUBLIC_STATE","payload":{"sessionId":"64238a28-ddc2-4620-9ea6-0f6a184c318e","machineId":1,"expectedNextClientSequence":422,"gameState":"SEATED_READY","lifecycle":"ACTIVE","credit":0,"heldMedals":683,"bet":0,"pay":0,"bonusCount":0,"lampOn":false,"displayStops":{"left":10,"center":12,"right":6},"stoppedMask":7}}
[21:29:58] [Render thread/INFO] (PiriRuntimeAcceptance) PIRI_PHASE02_PACKET {"type":"ACTION_ACCEPTED","payload":{"clientSequence":422,"action":"SPACE_ACTION"}}
[21:29:58] [Render thread/INFO] (PiriRuntimeAcceptance) PIRI_PHASE02_PACKET {"type":"PUBLIC_STATE","payload":{"sessionId":"64238a28-ddc2-4620-9ea6-0f6a184c318e","machineId":1,"expectedNextClientSequence":423,"gameState":"NORMAL_BETTED","lifecycle":"ACTIVE","credit":0,"heldMedals":680,"bet":3,"pay":0,"bonusCount":0,"lampOn":false,"displayStops":{"left":10,"center":12,"right":6},"stoppedMask":7}}
[21:29:58] [Render thread/INFO] (PiriRuntimeAcceptance) PIRI_PHASE02_PACKET {"type":"ACTION_ACCEPTED","payload":{"clientSequence":423,"action":"SPACE_ACTION"}}
[21:29:58] [Render thread/INFO] (PiriRuntimeAcceptance) PIRI_PHASE02_PACKET {"type":"PUBLIC_STATE","payload":{"sessionId":"64238a28-ddc2-4620-9ea6-0f6a184c318e","machineId":1,"expectedNextClientSequence":424,"gameState":"NORMAL_SPINNING","lifecycle":"ACTIVE","credit":0,"heldMedals":680,"bet":3,"pay":0,"bonusCount":0,"lampOn":false,"displayStops":{"left":10,"center":12,"right":6},"stoppedMask":0}}
[21:29:58] [Render thread/INFO] (PiriRuntimeAcceptance) PIRI_PHASE02_PACKET {"type":"SPIN_START","payload":{"sessionId":"64238a28-ddc2-4620-9ea6-0f6a184c318e","machineId":1,"spinId":"2b4b5df5-89c7-4961-9258-d5bfbfcdee52","mode":"NORMAL","animation":"NORMAL","startPhase":{"left":10.0,"center":12.0,"right":6.0},"stopEnableAfterMs":400}}
[21:29:59] [Render thread/INFO] (PiriRuntimeAcceptance) PIRI_PHASE02_PACKET {"type":"ACTION_ACCEPTED","payload":{"clientSequence":424,"action":"STOP_LEFT"}}
[21:29:59] [Render thread/INFO] (PiriRuntimeAcceptance) PIRI_PHASE02_PACKET {"type":"REEL_STOP","payload":{"spinId":"2b4b5df5-89c7-4961-9258-d5bfbfcdee52","reel":"LEFT","pressedIndex":2,"stopIndex":2,"slip":0,"durationMs":80}}
[21:29:59] [Render thread/INFO] (PiriRuntimeAcceptance) PIRI_PHASE02_PACKET {"type":"PUBLIC_STATE","payload":{"sessionId":"64238a28-ddc2-4620-9ea6-0f6a184c318e","machineId":1,"expectedNextClientSequence":425,"gameState":"NORMAL_SPINNING","lifecycle":"ACTIVE","credit":0,"heldMedals":680,"bet":3,"pay":0,"bonusCount":0,"lampOn":false,"displayStops":{"left":2,"center":12,"right":6},"stoppedMask":1}}
[21:30:00] [Render thread/INFO] (PiriRuntimeAcceptance) PIRI_PHASE02_PACKET {"type":"ACTION_ACCEPTED","payload":{"clientSequence":425,"action":"STOP_RIGHT"}}
[21:30:00] [Render thread/INFO] (PiriRuntimeAcceptance) PIRI_PHASE02_PACKET {"type":"REEL_STOP","payload":{"spinId":"2b4b5df5-89c7-4961-9258-d5bfbfcdee52","reel":"RIGHT","pressedIndex":6,"stopIndex":6,"slip":0,"durationMs":80}}
[21:30:00] [Render thread/INFO] (PiriRuntimeAcceptance) PIRI_PHASE02_PACKET {"type":"PUBLIC_STATE","payload":{"sessionId":"64238a28-ddc2-4620-9ea6-0f6a184c318e","machineId":1,"expectedNextClientSequence":426,"gameState":"NORMAL_SPINNING","lifecycle":"ACTIVE","credit":0,"heldMedals":680,"bet":3,"pay":0,"bonusCount":0,"lampOn":false,"displayStops":{"left":2,"center":12,"right":6},"stoppedMask":5}}
[21:30:00] [Render thread/INFO] (PiriRuntimeAcceptance) PIRI_PHASE02_PACKET {"type":"ACTION_ACCEPTED","payload":{"clientSequence":426,"action":"STOP_CENTER"}}
[21:30:00] [Render thread/INFO] (PiriRuntimeAcceptance) PIRI_PHASE02_PACKET {"type":"REEL_STOP","payload":{"spinId":"2b4b5df5-89c7-4961-9258-d5bfbfcdee52","reel":"CENTER","pressedIndex":3,"stopIndex":3,"slip":0,"durationMs":80}}
[21:30:00] [Render thread/INFO] (PiriRuntimeAcceptance) PIRI_PHASE02_PACKET {"type":"PUBLIC_STATE","payload":{"sessionId":"64238a28-ddc2-4620-9ea6-0f6a184c318e","machineId":1,"expectedNextClientSequence":427,"gameState":"SEATED_READY","lifecycle":"ACTIVE","credit":0,"heldMedals":680,"bet":0,"pay":0,"bonusCount":0,"lampOn":false,"displayStops":{"left":2,"center":3,"right":6},"stoppedMask":7}}
[21:30:01] [Render thread/INFO] (PiriRuntimeAcceptance) PIRI_PHASE02_PACKET {"type":"ACTION_ACCEPTED","payload":{"clientSequence":427,"action":"SPACE_ACTION"}}
[21:30:01] [Render thread/INFO] (PiriRuntimeAcceptance) PIRI_PHASE02_PACKET {"type":"PUBLIC_STATE","payload":{"sessionId":"64238a28-ddc2-4620-9ea6-0f6a184c318e","machineId":1,"expectedNextClientSequence":428,"gameState":"NORMAL_BETTED","lifecycle":"ACTIVE","credit":0,"heldMedals":677,"bet":3,"pay":0,"bonusCount":0,"lampOn":false,"displayStops":{"left":2,"center":3,"right":6},"stoppedMask":7}}
[21:30:01] [Render thread/INFO] (PiriRuntimeAcceptance) PIRI_PHASE02_PACKET {"type":"ACTION_ACCEPTED","payload":{"clientSequence":428,"action":"SPACE_ACTION"}}
[21:30:01] [Render thread/INFO] (PiriRuntimeAcceptance) PIRI_PHASE02_PACKET {"type":"PUBLIC_STATE","payload":{"sessionId":"64238a28-ddc2-4620-9ea6-0f6a184c318e","machineId":1,"expectedNextClientSequence":429,"gameState":"NORMAL_SPINNING","lifecycle":"ACTIVE","credit":0,"heldMedals":677,"bet":3,"pay":0,"bonusCount":0,"lampOn":false,"displayStops":{"left":2,"center":3,"right":6},"stoppedMask":0}}
[21:30:01] [Render thread/INFO] (PiriRuntimeAcceptance) PIRI_PHASE02_PACKET {"type":"SPIN_START","payload":{"sessionId":"64238a28-ddc2-4620-9ea6-0f6a184c318e","machineId":1,"spinId":"19a88cac-59e9-4c97-ae1a-677eb0a3c832","mode":"NORMAL","animation":"NORMAL","startPhase":{"left":2.0,"center":3.0,"right":6.0},"stopEnableAfterMs":400}}
[21:30:02] [Render thread/INFO] (PiriRuntimeAcceptance) PIRI_PHASE02_PACKET {"type":"ACTION_ACCEPTED","payload":{"clientSequence":429,"action":"STOP_CENTER"}}
[21:30:02] [Render thread/INFO] (PiriRuntimeAcceptance) PIRI_PHASE02_PACKET {"type":"REEL_STOP","payload":{"spinId":"19a88cac-59e9-4c97-ae1a-677eb0a3c832","reel":"CENTER","pressedIndex":17,"stopIndex":17,"slip":0,"durationMs":80}}
[21:30:02] [Render thread/INFO] (PiriRuntimeAcceptance) PIRI_PHASE02_PACKET {"type":"PUBLIC_STATE","payload":{"sessionId":"64238a28-ddc2-4620-9ea6-0f6a184c318e","machineId":1,"expectedNextClientSequence":430,"gameState":"NORMAL_SPINNING","lifecycle":"ACTIVE","credit":0,"heldMedals":677,"bet":3,"pay":0,"bonusCount":0,"lampOn":false,"displayStops":{"left":2,"center":17,"right":6},"stoppedMask":2}}
[21:30:03] [Render thread/INFO] (PiriRuntimeAcceptance) PIRI_PHASE02_PACKET {"type":"ACTION_ACCEPTED","payload":{"clientSequence":430,"action":"STOP_LEFT"}}
[21:30:03] [Render thread/INFO] (PiriRuntimeAcceptance) PIRI_PHASE02_PACKET {"type":"REEL_STOP","payload":{"spinId":"19a88cac-59e9-4c97-ae1a-677eb0a3c832","reel":"LEFT","pressedIndex":19,"stopIndex":18,"slip":1,"durationMs":130}}
[21:30:03] [Render thread/INFO] (PiriRuntimeAcceptance) PIRI_PHASE02_PACKET {"type":"PUBLIC_STATE","payload":{"sessionId":"64238a28-ddc2-4620-9ea6-0f6a184c318e","machineId":1,"expectedNextClientSequence":431,"gameState":"NORMAL_SPINNING","lifecycle":"ACTIVE","credit":0,"heldMedals":677,"bet":3,"pay":0,"bonusCount":0,"lampOn":false,"displayStops":{"left":18,"center":17,"right":6},"stoppedMask":3}}
[21:30:03] [Render thread/INFO] (PiriRuntimeAcceptance) PIRI_PHASE02_PACKET {"type":"ACTION_ACCEPTED","payload":{"clientSequence":431,"action":"STOP_RIGHT"}}
[21:30:03] [Render thread/INFO] (PiriRuntimeAcceptance) PIRI_PHASE02_PACKET {"type":"REEL_STOP","payload":{"spinId":"19a88cac-59e9-4c97-ae1a-677eb0a3c832","reel":"RIGHT","pressedIndex":14,"stopIndex":14,"slip":0,"durationMs":80}}
[21:30:03] [Render thread/INFO] (PiriRuntimeAcceptance) PIRI_PHASE02_PACKET {"type":"PUBLIC_STATE","payload":{"sessionId":"64238a28-ddc2-4620-9ea6-0f6a184c318e","machineId":1,"expectedNextClientSequence":432,"gameState":"SEATED_READY","lifecycle":"ACTIVE","credit":0,"heldMedals":677,"bet":0,"pay":0,"bonusCount":0,"lampOn":false,"displayStops":{"left":18,"center":17,"right":14},"stoppedMask":7}}
[21:30:04] [Render thread/INFO] (PiriRuntimeAcceptance) PIRI_PHASE02_PACKET {"type":"ACTION_ACCEPTED","payload":{"clientSequence":432,"action":"SPACE_ACTION"}}
[21:30:04] [Render thread/INFO] (PiriRuntimeAcceptance) PIRI_PHASE02_PACKET {"type":"PUBLIC_STATE","payload":{"sessionId":"64238a28-ddc2-4620-9ea6-0f6a184c318e","machineId":1,"expectedNextClientSequence":433,"gameState":"NORMAL_BETTED","lifecycle":"ACTIVE","credit":0,"heldMedals":674,"bet":3,"pay":0,"bonusCount":0,"lampOn":false,"displayStops":{"left":18,"center":17,"right":14},"stoppedMask":7}}
[21:30:04] [Render thread/INFO] (PiriRuntimeAcceptance) PIRI_PHASE02_PACKET {"type":"ACTION_ACCEPTED","payload":{"clientSequence":433,"action":"SPACE_ACTION"}}
[21:30:04] [Render thread/INFO] (PiriRuntimeAcceptance) PIRI_PHASE02_PACKET {"type":"PUBLIC_STATE","payload":{"sessionId":"64238a28-ddc2-4620-9ea6-0f6a184c318e","machineId":1,"expectedNextClientSequence":434,"gameState":"NORMAL_SPINNING","lifecycle":"ACTIVE","credit":0,"heldMedals":674,"bet":3,"pay":0,"bonusCount":0,"lampOn":false,"displayStops":{"left":18,"center":17,"right":14},"stoppedMask":0}}
[21:30:04] [Render thread/INFO] (PiriRuntimeAcceptance) PIRI_PHASE02_PACKET {"type":"SPIN_START","payload":{"sessionId":"64238a28-ddc2-4620-9ea6-0f6a184c318e","machineId":1,"spinId":"e480c4b5-23dc-45b1-a125-df984418e064","mode":"NORMAL","animation":"NORMAL","startPhase":{"left":18.0,"center":17.0,"right":14.0},"stopEnableAfterMs":400}}
[21:30:05] [Render thread/INFO] (PiriRuntimeAcceptance) PIRI_PHASE02_PACKET {"type":"ACTION_ACCEPTED","payload":{"clientSequence":434,"action":"STOP_CENTER"}}
[21:30:05] [Render thread/INFO] (PiriRuntimeAcceptance) PIRI_PHASE02_PACKET {"type":"REEL_STOP","payload":{"spinId":"e480c4b5-23dc-45b1-a125-df984418e064","reel":"CENTER","pressedIndex":5,"stopIndex":5,"slip":0,"durationMs":80}}
[21:30:05] [Render thread/INFO] (PiriRuntimeAcceptance) PIRI_PHASE02_PACKET {"type":"PUBLIC_STATE","payload":{"sessionId":"64238a28-ddc2-4620-9ea6-0f6a184c318e","machineId":1,"expectedNextClientSequence":435,"gameState":"NORMAL_SPINNING","lifecycle":"ACTIVE","credit":0,"heldMedals":674,"bet":3,"pay":0,"bonusCount":0,"lampOn":false,"displayStops":{"left":18,"center":5,"right":14},"stoppedMask":2}}
[21:30:06] [Render thread/INFO] (PiriRuntimeAcceptance) PIRI_PHASE02_PACKET {"type":"ACTION_ACCEPTED","payload":{"clientSequence":435,"action":"STOP_RIGHT"}}
[21:30:06] [Render thread/INFO] (PiriRuntimeAcceptance) PIRI_PHASE02_PACKET {"type":"REEL_STOP","payload":{"spinId":"e480c4b5-23dc-45b1-a125-df984418e064","reel":"RIGHT","pressedIndex":19,"stopIndex":19,"slip":0,"durationMs":80}}
[21:30:06] [Render thread/INFO] (PiriRuntimeAcceptance) PIRI_PHASE02_PACKET {"type":"PUBLIC_STATE","payload":{"sessionId":"64238a28-ddc2-4620-9ea6-0f6a184c318e","machineId":1,"expectedNextClientSequence":436,"gameState":"NORMAL_SPINNING","lifecycle":"ACTIVE","credit":0,"heldMedals":674,"bet":3,"pay":0,"bonusCount":0,"lampOn":false,"displayStops":{"left":18,"center":5,"right":19},"stoppedMask":6}}
[21:30:06] [Render thread/INFO] (PiriRuntimeAcceptance) PIRI_PHASE02_PACKET {"type":"ACTION_ACCEPTED","payload":{"clientSequence":436,"action":"STOP_LEFT"}}
[21:30:06] [Render thread/INFO] (PiriRuntimeAcceptance) PIRI_PHASE02_PACKET {"type":"REEL_STOP","payload":{"spinId":"e480c4b5-23dc-45b1-a125-df984418e064","reel":"LEFT","pressedIndex":14,"stopIndex":14,"slip":0,"durationMs":80}}
[21:30:06] [Render thread/INFO] (PiriRuntimeAcceptance) PIRI_PHASE02_PACKET {"type":"PUBLIC_STATE","payload":{"sessionId":"64238a28-ddc2-4620-9ea6-0f6a184c318e","machineId":1,"expectedNextClientSequence":437,"gameState":"SEATED_READY","lifecycle":"ACTIVE","credit":0,"heldMedals":674,"bet":0,"pay":0,"bonusCount":0,"lampOn":false,"displayStops":{"left":14,"center":5,"right":19},"stoppedMask":7}}
[21:30:07] [Render thread/INFO] (PiriRuntimeAcceptance) PIRI_PHASE02_PACKET {"type":"ACTION_ACCEPTED","payload":{"clientSequence":437,"action":"SPACE_ACTION"}}
[21:30:07] [Render thread/INFO] (PiriRuntimeAcceptance) PIRI_PHASE02_PACKET {"type":"PUBLIC_STATE","payload":{"sessionId":"64238a28-ddc2-4620-9ea6-0f6a184c318e","machineId":1,"expectedNextClientSequence":438,"gameState":"NORMAL_BETTED","lifecycle":"ACTIVE","credit":0,"heldMedals":671,"bet":3,"pay":0,"bonusCount":0,"lampOn":false,"displayStops":{"left":14,"center":5,"right":19},"stoppedMask":7}}
[21:30:07] [Render thread/INFO] (PiriRuntimeAcceptance) PIRI_PHASE02_PACKET {"type":"ACTION_ACCEPTED","payload":{"clientSequence":438,"action":"SPACE_ACTION"}}
[21:30:07] [Render thread/INFO] (PiriRuntimeAcceptance) PIRI_PHASE02_PACKET {"type":"PUBLIC_STATE","payload":{"sessionId":"64238a28-ddc2-4620-9ea6-0f6a184c318e","machineId":1,"expectedNextClientSequence":439,"gameState":"NORMAL_SPINNING","lifecycle":"ACTIVE","credit":0,"heldMedals":671,"bet":3,"pay":0,"bonusCount":0,"lampOn":false,"displayStops":{"left":14,"center":5,"right":19},"stoppedMask":0}}
[21:30:07] [Render thread/INFO] (PiriRuntimeAcceptance) PIRI_PHASE02_PACKET {"type":"SPIN_START","payload":{"sessionId":"64238a28-ddc2-4620-9ea6-0f6a184c318e","machineId":1,"spinId":"ed41c374-020f-44ca-afc0-5970ce6bc78f","mode":"NORMAL","animation":"NORMAL","startPhase":{"left":14.0,"center":5.0,"right":19.0},"stopEnableAfterMs":400}}
[21:30:08] [Render thread/INFO] (PiriRuntimeAcceptance) PIRI_PHASE02_PACKET {"type":"ACTION_ACCEPTED","payload":{"clientSequence":439,"action":"STOP_RIGHT"}}
[21:30:08] [Render thread/INFO] (PiriRuntimeAcceptance) PIRI_PHASE02_PACKET {"type":"REEL_STOP","payload":{"spinId":"ed41c374-020f-44ca-afc0-5970ce6bc78f","reel":"RIGHT","pressedIndex":7,"stopIndex":7,"slip":0,"durationMs":80}}
[21:30:08] [Render thread/INFO] (PiriRuntimeAcceptance) PIRI_PHASE02_PACKET {"type":"PUBLIC_STATE","payload":{"sessionId":"64238a28-ddc2-4620-9ea6-0f6a184c318e","machineId":1,"expectedNextClientSequence":440,"gameState":"NORMAL_SPINNING","lifecycle":"ACTIVE","credit":0,"heldMedals":671,"bet":3,"pay":0,"bonusCount":0,"lampOn":false,"displayStops":{"left":14,"center":5,"right":7},"stoppedMask":4}}
[21:30:09] [Render thread/INFO] (PiriRuntimeAcceptance) PIRI_PHASE02_PACKET {"type":"ACTION_ACCEPTED","payload":{"clientSequence":440,"action":"STOP_LEFT"}}
[21:30:09] [Render thread/INFO] (PiriRuntimeAcceptance) PIRI_PHASE02_PACKET {"type":"REEL_STOP","payload":{"spinId":"ed41c374-020f-44ca-afc0-5970ce6bc78f","reel":"LEFT","pressedIndex":14,"stopIndex":12,"slip":2,"durationMs":180}}
[21:30:09] [Render thread/INFO] (PiriRuntimeAcceptance) PIRI_PHASE02_PACKET {"type":"PUBLIC_STATE","payload":{"sessionId":"64238a28-ddc2-4620-9ea6-0f6a184c318e","machineId":1,"expectedNextClientSequence":441,"gameState":"NORMAL_SPINNING","lifecycle":"ACTIVE","credit":0,"heldMedals":671,"bet":3,"pay":0,"bonusCount":0,"lampOn":false,"displayStops":{"left":12,"center":5,"right":7},"stoppedMask":5}}
[21:30:09] [Render thread/INFO] (PiriRuntimeAcceptance) PIRI_PHASE02_PACKET {"type":"ACTION_ACCEPTED","payload":{"clientSequence":441,"action":"STOP_CENTER"}}
[21:30:09] [Render thread/INFO] (PiriRuntimeAcceptance) PIRI_PHASE02_PACKET {"type":"REEL_STOP","payload":{"spinId":"ed41c374-020f-44ca-afc0-5970ce6bc78f","reel":"CENTER","pressedIndex":17,"stopIndex":16,"slip":1,"durationMs":130}}
[21:30:09] [Render thread/INFO] (PiriRuntimeAcceptance) PIRI_PHASE02_PACKET {"type":"PAYOUT","payload":{}}
[21:30:09] [Render thread/INFO] (PiriRuntimeAcceptance) PIRI_PHASE02_PACKET {"type":"PUBLIC_STATE","payload":{"sessionId":"64238a28-ddc2-4620-9ea6-0f6a184c318e","machineId":1,"expectedNextClientSequence":442,"gameState":"SEATED_READY","lifecycle":"ACTIVE","credit":8,"heldMedals":671,"bet":0,"pay":8,"bonusCount":0,"lampOn":false,"displayStops":{"left":12,"center":16,"right":7},"stoppedMask":7}}
[21:30:10] [Render thread/INFO] (PiriRuntimeAcceptance) PIRI_PHASE02_PACKET {"type":"ACTION_ACCEPTED","payload":{"clientSequence":442,"action":"SPACE_ACTION"}}
[21:30:10] [Render thread/INFO] (PiriRuntimeAcceptance) PIRI_PHASE02_PACKET {"type":"PUBLIC_STATE","payload":{"sessionId":"64238a28-ddc2-4620-9ea6-0f6a184c318e","machineId":1,"expectedNextClientSequence":443,"gameState":"NORMAL_BETTED","lifecycle":"ACTIVE","credit":5,"heldMedals":671,"bet":3,"pay":0,"bonusCount":0,"lampOn":false,"displayStops":{"left":12,"center":16,"right":7},"stoppedMask":7}}
[21:30:10] [Render thread/INFO] (PiriRuntimeAcceptance) PIRI_PHASE02_PACKET {"type":"ACTION_ACCEPTED","payload":{"clientSequence":443,"action":"SPACE_ACTION"}}
[21:30:10] [Render thread/INFO] (PiriRuntimeAcceptance) PIRI_PHASE02_PACKET {"type":"PUBLIC_STATE","payload":{"sessionId":"64238a28-ddc2-4620-9ea6-0f6a184c318e","machineId":1,"expectedNextClientSequence":444,"gameState":"NORMAL_SPINNING","lifecycle":"ACTIVE","credit":5,"heldMedals":671,"bet":3,"pay":0,"bonusCount":0,"lampOn":false,"displayStops":{"left":12,"center":16,"right":7},"stoppedMask":0}}
[21:30:10] [Render thread/INFO] (PiriRuntimeAcceptance) PIRI_PHASE02_PACKET {"type":"SPIN_START","payload":{"sessionId":"64238a28-ddc2-4620-9ea6-0f6a184c318e","machineId":1,"spinId":"1eb2301d-ca71-4009-997e-478b005f008f","mode":"NORMAL","animation":"NORMAL","startPhase":{"left":12.0,"center":16.0,"right":7.0},"stopEnableAfterMs":400}}
[21:30:11] [Render thread/INFO] (PiriRuntimeAcceptance) PIRI_PHASE02_PACKET {"type":"ACTION_ACCEPTED","payload":{"clientSequence":444,"action":"STOP_RIGHT"}}
[21:30:11] [Render thread/INFO] (PiriRuntimeAcceptance) PIRI_PHASE02_PACKET {"type":"REEL_STOP","payload":{"spinId":"1eb2301d-ca71-4009-997e-478b005f008f","reel":"RIGHT","pressedIndex":0,"stopIndex":0,"slip":0,"durationMs":80}}
[21:30:11] [Render thread/INFO] (PiriRuntimeAcceptance) PIRI_PHASE02_PACKET {"type":"PUBLIC_STATE","payload":{"sessionId":"64238a28-ddc2-4620-9ea6-0f6a184c318e","machineId":1,"expectedNextClientSequence":445,"gameState":"NORMAL_SPINNING","lifecycle":"ACTIVE","credit":5,"heldMedals":671,"bet":3,"pay":0,"bonusCount":0,"lampOn":false,"displayStops":{"left":12,"center":16,"right":0},"stoppedMask":4}}
[21:30:11] [Render thread/INFO] (PiriRuntimeAcceptance) PIRI_PHASE02_PACKET {"type":"ACTION_ACCEPTED","payload":{"clientSequence":445,"action":"STOP_CENTER"}}
[21:30:11] [Render thread/INFO] (PiriRuntimeAcceptance) PIRI_PHASE02_PACKET {"type":"REEL_STOP","payload":{"spinId":"1eb2301d-ca71-4009-997e-478b005f008f","reel":"CENTER","pressedIndex":0,"stopIndex":0,"slip":0,"durationMs":80}}
[21:30:11] [Render thread/INFO] (PiriRuntimeAcceptance) PIRI_PHASE02_PACKET {"type":"PUBLIC_STATE","payload":{"sessionId":"64238a28-ddc2-4620-9ea6-0f6a184c318e","machineId":1,"expectedNextClientSequence":446,"gameState":"NORMAL_SPINNING","lifecycle":"ACTIVE","credit":5,"heldMedals":671,"bet":3,"pay":0,"bonusCount":0,"lampOn":false,"displayStops":{"left":12,"center":0,"right":0},"stoppedMask":6}}
[21:30:12] [Render thread/INFO] (PiriRuntimeAcceptance) PIRI_PHASE02_PACKET {"type":"ACTION_ACCEPTED","payload":{"clientSequence":446,"action":"STOP_LEFT"}}
[21:30:12] [Render thread/INFO] (PiriRuntimeAcceptance) PIRI_PHASE02_PACKET {"type":"REEL_STOP","payload":{"spinId":"1eb2301d-ca71-4009-997e-478b005f008f","reel":"LEFT","pressedIndex":8,"stopIndex":6,"slip":2,"durationMs":180}}
[21:30:12] [Render thread/INFO] (PiriRuntimeAcceptance) PIRI_PHASE02_PACKET {"type":"PUBLIC_STATE","payload":{"sessionId":"64238a28-ddc2-4620-9ea6-0f6a184c318e","machineId":1,"expectedNextClientSequence":447,"gameState":"SEATED_READY","lifecycle":"ACTIVE","credit":5,"heldMedals":671,"bet":0,"pay":0,"bonusCount":0,"lampOn":false,"displayStops":{"left":6,"center":0,"right":0},"stoppedMask":7}}
[21:30:12] [Render thread/INFO] (PiriRuntimeAcceptance) PIRI_PHASE02_PACKET {"type":"ACTION_ACCEPTED","payload":{"clientSequence":447,"action":"SPACE_ACTION"}}
[21:30:12] [Render thread/INFO] (PiriRuntimeAcceptance) PIRI_PHASE02_PACKET {"type":"PUBLIC_STATE","payload":{"sessionId":"64238a28-ddc2-4620-9ea6-0f6a184c318e","machineId":1,"expectedNextClientSequence":448,"gameState":"NORMAL_BETTED","lifecycle":"ACTIVE","credit":2,"heldMedals":671,"bet":3,"pay":0,"bonusCount":0,"lampOn":false,"displayStops":{"left":6,"center":0,"right":0},"stoppedMask":7}}
[21:30:13] [Render thread/INFO] (PiriRuntimeAcceptance) PIRI_PHASE02_PACKET {"type":"ACTION_ACCEPTED","payload":{"clientSequence":448,"action":"SPACE_ACTION"}}
[21:30:13] [Render thread/INFO] (PiriRuntimeAcceptance) PIRI_PHASE02_PACKET {"type":"PUBLIC_STATE","payload":{"sessionId":"64238a28-ddc2-4620-9ea6-0f6a184c318e","machineId":1,"expectedNextClientSequence":449,"gameState":"NORMAL_SPINNING","lifecycle":"ACTIVE","credit":2,"heldMedals":671,"bet":3,"pay":0,"bonusCount":0,"lampOn":false,"displayStops":{"left":6,"center":0,"right":0},"stoppedMask":0}}
[21:30:13] [Render thread/INFO] (PiriRuntimeAcceptance) PIRI_PHASE02_PACKET {"type":"SPIN_START","payload":{"sessionId":"64238a28-ddc2-4620-9ea6-0f6a184c318e","machineId":1,"spinId":"2044bbdd-9d5e-41fa-9f7e-c1cdb6146245","mode":"NORMAL","animation":"NORMAL","startPhase":{"left":6.0,"center":0.0,"right":0.0},"stopEnableAfterMs":400}}
[21:30:14] [Render thread/INFO] (PiriRuntimeAcceptance) PIRI_PHASE02_PACKET {"type":"ACTION_ACCEPTED","payload":{"clientSequence":449,"action":"STOP_LEFT"}}
[21:30:14] [Render thread/INFO] (PiriRuntimeAcceptance) PIRI_PHASE02_PACKET {"type":"REEL_STOP","payload":{"spinId":"2044bbdd-9d5e-41fa-9f7e-c1cdb6146245","reel":"LEFT","pressedIndex":19,"stopIndex":18,"slip":1,"durationMs":130}}
[21:30:14] [Render thread/INFO] (PiriRuntimeAcceptance) PIRI_PHASE02_PACKET {"type":"PUBLIC_STATE","payload":{"sessionId":"64238a28-ddc2-4620-9ea6-0f6a184c318e","machineId":1,"expectedNextClientSequence":450,"gameState":"NORMAL_SPINNING","lifecycle":"ACTIVE","credit":2,"heldMedals":671,"bet":3,"pay":0,"bonusCount":0,"lampOn":false,"displayStops":{"left":18,"center":0,"right":0},"stoppedMask":1}}
[21:30:14] [Render thread/INFO] (PiriRuntimeAcceptance) PIRI_PHASE02_PACKET {"type":"ACTION_ACCEPTED","payload":{"clientSequence":450,"action":"STOP_CENTER"}}
[21:30:14] [Render thread/INFO] (PiriRuntimeAcceptance) PIRI_PHASE02_PACKET {"type":"REEL_STOP","payload":{"spinId":"2044bbdd-9d5e-41fa-9f7e-c1cdb6146245","reel":"CENTER","pressedIndex":4,"stopIndex":4,"slip":0,"durationMs":80}}
[21:30:14] [Render thread/INFO] (PiriRuntimeAcceptance) PIRI_PHASE02_PACKET {"type":"PUBLIC_STATE","payload":{"sessionId":"64238a28-ddc2-4620-9ea6-0f6a184c318e","machineId":1,"expectedNextClientSequence":451,"gameState":"NORMAL_SPINNING","lifecycle":"ACTIVE","credit":2,"heldMedals":671,"bet":3,"pay":0,"bonusCount":0,"lampOn":false,"displayStops":{"left":18,"center":4,"right":0},"stoppedMask":3}}
[21:30:15] [Render thread/INFO] (PiriRuntimeAcceptance) PIRI_PHASE02_PACKET {"type":"ACTION_ACCEPTED","payload":{"clientSequence":451,"action":"STOP_RIGHT"}}
[21:30:15] [Render thread/INFO] (PiriRuntimeAcceptance) PIRI_PHASE02_PACKET {"type":"REEL_STOP","payload":{"spinId":"2044bbdd-9d5e-41fa-9f7e-c1cdb6146245","reel":"RIGHT","pressedIndex":16,"stopIndex":16,"slip":0,"durationMs":80}}
[21:30:15] [Render thread/INFO] (PiriRuntimeAcceptance) PIRI_PHASE02_PACKET {"type":"PUBLIC_STATE","payload":{"sessionId":"64238a28-ddc2-4620-9ea6-0f6a184c318e","machineId":1,"expectedNextClientSequence":452,"gameState":"SEATED_READY","lifecycle":"ACTIVE","credit":2,"heldMedals":671,"bet":0,"pay":0,"bonusCount":0,"lampOn":false,"displayStops":{"left":18,"center":4,"right":16},"stoppedMask":7}}
[21:30:15] [Render thread/INFO] (PiriRuntimeAcceptance) PIRI_PHASE02_PACKET {"type":"ACTION_ACCEPTED","payload":{"clientSequence":452,"action":"SPACE_ACTION"}}
[21:30:15] [Render thread/INFO] (PiriRuntimeAcceptance) PIRI_PHASE02_PACKET {"type":"PUBLIC_STATE","payload":{"sessionId":"64238a28-ddc2-4620-9ea6-0f6a184c318e","machineId":1,"expectedNextClientSequence":453,"gameState":"NORMAL_BETTED","lifecycle":"ACTIVE","credit":0,"heldMedals":670,"bet":3,"pay":0,"bonusCount":0,"lampOn":false,"displayStops":{"left":18,"center":4,"right":16},"stoppedMask":7}}
[21:30:16] [Render thread/INFO] (PiriRuntimeAcceptance) PIRI_PHASE02_PACKET {"type":"ACTION_ACCEPTED","payload":{"clientSequence":453,"action":"SPACE_ACTION"}}
[21:30:16] [Render thread/INFO] (PiriRuntimeAcceptance) PIRI_PHASE02_PACKET {"type":"PUBLIC_STATE","payload":{"sessionId":"64238a28-ddc2-4620-9ea6-0f6a184c318e","machineId":1,"expectedNextClientSequence":454,"gameState":"NORMAL_SPINNING","lifecycle":"ACTIVE","credit":0,"heldMedals":670,"bet":3,"pay":0,"bonusCount":0,"lampOn":false,"displayStops":{"left":18,"center":4,"right":16},"stoppedMask":0}}
[21:30:16] [Render thread/INFO] (PiriRuntimeAcceptance) PIRI_PHASE02_PACKET {"type":"SPIN_START","payload":{"sessionId":"64238a28-ddc2-4620-9ea6-0f6a184c318e","machineId":1,"spinId":"aedba65f-31c0-4cab-8539-c50b88666977","mode":"NORMAL","animation":"NORMAL","startPhase":{"left":18.0,"center":4.0,"right":16.0},"stopEnableAfterMs":400}}
[21:30:17] [Render thread/INFO] (PiriRuntimeAcceptance) PIRI_PHASE02_PACKET {"type":"ACTION_ACCEPTED","payload":{"clientSequence":454,"action":"STOP_LEFT"}}
[21:30:17] [Render thread/INFO] (PiriRuntimeAcceptance) PIRI_PHASE02_PACKET {"type":"REEL_STOP","payload":{"spinId":"aedba65f-31c0-4cab-8539-c50b88666977","reel":"LEFT","pressedIndex":11,"stopIndex":11,"slip":0,"durationMs":80}}
[21:30:17] [Render thread/INFO] (PiriRuntimeAcceptance) PIRI_PHASE02_PACKET {"type":"PUBLIC_STATE","payload":{"sessionId":"64238a28-ddc2-4620-9ea6-0f6a184c318e","machineId":1,"expectedNextClientSequence":455,"gameState":"NORMAL_SPINNING","lifecycle":"ACTIVE","credit":0,"heldMedals":670,"bet":3,"pay":0,"bonusCount":0,"lampOn":false,"displayStops":{"left":11,"center":4,"right":16},"stoppedMask":1}}
[21:30:17] [Render thread/INFO] (PiriRuntimeAcceptance) PIRI_PHASE02_PACKET {"type":"ACTION_ACCEPTED","payload":{"clientSequence":455,"action":"STOP_RIGHT"}}
[21:30:17] [Render thread/INFO] (PiriRuntimeAcceptance) PIRI_PHASE02_PACKET {"type":"REEL_STOP","payload":{"spinId":"aedba65f-31c0-4cab-8539-c50b88666977","reel":"RIGHT","pressedIndex":0,"stopIndex":20,"slip":1,"durationMs":130}}
[21:30:17] [Render thread/INFO] (PiriRuntimeAcceptance) PIRI_PHASE02_PACKET {"type":"PUBLIC_STATE","payload":{"sessionId":"64238a28-ddc2-4620-9ea6-0f6a184c318e","machineId":1,"expectedNextClientSequence":456,"gameState":"NORMAL_SPINNING","lifecycle":"ACTIVE","credit":0,"heldMedals":670,"bet":3,"pay":0,"bonusCount":0,"lampOn":false,"displayStops":{"left":11,"center":4,"right":20},"stoppedMask":5}}
[21:30:18] [Render thread/INFO] (PiriRuntimeAcceptance) PIRI_PHASE02_PACKET {"type":"ACTION_ACCEPTED","payload":{"clientSequence":456,"action":"STOP_CENTER"}}
[21:30:18] [Render thread/INFO] (PiriRuntimeAcceptance) PIRI_PHASE02_PACKET {"type":"REEL_STOP","payload":{"spinId":"aedba65f-31c0-4cab-8539-c50b88666977","reel":"CENTER","pressedIndex":0,"stopIndex":0,"slip":0,"durationMs":80}}
[21:30:18] [Render thread/INFO] (PiriRuntimeAcceptance) PIRI_PHASE02_PACKET {"type":"PAYOUT","payload":{}}
[21:30:18] [Render thread/INFO] (PiriRuntimeAcceptance) PIRI_PHASE02_PACKET {"type":"PUBLIC_STATE","payload":{"sessionId":"64238a28-ddc2-4620-9ea6-0f6a184c318e","machineId":1,"expectedNextClientSequence":457,"gameState":"SEATED_READY","lifecycle":"ACTIVE","credit":8,"heldMedals":670,"bet":0,"pay":8,"bonusCount":0,"lampOn":false,"displayStops":{"left":11,"center":0,"right":20},"stoppedMask":7}}
[21:30:18] [Render thread/INFO] (PiriRuntimeAcceptance) PIRI_PHASE02_PACKET {"type":"ACTION_ACCEPTED","payload":{"clientSequence":457,"action":"SPACE_ACTION"}}
[21:30:18] [Render thread/INFO] (PiriRuntimeAcceptance) PIRI_PHASE02_PACKET {"type":"PUBLIC_STATE","payload":{"sessionId":"64238a28-ddc2-4620-9ea6-0f6a184c318e","machineId":1,"expectedNextClientSequence":458,"gameState":"NORMAL_BETTED","lifecycle":"ACTIVE","credit":5,"heldMedals":670,"bet":3,"pay":0,"bonusCount":0,"lampOn":false,"displayStops":{"left":11,"center":0,"right":20},"stoppedMask":7}}
[21:30:19] [Render thread/INFO] (PiriRuntimeAcceptance) PIRI_PHASE02_PACKET {"type":"ACTION_ACCEPTED","payload":{"clientSequence":458,"action":"SPACE_ACTION"}}
[21:30:19] [Render thread/INFO] (PiriRuntimeAcceptance) PIRI_PHASE02_PACKET {"type":"PUBLIC_STATE","payload":{"sessionId":"64238a28-ddc2-4620-9ea6-0f6a184c318e","machineId":1,"expectedNextClientSequence":459,"gameState":"NORMAL_SPINNING","lifecycle":"ACTIVE","credit":5,"heldMedals":670,"bet":3,"pay":0,"bonusCount":0,"lampOn":false,"displayStops":{"left":11,"center":0,"right":20},"stoppedMask":0}}
[21:30:19] [Render thread/INFO] (PiriRuntimeAcceptance) PIRI_PHASE02_PACKET {"type":"SPIN_START","payload":{"sessionId":"64238a28-ddc2-4620-9ea6-0f6a184c318e","machineId":1,"spinId":"22c9f32e-0e6b-42ad-82ce-f39ba06fa4d3","mode":"NORMAL","animation":"NORMAL","startPhase":{"left":11.0,"center":0.0,"right":20.0},"stopEnableAfterMs":400}}
[21:30:19] [Render thread/INFO] (PiriRuntimeAcceptance) PIRI_PHASE02_PACKET {"type":"ACTION_ACCEPTED","payload":{"clientSequence":459,"action":"STOP_CENTER"}}
[21:30:19] [Render thread/INFO] (PiriRuntimeAcceptance) PIRI_PHASE02_PACKET {"type":"REEL_STOP","payload":{"spinId":"22c9f32e-0e6b-42ad-82ce-f39ba06fa4d3","reel":"CENTER","pressedIndex":14,"stopIndex":14,"slip":0,"durationMs":80}}
[21:30:19] [Render thread/INFO] (PiriRuntimeAcceptance) PIRI_PHASE02_PACKET {"type":"PUBLIC_STATE","payload":{"sessionId":"64238a28-ddc2-4620-9ea6-0f6a184c318e","machineId":1,"expectedNextClientSequence":460,"gameState":"NORMAL_SPINNING","lifecycle":"ACTIVE","credit":5,"heldMedals":670,"bet":3,"pay":0,"bonusCount":0,"lampOn":false,"displayStops":{"left":11,"center":14,"right":20},"stoppedMask":2}}
[21:30:20] [Render thread/INFO] (PiriRuntimeAcceptance) PIRI_PHASE02_PACKET {"type":"ACTION_ACCEPTED","payload":{"clientSequence":460,"action":"STOP_LEFT"}}
[21:30:20] [Render thread/INFO] (PiriRuntimeAcceptance) PIRI_PHASE02_PACKET {"type":"REEL_STOP","payload":{"spinId":"22c9f32e-0e6b-42ad-82ce-f39ba06fa4d3","reel":"LEFT","pressedIndex":16,"stopIndex":16,"slip":0,"durationMs":80}}
[21:30:20] [Render thread/INFO] (PiriRuntimeAcceptance) PIRI_PHASE02_PACKET {"type":"PUBLIC_STATE","payload":{"sessionId":"64238a28-ddc2-4620-9ea6-0f6a184c318e","machineId":1,"expectedNextClientSequence":461,"gameState":"NORMAL_SPINNING","lifecycle":"ACTIVE","credit":5,"heldMedals":670,"bet":3,"pay":0,"bonusCount":0,"lampOn":false,"displayStops":{"left":16,"center":14,"right":20},"stoppedMask":3}}
[21:30:20] [Render thread/INFO] (PiriRuntimeAcceptance) PIRI_PHASE02_PACKET {"type":"ACTION_ACCEPTED","payload":{"clientSequence":461,"action":"STOP_RIGHT"}}
[21:30:20] [Render thread/INFO] (PiriRuntimeAcceptance) PIRI_PHASE02_PACKET {"type":"REEL_STOP","payload":{"spinId":"22c9f32e-0e6b-42ad-82ce-f39ba06fa4d3","reel":"RIGHT","pressedIndex":16,"stopIndex":16,"slip":0,"durationMs":80}}
[21:30:20] [Render thread/INFO] (PiriRuntimeAcceptance) PIRI_PHASE02_PACKET {"type":"PUBLIC_STATE","payload":{"sessionId":"64238a28-ddc2-4620-9ea6-0f6a184c318e","machineId":1,"expectedNextClientSequence":462,"gameState":"SEATED_READY","lifecycle":"ACTIVE","credit":5,"heldMedals":670,"bet":0,"pay":0,"bonusCount":0,"lampOn":false,"displayStops":{"left":16,"center":14,"right":16},"stoppedMask":7}}
[21:30:21] [Render thread/INFO] (PiriRuntimeAcceptance) PIRI_PHASE02_PACKET {"type":"ACTION_ACCEPTED","payload":{"clientSequence":462,"action":"SPACE_ACTION"}}
[21:30:21] [Render thread/INFO] (PiriRuntimeAcceptance) PIRI_PHASE02_PACKET {"type":"PUBLIC_STATE","payload":{"sessionId":"64238a28-ddc2-4620-9ea6-0f6a184c318e","machineId":1,"expectedNextClientSequence":463,"gameState":"NORMAL_BETTED","lifecycle":"ACTIVE","credit":2,"heldMedals":670,"bet":3,"pay":0,"bonusCount":0,"lampOn":false,"displayStops":{"left":16,"center":14,"right":16},"stoppedMask":7}}
[21:30:22] [Render thread/INFO] (PiriRuntimeAcceptance) PIRI_PHASE02_PACKET {"type":"ACTION_ACCEPTED","payload":{"clientSequence":463,"action":"SPACE_ACTION"}}
[21:30:22] [Render thread/INFO] (PiriRuntimeAcceptance) PIRI_PHASE02_PACKET {"type":"PUBLIC_STATE","payload":{"sessionId":"64238a28-ddc2-4620-9ea6-0f6a184c318e","machineId":1,"expectedNextClientSequence":464,"gameState":"NORMAL_SPINNING","lifecycle":"ACTIVE","credit":2,"heldMedals":670,"bet":3,"pay":0,"bonusCount":0,"lampOn":false,"displayStops":{"left":16,"center":14,"right":16},"stoppedMask":0}}
[21:30:22] [Render thread/INFO] (PiriRuntimeAcceptance) PIRI_PHASE02_PACKET {"type":"SPIN_START","payload":{"sessionId":"64238a28-ddc2-4620-9ea6-0f6a184c318e","machineId":1,"spinId":"0b8c55c7-f7ab-466a-b7d1-d9d968f1d675","mode":"NORMAL","animation":"NORMAL","startPhase":{"left":16.0,"center":14.0,"right":16.0},"stopEnableAfterMs":400}}
[21:30:22] [Render thread/INFO] (PiriRuntimeAcceptance) PIRI_PHASE02_PACKET {"type":"ACTION_ACCEPTED","payload":{"clientSequence":464,"action":"STOP_CENTER"}}
[21:30:22] [Render thread/INFO] (PiriRuntimeAcceptance) PIRI_PHASE02_PACKET {"type":"REEL_STOP","payload":{"spinId":"0b8c55c7-f7ab-466a-b7d1-d9d968f1d675","reel":"CENTER","pressedIndex":7,"stopIndex":7,"slip":0,"durationMs":80}}
[21:30:22] [Render thread/INFO] (PiriRuntimeAcceptance) PIRI_PHASE02_PACKET {"type":"PUBLIC_STATE","payload":{"sessionId":"64238a28-ddc2-4620-9ea6-0f6a184c318e","machineId":1,"expectedNextClientSequence":465,"gameState":"NORMAL_SPINNING","lifecycle":"ACTIVE","credit":2,"heldMedals":670,"bet":3,"pay":0,"bonusCount":0,"lampOn":false,"displayStops":{"left":16,"center":7,"right":16},"stoppedMask":2}}
[21:30:23] [Render thread/INFO] (PiriRuntimeAcceptance) PIRI_PHASE02_PACKET {"type":"ACTION_ACCEPTED","payload":{"clientSequence":465,"action":"STOP_RIGHT"}}
[21:30:23] [Render thread/INFO] (PiriRuntimeAcceptance) PIRI_PHASE02_PACKET {"type":"REEL_STOP","payload":{"spinId":"0b8c55c7-f7ab-466a-b7d1-d9d968f1d675","reel":"RIGHT","pressedIndex":0,"stopIndex":0,"slip":0,"durationMs":80}}
[21:30:23] [Render thread/INFO] (PiriRuntimeAcceptance) PIRI_PHASE02_PACKET {"type":"PUBLIC_STATE","payload":{"sessionId":"64238a28-ddc2-4620-9ea6-0f6a184c318e","machineId":1,"expectedNextClientSequence":466,"gameState":"NORMAL_SPINNING","lifecycle":"ACTIVE","credit":2,"heldMedals":670,"bet":3,"pay":0,"bonusCount":0,"lampOn":false,"displayStops":{"left":16,"center":7,"right":0},"stoppedMask":6}}
[21:30:23] [Render thread/INFO] (PiriRuntimeAcceptance) PIRI_PHASE02_PACKET {"type":"ACTION_ACCEPTED","payload":{"clientSequence":466,"action":"STOP_LEFT"}}
[21:30:23] [Render thread/INFO] (PiriRuntimeAcceptance) PIRI_PHASE02_PACKET {"type":"REEL_STOP","payload":{"spinId":"0b8c55c7-f7ab-466a-b7d1-d9d968f1d675","reel":"LEFT","pressedIndex":12,"stopIndex":12,"slip":0,"durationMs":80}}
[21:30:23] [Render thread/INFO] (PiriRuntimeAcceptance) PIRI_PHASE02_PACKET {"type":"PUBLIC_STATE","payload":{"sessionId":"64238a28-ddc2-4620-9ea6-0f6a184c318e","machineId":1,"expectedNextClientSequence":467,"gameState":"SEATED_READY","lifecycle":"ACTIVE","credit":2,"heldMedals":670,"bet":0,"pay":0,"bonusCount":0,"lampOn":false,"displayStops":{"left":12,"center":7,"right":0},"stoppedMask":7}}
[21:30:24] [Render thread/INFO] (PiriRuntimeAcceptance) PIRI_PHASE02_PACKET {"type":"ACTION_ACCEPTED","payload":{"clientSequence":467,"action":"SPACE_ACTION"}}
[21:30:24] [Render thread/INFO] (PiriRuntimeAcceptance) PIRI_PHASE02_PACKET {"type":"PUBLIC_STATE","payload":{"sessionId":"64238a28-ddc2-4620-9ea6-0f6a184c318e","machineId":1,"expectedNextClientSequence":468,"gameState":"NORMAL_BETTED","lifecycle":"ACTIVE","credit":0,"heldMedals":669,"bet":3,"pay":0,"bonusCount":0,"lampOn":false,"displayStops":{"left":12,"center":7,"right":0},"stoppedMask":7}}
[21:30:24] [Render thread/INFO] (PiriRuntimeAcceptance) PIRI_PHASE02_PACKET {"type":"ACTION_ACCEPTED","payload":{"clientSequence":468,"action":"SPACE_ACTION"}}
[21:30:24] [Render thread/INFO] (PiriRuntimeAcceptance) PIRI_PHASE02_PACKET {"type":"PUBLIC_STATE","payload":{"sessionId":"64238a28-ddc2-4620-9ea6-0f6a184c318e","machineId":1,"expectedNextClientSequence":469,"gameState":"NORMAL_SPINNING","lifecycle":"ACTIVE","credit":0,"heldMedals":669,"bet":3,"pay":0,"bonusCount":0,"lampOn":false,"displayStops":{"left":12,"center":7,"right":0},"stoppedMask":0}}
[21:30:24] [Render thread/INFO] (PiriRuntimeAcceptance) PIRI_PHASE02_PACKET {"type":"SPIN_START","payload":{"sessionId":"64238a28-ddc2-4620-9ea6-0f6a184c318e","machineId":1,"spinId":"98675d41-b8fd-4507-baca-4a008f4946be","mode":"NORMAL","animation":"NORMAL","startPhase":{"left":12.0,"center":7.0,"right":0.0},"stopEnableAfterMs":400}}
[21:30:25] [Render thread/INFO] (PiriRuntimeAcceptance) PIRI_PHASE02_PACKET {"type":"ACTION_ACCEPTED","payload":{"clientSequence":469,"action":"STOP_RIGHT"}}
[21:30:25] [Render thread/INFO] (PiriRuntimeAcceptance) PIRI_PHASE02_PACKET {"type":"REEL_STOP","payload":{"spinId":"98675d41-b8fd-4507-baca-4a008f4946be","reel":"RIGHT","pressedIndex":14,"stopIndex":14,"slip":0,"durationMs":80}}
[21:30:25] [Render thread/INFO] (PiriRuntimeAcceptance) PIRI_PHASE02_PACKET {"type":"PUBLIC_STATE","payload":{"sessionId":"64238a28-ddc2-4620-9ea6-0f6a184c318e","machineId":1,"expectedNextClientSequence":470,"gameState":"NORMAL_SPINNING","lifecycle":"ACTIVE","credit":0,"heldMedals":669,"bet":3,"pay":0,"bonusCount":0,"lampOn":false,"displayStops":{"left":12,"center":7,"right":14},"stoppedMask":4}}
[21:30:26] [Render thread/INFO] (PiriRuntimeAcceptance) PIRI_PHASE02_PACKET {"type":"ACTION_ACCEPTED","payload":{"clientSequence":470,"action":"STOP_LEFT"}}
[21:30:26] [Render thread/INFO] (PiriRuntimeAcceptance) PIRI_PHASE02_PACKET {"type":"REEL_STOP","payload":{"spinId":"98675d41-b8fd-4507-baca-4a008f4946be","reel":"LEFT","pressedIndex":17,"stopIndex":17,"slip":0,"durationMs":80}}
[21:30:26] [Render thread/INFO] (PiriRuntimeAcceptance) PIRI_PHASE02_PACKET {"type":"PUBLIC_STATE","payload":{"sessionId":"64238a28-ddc2-4620-9ea6-0f6a184c318e","machineId":1,"expectedNextClientSequence":471,"gameState":"NORMAL_SPINNING","lifecycle":"ACTIVE","credit":0,"heldMedals":669,"bet":3,"pay":0,"bonusCount":0,"lampOn":false,"displayStops":{"left":17,"center":7,"right":14},"stoppedMask":5}}
[21:30:26] [Render thread/INFO] (PiriRuntimeAcceptance) PIRI_PHASE02_PACKET {"type":"ACTION_ACCEPTED","payload":{"clientSequence":471,"action":"STOP_CENTER"}}
[21:30:26] [Render thread/INFO] (PiriRuntimeAcceptance) PIRI_PHASE02_PACKET {"type":"REEL_STOP","payload":{"spinId":"98675d41-b8fd-4507-baca-4a008f4946be","reel":"CENTER","pressedIndex":3,"stopIndex":3,"slip":0,"durationMs":80}}
[21:30:26] [Render thread/INFO] (PiriRuntimeAcceptance) PIRI_PHASE02_PACKET {"type":"PAYOUT","payload":{}}
[21:30:26] [Render thread/INFO] (PiriRuntimeAcceptance) PIRI_PHASE02_PACKET {"type":"PUBLIC_STATE","payload":{"sessionId":"64238a28-ddc2-4620-9ea6-0f6a184c318e","machineId":1,"expectedNextClientSequence":472,"gameState":"SEATED_READY","lifecycle":"ACTIVE","credit":8,"heldMedals":669,"bet":0,"pay":8,"bonusCount":0,"lampOn":false,"displayStops":{"left":17,"center":3,"right":14},"stoppedMask":7}}
[21:30:27] [Render thread/INFO] (PiriRuntimeAcceptance) PIRI_PHASE02_PACKET {"type":"ACTION_ACCEPTED","payload":{"clientSequence":472,"action":"SPACE_ACTION"}}
[21:30:27] [Render thread/INFO] (PiriRuntimeAcceptance) PIRI_PHASE02_PACKET {"type":"PUBLIC_STATE","payload":{"sessionId":"64238a28-ddc2-4620-9ea6-0f6a184c318e","machineId":1,"expectedNextClientSequence":473,"gameState":"NORMAL_BETTED","lifecycle":"ACTIVE","credit":5,"heldMedals":669,"bet":3,"pay":0,"bonusCount":0,"lampOn":false,"displayStops":{"left":17,"center":3,"right":14},"stoppedMask":7}}
[21:30:27] [Render thread/INFO] (PiriRuntimeAcceptance) PIRI_PHASE02_PACKET {"type":"ACTION_ACCEPTED","payload":{"clientSequence":473,"action":"SPACE_ACTION"}}
[21:30:27] [Render thread/INFO] (PiriRuntimeAcceptance) PIRI_PHASE02_PACKET {"type":"PUBLIC_STATE","payload":{"sessionId":"64238a28-ddc2-4620-9ea6-0f6a184c318e","machineId":1,"expectedNextClientSequence":474,"gameState":"NORMAL_SPINNING","lifecycle":"ACTIVE","credit":5,"heldMedals":669,"bet":3,"pay":0,"bonusCount":0,"lampOn":false,"displayStops":{"left":17,"center":3,"right":14},"stoppedMask":0}}
[21:30:27] [Render thread/INFO] (PiriRuntimeAcceptance) PIRI_PHASE02_PACKET {"type":"SPIN_START","payload":{"sessionId":"64238a28-ddc2-4620-9ea6-0f6a184c318e","machineId":1,"spinId":"eb144815-9ea6-4104-8dde-4e7813a43d7b","mode":"NORMAL","animation":"NORMAL","startPhase":{"left":17.0,"center":3.0,"right":14.0},"stopEnableAfterMs":400}}
[21:30:28] [Render thread/INFO] (PiriRuntimeAcceptance) PIRI_PHASE02_PACKET {"type":"ACTION_ACCEPTED","payload":{"clientSequence":474,"action":"STOP_RIGHT"}}
[21:30:28] [Render thread/INFO] (PiriRuntimeAcceptance) PIRI_PHASE02_PACKET {"type":"REEL_STOP","payload":{"spinId":"eb144815-9ea6-4104-8dde-4e7813a43d7b","reel":"RIGHT","pressedIndex":7,"stopIndex":7,"slip":0,"durationMs":80}}
[21:30:28] [Render thread/INFO] (PiriRuntimeAcceptance) PIRI_PHASE02_PACKET {"type":"PUBLIC_STATE","payload":{"sessionId":"64238a28-ddc2-4620-9ea6-0f6a184c318e","machineId":1,"expectedNextClientSequence":475,"gameState":"NORMAL_SPINNING","lifecycle":"ACTIVE","credit":5,"heldMedals":669,"bet":3,"pay":0,"bonusCount":0,"lampOn":false,"displayStops":{"left":17,"center":3,"right":7},"stoppedMask":4}}
[21:30:29] [Render thread/INFO] (PiriRuntimeAcceptance) PIRI_PHASE02_PACKET {"type":"ACTION_ACCEPTED","payload":{"clientSequence":475,"action":"STOP_CENTER"}}
[21:30:29] [Render thread/INFO] (PiriRuntimeAcceptance) PIRI_PHASE02_PACKET {"type":"REEL_STOP","payload":{"spinId":"eb144815-9ea6-4104-8dde-4e7813a43d7b","reel":"CENTER","pressedIndex":8,"stopIndex":8,"slip":0,"durationMs":80}}
[21:30:29] [Render thread/INFO] (PiriRuntimeAcceptance) PIRI_PHASE02_PACKET {"type":"PUBLIC_STATE","payload":{"sessionId":"64238a28-ddc2-4620-9ea6-0f6a184c318e","machineId":1,"expectedNextClientSequence":476,"gameState":"NORMAL_SPINNING","lifecycle":"ACTIVE","credit":5,"heldMedals":669,"bet":3,"pay":0,"bonusCount":0,"lampOn":false,"displayStops":{"left":17,"center":8,"right":7},"stoppedMask":6}}
[21:30:29] [Render thread/INFO] (PiriRuntimeAcceptance) PIRI_PHASE02_PACKET {"type":"ACTION_ACCEPTED","payload":{"clientSequence":476,"action":"STOP_LEFT"}}
[21:30:29] [Render thread/INFO] (PiriRuntimeAcceptance) PIRI_PHASE02_PACKET {"type":"REEL_STOP","payload":{"spinId":"eb144815-9ea6-4104-8dde-4e7813a43d7b","reel":"LEFT","pressedIndex":13,"stopIndex":13,"slip":0,"durationMs":80}}
[21:30:29] [Render thread/INFO] (PiriRuntimeAcceptance) PIRI_PHASE02_PACKET {"type":"PUBLIC_STATE","payload":{"sessionId":"64238a28-ddc2-4620-9ea6-0f6a184c318e","machineId":1,"expectedNextClientSequence":477,"gameState":"SEATED_READY","lifecycle":"ACTIVE","credit":5,"heldMedals":669,"bet":0,"pay":0,"bonusCount":0,"lampOn":false,"displayStops":{"left":13,"center":8,"right":7},"stoppedMask":7}}
[21:30:30] [Render thread/INFO] (PiriRuntimeAcceptance) PIRI_PHASE02_PACKET {"type":"ACTION_ACCEPTED","payload":{"clientSequence":477,"action":"SPACE_ACTION"}}
[21:30:30] [Render thread/INFO] (PiriRuntimeAcceptance) PIRI_PHASE02_PACKET {"type":"PUBLIC_STATE","payload":{"sessionId":"64238a28-ddc2-4620-9ea6-0f6a184c318e","machineId":1,"expectedNextClientSequence":478,"gameState":"NORMAL_BETTED","lifecycle":"ACTIVE","credit":2,"heldMedals":669,"bet":3,"pay":0,"bonusCount":0,"lampOn":false,"displayStops":{"left":13,"center":8,"right":7},"stoppedMask":7}}
[21:30:30] [Render thread/INFO] (PiriRuntimeAcceptance) PIRI_PHASE02_PACKET {"type":"ACTION_ACCEPTED","payload":{"clientSequence":478,"action":"SPACE_ACTION"}}
[21:30:30] [Render thread/INFO] (PiriRuntimeAcceptance) PIRI_PHASE02_PACKET {"type":"PUBLIC_STATE","payload":{"sessionId":"64238a28-ddc2-4620-9ea6-0f6a184c318e","machineId":1,"expectedNextClientSequence":479,"gameState":"NORMAL_SPINNING","lifecycle":"ACTIVE","credit":2,"heldMedals":669,"bet":3,"pay":0,"bonusCount":0,"lampOn":false,"displayStops":{"left":13,"center":8,"right":7},"stoppedMask":0}}
[21:30:30] [Render thread/INFO] (PiriRuntimeAcceptance) PIRI_PHASE02_PACKET {"type":"SPIN_START","payload":{"sessionId":"64238a28-ddc2-4620-9ea6-0f6a184c318e","machineId":1,"spinId":"d49c192d-a0d9-4daa-96eb-16c0ec39ce4a","mode":"NORMAL","animation":"NORMAL","startPhase":{"left":13.0,"center":8.0,"right":7.0},"stopEnableAfterMs":400}}
[21:30:31] [Render thread/INFO] (PiriRuntimeAcceptance) PIRI_PHASE02_PACKET {"type":"ACTION_ACCEPTED","payload":{"clientSequence":479,"action":"STOP_LEFT"}}
[21:30:31] [Render thread/INFO] (PiriRuntimeAcceptance) PIRI_PHASE02_PACKET {"type":"REEL_STOP","payload":{"spinId":"d49c192d-a0d9-4daa-96eb-16c0ec39ce4a","reel":"LEFT","pressedIndex":5,"stopIndex":5,"slip":0,"durationMs":80}}
[21:30:31] [Render thread/INFO] (PiriRuntimeAcceptance) PIRI_PHASE02_PACKET {"type":"PUBLIC_STATE","payload":{"sessionId":"64238a28-ddc2-4620-9ea6-0f6a184c318e","machineId":1,"expectedNextClientSequence":480,"gameState":"NORMAL_SPINNING","lifecycle":"ACTIVE","credit":2,"heldMedals":669,"bet":3,"pay":0,"bonusCount":0,"lampOn":false,"displayStops":{"left":5,"center":8,"right":7},"stoppedMask":1}}
[21:30:32] [Render thread/INFO] (PiriRuntimeAcceptance) PIRI_PHASE02_PACKET {"type":"ACTION_ACCEPTED","payload":{"clientSequence":480,"action":"STOP_CENTER"}}
[21:30:32] [Render thread/INFO] (PiriRuntimeAcceptance) PIRI_PHASE02_PACKET {"type":"REEL_STOP","payload":{"spinId":"d49c192d-a0d9-4daa-96eb-16c0ec39ce4a","reel":"CENTER","pressedIndex":12,"stopIndex":12,"slip":0,"durationMs":80}}
[21:30:32] [Render thread/INFO] (PiriRuntimeAcceptance) PIRI_PHASE02_PACKET {"type":"PUBLIC_STATE","payload":{"sessionId":"64238a28-ddc2-4620-9ea6-0f6a184c318e","machineId":1,"expectedNextClientSequence":481,"gameState":"NORMAL_SPINNING","lifecycle":"ACTIVE","credit":2,"heldMedals":669,"bet":3,"pay":0,"bonusCount":0,"lampOn":false,"displayStops":{"left":5,"center":12,"right":7},"stoppedMask":3}}
[21:30:32] [Render thread/INFO] (PiriRuntimeAcceptance) PIRI_PHASE02_PACKET {"type":"ACTION_ACCEPTED","payload":{"clientSequence":481,"action":"STOP_RIGHT"}}
[21:30:32] [Render thread/INFO] (PiriRuntimeAcceptance) PIRI_PHASE02_PACKET {"type":"REEL_STOP","payload":{"spinId":"d49c192d-a0d9-4daa-96eb-16c0ec39ce4a","reel":"RIGHT","pressedIndex":2,"stopIndex":1,"slip":1,"durationMs":130}}
[21:30:32] [Render thread/INFO] (PiriRuntimeAcceptance) PIRI_PHASE02_PACKET {"type":"PUBLIC_STATE","payload":{"sessionId":"64238a28-ddc2-4620-9ea6-0f6a184c318e","machineId":1,"expectedNextClientSequence":482,"gameState":"SEATED_READY","lifecycle":"ACTIVE","credit":2,"heldMedals":669,"bet":0,"pay":0,"bonusCount":0,"lampOn":false,"displayStops":{"left":5,"center":12,"right":1},"stoppedMask":7}}
[21:30:33] [Render thread/INFO] (PiriRuntimeAcceptance) PIRI_PHASE02_PACKET {"type":"ACTION_ACCEPTED","payload":{"clientSequence":482,"action":"SPACE_ACTION"}}
[21:30:33] [Render thread/INFO] (PiriRuntimeAcceptance) PIRI_PHASE02_PACKET {"type":"PUBLIC_STATE","payload":{"sessionId":"64238a28-ddc2-4620-9ea6-0f6a184c318e","machineId":1,"expectedNextClientSequence":483,"gameState":"NORMAL_BETTED","lifecycle":"ACTIVE","credit":0,"heldMedals":668,"bet":3,"pay":0,"bonusCount":0,"lampOn":false,"displayStops":{"left":5,"center":12,"right":1},"stoppedMask":7}}
[21:30:33] [Render thread/INFO] (PiriRuntimeAcceptance) PIRI_PHASE02_PACKET {"type":"ACTION_ACCEPTED","payload":{"clientSequence":483,"action":"SPACE_ACTION"}}
[21:30:33] [Render thread/INFO] (PiriRuntimeAcceptance) PIRI_PHASE02_PACKET {"type":"PUBLIC_STATE","payload":{"sessionId":"64238a28-ddc2-4620-9ea6-0f6a184c318e","machineId":1,"expectedNextClientSequence":484,"gameState":"NORMAL_SPINNING","lifecycle":"ACTIVE","credit":0,"heldMedals":668,"bet":3,"pay":0,"bonusCount":0,"lampOn":false,"displayStops":{"left":5,"center":12,"right":1},"stoppedMask":0}}
[21:30:33] [Render thread/INFO] (PiriRuntimeAcceptance) PIRI_PHASE02_PACKET {"type":"SPIN_START","payload":{"sessionId":"64238a28-ddc2-4620-9ea6-0f6a184c318e","machineId":1,"spinId":"ce29dbfe-7fde-4293-8a21-6a137d7bb40e","mode":"NORMAL","animation":"NORMAL","startPhase":{"left":5.0,"center":12.0,"right":1.0},"stopEnableAfterMs":400}}
[21:30:34] [Render thread/INFO] (PiriRuntimeAcceptance) PIRI_PHASE02_PACKET {"type":"ACTION_ACCEPTED","payload":{"clientSequence":484,"action":"STOP_LEFT"}}
[21:30:34] [Render thread/INFO] (PiriRuntimeAcceptance) PIRI_PHASE02_PACKET {"type":"REEL_STOP","payload":{"spinId":"ce29dbfe-7fde-4293-8a21-6a137d7bb40e","reel":"LEFT","pressedIndex":19,"stopIndex":18,"slip":1,"durationMs":130}}
[21:30:34] [Render thread/INFO] (PiriRuntimeAcceptance) PIRI_PHASE02_PACKET {"type":"PUBLIC_STATE","payload":{"sessionId":"64238a28-ddc2-4620-9ea6-0f6a184c318e","machineId":1,"expectedNextClientSequence":485,"gameState":"NORMAL_SPINNING","lifecycle":"ACTIVE","credit":0,"heldMedals":668,"bet":3,"pay":0,"bonusCount":0,"lampOn":false,"displayStops":{"left":18,"center":12,"right":1},"stoppedMask":1}}
[21:30:34] [Render thread/INFO] (PiriRuntimeAcceptance) PIRI_PHASE02_PACKET {"type":"ACTION_ACCEPTED","payload":{"clientSequence":485,"action":"STOP_RIGHT"}}
[21:30:34] [Render thread/INFO] (PiriRuntimeAcceptance) PIRI_PHASE02_PACKET {"type":"REEL_STOP","payload":{"spinId":"ce29dbfe-7fde-4293-8a21-6a137d7bb40e","reel":"RIGHT","pressedIndex":6,"stopIndex":6,"slip":0,"durationMs":80}}
[21:30:34] [Render thread/INFO] (PiriRuntimeAcceptance) PIRI_PHASE02_PACKET {"type":"PUBLIC_STATE","payload":{"sessionId":"64238a28-ddc2-4620-9ea6-0f6a184c318e","machineId":1,"expectedNextClientSequence":486,"gameState":"NORMAL_SPINNING","lifecycle":"ACTIVE","credit":0,"heldMedals":668,"bet":3,"pay":0,"bonusCount":0,"lampOn":false,"displayStops":{"left":18,"center":12,"right":6},"stoppedMask":5}}
[21:30:35] [Render thread/INFO] (PiriRuntimeAcceptance) PIRI_PHASE02_PACKET {"type":"ACTION_ACCEPTED","payload":{"clientSequence":486,"action":"STOP_CENTER"}}
[21:30:35] [Render thread/INFO] (PiriRuntimeAcceptance) PIRI_PHASE02_PACKET {"type":"REEL_STOP","payload":{"spinId":"ce29dbfe-7fde-4293-8a21-6a137d7bb40e","reel":"CENTER","pressedIndex":3,"stopIndex":3,"slip":0,"durationMs":80}}
[21:30:35] [Render thread/INFO] (PiriRuntimeAcceptance) PIRI_PHASE02_PACKET {"type":"PUBLIC_STATE","payload":{"sessionId":"64238a28-ddc2-4620-9ea6-0f6a184c318e","machineId":1,"expectedNextClientSequence":487,"gameState":"SEATED_READY","lifecycle":"ACTIVE","credit":0,"heldMedals":668,"bet":0,"pay":0,"bonusCount":0,"lampOn":false,"displayStops":{"left":18,"center":3,"right":6},"stoppedMask":7}}
[21:30:36] [Render thread/INFO] (PiriRuntimeAcceptance) PIRI_PHASE02_PACKET {"type":"ACTION_ACCEPTED","payload":{"clientSequence":487,"action":"SPACE_ACTION"}}
[21:30:36] [Render thread/INFO] (PiriRuntimeAcceptance) PIRI_PHASE02_PACKET {"type":"PUBLIC_STATE","payload":{"sessionId":"64238a28-ddc2-4620-9ea6-0f6a184c318e","machineId":1,"expectedNextClientSequence":488,"gameState":"NORMAL_BETTED","lifecycle":"ACTIVE","credit":0,"heldMedals":665,"bet":3,"pay":0,"bonusCount":0,"lampOn":false,"displayStops":{"left":18,"center":3,"right":6},"stoppedMask":7}}
[21:30:36] [Render thread/INFO] (PiriRuntimeAcceptance) PIRI_PHASE02_PACKET {"type":"ACTION_ACCEPTED","payload":{"clientSequence":488,"action":"SPACE_ACTION"}}
[21:30:36] [Render thread/INFO] (PiriRuntimeAcceptance) PIRI_PHASE02_PACKET {"type":"PUBLIC_STATE","payload":{"sessionId":"64238a28-ddc2-4620-9ea6-0f6a184c318e","machineId":1,"expectedNextClientSequence":489,"gameState":"NORMAL_SPINNING","lifecycle":"ACTIVE","credit":0,"heldMedals":665,"bet":3,"pay":0,"bonusCount":0,"lampOn":false,"displayStops":{"left":18,"center":3,"right":6},"stoppedMask":0}}
[21:30:36] [Render thread/INFO] (PiriRuntimeAcceptance) PIRI_PHASE02_PACKET {"type":"SPIN_START","payload":{"sessionId":"64238a28-ddc2-4620-9ea6-0f6a184c318e","machineId":1,"spinId":"6001db80-2735-4be7-bb75-1006e9fff753","mode":"NORMAL","animation":"NORMAL","startPhase":{"left":18.0,"center":3.0,"right":6.0},"stopEnableAfterMs":400}}
[21:30:37] [Render thread/INFO] (PiriRuntimeAcceptance) PIRI_PHASE02_PACKET {"type":"ACTION_ACCEPTED","payload":{"clientSequence":489,"action":"STOP_CENTER"}}
[21:30:37] [Render thread/INFO] (PiriRuntimeAcceptance) PIRI_PHASE02_PACKET {"type":"REEL_STOP","payload":{"spinId":"6001db80-2735-4be7-bb75-1006e9fff753","reel":"CENTER","pressedIndex":16,"stopIndex":16,"slip":0,"durationMs":80}}
[21:30:37] [Render thread/INFO] (PiriRuntimeAcceptance) PIRI_PHASE02_PACKET {"type":"PUBLIC_STATE","payload":{"sessionId":"64238a28-ddc2-4620-9ea6-0f6a184c318e","machineId":1,"expectedNextClientSequence":490,"gameState":"NORMAL_SPINNING","lifecycle":"ACTIVE","credit":0,"heldMedals":665,"bet":3,"pay":0,"bonusCount":0,"lampOn":false,"displayStops":{"left":18,"center":16,"right":6},"stoppedMask":2}}
[21:30:37] [Render thread/INFO] (PiriRuntimeAcceptance) PIRI_PHASE02_PACKET {"type":"ACTION_ACCEPTED","payload":{"clientSequence":490,"action":"STOP_LEFT"}}
[21:30:37] [Render thread/INFO] (PiriRuntimeAcceptance) PIRI_PHASE02_PACKET {"type":"REEL_STOP","payload":{"spinId":"6001db80-2735-4be7-bb75-1006e9fff753","reel":"LEFT","pressedIndex":1,"stopIndex":1,"slip":0,"durationMs":80}}
[21:30:37] [Render thread/INFO] (PiriRuntimeAcceptance) PIRI_PHASE02_PACKET {"type":"PUBLIC_STATE","payload":{"sessionId":"64238a28-ddc2-4620-9ea6-0f6a184c318e","machineId":1,"expectedNextClientSequence":491,"gameState":"NORMAL_SPINNING","lifecycle":"ACTIVE","credit":0,"heldMedals":665,"bet":3,"pay":0,"bonusCount":0,"lampOn":false,"displayStops":{"left":1,"center":16,"right":6},"stoppedMask":3}}
[21:30:38] [Render thread/INFO] (PiriRuntimeAcceptance) PIRI_PHASE02_PACKET {"type":"ACTION_ACCEPTED","payload":{"clientSequence":491,"action":"STOP_RIGHT"}}
[21:30:38] [Render thread/INFO] (PiriRuntimeAcceptance) PIRI_PHASE02_PACKET {"type":"REEL_STOP","payload":{"spinId":"6001db80-2735-4be7-bb75-1006e9fff753","reel":"RIGHT","pressedIndex":18,"stopIndex":17,"slip":1,"durationMs":130}}
[21:30:38] [Render thread/INFO] (PiriRuntimeAcceptance) PIRI_PHASE02_PACKET {"type":"PUBLIC_STATE","payload":{"sessionId":"64238a28-ddc2-4620-9ea6-0f6a184c318e","machineId":1,"expectedNextClientSequence":492,"gameState":"SEATED_READY","lifecycle":"ACTIVE","credit":0,"heldMedals":665,"bet":0,"pay":0,"bonusCount":0,"lampOn":false,"displayStops":{"left":1,"center":16,"right":17},"stoppedMask":7}}
[21:30:39] [Render thread/INFO] (PiriRuntimeAcceptance) PIRI_PHASE02_PACKET {"type":"ACTION_ACCEPTED","payload":{"clientSequence":492,"action":"SPACE_ACTION"}}
[21:30:39] [Render thread/INFO] (PiriRuntimeAcceptance) PIRI_PHASE02_PACKET {"type":"PUBLIC_STATE","payload":{"sessionId":"64238a28-ddc2-4620-9ea6-0f6a184c318e","machineId":1,"expectedNextClientSequence":493,"gameState":"NORMAL_BETTED","lifecycle":"ACTIVE","credit":0,"heldMedals":662,"bet":3,"pay":0,"bonusCount":0,"lampOn":false,"displayStops":{"left":1,"center":16,"right":17},"stoppedMask":7}}
[21:30:39] [Render thread/INFO] (PiriRuntimeAcceptance) PIRI_PHASE02_PACKET {"type":"ACTION_ACCEPTED","payload":{"clientSequence":493,"action":"SPACE_ACTION"}}
[21:30:39] [Render thread/INFO] (PiriRuntimeAcceptance) PIRI_PHASE02_PACKET {"type":"PUBLIC_STATE","payload":{"sessionId":"64238a28-ddc2-4620-9ea6-0f6a184c318e","machineId":1,"expectedNextClientSequence":494,"gameState":"NORMAL_SPINNING","lifecycle":"ACTIVE","credit":0,"heldMedals":662,"bet":3,"pay":0,"bonusCount":0,"lampOn":false,"displayStops":{"left":1,"center":16,"right":17},"stoppedMask":0}}
[21:30:39] [Render thread/INFO] (PiriRuntimeAcceptance) PIRI_PHASE02_PACKET {"type":"SPIN_START","payload":{"sessionId":"64238a28-ddc2-4620-9ea6-0f6a184c318e","machineId":1,"spinId":"c3e305a2-4d29-4a7f-9285-3490ccbc5b2b","mode":"NORMAL","animation":"NORMAL","startPhase":{"left":1.0,"center":16.0,"right":17.0},"stopEnableAfterMs":400}}
[21:30:40] [Render thread/INFO] (PiriRuntimeAcceptance) PIRI_PHASE02_PACKET {"type":"ACTION_ACCEPTED","payload":{"clientSequence":494,"action":"STOP_CENTER"}}
[21:30:40] [Render thread/INFO] (PiriRuntimeAcceptance) PIRI_PHASE02_PACKET {"type":"REEL_STOP","payload":{"spinId":"c3e305a2-4d29-4a7f-9285-3490ccbc5b2b","reel":"CENTER","pressedIndex":8,"stopIndex":7,"slip":1,"durationMs":130}}
[21:30:40] [Render thread/INFO] (PiriRuntimeAcceptance) PIRI_PHASE02_PACKET {"type":"PUBLIC_STATE","payload":{"sessionId":"64238a28-ddc2-4620-9ea6-0f6a184c318e","machineId":1,"expectedNextClientSequence":495,"gameState":"NORMAL_SPINNING","lifecycle":"ACTIVE","credit":0,"heldMedals":662,"bet":3,"pay":0,"bonusCount":0,"lampOn":false,"displayStops":{"left":1,"center":7,"right":17},"stoppedMask":2}}
[21:30:40] [Render thread/INFO] (PiriRuntimeAcceptance) PIRI_PHASE02_PACKET {"type":"ACTION_ACCEPTED","payload":{"clientSequence":495,"action":"STOP_RIGHT"}}
[21:30:40] [Render thread/INFO] (PiriRuntimeAcceptance) PIRI_PHASE02_PACKET {"type":"REEL_STOP","payload":{"spinId":"c3e305a2-4d29-4a7f-9285-3490ccbc5b2b","reel":"RIGHT","pressedIndex":0,"stopIndex":19,"slip":2,"durationMs":180}}
[21:30:40] [Render thread/INFO] (PiriRuntimeAcceptance) PIRI_PHASE02_PACKET {"type":"PUBLIC_STATE","payload":{"sessionId":"64238a28-ddc2-4620-9ea6-0f6a184c318e","machineId":1,"expectedNextClientSequence":496,"gameState":"NORMAL_SPINNING","lifecycle":"ACTIVE","credit":0,"heldMedals":662,"bet":3,"pay":0,"bonusCount":0,"lampOn":false,"displayStops":{"left":1,"center":7,"right":19},"stoppedMask":6}}
[21:30:41] [Render thread/INFO] (PiriRuntimeAcceptance) PIRI_PHASE02_PACKET {"type":"ACTION_ACCEPTED","payload":{"clientSequence":496,"action":"STOP_LEFT"}}
[21:30:41] [Render thread/INFO] (PiriRuntimeAcceptance) PIRI_PHASE02_PACKET {"type":"REEL_STOP","payload":{"spinId":"c3e305a2-4d29-4a7f-9285-3490ccbc5b2b","reel":"LEFT","pressedIndex":18,"stopIndex":18,"slip":0,"durationMs":80}}
[21:30:41] [Render thread/INFO] (PiriRuntimeAcceptance) PIRI_PHASE02_PACKET {"type":"PUBLIC_STATE","payload":{"sessionId":"64238a28-ddc2-4620-9ea6-0f6a184c318e","machineId":1,"expectedNextClientSequence":497,"gameState":"REPLAY_READY","lifecycle":"ACTIVE","credit":0,"heldMedals":662,"bet":3,"pay":0,"bonusCount":0,"lampOn":false,"displayStops":{"left":18,"center":7,"right":19},"stoppedMask":7}}
[21:30:41] [Render thread/INFO] (PiriRuntimeAcceptance) PIRI_PHASE02_PACKET {"type":"ACTION_ACCEPTED","payload":{"clientSequence":497,"action":"SPACE_ACTION"}}
[21:30:41] [Render thread/INFO] (PiriRuntimeAcceptance) PIRI_PHASE02_PACKET {"type":"PUBLIC_STATE","payload":{"sessionId":"64238a28-ddc2-4620-9ea6-0f6a184c318e","machineId":1,"expectedNextClientSequence":498,"gameState":"NORMAL_SPINNING","lifecycle":"ACTIVE","credit":0,"heldMedals":662,"bet":3,"pay":0,"bonusCount":0,"lampOn":false,"displayStops":{"left":18,"center":7,"right":19},"stoppedMask":0}}
[21:30:41] [Render thread/INFO] (PiriRuntimeAcceptance) PIRI_PHASE02_PACKET {"type":"SPIN_START","payload":{"sessionId":"64238a28-ddc2-4620-9ea6-0f6a184c318e","machineId":1,"spinId":"4fe26300-855a-46a7-b3ca-5ae303ff906a","mode":"NORMAL","animation":"NORMAL","startPhase":{"left":18.0,"center":7.0,"right":19.0},"stopEnableAfterMs":400}}
[21:30:42] [Render thread/INFO] (PiriRuntimeAcceptance) PIRI_PHASE02_PACKET {"type":"ACTION_ACCEPTED","payload":{"clientSequence":498,"action":"STOP_RIGHT"}}
[21:30:42] [Render thread/INFO] (PiriRuntimeAcceptance) PIRI_PHASE02_PACKET {"type":"REEL_STOP","payload":{"spinId":"4fe26300-855a-46a7-b3ca-5ae303ff906a","reel":"RIGHT","pressedIndex":11,"stopIndex":11,"slip":0,"durationMs":80}}
[21:30:42] [Render thread/INFO] (PiriRuntimeAcceptance) PIRI_PHASE02_PACKET {"type":"PUBLIC_STATE","payload":{"sessionId":"64238a28-ddc2-4620-9ea6-0f6a184c318e","machineId":1,"expectedNextClientSequence":499,"gameState":"NORMAL_SPINNING","lifecycle":"ACTIVE","credit":0,"heldMedals":662,"bet":3,"pay":0,"bonusCount":0,"lampOn":false,"displayStops":{"left":18,"center":7,"right":11},"stoppedMask":4}}
[21:30:43] [Render thread/INFO] (PiriRuntimeAcceptance) PIRI_PHASE02_PACKET {"type":"ACTION_ACCEPTED","payload":{"clientSequence":499,"action":"STOP_LEFT"}}
[21:30:43] [Render thread/INFO] (PiriRuntimeAcceptance) PIRI_PHASE02_PACKET {"type":"REEL_STOP","payload":{"spinId":"4fe26300-855a-46a7-b3ca-5ae303ff906a","reel":"LEFT","pressedIndex":1,"stopIndex":1,"slip":0,"durationMs":80}}
[21:30:43] [Render thread/INFO] (PiriRuntimeAcceptance) PIRI_PHASE02_PACKET {"type":"PUBLIC_STATE","payload":{"sessionId":"64238a28-ddc2-4620-9ea6-0f6a184c318e","machineId":1,"expectedNextClientSequence":500,"gameState":"NORMAL_SPINNING","lifecycle":"ACTIVE","credit":0,"heldMedals":662,"bet":3,"pay":0,"bonusCount":0,"lampOn":false,"displayStops":{"left":1,"center":7,"right":11},"stoppedMask":5}}
[21:30:43] [Render thread/INFO] (PiriRuntimeAcceptance) PIRI_PHASE02_PACKET {"type":"ACTION_ACCEPTED","payload":{"clientSequence":500,"action":"STOP_CENTER"}}
[21:30:43] [Render thread/INFO] (PiriRuntimeAcceptance) PIRI_PHASE02_PACKET {"type":"REEL_STOP","payload":{"spinId":"4fe26300-855a-46a7-b3ca-5ae303ff906a","reel":"CENTER","pressedIndex":2,"stopIndex":2,"slip":0,"durationMs":80}}
[21:30:43] [Render thread/INFO] (PiriRuntimeAcceptance) PIRI_PHASE02_PACKET {"type":"PUBLIC_STATE","payload":{"sessionId":"64238a28-ddc2-4620-9ea6-0f6a184c318e","machineId":1,"expectedNextClientSequence":501,"gameState":"SEATED_READY","lifecycle":"ACTIVE","credit":0,"heldMedals":662,"bet":0,"pay":0,"bonusCount":0,"lampOn":false,"displayStops":{"left":1,"center":2,"right":11},"stoppedMask":7}}
[21:30:44] [Render thread/INFO] (Minecraft) [System] [CHAT] SIMULATOR_STARTED
[21:30:44] [Render thread/INFO] (Minecraft) [System] [CHAT] PIRI_SIMULATOR {"normalSpins":100000,"paidNormalSpins":86290,"replay":13710,"grape":16407,"cherry":2655,"bell":99,"piero":68,"big":0,"reg":0,"totalBet":258870,"totalPayout":138904,"payoutPercent":53.657820527677984,"net":-119966}
[21:30:44] [Render thread/INFO] (PiriRuntimeAcceptance) PIRI_PHASE02_PACKET {"type":"SESSION_SUSPENDED","payload":{"sessionId":"64238a28-ddc2-4620-9ea6-0f6a184c318e","machineId":1,"reason":"USER_CLOSE_SAFE"}}
[21:30:46] [Render thread/INFO] (PiriRuntimeAcceptance) PIRI_PHASE02_REAL_CLICK block=BlockPos{x=0, y=66, z=0} result=SUCCESS
[21:30:46] [Render thread/INFO] (PiriRuntimeAcceptance) PIRI_PHASE02_PACKET {"type":"OPEN_MACHINE","payload":{"sessionId":"64238a28-ddc2-4620-9ea6-0f6a184c318e","machineId":1,"expectedNextClientSequence":502}}
[21:30:46] [Render thread/INFO] (PiriRuntimeAcceptance) PIRI_PHASE02_PACKET {"type":"PUBLIC_STATE","payload":{"sessionId":"64238a28-ddc2-4620-9ea6-0f6a184c318e","machineId":1,"expectedNextClientSequence":502,"gameState":"SEATED_READY","lifecycle":"ACTIVE","credit":0,"heldMedals":662,"bet":0,"pay":0,"bonusCount":0,"lampOn":false,"displayStops":{"left":1,"center":2,"right":11},"stoppedMask":7}}
[21:30:46] [Render thread/INFO] (PiriRuntimeAcceptance) PIRI_PHASE02_PACKET {"type":"ACTION_ACCEPTED","payload":{"clientSequence":502,"action":"SPACE_ACTION"}}
[21:30:46] [Render thread/INFO] (PiriRuntimeAcceptance) PIRI_PHASE02_PACKET {"type":"PUBLIC_STATE","payload":{"sessionId":"64238a28-ddc2-4620-9ea6-0f6a184c318e","machineId":1,"expectedNextClientSequence":503,"gameState":"NORMAL_BETTED","lifecycle":"ACTIVE","credit":0,"heldMedals":659,"bet":3,"pay":0,"bonusCount":0,"lampOn":false,"displayStops":{"left":1,"center":2,"right":11},"stoppedMask":7}}
[21:30:47] [Render thread/INFO] (PiriRuntimeAcceptance) PIRI_PHASE02_PACKET {"type":"ACTION_ACCEPTED","payload":{"clientSequence":503,"action":"SPACE_ACTION"}}
[21:30:47] [Render thread/INFO] (PiriRuntimeAcceptance) PIRI_PHASE02_PACKET {"type":"PUBLIC_STATE","payload":{"sessionId":"64238a28-ddc2-4620-9ea6-0f6a184c318e","machineId":1,"expectedNextClientSequence":504,"gameState":"NORMAL_SPINNING","lifecycle":"ACTIVE","credit":0,"heldMedals":659,"bet":3,"pay":0,"bonusCount":0,"lampOn":false,"displayStops":{"left":1,"center":2,"right":11},"stoppedMask":0}}
[21:30:47] [Render thread/INFO] (PiriRuntimeAcceptance) PIRI_PHASE02_PACKET {"type":"SPIN_START","payload":{"sessionId":"64238a28-ddc2-4620-9ea6-0f6a184c318e","machineId":1,"spinId":"7c8523aa-5a96-4231-89b4-f1a458d31932","mode":"NORMAL","animation":"NORMAL","startPhase":{"left":1.0,"center":2.0,"right":11.0},"stopEnableAfterMs":400}}
[21:30:48] [Render thread/INFO] (PiriRuntimeAcceptance) PIRI_PHASE02_PACKET {"type":"ACTION_ACCEPTED","payload":{"clientSequence":504,"action":"STOP_LEFT"}}
[21:30:48] [Render thread/INFO] (PiriRuntimeAcceptance) PIRI_PHASE02_PACKET {"type":"REEL_STOP","payload":{"spinId":"7c8523aa-5a96-4231-89b4-f1a458d31932","reel":"LEFT","pressedIndex":15,"stopIndex":9,"slip":6,"durationMs":380}}
[21:30:48] [Render thread/INFO] (PiriRuntimeAcceptance) PIRI_PHASE02_PACKET {"type":"PUBLIC_STATE","payload":{"sessionId":"64238a28-ddc2-4620-9ea6-0f6a184c318e","machineId":1,"expectedNextClientSequence":505,"gameState":"NORMAL_SPINNING","lifecycle":"ACTIVE","credit":0,"heldMedals":659,"bet":3,"pay":0,"bonusCount":0,"lampOn":false,"displayStops":{"left":9,"center":2,"right":11},"stoppedMask":1}}
[21:30:48] [Render thread/INFO] (PiriRuntimeAcceptance) PIRI_PHASE02_PACKET {"type":"ACTION_ACCEPTED","payload":{"clientSequence":505,"action":"STOP_CENTER"}}
[21:30:48] [Render thread/INFO] (PiriRuntimeAcceptance) PIRI_PHASE02_PACKET {"type":"REEL_STOP","payload":{"spinId":"7c8523aa-5a96-4231-89b4-f1a458d31932","reel":"CENTER","pressedIndex":2,"stopIndex":2,"slip":0,"durationMs":80}}
[21:30:48] [Render thread/INFO] (PiriRuntimeAcceptance) PIRI_PHASE02_PACKET {"type":"PUBLIC_STATE","payload":{"sessionId":"64238a28-ddc2-4620-9ea6-0f6a184c318e","machineId":1,"expectedNextClientSequence":506,"gameState":"NORMAL_SPINNING","lifecycle":"ACTIVE","credit":0,"heldMedals":659,"bet":3,"pay":0,"bonusCount":0,"lampOn":false,"displayStops":{"left":9,"center":2,"right":11},"stoppedMask":3}}
[21:30:49] [Render thread/INFO] (PiriRuntimeAcceptance) PIRI_PHASE02_PACKET {"type":"ACTION_ACCEPTED","payload":{"clientSequence":506,"action":"STOP_RIGHT"}}
[21:30:49] [Render thread/INFO] (PiriRuntimeAcceptance) PIRI_PHASE02_PACKET {"type":"REEL_STOP","payload":{"spinId":"7c8523aa-5a96-4231-89b4-f1a458d31932","reel":"RIGHT","pressedIndex":2,"stopIndex":2,"slip":0,"durationMs":80}}
[21:30:49] [Render thread/INFO] (PiriRuntimeAcceptance) PIRI_PHASE02_PACKET {"type":"PAYOUT","payload":{}}
[21:30:49] [Render thread/INFO] (PiriRuntimeAcceptance) PIRI_PHASE02_PACKET {"type":"PUBLIC_STATE","payload":{"sessionId":"64238a28-ddc2-4620-9ea6-0f6a184c318e","machineId":1,"expectedNextClientSequence":507,"gameState":"BONUS_PENDING","lifecycle":"ACTIVE","credit":2,"heldMedals":659,"bet":0,"pay":2,"bonusCount":0,"lampOn":true,"displayStops":{"left":9,"center":2,"right":2},"stoppedMask":7}}
[21:30:50] [Render thread/INFO] (PiriRuntimeAcceptance) PIRI_PHASE02_PACKET {"type":"SESSION_SUSPENDED","payload":{"sessionId":"64238a28-ddc2-4620-9ea6-0f6a184c318e","machineId":1,"reason":"USER_CLOSE_GRACE"}}
[21:30:51] [Render thread/INFO] (Minecraft) Stopping!

BUILD SUCCESSFUL in 5m 42s
15 actionable tasks: 2 executed, 13 up-to-date
