phase04-reels\client.log

> Configure project :fabric
Fabric Loom: 1.10.5

> Configure project :runtime-test-client
Fabric Loom: 1.10.5

> Task :common:compileJava UP-TO-DATE
> Task :fabric:compileJava UP-TO-DATE
> Task :fabric:processResources UP-TO-DATE
> Task :fabric:classes UP-TO-DATE
> Task :paper:compileJava UP-TO-DATE
> Task :fabric:compileTestJava UP-TO-DATE
> Task :common:processResources NO-SOURCE
> Task :common:classes UP-TO-DATE
> Task :fabric:jar UP-TO-DATE
> Task :fabric:processIncludeJars UP-TO-DATE
> Task :fabric:remapJar UP-TO-DATE
> Task :runtime-test-client:compileJava UP-TO-DATE
> Task :runtime-test-client:processResources UP-TO-DATE
> Task :runtime-test-client:classes UP-TO-DATE
> Task :runtime-test-client:generateLog4jConfig UP-TO-DATE
> Task :runtime-test-client:generateRemapClasspath UP-TO-DATE
> Task :runtime-test-client:generateDLIConfig UP-TO-DATE
> Task :runtime-test-client:configureLaunch UP-TO-DATE
> Task :runtime-test-client:downloadAssets
> Task :runtime-test-client:configureClientLaunch

> Task :runtime-test-client:runClient
[10:02:02] [main/INFO] (FabricLoader/GameProvider) Loading Minecraft 1.21 with Fabric Loader 0.16.14
[10:02:02] [main/INFO] (FabricLoader) Loading 56 mods:
	- fabric-api 0.102.0+1.21
	- fabric-api-base 0.4.42+6573ed8cd1
	- fabric-api-lookup-api-v1 1.6.68+b5597344d1
	- fabric-biome-api-v1 13.0.29+5bd9f1bcd1
	- fabric-block-api-v1 1.0.22+0af3f5a7d1
	- fabric-block-view-api-v2 1.0.10+6573ed8cd1
	- fabric-blockrenderlayer-v1 1.1.52+0af3f5a7d1
	- fabric-client-tags-api-v1 1.1.15+6573ed8cd1
	- fabric-command-api-v1 1.2.49+f71b366fd1
	- fabric-command-api-v2 2.2.28+6ced4dd9d1
	- fabric-commands-v0 0.2.66+df3654b3d1
	- fabric-content-registries-v0 8.0.16+b5597344d1
	- fabric-convention-tags-v1 2.0.19+7f945d5bd1
	- fabric-convention-tags-v2 2.5.0+c5e2b5c6d1
	- fabric-crash-report-info-v1 0.2.29+0af3f5a7d1
	- fabric-data-attachment-api-v1 1.1.27+6a6dfa19d1
	- fabric-data-generation-api-v1 20.2.16+16c4ae25d1
	- fabric-dimensions-v1 4.0.0+6fc22b99d1
	- fabric-entity-events-v1 1.6.12+6fc22b99d1
	- fabric-events-interaction-v0 0.7.12+ba9dae06d1
	- fabric-game-rule-api-v1 1.0.53+6ced4dd9d1
	- fabric-gametest-api-v1 2.0.4+6fc22b99d1
	- fabric-item-api-v1 11.0.0+afdfc921d1
	- fabric-item-group-api-v1 4.1.4+78017270d1
	- fabric-key-binding-api-v1 1.0.47+0af3f5a7d1
	- fabric-keybindings-v0 0.2.45+df3654b3d1
	- fabric-lifecycle-events-v1 2.3.12+6c1df360d1
	- fabric-loot-api-v2 3.0.14+3f89f5a5d1
	- fabric-loot-api-v3 1.0.2+3f89f5a5d1
	- fabric-message-api-v1 6.0.13+6573ed8cd1
	- fabric-model-loading-api-v1 2.0.0+fe474d6bd1
	- fabric-networking-api-v1 4.2.2+60c3209bd1
	- fabric-object-builder-api-v1 15.2.0+a551f7a4d1
	- fabric-particles-v1 4.0.2+6573ed8cd1
	- fabric-recipe-api-v1 5.0.12+65089712d1
	- fabric-registry-sync-v0 5.1.2+60c3209bd1
	- fabric-renderer-api-v1 3.4.0+c705a49cd1
	- fabric-renderer-indigo 1.7.0+c705a49cd1
	- fabric-renderer-registries-v1 3.2.68+df3654b3d1
	- fabric-rendering-data-attachment-v1 0.3.48+73761d2ed1
	- fabric-rendering-fluids-v1 3.1.6+b5597344d1
	- fabric-rendering-v0 1.1.71+df3654b3d1
	- fabric-rendering-v1 5.0.5+df16efd0d1
	- fabric-resource-conditions-api-v1 4.3.0+8dc279b1d1
	- fabric-resource-loader-v0 1.3.0+56599129d1
	- fabric-screen-api-v1 2.0.24+b5597344d1
	- fabric-screen-handler-api-v1 1.3.86+b5597344d1
	- fabric-sound-api-v1 1.0.23+6573ed8cd1
	- fabric-transfer-api-v1 5.1.16+3dccd343d1
	- fabric-transitive-access-wideners-v1 6.1.0+176f9036d1
	- fabricloader 0.16.14
	- java 21
	- minecraft 1.21
	- mixinextras 0.4.1
	- piri_juggler 1.0.0
	- piri_runtime_acceptance 1.0.0
[10:02:02] [main/INFO] (FabricLoader/Mixin) SpongePowered MIXIN Subsystem Version=0.8.7 Source=file:/C:/Users/PC_user/.gradle/caches/modules-2/files-2.1/net.fabricmc/sponge-mixin/0.15.5+mixin.0.8.7/22f9eb729e216a091673a574a5906dc1b9027fb3/sponge-mixin-0.15.5+mixin.0.8.7.jar Service=Knot/Fabric Env=CLIENT
[10:02:02] [main/INFO] (FabricLoader/Mixin) Loaded Fabric development mappings for mixin remapper!
[10:02:02] [main/INFO] (FabricLoader/Mixin) Compatibility level set to JAVA_17
[10:02:02] [main/INFO] (FabricLoader/Mixin) Compatibility level set to JAVA_21
[10:02:04] [main/INFO] (FabricLoader/MixinExtras|Service) Initializing MixinExtras via com.llamalad7.mixinextras.service.MixinExtrasServiceImpl(version=0.4.1).
[10:02:05] [Datafixer Bootstrap/INFO] (Minecraft) 226 Datafixer optimizations took 262 milliseconds
[10:02:05] [main/WARN] (PerfmonDisabled) Invalid registry value type detected for PerfOS counters. Should be REG_DWORD. Ignoring: HKEY_LOCAL_MACHINE\SYSTEM\CurrentControlSet\Services\PerfOS\Performance\Disable Performance Counters.
[10:02:11] [Render thread/INFO] (Minecraft) Environment: Environment[sessionHost=https://sessionserver.mojang.com, servicesHost=https://api.minecraftservices.com, name=PROD]
[10:02:11] [Render thread/INFO] (Minecraft) Setting user: PiriRuntimeTest
[10:02:11] [Render thread/INFO] (Indigo) [Indigo] Registering Indigo renderer!
[10:02:11] [Render thread/INFO] (PiriRuntimeAcceptance) PIRI_RUNTIME_CLIENT_READY Minecraft=1.21 FabricLoader=0.16.14 scenario=phase04-reels
[10:02:12] [Render thread/INFO] (Minecraft) Backend library: LWJGL version 3.3.3-snapshot
[10:02:13] [Render thread/INFO] (Minecraft) Reloading ResourceManager: vanilla, fabric, fabric-api, fabric-api-base, fabric-api-lookup-api-v1, fabric-biome-api-v1, fabric-block-api-v1, fabric-block-view-api-v2, fabric-blockrenderlayer-v1, fabric-client-tags-api-v1, fabric-command-api-v1, fabric-command-api-v2, fabric-commands-v0, fabric-content-registries-v0, fabric-convention-tags-v1, fabric-convention-tags-v2, fabric-crash-report-info-v1, fabric-data-attachment-api-v1, fabric-data-generation-api-v1, fabric-dimensions-v1, fabric-entity-events-v1, fabric-events-interaction-v0, fabric-game-rule-api-v1, fabric-gametest-api-v1, fabric-item-api-v1, fabric-item-group-api-v1, fabric-key-binding-api-v1, fabric-keybindings-v0, fabric-lifecycle-events-v1, fabric-loot-api-v2, fabric-loot-api-v3, fabric-message-api-v1, fabric-model-loading-api-v1, fabric-networking-api-v1, fabric-object-builder-api-v1, fabric-particles-v1, fabric-recipe-api-v1, fabric-registry-sync-v0, fabric-renderer-api-v1, fabric-renderer-indigo, fabric-renderer-registries-v1, fabric-rendering-data-attachment-v1, fabric-rendering-fluids-v1, fabric-rendering-v0, fabric-rendering-v1, fabric-resource-conditions-api-v1, fabric-resource-loader-v0, fabric-screen-api-v1, fabric-screen-handler-api-v1, fabric-sound-api-v1, fabric-transfer-api-v1, fabric-transitive-access-wideners-v1, fabricloader, piri_juggler
[10:02:13] [Worker-Main-8/WARN] (Minecraft) File piri:sounds/bet.ogg does not exist, cannot add it to event piri:bet
[10:02:13] [Worker-Main-8/WARN] (Minecraft) File piri:sounds/bonus_end.ogg does not exist, cannot add it to event piri:bonus_end
[10:02:13] [Worker-Main-8/WARN] (Minecraft) File piri:sounds/bonus_start.ogg does not exist, cannot add it to event piri:bonus_start
[10:02:13] [Worker-Main-8/WARN] (Minecraft) File piri:sounds/error.ogg does not exist, cannot add it to event piri:error
[10:02:13] [Worker-Main-8/WARN] (Minecraft) File piri:sounds/lever.ogg does not exist, cannot add it to event piri:lever
[10:02:13] [Worker-Main-8/WARN] (Minecraft) File piri:sounds/notice.ogg does not exist, cannot add it to event piri:notice
[10:02:13] [Worker-Main-8/WARN] (Minecraft) File piri:sounds/notice_strong.ogg does not exist, cannot add it to event piri:notice_strong
[10:02:13] [Worker-Main-8/WARN] (Minecraft) File piri:sounds/payout.ogg does not exist, cannot add it to event piri:payout
[10:02:13] [Worker-Main-8/WARN] (Minecraft) File piri:sounds/stop.ogg does not exist, cannot add it to event piri:stop
[10:02:13] [Worker-Main-8/WARN] (Minecraft) File piri:sounds/tenpai.ogg does not exist, cannot add it to event piri:tenpai
[10:02:13] [Worker-Main-13/INFO] (Minecraft) Found unifont_all_no_pua-15.1.05.hex, loading
[10:02:13] [Worker-Main-12/INFO] (Minecraft) Found unifont_jp_patch-15.1.05.hex, loading
[10:02:14] [Render thread/WARN] (Minecraft) Missing sound for event: minecraft:item.goat_horn.play
[10:02:14] [Render thread/WARN] (Minecraft) Missing sound for event: minecraft:entity.goat.screaming.horn_break
[10:02:14] [Render thread/INFO] (Minecraft) OpenAL initialized on device OpenAL Soft on Headphones (High Definition Audio Device)
[10:02:14] [Render thread/INFO] (Minecraft) Sound engine started
[10:02:15] [Render thread/INFO] (Minecraft) Created: 1024x512x4 minecraft:textures/atlas/blocks.png-atlas
[10:02:15] [Render thread/INFO] (Minecraft) Created: 256x256x4 minecraft:textures/atlas/signs.png-atlas
[10:02:15] [Render thread/INFO] (Minecraft) Created: 512x512x4 minecraft:textures/atlas/banner_patterns.png-atlas
[10:02:15] [Render thread/INFO] (Minecraft) Created: 512x512x4 minecraft:textures/atlas/shield_patterns.png-atlas
[10:02:15] [Render thread/INFO] (Minecraft) Created: 1024x1024x4 minecraft:textures/atlas/armor_trims.png-atlas
[10:02:15] [Render thread/INFO] (Minecraft) Created: 256x256x4 minecraft:textures/atlas/chest.png-atlas
[10:02:15] [Render thread/INFO] (Minecraft) Created: 128x64x4 minecraft:textures/atlas/decorated_pot.png-atlas
[10:02:15] [Render thread/INFO] (Minecraft) Created: 512x256x4 minecraft:textures/atlas/shulker_boxes.png-atlas
[10:02:15] [Render thread/INFO] (Minecraft) Created: 512x256x4 minecraft:textures/atlas/beds.png-atlas
[10:02:15] [Render thread/INFO] (Minecraft) Created: 512x256x0 minecraft:textures/atlas/particles.png-atlas
[10:02:15] [Render thread/INFO] (Minecraft) Created: 512x256x0 minecraft:textures/atlas/paintings.png-atlas
[10:02:15] [Render thread/INFO] (Minecraft) Created: 256x128x0 minecraft:textures/atlas/mob_effects.png-atlas
[10:02:15] [Render thread/INFO] (Minecraft) Created: 64x64x0 minecraft:textures/atlas/map_decorations.png-atlas
[10:02:15] [Render thread/INFO] (Minecraft) Created: 1024x512x0 minecraft:textures/atlas/gui.png-atlas
[10:02:15] [Render thread/WARN] (Minecraft) Shader rendertype_entity_translucent_emissive could not find sampler named Sampler2 in the specified shader program.
[10:02:15] [Render thread/INFO] (Minecraft) Connecting to 127.0.0.1, 25588
[10:02:16] [Render thread/WARN] (Minecraft) Ignoring player info update for unknown player 2b9a0e28-4a8f-3fe1-a65b-c41ad05e8077 ([UPDATE_GAME_MODE])
[10:02:16] [Render thread/INFO] (Minecraft) [System] [CHAT] PiriRuntimeTest joined the game
[10:02:16] [Render thread/INFO] (Minecraft) Loaded 2 advancements
[10:02:16] [Render thread/INFO] (PiriRuntimeAcceptance) PIRI_RUNTIME_HELLO protocol=1 payload={"protocol":1,"modVersion":"1.0.0"}
[10:02:16] [Render thread/INFO] (PiriRuntimeAcceptance) PIRI_PHASE02_PACKET {"type":"HELLO_ACK","payload":{"protocol":1,"serverVersion":"1.0.0"}}
[10:02:17] [Render thread/INFO] (Minecraft) [System] [CHAT] MACHINE_CREATED 1
[10:02:18] [Render thread/INFO] (PiriRuntimeAcceptance) PIRI_PHASE02_REAL_CLICK block=BlockPos{x=0, y=66, z=0} result=SUCCESS
[10:02:18] [Render thread/INFO] (PiriRuntimeAcceptance) PIRI_PHASE02_PACKET {"type":"OPEN_MACHINE","payload":{"sessionId":"2d636068-39be-41bc-ae8e-6aa4e76a1383","machineId":1,"expectedNextClientSequence":1}}
[10:02:18] [Render thread/INFO] (PiriRuntimeAcceptance) PIRI_PHASE02_PACKET {"type":"PUBLIC_STATE","payload":{"sessionId":"2d636068-39be-41bc-ae8e-6aa4e76a1383","machineId":1,"expectedNextClientSequence":1,"gameState":"SEATED_READY","lifecycle":"ACTIVE","credit":0,"heldMedals":0,"bet":0,"pay":0,"bonusCount":0,"lampOn":false,"displayStops":{"left":0,"center":0,"right":0},"stoppedMask":0}}
[10:02:19] [Render thread/INFO] (PiriRuntimeAcceptance) PIRI_PHASE02_PACKET {"type":"PUBLIC_STATE","payload":{"sessionId":"2d636068-39be-41bc-ae8e-6aa4e76a1383","machineId":1,"expectedNextClientSequence":1,"gameState":"NORMAL_SPINNING","lifecycle":"ACTIVE","credit":0,"heldMedals":0,"bet":0,"pay":0,"bonusCount":0,"lampOn":false,"displayStops":{"left":0,"center":0,"right":0},"stoppedMask":0}}
[10:02:19] [Render thread/INFO] (PiriRuntimeAcceptance) PIRI_PHASE02_PACKET {"type":"SPIN_START","payload":{"sessionId":"2d636068-39be-41bc-ae8e-6aa4e76a1383","machineId":1,"spinId":"ffd89d88-a657-44c6-9aff-23726504485e","mode":"NORMAL","animation":"NORMAL","startPhase":{"left":0.0,"center":0.0,"right":0.0},"stopEnableAfterMs":400}}
[10:02:20] [Render thread/INFO] (PiriRuntimeAcceptance) PIRI_PHASE02_PACKET {"type":"ACTION_ACCEPTED","payload":{"clientSequence":1,"action":"STOP_LEFT"}}
[10:02:20] [Render thread/INFO] (PiriRuntimeAcceptance) PIRI_PHASE02_PACKET {"type":"REEL_STOP","payload":{"spinId":"ffd89d88-a657-44c6-9aff-23726504485e","reel":"LEFT","pressedIndex":16,"stopIndex":16,"slip":0,"durationMs":80}}
[10:02:21] [Render thread/INFO] (PiriRuntimeAcceptance) PIRI_PHASE02_PACKET {"type":"ACTION_ACCEPTED","payload":{"clientSequence":2,"action":"STOP_CENTER"}}
[10:02:21] [Render thread/INFO] (PiriRuntimeAcceptance) PIRI_PHASE02_PACKET {"type":"REEL_STOP","payload":{"spinId":"ffd89d88-a657-44c6-9aff-23726504485e","reel":"CENTER","pressedIndex":7,"stopIndex":4,"slip":3,"durationMs":230}}
[10:02:21] [Render thread/INFO] (PiriRuntimeAcceptance) PIRI_PHASE02_PACKET {"type":"ACTION_ACCEPTED","payload":{"clientSequence":3,"action":"STOP_RIGHT"}}
[10:02:21] [Render thread/INFO] (PiriRuntimeAcceptance) PIRI_PHASE02_PACKET {"type":"REEL_STOP","payload":{"spinId":"ffd89d88-a657-44c6-9aff-23726504485e","reel":"RIGHT","pressedIndex":19,"stopIndex":19,"slip":0,"durationMs":80}}
[10:02:21] [Render thread/INFO] (PiriRuntimeAcceptance) PIRI_PHASE02_PACKET {"type":"PUBLIC_STATE","payload":{"sessionId":"2d636068-39be-41bc-ae8e-6aa4e76a1383","machineId":1,"expectedNextClientSequence":4,"gameState":"SEATED_READY","lifecycle":"ACTIVE","credit":0,"heldMedals":0,"bet":0,"pay":0,"bonusCount":0,"lampOn":false,"displayStops":{"left":16,"center":4,"right":19},"stoppedMask":7}}
[10:02:23] [Render thread/INFO] (PiriRuntimeAcceptance) PIRI_PHASE02_PACKET {"type":"PUBLIC_STATE","payload":{"sessionId":"2d636068-39be-41bc-ae8e-6aa4e76a1383","machineId":1,"expectedNextClientSequence":4,"gameState":"NORMAL_SPINNING","lifecycle":"ACTIVE","credit":0,"heldMedals":0,"bet":0,"pay":0,"bonusCount":0,"lampOn":false,"displayStops":{"left":16,"center":4,"right":19},"stoppedMask":0}}
[10:02:23] [Render thread/INFO] (PiriRuntimeAcceptance) PIRI_PHASE02_PACKET {"type":"SPIN_START","payload":{"sessionId":"2d636068-39be-41bc-ae8e-6aa4e76a1383","machineId":1,"spinId":"a7cc1413-aff5-4999-810d-56c8a4b741e0","mode":"NORMAL","animation":"REVERSE_500MS","startPhase":{"left":16.0,"center":4.0,"right":19.0},"stopEnableAfterMs":800}}
[10:02:25] [Render thread/INFO] (PiriRuntimeAcceptance) PIRI_PHASE02_PACKET {"type":"ACTION_ACCEPTED","payload":{"clientSequence":4,"action":"STOP_LEFT"}}
[10:02:25] [Render thread/INFO] (PiriRuntimeAcceptance) PIRI_PHASE02_PACKET {"type":"REEL_STOP","payload":{"spinId":"a7cc1413-aff5-4999-810d-56c8a4b741e0","reel":"LEFT","pressedIndex":1,"stopIndex":1,"slip":0,"durationMs":80}}
[10:02:26] [Render thread/INFO] (PiriRuntimeAcceptance) PIRI_PHASE02_PACKET {"type":"ACTION_ACCEPTED","payload":{"clientSequence":5,"action":"STOP_RIGHT"}}
[10:02:26] [Render thread/INFO] (PiriRuntimeAcceptance) PIRI_PHASE02_PACKET {"type":"REEL_STOP","payload":{"spinId":"a7cc1413-aff5-4999-810d-56c8a4b741e0","reel":"RIGHT","pressedIndex":16,"stopIndex":16,"slip":0,"durationMs":80}}
[10:02:26] [Render thread/INFO] (PiriRuntimeAcceptance) PIRI_PHASE02_PACKET {"type":"ACTION_ACCEPTED","payload":{"clientSequence":6,"action":"STOP_CENTER"}}
[10:02:26] [Render thread/INFO] (PiriRuntimeAcceptance) PIRI_PHASE02_PACKET {"type":"REEL_STOP","payload":{"spinId":"a7cc1413-aff5-4999-810d-56c8a4b741e0","reel":"CENTER","pressedIndex":14,"stopIndex":13,"slip":1,"durationMs":130}}
[10:02:26] [Render thread/INFO] (PiriRuntimeAcceptance) PIRI_PHASE02_PACKET {"type":"PUBLIC_STATE","payload":{"sessionId":"2d636068-39be-41bc-ae8e-6aa4e76a1383","machineId":1,"expectedNextClientSequence":7,"gameState":"SEATED_READY","lifecycle":"ACTIVE","credit":0,"heldMedals":0,"bet":0,"pay":0,"bonusCount":0,"lampOn":false,"displayStops":{"left":1,"center":13,"right":16},"stoppedMask":7}}
[10:02:27] [Render thread/INFO] (PiriRuntimeAcceptance) PIRI_PHASE02_PACKET {"type":"PUBLIC_STATE","payload":{"sessionId":"2d636068-39be-41bc-ae8e-6aa4e76a1383","machineId":1,"expectedNextClientSequence":7,"gameState":"NORMAL_SPINNING","lifecycle":"ACTIVE","credit":0,"heldMedals":0,"bet":0,"pay":0,"bonusCount":0,"lampOn":false,"displayStops":{"left":1,"center":13,"right":16},"stoppedMask":0}}
[10:02:27] [Render thread/INFO] (PiriRuntimeAcceptance) PIRI_PHASE02_PACKET {"type":"SPIN_START","payload":{"sessionId":"2d636068-39be-41bc-ae8e-6aa4e76a1383","machineId":1,"spinId":"deaab59e-4af6-4d66-98c4-110e43ef4f23","mode":"NORMAL","animation":"RESUME_NORMAL","startPhase":{"left":1.0,"center":13.0,"right":16.0},"stopEnableAfterMs":200}}
[10:02:29] [Render thread/INFO] (PiriRuntimeAcceptance) PIRI_PHASE02_PACKET {"type":"ACTION_ACCEPTED","payload":{"clientSequence":7,"action":"STOP_CENTER"}}
[10:02:29] [Render thread/INFO] (PiriRuntimeAcceptance) PIRI_PHASE02_PACKET {"type":"REEL_STOP","payload":{"spinId":"deaab59e-4af6-4d66-98c4-110e43ef4f23","reel":"CENTER","pressedIndex":2,"stopIndex":0,"slip":2,"durationMs":180}}
[10:02:29] [Render thread/INFO] (PiriRuntimeAcceptance) PIRI_PHASE02_PACKET {"type":"ACTION_ACCEPTED","payload":{"clientSequence":8,"action":"STOP_LEFT"}}
[10:02:29] [Render thread/INFO] (PiriRuntimeAcceptance) PIRI_PHASE02_PACKET {"type":"REEL_STOP","payload":{"spinId":"deaab59e-4af6-4d66-98c4-110e43ef4f23","reel":"LEFT","pressedIndex":2,"stopIndex":1,"slip":1,"durationMs":130}}
[10:02:30] [Render thread/INFO] (PiriRuntimeAcceptance) PIRI_PHASE02_PACKET {"type":"ACTION_ACCEPTED","payload":{"clientSequence":9,"action":"STOP_RIGHT"}}
[10:02:30] [Render thread/INFO] (PiriRuntimeAcceptance) PIRI_PHASE02_PACKET {"type":"REEL_STOP","payload":{"spinId":"deaab59e-4af6-4d66-98c4-110e43ef4f23","reel":"RIGHT","pressedIndex":8,"stopIndex":8,"slip":0,"durationMs":80}}
[10:02:30] [Render thread/INFO] (PiriRuntimeAcceptance) PIRI_PHASE02_PACKET {"type":"PUBLIC_STATE","payload":{"sessionId":"2d636068-39be-41bc-ae8e-6aa4e76a1383","machineId":1,"expectedNextClientSequence":10,"gameState":"SEATED_READY","lifecycle":"ACTIVE","credit":0,"heldMedals":0,"bet":0,"pay":0,"bonusCount":0,"lampOn":false,"displayStops":{"left":1,"center":0,"right":8},"stoppedMask":7}}
[10:02:30] [Render thread/INFO] (PiriRuntimeAcceptance) PIRI_PHASE02_PACKET {"type":"PUBLIC_STATE","payload":{"sessionId":"2d636068-39be-41bc-ae8e-6aa4e76a1383","machineId":1,"expectedNextClientSequence":10,"gameState":"NORMAL_SPINNING","lifecycle":"ACTIVE","credit":0,"heldMedals":0,"bet":0,"pay":0,"bonusCount":0,"lampOn":false,"displayStops":{"left":1,"center":0,"right":8},"stoppedMask":0}}
[10:02:30] [Render thread/INFO] (PiriRuntimeAcceptance) PIRI_PHASE02_PACKET {"type":"SPIN_START","payload":{"sessionId":"2d636068-39be-41bc-ae8e-6aa4e76a1383","machineId":1,"spinId":"be45fd23-7526-4912-9969-86ac0e6a280a","mode":"NORMAL","animation":"NORMAL","startPhase":{"left":1.0,"center":0.0,"right":8.0},"stopEnableAfterMs":400}}
[10:02:31] [Render thread/INFO] (PiriRuntimeAcceptance) PIRI_PHASE02_PACKET {"type":"ACTION_ACCEPTED","payload":{"clientSequence":10,"action":"STOP_CENTER"}}
[10:02:31] [Render thread/INFO] (PiriRuntimeAcceptance) PIRI_PHASE02_PACKET {"type":"REEL_STOP","payload":{"spinId":"be45fd23-7526-4912-9969-86ac0e6a280a","reel":"CENTER","pressedIndex":13,"stopIndex":13,"slip":0,"durationMs":80}}
[10:02:32] [Render thread/INFO] (PiriRuntimeAcceptance) PIRI_PHASE02_PACKET {"type":"ACTION_ACCEPTED","payload":{"clientSequence":11,"action":"STOP_RIGHT"}}
[10:02:32] [Render thread/INFO] (PiriRuntimeAcceptance) PIRI_PHASE02_PACKET {"type":"REEL_STOP","payload":{"spinId":"be45fd23-7526-4912-9969-86ac0e6a280a","reel":"RIGHT","pressedIndex":12,"stopIndex":12,"slip":0,"durationMs":80}}
[10:02:32] [Render thread/INFO] (PiriRuntimeAcceptance) PIRI_PHASE02_PACKET {"type":"ACTION_ACCEPTED","payload":{"clientSequence":12,"action":"STOP_LEFT"}}
[10:02:32] [Render thread/INFO] (PiriRuntimeAcceptance) PIRI_PHASE02_PACKET {"type":"REEL_STOP","payload":{"spinId":"be45fd23-7526-4912-9969-86ac0e6a280a","reel":"LEFT","pressedIndex":17,"stopIndex":17,"slip":0,"durationMs":80}}
[10:02:32] [Render thread/INFO] (PiriRuntimeAcceptance) PIRI_PHASE02_PACKET {"type":"PUBLIC_STATE","payload":{"sessionId":"2d636068-39be-41bc-ae8e-6aa4e76a1383","machineId":1,"expectedNextClientSequence":13,"gameState":"SEATED_READY","lifecycle":"ACTIVE","credit":0,"heldMedals":0,"bet":0,"pay":0,"bonusCount":0,"lampOn":false,"displayStops":{"left":17,"center":13,"right":12},"stoppedMask":7}}
[10:02:33] [Render thread/INFO] (PiriRuntimeAcceptance) PIRI_PHASE02_PACKET {"type":"PUBLIC_STATE","payload":{"sessionId":"2d636068-39be-41bc-ae8e-6aa4e76a1383","machineId":1,"expectedNextClientSequence":13,"gameState":"NORMAL_SPINNING","lifecycle":"ACTIVE","credit":0,"heldMedals":0,"bet":0,"pay":0,"bonusCount":0,"lampOn":false,"displayStops":{"left":17,"center":13,"right":12},"stoppedMask":0}}
[10:02:33] [Render thread/INFO] (PiriRuntimeAcceptance) PIRI_PHASE02_PACKET {"type":"SPIN_START","payload":{"sessionId":"2d636068-39be-41bc-ae8e-6aa4e76a1383","machineId":1,"spinId":"1bb99f44-ca87-4d8c-a3c5-17208c09d287","mode":"NORMAL","animation":"REVERSE_500MS","startPhase":{"left":17.0,"center":13.0,"right":12.0},"stopEnableAfterMs":800}}
[10:02:34] [Render thread/INFO] (PiriRuntimeAcceptance) PIRI_PHASE02_PACKET {"type":"ACTION_ACCEPTED","payload":{"clientSequence":13,"action":"STOP_RIGHT"}}
[10:02:34] [Render thread/INFO] (PiriRuntimeAcceptance) PIRI_PHASE02_PACKET {"type":"REEL_STOP","payload":{"spinId":"1bb99f44-ca87-4d8c-a3c5-17208c09d287","reel":"RIGHT","pressedIndex":7,"stopIndex":7,"slip":0,"durationMs":80}}
[10:02:35] [Render thread/INFO] (PiriRuntimeAcceptance) PIRI_PHASE02_PACKET {"type":"ACTION_ACCEPTED","payload":{"clientSequence":14,"action":"STOP_LEFT"}}
[10:02:35] [Render thread/INFO] (PiriRuntimeAcceptance) PIRI_PHASE02_PACKET {"type":"REEL_STOP","payload":{"spinId":"1bb99f44-ca87-4d8c-a3c5-17208c09d287","reel":"LEFT","pressedIndex":3,"stopIndex":2,"slip":1,"durationMs":130}}
[10:02:35] [Render thread/INFO] (PiriRuntimeAcceptance) PIRI_PHASE02_PACKET {"type":"ACTION_ACCEPTED","payload":{"clientSequence":15,"action":"STOP_CENTER"}}
[10:02:35] [Render thread/INFO] (PiriRuntimeAcceptance) PIRI_PHASE02_PACKET {"type":"REEL_STOP","payload":{"spinId":"1bb99f44-ca87-4d8c-a3c5-17208c09d287","reel":"CENTER","pressedIndex":11,"stopIndex":8,"slip":3,"durationMs":230}}
[10:02:35] [Render thread/INFO] (PiriRuntimeAcceptance) PIRI_PHASE02_PACKET {"type":"PUBLIC_STATE","payload":{"sessionId":"2d636068-39be-41bc-ae8e-6aa4e76a1383","machineId":1,"expectedNextClientSequence":16,"gameState":"SEATED_READY","lifecycle":"ACTIVE","credit":0,"heldMedals":0,"bet":0,"pay":0,"bonusCount":0,"lampOn":false,"displayStops":{"left":2,"center":8,"right":7},"stoppedMask":7}}
[10:02:36] [Render thread/INFO] (PiriRuntimeAcceptance) PIRI_PHASE02_PACKET {"type":"PUBLIC_STATE","payload":{"sessionId":"2d636068-39be-41bc-ae8e-6aa4e76a1383","machineId":1,"expectedNextClientSequence":16,"gameState":"NORMAL_SPINNING","lifecycle":"ACTIVE","credit":0,"heldMedals":0,"bet":0,"pay":0,"bonusCount":0,"lampOn":false,"displayStops":{"left":2,"center":8,"right":7},"stoppedMask":0}}
[10:02:36] [Render thread/INFO] (PiriRuntimeAcceptance) PIRI_PHASE02_PACKET {"type":"SPIN_START","payload":{"sessionId":"2d636068-39be-41bc-ae8e-6aa4e76a1383","machineId":1,"spinId":"f5f01b03-eb63-4f0e-9e91-2b95bd26dbf4","mode":"NORMAL","animation":"RESUME_NORMAL","startPhase":{"left":2.0,"center":8.0,"right":7.0},"stopEnableAfterMs":200}}
[10:02:36] [Render thread/INFO] (PiriRuntimeAcceptance) PIRI_PHASE02_PACKET {"type":"ACTION_ACCEPTED","payload":{"clientSequence":16,"action":"STOP_RIGHT"}}
[10:02:36] [Render thread/INFO] (PiriRuntimeAcceptance) PIRI_PHASE02_PACKET {"type":"REEL_STOP","payload":{"spinId":"f5f01b03-eb63-4f0e-9e91-2b95bd26dbf4","reel":"RIGHT","pressedIndex":19,"stopIndex":19,"slip":0,"durationMs":80}}
[10:02:37] [Render thread/INFO] (PiriRuntimeAcceptance) PIRI_PHASE02_PACKET {"type":"ACTION_ACCEPTED","payload":{"clientSequence":17,"action":"STOP_CENTER"}}
[10:02:37] [Render thread/INFO] (PiriRuntimeAcceptance) PIRI_PHASE02_PACKET {"type":"REEL_STOP","payload":{"spinId":"f5f01b03-eb63-4f0e-9e91-2b95bd26dbf4","reel":"CENTER","pressedIndex":10,"stopIndex":8,"slip":2,"durationMs":180}}
[10:02:37] [Render thread/INFO] (PiriRuntimeAcceptance) PIRI_PHASE02_PACKET {"type":"ACTION_ACCEPTED","payload":{"clientSequence":18,"action":"STOP_LEFT"}}
[10:02:37] [Render thread/INFO] (PiriRuntimeAcceptance) PIRI_PHASE02_PACKET {"type":"REEL_STOP","payload":{"spinId":"f5f01b03-eb63-4f0e-9e91-2b95bd26dbf4","reel":"LEFT","pressedIndex":16,"stopIndex":16,"slip":0,"durationMs":80}}
[10:02:37] [Render thread/INFO] (PiriRuntimeAcceptance) PIRI_PHASE02_PACKET {"type":"PUBLIC_STATE","payload":{"sessionId":"2d636068-39be-41bc-ae8e-6aa4e76a1383","machineId":1,"expectedNextClientSequence":19,"gameState":"SEATED_READY","lifecycle":"ACTIVE","credit":0,"heldMedals":0,"bet":0,"pay":0,"bonusCount":0,"lampOn":false,"displayStops":{"left":16,"center":8,"right":19},"stoppedMask":7}}
[10:02:38] [Render thread/INFO] (PiriRuntimeAcceptance) PIRI_PHASE02_PACKET {"type":"PUBLIC_STATE","payload":{"sessionId":"2d636068-39be-41bc-ae8e-6aa4e76a1383","machineId":1,"expectedNextClientSequence":19,"gameState":"NORMAL_SPINNING","lifecycle":"ACTIVE","credit":0,"heldMedals":0,"bet":0,"pay":0,"bonusCount":0,"lampOn":false,"displayStops":{"left":16,"center":8,"right":19},"stoppedMask":0}}
[10:02:38] [Render thread/INFO] (PiriRuntimeAcceptance) PIRI_PHASE02_PACKET {"type":"SPIN_START","payload":{"sessionId":"2d636068-39be-41bc-ae8e-6aa4e76a1383","machineId":1,"spinId":"c0450210-8bd8-4ac1-8124-71a469a4eb4b","mode":"NORMAL","animation":"NORMAL","startPhase":{"left":16.0,"center":8.0,"right":19.0},"stopEnableAfterMs":400}}
[10:02:39] [Render thread/INFO] (PiriRuntimeAcceptance) PIRI_PHASE02_PACKET {"type":"ACTION_ACCEPTED","payload":{"clientSequence":19,"action":"STOP_LEFT"}}
[10:02:39] [Render thread/INFO] (PiriRuntimeAcceptance) PIRI_PHASE02_PACKET {"type":"REEL_STOP","payload":{"spinId":"c0450210-8bd8-4ac1-8124-71a469a4eb4b","reel":"LEFT","pressedIndex":8,"stopIndex":14,"slip":15,"durationMs":830}}
[10:02:39] [Render thread/INFO] (PiriRuntimeAcceptance) PIRI_PHASE02_PACKET {"type":"ACTION_ACCEPTED","payload":{"clientSequence":20,"action":"STOP_CENTER"}}
[10:02:39] [Render thread/INFO] (PiriRuntimeAcceptance) PIRI_PHASE02_PACKET {"type":"REEL_STOP","payload":{"spinId":"c0450210-8bd8-4ac1-8124-71a469a4eb4b","reel":"CENTER","pressedIndex":12,"stopIndex":8,"slip":4,"durationMs":280}}
[10:02:40] [Render thread/INFO] (PiriRuntimeAcceptance) PIRI_PHASE02_PACKET {"type":"ACTION_ACCEPTED","payload":{"clientSequence":21,"action":"STOP_RIGHT"}}
[10:02:40] [Render thread/INFO] (PiriRuntimeAcceptance) PIRI_PHASE02_PACKET {"type":"REEL_STOP","payload":{"spinId":"c0450210-8bd8-4ac1-8124-71a469a4eb4b","reel":"RIGHT","pressedIndex":14,"stopIndex":14,"slip":0,"durationMs":80}}
[10:02:40] [Render thread/INFO] (PiriRuntimeAcceptance) PIRI_PHASE02_PACKET {"type":"PUBLIC_STATE","payload":{"sessionId":"2d636068-39be-41bc-ae8e-6aa4e76a1383","machineId":1,"expectedNextClientSequence":22,"gameState":"SEATED_READY","lifecycle":"ACTIVE","credit":0,"heldMedals":0,"bet":0,"pay":0,"bonusCount":0,"lampOn":false,"displayStops":{"left":14,"center":8,"right":14},"stoppedMask":7}}
[10:02:41] [Render thread/INFO] (PiriRuntimeAcceptance) PIRI_PHASE02_PACKET {"type":"PUBLIC_STATE","payload":{"sessionId":"2d636068-39be-41bc-ae8e-6aa4e76a1383","machineId":1,"expectedNextClientSequence":22,"gameState":"NORMAL_SPINNING","lifecycle":"ACTIVE","credit":0,"heldMedals":0,"bet":0,"pay":0,"bonusCount":0,"lampOn":false,"displayStops":{"left":14,"center":8,"right":14},"stoppedMask":0}}
[10:02:41] [Render thread/INFO] (PiriRuntimeAcceptance) PIRI_PHASE02_PACKET {"type":"SPIN_START","payload":{"sessionId":"2d636068-39be-41bc-ae8e-6aa4e76a1383","machineId":1,"spinId":"72baebfe-cb39-4022-9f23-d7a17f2fc813","mode":"NORMAL","animation":"REVERSE_500MS","startPhase":{"left":14.0,"center":8.0,"right":14.0},"stopEnableAfterMs":800}}
[10:02:43] [Render thread/INFO] (PiriRuntimeAcceptance) PIRI_PHASE02_PACKET {"type":"ACTION_ACCEPTED","payload":{"clientSequence":22,"action":"STOP_LEFT"}}
[10:02:43] [Render thread/INFO] (PiriRuntimeAcceptance) PIRI_PHASE02_PACKET {"type":"REEL_STOP","payload":{"spinId":"72baebfe-cb39-4022-9f23-d7a17f2fc813","reel":"LEFT","pressedIndex":9,"stopIndex":14,"slip":16,"durationMs":880}}
[10:02:43] [Render thread/INFO] (PiriRuntimeAcceptance) PIRI_PHASE02_PACKET {"type":"ACTION_ACCEPTED","payload":{"clientSequence":23,"action":"STOP_RIGHT"}}
[10:02:43] [Render thread/INFO] (PiriRuntimeAcceptance) PIRI_PHASE02_PACKET {"type":"REEL_STOP","payload":{"spinId":"72baebfe-cb39-4022-9f23-d7a17f2fc813","reel":"RIGHT","pressedIndex":0,"stopIndex":20,"slip":1,"durationMs":130}}
[10:02:44] [Render thread/INFO] (PiriRuntimeAcceptance) PIRI_PHASE02_PACKET {"type":"ACTION_ACCEPTED","payload":{"clientSequence":24,"action":"STOP_CENTER"}}
[10:02:44] [Render thread/INFO] (PiriRuntimeAcceptance) PIRI_PHASE02_PACKET {"type":"REEL_STOP","payload":{"spinId":"72baebfe-cb39-4022-9f23-d7a17f2fc813","reel":"CENTER","pressedIndex":6,"stopIndex":15,"slip":12,"durationMs":680}}
[10:02:44] [Render thread/INFO] (PiriRuntimeAcceptance) PIRI_PHASE02_PACKET {"type":"PUBLIC_STATE","payload":{"sessionId":"2d636068-39be-41bc-ae8e-6aa4e76a1383","machineId":1,"expectedNextClientSequence":25,"gameState":"SEATED_READY","lifecycle":"ACTIVE","credit":0,"heldMedals":0,"bet":0,"pay":0,"bonusCount":0,"lampOn":false,"displayStops":{"left":14,"center":15,"right":20},"stoppedMask":7}}
[10:02:44] [Render thread/INFO] (PiriRuntimeAcceptance) PIRI_PHASE02_PACKET {"type":"PUBLIC_STATE","payload":{"sessionId":"2d636068-39be-41bc-ae8e-6aa4e76a1383","machineId":1,"expectedNextClientSequence":25,"gameState":"NORMAL_SPINNING","lifecycle":"ACTIVE","credit":0,"heldMedals":0,"bet":0,"pay":0,"bonusCount":0,"lampOn":false,"displayStops":{"left":14,"center":15,"right":20},"stoppedMask":0}}
[10:02:44] [Render thread/INFO] (PiriRuntimeAcceptance) PIRI_PHASE02_PACKET {"type":"SPIN_START","payload":{"sessionId":"2d636068-39be-41bc-ae8e-6aa4e76a1383","machineId":1,"spinId":"a84ed4ce-a2a6-4bd5-b20f-6c977f4560b1","mode":"NORMAL","animation":"RESUME_NORMAL","startPhase":{"left":14.0,"center":15.0,"right":20.0},"stopEnableAfterMs":200}}
[10:02:45] [Render thread/INFO] (PiriRuntimeAcceptance) PIRI_PHASE02_PACKET {"type":"ACTION_ACCEPTED","payload":{"clientSequence":25,"action":"STOP_CENTER"}}
[10:02:45] [Render thread/INFO] (PiriRuntimeAcceptance) PIRI_PHASE02_PACKET {"type":"REEL_STOP","payload":{"spinId":"a84ed4ce-a2a6-4bd5-b20f-6c977f4560b1","reel":"CENTER","pressedIndex":5,"stopIndex":16,"slip":10,"durationMs":580}}
[10:02:46] [Render thread/INFO] (PiriRuntimeAcceptance) PIRI_PHASE02_PACKET {"type":"ACTION_ACCEPTED","payload":{"clientSequence":26,"action":"STOP_LEFT"}}
[10:02:46] [Render thread/INFO] (PiriRuntimeAcceptance) PIRI_PHASE02_PACKET {"type":"REEL_STOP","payload":{"spinId":"a84ed4ce-a2a6-4bd5-b20f-6c977f4560b1","reel":"LEFT","pressedIndex":8,"stopIndex":14,"slip":15,"durationMs":830}}
[10:02:47] [Render thread/INFO] (PiriRuntimeAcceptance) PIRI_PHASE02_PACKET {"type":"ACTION_ACCEPTED","payload":{"clientSequence":27,"action":"STOP_RIGHT"}}
[10:02:47] [Render thread/INFO] (PiriRuntimeAcceptance) PIRI_PHASE02_PACKET {"type":"REEL_STOP","payload":{"spinId":"a84ed4ce-a2a6-4bd5-b20f-6c977f4560b1","reel":"RIGHT","pressedIndex":5,"stopIndex":1,"slip":4,"durationMs":280}}
[10:02:47] [Render thread/INFO] (PiriRuntimeAcceptance) PIRI_PHASE02_PACKET {"type":"PUBLIC_STATE","payload":{"sessionId":"2d636068-39be-41bc-ae8e-6aa4e76a1383","machineId":1,"expectedNextClientSequence":28,"gameState":"SEATED_READY","lifecycle":"ACTIVE","credit":0,"heldMedals":0,"bet":0,"pay":0,"bonusCount":0,"lampOn":false,"displayStops":{"left":14,"center":16,"right":1},"stoppedMask":7}}
[10:02:47] [Render thread/INFO] (PiriRuntimeAcceptance) PIRI_PHASE02_PACKET {"type":"PUBLIC_STATE","payload":{"sessionId":"2d636068-39be-41bc-ae8e-6aa4e76a1383","machineId":1,"expectedNextClientSequence":28,"gameState":"NORMAL_SPINNING","lifecycle":"ACTIVE","credit":0,"heldMedals":0,"bet":0,"pay":0,"bonusCount":0,"lampOn":false,"displayStops":{"left":14,"center":16,"right":1},"stoppedMask":0}}
[10:02:47] [Render thread/INFO] (PiriRuntimeAcceptance) PIRI_PHASE02_PACKET {"type":"SPIN_START","payload":{"sessionId":"2d636068-39be-41bc-ae8e-6aa4e76a1383","machineId":1,"spinId":"91b0d9a3-b6ff-4531-b50e-1d45a637b5d6","mode":"NORMAL","animation":"NORMAL","startPhase":{"left":14.0,"center":16.0,"right":1.0},"stopEnableAfterMs":400}}
[10:02:48] [Render thread/INFO] (PiriRuntimeAcceptance) PIRI_PHASE02_PACKET {"type":"ACTION_ACCEPTED","payload":{"clientSequence":28,"action":"STOP_CENTER"}}
[10:02:48] [Render thread/INFO] (PiriRuntimeAcceptance) PIRI_PHASE02_PACKET {"type":"REEL_STOP","payload":{"spinId":"91b0d9a3-b6ff-4531-b50e-1d45a637b5d6","reel":"CENTER","pressedIndex":8,"stopIndex":8,"slip":0,"durationMs":80}}
[10:02:49] [Render thread/INFO] (PiriRuntimeAcceptance) PIRI_PHASE02_PACKET {"type":"ACTION_ACCEPTED","payload":{"clientSequence":29,"action":"STOP_RIGHT"}}
[10:02:49] [Render thread/INFO] (PiriRuntimeAcceptance) PIRI_PHASE02_PACKET {"type":"REEL_STOP","payload":{"spinId":"91b0d9a3-b6ff-4531-b50e-1d45a637b5d6","reel":"RIGHT","pressedIndex":5,"stopIndex":1,"slip":4,"durationMs":280}}
[10:02:49] [Render thread/INFO] (PiriRuntimeAcceptance) PIRI_PHASE02_PACKET {"type":"ACTION_ACCEPTED","payload":{"clientSequence":30,"action":"STOP_LEFT"}}
[10:02:49] [Render thread/INFO] (PiriRuntimeAcceptance) PIRI_PHASE02_PACKET {"type":"REEL_STOP","payload":{"spinId":"91b0d9a3-b6ff-4531-b50e-1d45a637b5d6","reel":"LEFT","pressedIndex":9,"stopIndex":14,"slip":16,"durationMs":880}}
[10:02:49] [Render thread/INFO] (PiriRuntimeAcceptance) PIRI_PHASE02_PACKET {"type":"PUBLIC_STATE","payload":{"sessionId":"2d636068-39be-41bc-ae8e-6aa4e76a1383","machineId":1,"expectedNextClientSequence":31,"gameState":"SEATED_READY","lifecycle":"ACTIVE","credit":0,"heldMedals":0,"bet":0,"pay":0,"bonusCount":0,"lampOn":false,"displayStops":{"left":14,"center":8,"right":1},"stoppedMask":7}}
[10:02:51] [Render thread/INFO] (PiriRuntimeAcceptance) PIRI_PHASE02_PACKET {"type":"PUBLIC_STATE","payload":{"sessionId":"2d636068-39be-41bc-ae8e-6aa4e76a1383","machineId":1,"expectedNextClientSequence":31,"gameState":"NORMAL_SPINNING","lifecycle":"ACTIVE","credit":0,"heldMedals":0,"bet":0,"pay":0,"bonusCount":0,"lampOn":false,"displayStops":{"left":14,"center":8,"right":1},"stoppedMask":0}}
[10:02:51] [Render thread/INFO] (PiriRuntimeAcceptance) PIRI_PHASE02_PACKET {"type":"SPIN_START","payload":{"sessionId":"2d636068-39be-41bc-ae8e-6aa4e76a1383","machineId":1,"spinId":"ec58c5e3-2fb2-453d-a324-420530f5e33a","mode":"NORMAL","animation":"REVERSE_500MS","startPhase":{"left":14.0,"center":8.0,"right":1.0},"stopEnableAfterMs":800}}
[10:02:52] [Render thread/INFO] (PiriRuntimeAcceptance) PIRI_PHASE02_PACKET {"type":"ACTION_ACCEPTED","payload":{"clientSequence":31,"action":"STOP_RIGHT"}}
[10:02:52] [Render thread/INFO] (PiriRuntimeAcceptance) PIRI_PHASE02_PACKET {"type":"REEL_STOP","payload":{"spinId":"ec58c5e3-2fb2-453d-a324-420530f5e33a","reel":"RIGHT","pressedIndex":17,"stopIndex":17,"slip":0,"durationMs":80}}
[10:02:52] [Render thread/INFO] (PiriRuntimeAcceptance) PIRI_PHASE02_PACKET {"type":"ACTION_ACCEPTED","payload":{"clientSequence":32,"action":"STOP_LEFT"}}
[10:02:52] [Render thread/INFO] (PiriRuntimeAcceptance) PIRI_PHASE02_PACKET {"type":"REEL_STOP","payload":{"spinId":"ec58c5e3-2fb2-453d-a324-420530f5e33a","reel":"LEFT","pressedIndex":0,"stopIndex":13,"slip":8,"durationMs":480}}
[10:02:53] [Render thread/INFO] (PiriRuntimeAcceptance) PIRI_PHASE02_PACKET {"type":"ACTION_ACCEPTED","payload":{"clientSequence":33,"action":"STOP_CENTER"}}
[10:02:53] [Render thread/INFO] (PiriRuntimeAcceptance) PIRI_PHASE02_PACKET {"type":"REEL_STOP","payload":{"spinId":"ec58c5e3-2fb2-453d-a324-420530f5e33a","reel":"CENTER","pressedIndex":6,"stopIndex":15,"slip":12,"durationMs":680}}
[10:02:53] [Render thread/INFO] (PiriRuntimeAcceptance) PIRI_PHASE02_PACKET {"type":"PUBLIC_STATE","payload":{"sessionId":"2d636068-39be-41bc-ae8e-6aa4e76a1383","machineId":1,"expectedNextClientSequence":34,"gameState":"SEATED_READY","lifecycle":"ACTIVE","credit":0,"heldMedals":0,"bet":0,"pay":0,"bonusCount":0,"lampOn":false,"displayStops":{"left":13,"center":15,"right":17},"stoppedMask":7}}
[10:02:54] [Render thread/INFO] (PiriRuntimeAcceptance) PIRI_PHASE02_PACKET {"type":"PUBLIC_STATE","payload":{"sessionId":"2d636068-39be-41bc-ae8e-6aa4e76a1383","machineId":1,"expectedNextClientSequence":34,"gameState":"NORMAL_SPINNING","lifecycle":"ACTIVE","credit":0,"heldMedals":0,"bet":0,"pay":0,"bonusCount":0,"lampOn":false,"displayStops":{"left":13,"center":15,"right":17},"stoppedMask":0}}
[10:02:54] [Render thread/INFO] (PiriRuntimeAcceptance) PIRI_PHASE02_PACKET {"type":"SPIN_START","payload":{"sessionId":"2d636068-39be-41bc-ae8e-6aa4e76a1383","machineId":1,"spinId":"dcbb1997-33f0-4461-beda-b89e5748aa10","mode":"NORMAL","animation":"RESUME_NORMAL","startPhase":{"left":13.0,"center":15.0,"right":17.0},"stopEnableAfterMs":200}}
[10:02:54] [Render thread/INFO] (PiriRuntimeAcceptance) PIRI_PHASE02_PACKET {"type":"ACTION_ACCEPTED","payload":{"clientSequence":34,"action":"STOP_RIGHT"}}
[10:02:54] [Render thread/INFO] (PiriRuntimeAcceptance) PIRI_PHASE02_PACKET {"type":"REEL_STOP","payload":{"spinId":"dcbb1997-33f0-4461-beda-b89e5748aa10","reel":"RIGHT","pressedIndex":8,"stopIndex":8,"slip":0,"durationMs":80}}
[10:02:55] [Render thread/INFO] (PiriRuntimeAcceptance) PIRI_PHASE02_PACKET {"type":"ACTION_ACCEPTED","payload":{"clientSequence":35,"action":"STOP_CENTER"}}
[10:02:55] [Render thread/INFO] (PiriRuntimeAcceptance) PIRI_PHASE02_PACKET {"type":"REEL_STOP","payload":{"spinId":"dcbb1997-33f0-4461-beda-b89e5748aa10","reel":"CENTER","pressedIndex":9,"stopIndex":7,"slip":2,"durationMs":180}}
[10:02:56] [Render thread/INFO] (PiriRuntimeAcceptance) PIRI_PHASE02_PACKET {"type":"ACTION_ACCEPTED","payload":{"clientSequence":36,"action":"STOP_LEFT"}}
[10:02:56] [Render thread/INFO] (PiriRuntimeAcceptance) PIRI_PHASE02_PACKET {"type":"REEL_STOP","payload":{"spinId":"dcbb1997-33f0-4461-beda-b89e5748aa10","reel":"LEFT","pressedIndex":19,"stopIndex":14,"slip":5,"durationMs":330}}
[10:02:56] [Render thread/INFO] (PiriRuntimeAcceptance) PIRI_PHASE02_PACKET {"type":"PUBLIC_STATE","payload":{"sessionId":"2d636068-39be-41bc-ae8e-6aa4e76a1383","machineId":1,"expectedNextClientSequence":37,"gameState":"SEATED_READY","lifecycle":"ACTIVE","credit":0,"heldMedals":0,"bet":0,"pay":0,"bonusCount":0,"lampOn":false,"displayStops":{"left":14,"center":7,"right":8},"stoppedMask":7}}
[10:02:56] [Render thread/INFO] (PiriRuntimeAcceptance) PIRI_PHASE02_PACKET {"type":"PUBLIC_STATE","payload":{"sessionId":"2d636068-39be-41bc-ae8e-6aa4e76a1383","machineId":1,"expectedNextClientSequence":37,"gameState":"NORMAL_SPINNING","lifecycle":"ACTIVE","credit":0,"heldMedals":0,"bet":0,"pay":0,"bonusCount":0,"lampOn":false,"displayStops":{"left":14,"center":7,"right":8},"stoppedMask":0}}
[10:02:56] [Render thread/INFO] (PiriRuntimeAcceptance) PIRI_PHASE02_PACKET {"type":"SPIN_START","payload":{"sessionId":"2d636068-39be-41bc-ae8e-6aa4e76a1383","machineId":1,"spinId":"0cd7150a-5fdb-4610-9f42-f7e5337c8a02","mode":"NORMAL","animation":"NORMAL","startPhase":{"left":14.0,"center":7.0,"right":8.0},"stopEnableAfterMs":400}}
[10:02:57] [Render thread/INFO] (PiriRuntimeAcceptance) PIRI_PHASE02_PACKET {"type":"ACTION_ACCEPTED","payload":{"clientSequence":37,"action":"STOP_LEFT"}}
[10:02:57] [Render thread/INFO] (PiriRuntimeAcceptance) PIRI_PHASE02_PACKET {"type":"REEL_STOP","payload":{"spinId":"0cd7150a-5fdb-4610-9f42-f7e5337c8a02","reel":"LEFT","pressedIndex":6,"stopIndex":5,"slip":1,"durationMs":130}}
[10:02:58] [Render thread/INFO] (PiriRuntimeAcceptance) PIRI_PHASE02_PACKET {"type":"ACTION_ACCEPTED","payload":{"clientSequence":38,"action":"STOP_CENTER"}}
[10:02:58] [Render thread/INFO] (PiriRuntimeAcceptance) PIRI_PHASE02_PACKET {"type":"REEL_STOP","payload":{"spinId":"0cd7150a-5fdb-4610-9f42-f7e5337c8a02","reel":"CENTER","pressedIndex":11,"stopIndex":2,"slip":9,"durationMs":530}}
[10:02:58] [Render thread/INFO] (PiriRuntimeAcceptance) PIRI_PHASE02_PACKET {"type":"ACTION_ACCEPTED","payload":{"clientSequence":39,"action":"STOP_RIGHT"}}
[10:02:58] [Render thread/INFO] (PiriRuntimeAcceptance) PIRI_PHASE02_PACKET {"type":"REEL_STOP","payload":{"spinId":"0cd7150a-5fdb-4610-9f42-f7e5337c8a02","reel":"RIGHT","pressedIndex":3,"stopIndex":0,"slip":3,"durationMs":230}}
[10:02:58] [Render thread/INFO] (PiriRuntimeAcceptance) PIRI_PHASE02_PACKET {"type":"PUBLIC_STATE","payload":{"sessionId":"2d636068-39be-41bc-ae8e-6aa4e76a1383","machineId":1,"expectedNextClientSequence":40,"gameState":"SEATED_READY","lifecycle":"ACTIVE","credit":0,"heldMedals":0,"bet":0,"pay":0,"bonusCount":0,"lampOn":false,"displayStops":{"left":5,"center":2,"right":0},"stoppedMask":7}}
[10:03:00] [Render thread/INFO] (PiriRuntimeAcceptance) PIRI_PHASE02_PACKET {"type":"PUBLIC_STATE","payload":{"sessionId":"2d636068-39be-41bc-ae8e-6aa4e76a1383","machineId":1,"expectedNextClientSequence":40,"gameState":"NORMAL_SPINNING","lifecycle":"ACTIVE","credit":0,"heldMedals":0,"bet":0,"pay":0,"bonusCount":0,"lampOn":false,"displayStops":{"left":5,"center":2,"right":0},"stoppedMask":0}}
[10:03:00] [Render thread/INFO] (PiriRuntimeAcceptance) PIRI_PHASE02_PACKET {"type":"SPIN_START","payload":{"sessionId":"2d636068-39be-41bc-ae8e-6aa4e76a1383","machineId":1,"spinId":"ebef206a-b9e3-44a1-8b4e-c327cef29f2f","mode":"NORMAL","animation":"REVERSE_500MS","startPhase":{"left":5.0,"center":2.0,"right":0.0},"stopEnableAfterMs":800}}
[10:03:01] [Render thread/INFO] (PiriRuntimeAcceptance) PIRI_PHASE02_PACKET {"type":"ACTION_ACCEPTED","payload":{"clientSequence":40,"action":"STOP_LEFT"}}
[10:03:01] [Render thread/INFO] (PiriRuntimeAcceptance) PIRI_PHASE02_PACKET {"type":"REEL_STOP","payload":{"spinId":"ebef206a-b9e3-44a1-8b4e-c327cef29f2f","reel":"LEFT","pressedIndex":0,"stopIndex":5,"slip":16,"durationMs":880}}
[10:03:02] [Render thread/INFO] (PiriRuntimeAcceptance) PIRI_PHASE02_PACKET {"type":"ACTION_ACCEPTED","payload":{"clientSequence":41,"action":"STOP_RIGHT"}}
[10:03:02] [Render thread/INFO] (PiriRuntimeAcceptance) PIRI_PHASE02_PACKET {"type":"REEL_STOP","payload":{"spinId":"ebef206a-b9e3-44a1-8b4e-c327cef29f2f","reel":"RIGHT","pressedIndex":6,"stopIndex":0,"slip":6,"durationMs":380}}
[10:03:02] [Render thread/INFO] (PiriRuntimeAcceptance) PIRI_PHASE02_PACKET {"type":"ACTION_ACCEPTED","payload":{"clientSequence":42,"action":"STOP_CENTER"}}
[10:03:02] [Render thread/INFO] (PiriRuntimeAcceptance) PIRI_PHASE02_PACKET {"type":"REEL_STOP","payload":{"spinId":"ebef206a-b9e3-44a1-8b4e-c327cef29f2f","reel":"CENTER","pressedIndex":20,"stopIndex":2,"slip":18,"durationMs":980}}
[10:03:02] [Render thread/INFO] (PiriRuntimeAcceptance) PIRI_PHASE02_PACKET {"type":"PUBLIC_STATE","payload":{"sessionId":"2d636068-39be-41bc-ae8e-6aa4e76a1383","machineId":1,"expectedNextClientSequence":43,"gameState":"SEATED_READY","lifecycle":"ACTIVE","credit":0,"heldMedals":0,"bet":0,"pay":0,"bonusCount":0,"lampOn":false,"displayStops":{"left":5,"center":2,"right":0},"stoppedMask":7}}
[10:03:04] [Render thread/INFO] (PiriRuntimeAcceptance) PIRI_PHASE02_PACKET {"type":"PUBLIC_STATE","payload":{"sessionId":"2d636068-39be-41bc-ae8e-6aa4e76a1383","machineId":1,"expectedNextClientSequence":43,"gameState":"NORMAL_SPINNING","lifecycle":"ACTIVE","credit":0,"heldMedals":0,"bet":0,"pay":0,"bonusCount":0,"lampOn":false,"displayStops":{"left":5,"center":2,"right":0},"stoppedMask":0}}
[10:03:04] [Render thread/INFO] (PiriRuntimeAcceptance) PIRI_PHASE02_PACKET {"type":"SPIN_START","payload":{"sessionId":"2d636068-39be-41bc-ae8e-6aa4e76a1383","machineId":1,"spinId":"e29ad784-eee6-41b2-a833-3d8d0655d047","mode":"NORMAL","animation":"RESUME_NORMAL","startPhase":{"left":5.0,"center":2.0,"right":0.0},"stopEnableAfterMs":200}}
[10:03:04] [Render thread/INFO] (PiriRuntimeAcceptance) PIRI_PHASE02_PACKET {"type":"ACTION_ACCEPTED","payload":{"clientSequence":43,"action":"STOP_CENTER"}}
[10:03:04] [Render thread/INFO] (PiriRuntimeAcceptance) PIRI_PHASE02_PACKET {"type":"REEL_STOP","payload":{"spinId":"e29ad784-eee6-41b2-a833-3d8d0655d047","reel":"CENTER","pressedIndex":14,"stopIndex":2,"slip":12,"durationMs":680}}
[10:03:05] [Render thread/INFO] (PiriRuntimeAcceptance) PIRI_PHASE02_PACKET {"type":"ACTION_ACCEPTED","payload":{"clientSequence":44,"action":"STOP_LEFT"}}
[10:03:05] [Render thread/INFO] (PiriRuntimeAcceptance) PIRI_PHASE02_PACKET {"type":"REEL_STOP","payload":{"spinId":"e29ad784-eee6-41b2-a833-3d8d0655d047","reel":"LEFT","pressedIndex":8,"stopIndex":5,"slip":3,"durationMs":230}}
[10:03:05] [Render thread/INFO] (PiriRuntimeAcceptance) PIRI_PHASE02_PACKET {"type":"ACTION_ACCEPTED","payload":{"clientSequence":45,"action":"STOP_RIGHT"}}
[10:03:05] [Render thread/INFO] (PiriRuntimeAcceptance) PIRI_PHASE02_PACKET {"type":"REEL_STOP","payload":{"spinId":"e29ad784-eee6-41b2-a833-3d8d0655d047","reel":"RIGHT","pressedIndex":15,"stopIndex":13,"slip":2,"durationMs":180}}
[10:03:05] [Render thread/INFO] (PiriRuntimeAcceptance) PIRI_PHASE02_PACKET {"type":"PUBLIC_STATE","payload":{"sessionId":"2d636068-39be-41bc-ae8e-6aa4e76a1383","machineId":1,"expectedNextClientSequence":46,"gameState":"SEATED_READY","lifecycle":"ACTIVE","credit":0,"heldMedals":0,"bet":0,"pay":0,"bonusCount":0,"lampOn":false,"displayStops":{"left":5,"center":2,"right":13},"stoppedMask":7}}
[10:03:06] [Render thread/INFO] (PiriRuntimeAcceptance) PIRI_PHASE02_PACKET {"type":"PUBLIC_STATE","payload":{"sessionId":"2d636068-39be-41bc-ae8e-6aa4e76a1383","machineId":1,"expectedNextClientSequence":46,"gameState":"NORMAL_SPINNING","lifecycle":"ACTIVE","credit":0,"heldMedals":0,"bet":0,"pay":0,"bonusCount":0,"lampOn":false,"displayStops":{"left":5,"center":2,"right":13},"stoppedMask":0}}
[10:03:06] [Render thread/INFO] (PiriRuntimeAcceptance) PIRI_PHASE02_PACKET {"type":"SPIN_START","payload":{"sessionId":"2d636068-39be-41bc-ae8e-6aa4e76a1383","machineId":1,"spinId":"036c6a7e-da94-436a-b150-ac405cc1d42b","mode":"NORMAL","animation":"NORMAL","startPhase":{"left":5.0,"center":2.0,"right":13.0},"stopEnableAfterMs":400}}
[10:03:07] [Render thread/INFO] (PiriRuntimeAcceptance) PIRI_PHASE02_PACKET {"type":"ACTION_ACCEPTED","payload":{"clientSequence":46,"action":"STOP_CENTER"}}
[10:03:07] [Render thread/INFO] (PiriRuntimeAcceptance) PIRI_PHASE02_PACKET {"type":"REEL_STOP","payload":{"spinId":"036c6a7e-da94-436a-b150-ac405cc1d42b","reel":"CENTER","pressedIndex":15,"stopIndex":2,"slip":13,"durationMs":730}}
[10:03:07] [Render thread/INFO] (PiriRuntimeAcceptance) PIRI_PHASE02_PACKET {"type":"ACTION_ACCEPTED","payload":{"clientSequence":47,"action":"STOP_RIGHT"}}
[10:03:07] [Render thread/INFO] (PiriRuntimeAcceptance) PIRI_PHASE02_PACKET {"type":"REEL_STOP","payload":{"spinId":"036c6a7e-da94-436a-b150-ac405cc1d42b","reel":"RIGHT","pressedIndex":17,"stopIndex":17,"slip":0,"durationMs":80}}
[10:03:08] [Render thread/INFO] (PiriRuntimeAcceptance) PIRI_PHASE02_PACKET {"type":"ACTION_ACCEPTED","payload":{"clientSequence":48,"action":"STOP_LEFT"}}
[10:03:08] [Render thread/INFO] (PiriRuntimeAcceptance) PIRI_PHASE02_PACKET {"type":"REEL_STOP","payload":{"spinId":"036c6a7e-da94-436a-b150-ac405cc1d42b","reel":"LEFT","pressedIndex":0,"stopIndex":5,"slip":16,"durationMs":880}}
[10:03:08] [Render thread/INFO] (PiriRuntimeAcceptance) PIRI_PHASE02_PACKET {"type":"PUBLIC_STATE","payload":{"sessionId":"2d636068-39be-41bc-ae8e-6aa4e76a1383","machineId":1,"expectedNextClientSequence":49,"gameState":"SEATED_READY","lifecycle":"ACTIVE","credit":0,"heldMedals":0,"bet":0,"pay":0,"bonusCount":0,"lampOn":false,"displayStops":{"left":5,"center":2,"right":17},"stoppedMask":7}}
[10:03:09] [Render thread/INFO] (PiriRuntimeAcceptance) PIRI_PHASE02_PACKET {"type":"PUBLIC_STATE","payload":{"sessionId":"2d636068-39be-41bc-ae8e-6aa4e76a1383","machineId":1,"expectedNextClientSequence":49,"gameState":"NORMAL_SPINNING","lifecycle":"ACTIVE","credit":0,"heldMedals":0,"bet":0,"pay":0,"bonusCount":0,"lampOn":false,"displayStops":{"left":5,"center":2,"right":17},"stoppedMask":0}}
[10:03:09] [Render thread/INFO] (PiriRuntimeAcceptance) PIRI_PHASE02_PACKET {"type":"SPIN_START","payload":{"sessionId":"2d636068-39be-41bc-ae8e-6aa4e76a1383","machineId":1,"spinId":"e45cf463-8bb1-417e-9074-8530915aeab6","mode":"NORMAL","animation":"REVERSE_500MS","startPhase":{"left":5.0,"center":2.0,"right":17.0},"stopEnableAfterMs":800}}
[10:03:10] [Render thread/INFO] (PiriRuntimeAcceptance) PIRI_PHASE02_PACKET {"type":"ACTION_ACCEPTED","payload":{"clientSequence":49,"action":"STOP_RIGHT"}}
[10:03:10] [Render thread/INFO] (PiriRuntimeAcceptance) PIRI_PHASE02_PACKET {"type":"REEL_STOP","payload":{"spinId":"e45cf463-8bb1-417e-9074-8530915aeab6","reel":"RIGHT","pressedIndex":11,"stopIndex":11,"slip":0,"durationMs":80}}
[10:03:11] [Render thread/INFO] (PiriRuntimeAcceptance) PIRI_PHASE02_PACKET {"type":"ACTION_ACCEPTED","payload":{"clientSequence":50,"action":"STOP_LEFT"}}
[10:03:11] [Render thread/INFO] (PiriRuntimeAcceptance) PIRI_PHASE02_PACKET {"type":"REEL_STOP","payload":{"spinId":"e45cf463-8bb1-417e-9074-8530915aeab6","reel":"LEFT","pressedIndex":11,"stopIndex":5,"slip":6,"durationMs":380}}
[10:03:11] [Render thread/INFO] (PiriRuntimeAcceptance) PIRI_PHASE02_PACKET {"type":"ACTION_ACCEPTED","payload":{"clientSequence":51,"action":"STOP_CENTER"}}
[10:03:11] [Render thread/INFO] (PiriRuntimeAcceptance) PIRI_PHASE02_PACKET {"type":"REEL_STOP","payload":{"spinId":"e45cf463-8bb1-417e-9074-8530915aeab6","reel":"CENTER","pressedIndex":0,"stopIndex":1,"slip":20,"durationMs":1080}}
[10:03:11] [Render thread/INFO] (PiriRuntimeAcceptance) PIRI_PHASE02_PACKET {"type":"PUBLIC_STATE","payload":{"sessionId":"2d636068-39be-41bc-ae8e-6aa4e76a1383","machineId":1,"expectedNextClientSequence":52,"gameState":"SEATED_READY","lifecycle":"ACTIVE","credit":0,"heldMedals":0,"bet":0,"pay":0,"bonusCount":0,"lampOn":false,"displayStops":{"left":5,"center":1,"right":11},"stoppedMask":7}}
[10:03:13] [Render thread/INFO] (PiriRuntimeAcceptance) PIRI_PHASE02_PACKET {"type":"PUBLIC_STATE","payload":{"sessionId":"2d636068-39be-41bc-ae8e-6aa4e76a1383","machineId":1,"expectedNextClientSequence":52,"gameState":"NORMAL_SPINNING","lifecycle":"ACTIVE","credit":0,"heldMedals":0,"bet":0,"pay":0,"bonusCount":0,"lampOn":false,"displayStops":{"left":5,"center":1,"right":11},"stoppedMask":0}}
[10:03:13] [Render thread/INFO] (PiriRuntimeAcceptance) PIRI_PHASE02_PACKET {"type":"SPIN_START","payload":{"sessionId":"2d636068-39be-41bc-ae8e-6aa4e76a1383","machineId":1,"spinId":"f62f88ca-3bbd-4f15-9ff8-819d5e5a0d37","mode":"NORMAL","animation":"RESUME_NORMAL","startPhase":{"left":5.0,"center":1.0,"right":11.0},"stopEnableAfterMs":200}}
[10:03:14] [Render thread/INFO] (PiriRuntimeAcceptance) PIRI_PHASE02_PACKET {"type":"ACTION_ACCEPTED","payload":{"clientSequence":52,"action":"STOP_RIGHT"}}
[10:03:14] [Render thread/INFO] (PiriRuntimeAcceptance) PIRI_PHASE02_PACKET {"type":"REEL_STOP","payload":{"spinId":"f62f88ca-3bbd-4f15-9ff8-819d5e5a0d37","reel":"RIGHT","pressedIndex":1,"stopIndex":0,"slip":1,"durationMs":130}}
[10:03:14] [Render thread/INFO] (PiriRuntimeAcceptance) PIRI_PHASE02_PACKET {"type":"ACTION_ACCEPTED","payload":{"clientSequence":53,"action":"STOP_CENTER"}}
[10:03:14] [Render thread/INFO] (PiriRuntimeAcceptance) PIRI_PHASE02_PACKET {"type":"REEL_STOP","payload":{"spinId":"f62f88ca-3bbd-4f15-9ff8-819d5e5a0d37","reel":"CENTER","pressedIndex":3,"stopIndex":2,"slip":1,"durationMs":130}}
[10:03:15] [Render thread/INFO] (PiriRuntimeAcceptance) PIRI_PHASE02_PACKET {"type":"ACTION_ACCEPTED","payload":{"clientSequence":54,"action":"STOP_LEFT"}}
[10:03:15] [Render thread/INFO] (PiriRuntimeAcceptance) PIRI_PHASE02_PACKET {"type":"REEL_STOP","payload":{"spinId":"f62f88ca-3bbd-4f15-9ff8-819d5e5a0d37","reel":"LEFT","pressedIndex":19,"stopIndex":5,"slip":14,"durationMs":780}}
[10:03:15] [Render thread/INFO] (PiriRuntimeAcceptance) PIRI_PHASE02_PACKET {"type":"PUBLIC_STATE","payload":{"sessionId":"2d636068-39be-41bc-ae8e-6aa4e76a1383","machineId":1,"expectedNextClientSequence":55,"gameState":"SEATED_READY","lifecycle":"ACTIVE","credit":0,"heldMedals":0,"bet":0,"pay":0,"bonusCount":0,"lampOn":false,"displayStops":{"left":5,"center":2,"right":0},"stoppedMask":7}}
[10:03:16] [Render thread/INFO] (PiriRuntimeAcceptance) PIRI_PHASE02_PACKET {"type":"PUBLIC_STATE","payload":{"sessionId":"2d636068-39be-41bc-ae8e-6aa4e76a1383","machineId":1,"expectedNextClientSequence":55,"gameState":"NORMAL_SPINNING","lifecycle":"ACTIVE","credit":0,"heldMedals":0,"bet":0,"pay":0,"bonusCount":0,"lampOn":false,"displayStops":{"left":5,"center":2,"right":0},"stoppedMask":0}}
[10:03:16] [Render thread/INFO] (PiriRuntimeAcceptance) PIRI_PHASE02_PACKET {"type":"SPIN_START","payload":{"sessionId":"2d636068-39be-41bc-ae8e-6aa4e76a1383","machineId":1,"spinId":"58a76568-4d9e-4c18-addf-46339d15ae6d","mode":"NORMAL","animation":"NORMAL","startPhase":{"left":5.0,"center":2.0,"right":0.0},"stopEnableAfterMs":400}}
[10:03:17] [Render thread/INFO] (PiriRuntimeAcceptance) PIRI_PHASE02_PACKET {"type":"ACTION_ACCEPTED","payload":{"clientSequence":55,"action":"STOP_LEFT"}}
[10:03:17] [Render thread/INFO] (PiriRuntimeAcceptance) PIRI_PHASE02_PACKET {"type":"REEL_STOP","payload":{"spinId":"58a76568-4d9e-4c18-addf-46339d15ae6d","reel":"LEFT","pressedIndex":18,"stopIndex":18,"slip":0,"durationMs":80}}
[10:03:18] [Render thread/INFO] (PiriRuntimeAcceptance) PIRI_PHASE02_PACKET {"type":"ACTION_ACCEPTED","payload":{"clientSequence":56,"action":"STOP_CENTER"}}
[10:03:18] [Render thread/INFO] (PiriRuntimeAcceptance) PIRI_PHASE02_PACKET {"type":"REEL_STOP","payload":{"spinId":"58a76568-4d9e-4c18-addf-46339d15ae6d","reel":"CENTER","pressedIndex":18,"stopIndex":18,"slip":0,"durationMs":80}}
[10:03:18] [Render thread/INFO] (PiriRuntimeAcceptance) PIRI_PHASE02_PACKET {"type":"ACTION_ACCEPTED","payload":{"clientSequence":57,"action":"STOP_RIGHT"}}
[10:03:18] [Render thread/INFO] (PiriRuntimeAcceptance) PIRI_PHASE02_PACKET {"type":"REEL_STOP","payload":{"spinId":"58a76568-4d9e-4c18-addf-46339d15ae6d","reel":"RIGHT","pressedIndex":7,"stopIndex":5,"slip":2,"durationMs":180}}
[10:03:18] [Render thread/INFO] (PiriRuntimeAcceptance) PIRI_PHASE02_PACKET {"type":"PUBLIC_STATE","payload":{"sessionId":"2d636068-39be-41bc-ae8e-6aa4e76a1383","machineId":1,"expectedNextClientSequence":58,"gameState":"SEATED_READY","lifecycle":"ACTIVE","credit":0,"heldMedals":0,"bet":0,"pay":0,"bonusCount":0,"lampOn":false,"displayStops":{"left":18,"center":18,"right":5},"stoppedMask":7}}
[10:03:19] [Render thread/INFO] (PiriRuntimeAcceptance) PIRI_PHASE02_PACKET {"type":"PUBLIC_STATE","payload":{"sessionId":"2d636068-39be-41bc-ae8e-6aa4e76a1383","machineId":1,"expectedNextClientSequence":58,"gameState":"NORMAL_SPINNING","lifecycle":"ACTIVE","credit":0,"heldMedals":0,"bet":0,"pay":0,"bonusCount":0,"lampOn":false,"displayStops":{"left":18,"center":18,"right":5},"stoppedMask":0}}
[10:03:19] [Render thread/INFO] (PiriRuntimeAcceptance) PIRI_PHASE02_PACKET {"type":"SPIN_START","payload":{"sessionId":"2d636068-39be-41bc-ae8e-6aa4e76a1383","machineId":1,"spinId":"b5c7966d-9282-4c9c-8ab9-ced2d947e74c","mode":"NORMAL","animation":"REVERSE_500MS","startPhase":{"left":18.0,"center":18.0,"right":5.0},"stopEnableAfterMs":800}}
[10:03:21] [Render thread/INFO] (PiriRuntimeAcceptance) PIRI_PHASE02_PACKET {"type":"ACTION_ACCEPTED","payload":{"clientSequence":58,"action":"STOP_LEFT"}}
[10:03:21] [Render thread/INFO] (PiriRuntimeAcceptance) PIRI_PHASE02_PACKET {"type":"REEL_STOP","payload":{"spinId":"b5c7966d-9282-4c9c-8ab9-ced2d947e74c","reel":"LEFT","pressedIndex":13,"stopIndex":12,"slip":1,"durationMs":130}}
[10:03:21] [Render thread/INFO] (PiriRuntimeAcceptance) PIRI_PHASE02_PACKET {"type":"ACTION_ACCEPTED","payload":{"clientSequence":59,"action":"STOP_RIGHT"}}
[10:03:21] [Render thread/INFO] (PiriRuntimeAcceptance) PIRI_PHASE02_PACKET {"type":"REEL_STOP","payload":{"spinId":"b5c7966d-9282-4c9c-8ab9-ced2d947e74c","reel":"RIGHT","pressedIndex":12,"stopIndex":11,"slip":1,"durationMs":130}}
[10:03:22] [Render thread/INFO] (PiriRuntimeAcceptance) PIRI_PHASE02_PACKET {"type":"ACTION_ACCEPTED","payload":{"clientSequence":60,"action":"STOP_CENTER"}}
[10:03:22] [Render thread/INFO] (PiriRuntimeAcceptance) PIRI_PHASE02_PACKET {"type":"REEL_STOP","payload":{"spinId":"b5c7966d-9282-4c9c-8ab9-ced2d947e74c","reel":"CENTER","pressedIndex":11,"stopIndex":11,"slip":0,"durationMs":80}}
[10:03:22] [Render thread/INFO] (PiriRuntimeAcceptance) PIRI_PHASE02_PACKET {"type":"PUBLIC_STATE","payload":{"sessionId":"2d636068-39be-41bc-ae8e-6aa4e76a1383","machineId":1,"expectedNextClientSequence":61,"gameState":"SEATED_READY","lifecycle":"ACTIVE","credit":0,"heldMedals":0,"bet":0,"pay":0,"bonusCount":0,"lampOn":false,"displayStops":{"left":12,"center":11,"right":11},"stoppedMask":7}}
[10:03:22] [Render thread/INFO] (PiriRuntimeAcceptance) PIRI_PHASE02_PACKET {"type":"PUBLIC_STATE","payload":{"sessionId":"2d636068-39be-41bc-ae8e-6aa4e76a1383","machineId":1,"expectedNextClientSequence":61,"gameState":"NORMAL_SPINNING","lifecycle":"ACTIVE","credit":0,"heldMedals":0,"bet":0,"pay":0,"bonusCount":0,"lampOn":false,"displayStops":{"left":12,"center":11,"right":11},"stoppedMask":0}}
[10:03:22] [Render thread/INFO] (PiriRuntimeAcceptance) PIRI_PHASE02_PACKET {"type":"SPIN_START","payload":{"sessionId":"2d636068-39be-41bc-ae8e-6aa4e76a1383","machineId":1,"spinId":"eaf67d29-0599-4aea-a21a-40abb3f3858d","mode":"NORMAL","animation":"RESUME_NORMAL","startPhase":{"left":12.0,"center":11.0,"right":11.0},"stopEnableAfterMs":200}}
[10:03:23] [Render thread/INFO] (PiriRuntimeAcceptance) PIRI_PHASE02_PACKET {"type":"ACTION_ACCEPTED","payload":{"clientSequence":61,"action":"STOP_CENTER"}}
[10:03:23] [Render thread/INFO] (PiriRuntimeAcceptance) PIRI_PHASE02_PACKET {"type":"REEL_STOP","payload":{"spinId":"eaf67d29-0599-4aea-a21a-40abb3f3858d","reel":"CENTER","pressedIndex":2,"stopIndex":2,"slip":0,"durationMs":80}}
[10:03:23] [Render thread/INFO] (PiriRuntimeAcceptance) PIRI_PHASE02_PACKET {"type":"ACTION_ACCEPTED","payload":{"clientSequence":62,"action":"STOP_LEFT"}}
[10:03:23] [Render thread/INFO] (PiriRuntimeAcceptance) PIRI_PHASE02_PACKET {"type":"REEL_STOP","payload":{"spinId":"eaf67d29-0599-4aea-a21a-40abb3f3858d","reel":"LEFT","pressedIndex":15,"stopIndex":15,"slip":0,"durationMs":80}}
[10:03:24] [Render thread/INFO] (PiriRuntimeAcceptance) PIRI_PHASE02_PACKET {"type":"ACTION_ACCEPTED","payload":{"clientSequence":63,"action":"STOP_RIGHT"}}
[10:03:24] [Render thread/INFO] (PiriRuntimeAcceptance) PIRI_PHASE02_PACKET {"type":"REEL_STOP","payload":{"spinId":"eaf67d29-0599-4aea-a21a-40abb3f3858d","reel":"RIGHT","pressedIndex":5,"stopIndex":1,"slip":4,"durationMs":280}}
[10:03:24] [Render thread/INFO] (PiriRuntimeAcceptance) PIRI_PHASE02_PACKET {"type":"PUBLIC_STATE","payload":{"sessionId":"2d636068-39be-41bc-ae8e-6aa4e76a1383","machineId":1,"expectedNextClientSequence":64,"gameState":"SEATED_READY","lifecycle":"ACTIVE","credit":0,"heldMedals":0,"bet":0,"pay":0,"bonusCount":0,"lampOn":false,"displayStops":{"left":15,"center":2,"right":1},"stoppedMask":7}}
[10:03:24] [Render thread/INFO] (PiriRuntimeAcceptance) PIRI_PHASE02_PACKET {"type":"PUBLIC_STATE","payload":{"sessionId":"2d636068-39be-41bc-ae8e-6aa4e76a1383","machineId":1,"expectedNextClientSequence":64,"gameState":"NORMAL_SPINNING","lifecycle":"ACTIVE","credit":0,"heldMedals":0,"bet":0,"pay":0,"bonusCount":0,"lampOn":false,"displayStops":{"left":15,"center":2,"right":1},"stoppedMask":0}}
[10:03:24] [Render thread/INFO] (PiriRuntimeAcceptance) PIRI_PHASE02_PACKET {"type":"SPIN_START","payload":{"sessionId":"2d636068-39be-41bc-ae8e-6aa4e76a1383","machineId":1,"spinId":"90ef1a9d-510f-42e9-86bc-b3e5999421f7","mode":"NORMAL","animation":"NORMAL","startPhase":{"left":15.0,"center":2.0,"right":1.0},"stopEnableAfterMs":400}}
[10:03:25] [Render thread/INFO] (PiriRuntimeAcceptance) PIRI_PHASE02_PACKET {"type":"ACTION_ACCEPTED","payload":{"clientSequence":64,"action":"STOP_CENTER"}}
[10:03:25] [Render thread/INFO] (PiriRuntimeAcceptance) PIRI_PHASE02_PACKET {"type":"REEL_STOP","payload":{"spinId":"90ef1a9d-510f-42e9-86bc-b3e5999421f7","reel":"CENTER","pressedIndex":15,"stopIndex":15,"slip":0,"durationMs":80}}
[10:03:26] [Render thread/INFO] (PiriRuntimeAcceptance) PIRI_PHASE02_PACKET {"type":"ACTION_ACCEPTED","payload":{"clientSequence":65,"action":"STOP_RIGHT"}}
[10:03:26] [Render thread/INFO] (PiriRuntimeAcceptance) PIRI_PHASE02_PACKET {"type":"REEL_STOP","payload":{"spinId":"90ef1a9d-510f-42e9-86bc-b3e5999421f7","reel":"RIGHT","pressedIndex":1,"stopIndex":19,"slip":3,"durationMs":230}}
[10:03:27] [Render thread/INFO] (PiriRuntimeAcceptance) PIRI_PHASE02_PACKET {"type":"ACTION_ACCEPTED","payload":{"clientSequence":66,"action":"STOP_LEFT"}}
[10:03:27] [Render thread/INFO] (PiriRuntimeAcceptance) PIRI_PHASE02_PACKET {"type":"REEL_STOP","payload":{"spinId":"90ef1a9d-510f-42e9-86bc-b3e5999421f7","reel":"LEFT","pressedIndex":6,"stopIndex":2,"slip":4,"durationMs":280}}
[10:03:27] [Render thread/INFO] (PiriRuntimeAcceptance) PIRI_PHASE02_PACKET {"type":"PUBLIC_STATE","payload":{"sessionId":"2d636068-39be-41bc-ae8e-6aa4e76a1383","machineId":1,"expectedNextClientSequence":67,"gameState":"SEATED_READY","lifecycle":"ACTIVE","credit":0,"heldMedals":0,"bet":0,"pay":0,"bonusCount":0,"lampOn":false,"displayStops":{"left":2,"center":15,"right":19},"stoppedMask":7}}
[10:03:27] [Render thread/INFO] (PiriRuntimeAcceptance) PIRI_PHASE02_PACKET {"type":"PUBLIC_STATE","payload":{"sessionId":"2d636068-39be-41bc-ae8e-6aa4e76a1383","machineId":1,"expectedNextClientSequence":67,"gameState":"NORMAL_SPINNING","lifecycle":"ACTIVE","credit":0,"heldMedals":0,"bet":0,"pay":0,"bonusCount":0,"lampOn":false,"displayStops":{"left":2,"center":15,"right":19},"stoppedMask":0}}
[10:03:27] [Render thread/INFO] (PiriRuntimeAcceptance) PIRI_PHASE02_PACKET {"type":"SPIN_START","payload":{"sessionId":"2d636068-39be-41bc-ae8e-6aa4e76a1383","machineId":1,"spinId":"b2ed7113-ae8f-4511-8365-f55ecd719030","mode":"NORMAL","animation":"REVERSE_500MS","startPhase":{"left":2.0,"center":15.0,"right":19.0},"stopEnableAfterMs":800}}
[10:03:29] [Render thread/INFO] (PiriRuntimeAcceptance) PIRI_PHASE02_PACKET {"type":"ACTION_ACCEPTED","payload":{"clientSequence":67,"action":"STOP_RIGHT"}}
[10:03:29] [Render thread/INFO] (PiriRuntimeAcceptance) PIRI_PHASE02_PACKET {"type":"REEL_STOP","payload":{"spinId":"b2ed7113-ae8f-4511-8365-f55ecd719030","reel":"RIGHT","pressedIndex":14,"stopIndex":14,"slip":0,"durationMs":80}}
[10:03:29] [Render thread/INFO] (PiriRuntimeAcceptance) PIRI_PHASE02_PACKET {"type":"ACTION_ACCEPTED","payload":{"clientSequence":68,"action":"STOP_LEFT"}}
[10:03:29] [Render thread/INFO] (PiriRuntimeAcceptance) PIRI_PHASE02_PACKET {"type":"REEL_STOP","payload":{"spinId":"b2ed7113-ae8f-4511-8365-f55ecd719030","reel":"LEFT","pressedIndex":9,"stopIndex":6,"slip":3,"durationMs":230}}
[10:03:30] [Render thread/INFO] (PiriRuntimeAcceptance) PIRI_PHASE02_PACKET {"type":"ACTION_ACCEPTED","payload":{"clientSequence":69,"action":"STOP_CENTER"}}
[10:03:30] [Render thread/INFO] (PiriRuntimeAcceptance) PIRI_PHASE02_PACKET {"type":"REEL_STOP","payload":{"spinId":"b2ed7113-ae8f-4511-8365-f55ecd719030","reel":"CENTER","pressedIndex":8,"stopIndex":6,"slip":2,"durationMs":180}}
[10:03:30] [Render thread/INFO] (PiriRuntimeAcceptance) PIRI_PHASE02_PACKET {"type":"PUBLIC_STATE","payload":{"sessionId":"2d636068-39be-41bc-ae8e-6aa4e76a1383","machineId":1,"expectedNextClientSequence":70,"gameState":"SEATED_READY","lifecycle":"ACTIVE","credit":0,"heldMedals":0,"bet":0,"pay":0,"bonusCount":0,"lampOn":false,"displayStops":{"left":6,"center":6,"right":14},"stoppedMask":7}}
[10:03:30] [Render thread/INFO] (PiriRuntimeAcceptance) PIRI_PHASE02_PACKET {"type":"PUBLIC_STATE","payload":{"sessionId":"2d636068-39be-41bc-ae8e-6aa4e76a1383","machineId":1,"expectedNextClientSequence":70,"gameState":"NORMAL_SPINNING","lifecycle":"ACTIVE","credit":0,"heldMedals":0,"bet":0,"pay":0,"bonusCount":0,"lampOn":false,"displayStops":{"left":6,"center":6,"right":14},"stoppedMask":0}}
[10:03:30] [Render thread/INFO] (PiriRuntimeAcceptance) PIRI_PHASE02_PACKET {"type":"SPIN_START","payload":{"sessionId":"2d636068-39be-41bc-ae8e-6aa4e76a1383","machineId":1,"spinId":"6c82c4cb-6302-4360-a578-ad77ea991557","mode":"NORMAL","animation":"RESUME_NORMAL","startPhase":{"left":6.0,"center":6.0,"right":14.0},"stopEnableAfterMs":200}}
[10:03:31] [Render thread/INFO] (PiriRuntimeAcceptance) PIRI_PHASE02_PACKET {"type":"ACTION_ACCEPTED","payload":{"clientSequence":70,"action":"STOP_RIGHT"}}
[10:03:31] [Render thread/INFO] (PiriRuntimeAcceptance) PIRI_PHASE02_PACKET {"type":"REEL_STOP","payload":{"spinId":"6c82c4cb-6302-4360-a578-ad77ea991557","reel":"RIGHT","pressedIndex":5,"stopIndex":5,"slip":0,"durationMs":80}}
[10:03:31] [Render thread/INFO] (PiriRuntimeAcceptance) PIRI_PHASE02_PACKET {"type":"ACTION_ACCEPTED","payload":{"clientSequence":71,"action":"STOP_CENTER"}}
[10:03:31] [Render thread/INFO] (PiriRuntimeAcceptance) PIRI_PHASE02_PACKET {"type":"REEL_STOP","payload":{"spinId":"6c82c4cb-6302-4360-a578-ad77ea991557","reel":"CENTER","pressedIndex":9,"stopIndex":9,"slip":0,"durationMs":80}}
[10:03:32] [Render thread/INFO] (PiriRuntimeAcceptance) PIRI_PHASE02_PACKET {"type":"ACTION_ACCEPTED","payload":{"clientSequence":72,"action":"STOP_LEFT"}}
[10:03:32] [Render thread/INFO] (PiriRuntimeAcceptance) PIRI_PHASE02_PACKET {"type":"REEL_STOP","payload":{"spinId":"6c82c4cb-6302-4360-a578-ad77ea991557","reel":"LEFT","pressedIndex":0,"stopIndex":16,"slip":5,"durationMs":330}}
[10:03:32] [Render thread/INFO] (PiriRuntimeAcceptance) PIRI_PHASE02_PACKET {"type":"PUBLIC_STATE","payload":{"sessionId":"2d636068-39be-41bc-ae8e-6aa4e76a1383","machineId":1,"expectedNextClientSequence":73,"gameState":"SEATED_READY","lifecycle":"ACTIVE","credit":0,"heldMedals":0,"bet":0,"pay":0,"bonusCount":0,"lampOn":false,"displayStops":{"left":16,"center":9,"right":5},"stoppedMask":7}}
[10:03:32] [Render thread/INFO] (PiriRuntimeAcceptance) PIRI_PHASE02_PACKET {"type":"PUBLIC_STATE","payload":{"sessionId":"2d636068-39be-41bc-ae8e-6aa4e76a1383","machineId":1,"expectedNextClientSequence":73,"gameState":"NORMAL_SPINNING","lifecycle":"ACTIVE","credit":0,"heldMedals":0,"bet":0,"pay":0,"bonusCount":0,"lampOn":false,"displayStops":{"left":16,"center":9,"right":5},"stoppedMask":0}}
[10:03:32] [Render thread/INFO] (PiriRuntimeAcceptance) PIRI_PHASE02_PACKET {"type":"SPIN_START","payload":{"sessionId":"2d636068-39be-41bc-ae8e-6aa4e76a1383","machineId":1,"spinId":"582159ff-6cb5-471a-ad63-723b93f8031b","mode":"NORMAL","animation":"NORMAL","startPhase":{"left":16.0,"center":9.0,"right":5.0},"stopEnableAfterMs":400}}
[10:03:34] [Render thread/INFO] (PiriRuntimeAcceptance) PIRI_PHASE02_PACKET {"type":"ACTION_ACCEPTED","payload":{"clientSequence":73,"action":"STOP_LEFT"}}
[10:03:34] [Render thread/INFO] (PiriRuntimeAcceptance) PIRI_PHASE02_PACKET {"type":"REEL_STOP","payload":{"spinId":"582159ff-6cb5-471a-ad63-723b93f8031b","reel":"LEFT","pressedIndex":3,"stopIndex":0,"slip":3,"durationMs":230}}
[10:03:34] [Render thread/INFO] (PiriRuntimeAcceptance) PIRI_PHASE02_PACKET {"type":"ACTION_ACCEPTED","payload":{"clientSequence":74,"action":"STOP_CENTER"}}
[10:03:34] [Render thread/INFO] (PiriRuntimeAcceptance) PIRI_PHASE02_PACKET {"type":"REEL_STOP","payload":{"spinId":"582159ff-6cb5-471a-ad63-723b93f8031b","reel":"CENTER","pressedIndex":4,"stopIndex":4,"slip":0,"durationMs":80}}
[10:03:35] [Render thread/INFO] (PiriRuntimeAcceptance) PIRI_PHASE02_PACKET {"type":"ACTION_ACCEPTED","payload":{"clientSequence":75,"action":"STOP_RIGHT"}}
[10:03:35] [Render thread/INFO] (PiriRuntimeAcceptance) PIRI_PHASE02_PACKET {"type":"REEL_STOP","payload":{"spinId":"582159ff-6cb5-471a-ad63-723b93f8031b","reel":"RIGHT","pressedIndex":12,"stopIndex":12,"slip":0,"durationMs":80}}
[10:03:35] [Render thread/INFO] (PiriRuntimeAcceptance) PIRI_PHASE02_PACKET {"type":"PUBLIC_STATE","payload":{"sessionId":"2d636068-39be-41bc-ae8e-6aa4e76a1383","machineId":1,"expectedNextClientSequence":76,"gameState":"SEATED_READY","lifecycle":"ACTIVE","credit":0,"heldMedals":0,"bet":0,"pay":0,"bonusCount":0,"lampOn":false,"displayStops":{"left":0,"center":4,"right":12},"stoppedMask":7}}
[10:03:36] [Render thread/INFO] (PiriRuntimeAcceptance) PIRI_PHASE02_PACKET {"type":"PUBLIC_STATE","payload":{"sessionId":"2d636068-39be-41bc-ae8e-6aa4e76a1383","machineId":1,"expectedNextClientSequence":76,"gameState":"NORMAL_SPINNING","lifecycle":"ACTIVE","credit":0,"heldMedals":0,"bet":0,"pay":0,"bonusCount":0,"lampOn":false,"displayStops":{"left":0,"center":4,"right":12},"stoppedMask":0}}
[10:03:36] [Render thread/INFO] (PiriRuntimeAcceptance) PIRI_PHASE02_PACKET {"type":"SPIN_START","payload":{"sessionId":"2d636068-39be-41bc-ae8e-6aa4e76a1383","machineId":1,"spinId":"bd657bf5-2b07-4996-a1ea-edaa73567c98","mode":"NORMAL","animation":"REVERSE_500MS","startPhase":{"left":0.0,"center":4.0,"right":12.0},"stopEnableAfterMs":800}}
[10:03:37] [Render thread/INFO] (PiriRuntimeAcceptance) PIRI_PHASE02_PACKET {"type":"ACTION_ACCEPTED","payload":{"clientSequence":76,"action":"STOP_LEFT"}}
[10:03:37] [Render thread/INFO] (PiriRuntimeAcceptance) PIRI_PHASE02_PACKET {"type":"REEL_STOP","payload":{"spinId":"bd657bf5-2b07-4996-a1ea-edaa73567c98","reel":"LEFT","pressedIndex":16,"stopIndex":9,"slip":7,"durationMs":430}}
[10:03:38] [Render thread/INFO] (PiriRuntimeAcceptance) PIRI_PHASE02_PACKET {"type":"ACTION_ACCEPTED","payload":{"clientSequence":77,"action":"STOP_RIGHT"}}
[10:03:38] [Render thread/INFO] (PiriRuntimeAcceptance) PIRI_PHASE02_PACKET {"type":"REEL_STOP","payload":{"spinId":"bd657bf5-2b07-4996-a1ea-edaa73567c98","reel":"RIGHT","pressedIndex":19,"stopIndex":19,"slip":0,"durationMs":80}}
[10:03:39] [Render thread/INFO] (PiriRuntimeAcceptance) PIRI_PHASE02_PACKET {"type":"ACTION_ACCEPTED","payload":{"clientSequence":78,"action":"STOP_CENTER"}}
[10:03:39] [Render thread/INFO] (PiriRuntimeAcceptance) PIRI_PHASE02_PACKET {"type":"REEL_STOP","payload":{"spinId":"bd657bf5-2b07-4996-a1ea-edaa73567c98","reel":"CENTER","pressedIndex":18,"stopIndex":18,"slip":0,"durationMs":80}}
[10:03:39] [Render thread/INFO] (PiriRuntimeAcceptance) PIRI_PHASE02_PACKET {"type":"PUBLIC_STATE","payload":{"sessionId":"2d636068-39be-41bc-ae8e-6aa4e76a1383","machineId":1,"expectedNextClientSequence":79,"gameState":"SEATED_READY","lifecycle":"ACTIVE","credit":0,"heldMedals":0,"bet":0,"pay":0,"bonusCount":0,"lampOn":false,"displayStops":{"left":9,"center":18,"right":19},"stoppedMask":7}}
[10:03:39] [Render thread/INFO] (PiriRuntimeAcceptance) PIRI_PHASE02_PACKET {"type":"PUBLIC_STATE","payload":{"sessionId":"2d636068-39be-41bc-ae8e-6aa4e76a1383","machineId":1,"expectedNextClientSequence":79,"gameState":"NORMAL_SPINNING","lifecycle":"ACTIVE","credit":0,"heldMedals":0,"bet":0,"pay":0,"bonusCount":0,"lampOn":false,"displayStops":{"left":9,"center":18,"right":19},"stoppedMask":0}}
[10:03:39] [Render thread/INFO] (PiriRuntimeAcceptance) PIRI_PHASE02_PACKET {"type":"SPIN_START","payload":{"sessionId":"2d636068-39be-41bc-ae8e-6aa4e76a1383","machineId":1,"spinId":"84bc9c9e-6fe7-4bd5-a644-cb5b07ddf288","mode":"NORMAL","animation":"RESUME_NORMAL","startPhase":{"left":9.0,"center":18.0,"right":19.0},"stopEnableAfterMs":200}}
[10:03:40] [Render thread/INFO] (PiriRuntimeAcceptance) PIRI_PHASE02_PACKET {"type":"ACTION_ACCEPTED","payload":{"clientSequence":79,"action":"STOP_CENTER"}}
[10:03:40] [Render thread/INFO] (PiriRuntimeAcceptance) PIRI_PHASE02_PACKET {"type":"REEL_STOP","payload":{"spinId":"84bc9c9e-6fe7-4bd5-a644-cb5b07ddf288","reel":"CENTER","pressedIndex":9,"stopIndex":9,"slip":0,"durationMs":80}}
[10:03:40] [Render thread/INFO] (PiriRuntimeAcceptance) PIRI_PHASE02_PACKET {"type":"ACTION_ACCEPTED","payload":{"clientSequence":80,"action":"STOP_LEFT"}}
[10:03:40] [Render thread/INFO] (PiriRuntimeAcceptance) PIRI_PHASE02_PACKET {"type":"REEL_STOP","payload":{"spinId":"84bc9c9e-6fe7-4bd5-a644-cb5b07ddf288","reel":"LEFT","pressedIndex":12,"stopIndex":9,"slip":3,"durationMs":230}}
[10:03:41] [Render thread/INFO] (PiriRuntimeAcceptance) PIRI_PHASE02_PACKET {"type":"ACTION_ACCEPTED","payload":{"clientSequence":81,"action":"STOP_RIGHT"}}
[10:03:41] [Render thread/INFO] (PiriRuntimeAcceptance) PIRI_PHASE02_PACKET {"type":"REEL_STOP","payload":{"spinId":"84bc9c9e-6fe7-4bd5-a644-cb5b07ddf288","reel":"RIGHT","pressedIndex":12,"stopIndex":12,"slip":0,"durationMs":80}}
[10:03:41] [Render thread/INFO] (PiriRuntimeAcceptance) PIRI_PHASE02_PACKET {"type":"PUBLIC_STATE","payload":{"sessionId":"2d636068-39be-41bc-ae8e-6aa4e76a1383","machineId":1,"expectedNextClientSequence":82,"gameState":"SEATED_READY","lifecycle":"ACTIVE","credit":0,"heldMedals":0,"bet":0,"pay":0,"bonusCount":0,"lampOn":false,"displayStops":{"left":9,"center":9,"right":12},"stoppedMask":7}}
[10:03:41] [Render thread/INFO] (PiriRuntimeAcceptance) PIRI_PHASE02_PACKET {"type":"PUBLIC_STATE","payload":{"sessionId":"2d636068-39be-41bc-ae8e-6aa4e76a1383","machineId":1,"expectedNextClientSequence":82,"gameState":"NORMAL_SPINNING","lifecycle":"ACTIVE","credit":0,"heldMedals":0,"bet":0,"pay":0,"bonusCount":0,"lampOn":false,"displayStops":{"left":9,"center":9,"right":12},"stoppedMask":0}}
[10:03:41] [Render thread/INFO] (PiriRuntimeAcceptance) PIRI_PHASE02_PACKET {"type":"SPIN_START","payload":{"sessionId":"2d636068-39be-41bc-ae8e-6aa4e76a1383","machineId":1,"spinId":"0ed77ece-6e38-43af-9200-3a1c7109c8aa","mode":"NORMAL","animation":"NORMAL","startPhase":{"left":9.0,"center":9.0,"right":12.0},"stopEnableAfterMs":400}}
[10:03:42] [Render thread/INFO] (PiriRuntimeAcceptance) PIRI_PHASE02_PACKET {"type":"ACTION_ACCEPTED","payload":{"clientSequence":82,"action":"STOP_CENTER"}}
[10:03:42] [Render thread/INFO] (PiriRuntimeAcceptance) PIRI_PHASE02_PACKET {"type":"REEL_STOP","payload":{"spinId":"0ed77ece-6e38-43af-9200-3a1c7109c8aa","reel":"CENTER","pressedIndex":17,"stopIndex":17,"slip":0,"durationMs":80}}
[10:03:43] [Render thread/INFO] (PiriRuntimeAcceptance) PIRI_PHASE02_PACKET {"type":"ACTION_ACCEPTED","payload":{"clientSequence":83,"action":"STOP_RIGHT"}}
[10:03:43] [Render thread/INFO] (PiriRuntimeAcceptance) PIRI_PHASE02_PACKET {"type":"REEL_STOP","payload":{"spinId":"0ed77ece-6e38-43af-9200-3a1c7109c8aa","reel":"RIGHT","pressedIndex":11,"stopIndex":11,"slip":0,"durationMs":80}}
[10:03:43] [Render thread/INFO] (PiriRuntimeAcceptance) PIRI_PHASE02_PACKET {"type":"ACTION_ACCEPTED","payload":{"clientSequence":84,"action":"STOP_LEFT"}}
[10:03:43] [Render thread/INFO] (PiriRuntimeAcceptance) PIRI_PHASE02_PACKET {"type":"REEL_STOP","payload":{"spinId":"0ed77ece-6e38-43af-9200-3a1c7109c8aa","reel":"LEFT","pressedIndex":20,"stopIndex":19,"slip":1,"durationMs":130}}
[10:03:43] [Render thread/INFO] (PiriRuntimeAcceptance) PIRI_PHASE02_PACKET {"type":"PUBLIC_STATE","payload":{"sessionId":"2d636068-39be-41bc-ae8e-6aa4e76a1383","machineId":1,"expectedNextClientSequence":85,"gameState":"SEATED_READY","lifecycle":"ACTIVE","credit":0,"heldMedals":0,"bet":0,"pay":0,"bonusCount":0,"lampOn":false,"displayStops":{"left":19,"center":17,"right":11},"stoppedMask":7}}
[10:03:43] [Render thread/INFO] (PiriRuntimeAcceptance) PIRI_PHASE02_PACKET {"type":"PUBLIC_STATE","payload":{"sessionId":"2d636068-39be-41bc-ae8e-6aa4e76a1383","machineId":1,"expectedNextClientSequence":85,"gameState":"NORMAL_SPINNING","lifecycle":"ACTIVE","credit":0,"heldMedals":0,"bet":0,"pay":0,"bonusCount":0,"lampOn":false,"displayStops":{"left":19,"center":17,"right":11},"stoppedMask":0}}
[10:03:43] [Render thread/INFO] (PiriRuntimeAcceptance) PIRI_PHASE02_PACKET {"type":"SPIN_START","payload":{"sessionId":"2d636068-39be-41bc-ae8e-6aa4e76a1383","machineId":1,"spinId":"d3e94b0a-c14a-4cf9-b696-3e5237bb97b2","mode":"NORMAL","animation":"REVERSE_500MS","startPhase":{"left":19.0,"center":17.0,"right":11.0},"stopEnableAfterMs":800}}
[10:03:45] [Render thread/INFO] (PiriRuntimeAcceptance) PIRI_PHASE02_PACKET {"type":"ACTION_ACCEPTED","payload":{"clientSequence":85,"action":"STOP_RIGHT"}}
[10:03:45] [Render thread/INFO] (PiriRuntimeAcceptance) PIRI_PHASE02_PACKET {"type":"REEL_STOP","payload":{"spinId":"d3e94b0a-c14a-4cf9-b696-3e5237bb97b2","reel":"RIGHT","pressedIndex":6,"stopIndex":6,"slip":0,"durationMs":80}}
[10:03:45] [Render thread/INFO] (PiriRuntimeAcceptance) PIRI_PHASE02_PACKET {"type":"ACTION_ACCEPTED","payload":{"clientSequence":86,"action":"STOP_LEFT"}}
[10:03:45] [Render thread/INFO] (PiriRuntimeAcceptance) PIRI_PHASE02_PACKET {"type":"REEL_STOP","payload":{"spinId":"d3e94b0a-c14a-4cf9-b696-3e5237bb97b2","reel":"LEFT","pressedIndex":5,"stopIndex":0,"slip":5,"durationMs":330}}
[10:03:46] [Render thread/INFO] (PiriRuntimeAcceptance) PIRI_PHASE02_PACKET {"type":"ACTION_ACCEPTED","payload":{"clientSequence":87,"action":"STOP_CENTER"}}
[10:03:46] [Render thread/INFO] (PiriRuntimeAcceptance) PIRI_PHASE02_PACKET {"type":"REEL_STOP","payload":{"spinId":"d3e94b0a-c14a-4cf9-b696-3e5237bb97b2","reel":"CENTER","pressedIndex":10,"stopIndex":10,"slip":0,"durationMs":80}}
[10:03:46] [Render thread/INFO] (PiriRuntimeAcceptance) PIRI_PHASE02_PACKET {"type":"PUBLIC_STATE","payload":{"sessionId":"2d636068-39be-41bc-ae8e-6aa4e76a1383","machineId":1,"expectedNextClientSequence":88,"gameState":"SEATED_READY","lifecycle":"ACTIVE","credit":0,"heldMedals":0,"bet":0,"pay":0,"bonusCount":0,"lampOn":false,"displayStops":{"left":0,"center":10,"right":6},"stoppedMask":7}}
[10:03:47] [Render thread/INFO] (PiriRuntimeAcceptance) PIRI_PHASE02_PACKET {"type":"PUBLIC_STATE","payload":{"sessionId":"2d636068-39be-41bc-ae8e-6aa4e76a1383","machineId":1,"expectedNextClientSequence":88,"gameState":"NORMAL_SPINNING","lifecycle":"ACTIVE","credit":0,"heldMedals":0,"bet":0,"pay":0,"bonusCount":0,"lampOn":false,"displayStops":{"left":0,"center":10,"right":6},"stoppedMask":0}}
[10:03:47] [Render thread/INFO] (PiriRuntimeAcceptance) PIRI_PHASE02_PACKET {"type":"SPIN_START","payload":{"sessionId":"2d636068-39be-41bc-ae8e-6aa4e76a1383","machineId":1,"spinId":"c7fce537-eaf0-4896-8c9f-fe3190136e53","mode":"NORMAL","animation":"RESUME_NORMAL","startPhase":{"left":0.0,"center":10.0,"right":6.0},"stopEnableAfterMs":200}}
[10:03:47] [Render thread/INFO] (PiriRuntimeAcceptance) PIRI_PHASE02_PACKET {"type":"ACTION_ACCEPTED","payload":{"clientSequence":88,"action":"STOP_RIGHT"}}
[10:03:47] [Render thread/INFO] (PiriRuntimeAcceptance) PIRI_PHASE02_PACKET {"type":"REEL_STOP","payload":{"spinId":"c7fce537-eaf0-4896-8c9f-fe3190136e53","reel":"RIGHT","pressedIndex":18,"stopIndex":18,"slip":0,"durationMs":80}}
[10:03:48] [Render thread/INFO] (PiriRuntimeAcceptance) PIRI_PHASE02_PACKET {"type":"ACTION_ACCEPTED","payload":{"clientSequence":89,"action":"STOP_CENTER"}}
[10:03:48] [Render thread/INFO] (PiriRuntimeAcceptance) PIRI_PHASE02_PACKET {"type":"REEL_STOP","payload":{"spinId":"c7fce537-eaf0-4896-8c9f-fe3190136e53","reel":"CENTER","pressedIndex":13,"stopIndex":13,"slip":0,"durationMs":80}}
[10:03:48] [Render thread/INFO] (PiriRuntimeAcceptance) PIRI_PHASE02_PACKET {"type":"ACTION_ACCEPTED","payload":{"clientSequence":90,"action":"STOP_LEFT"}}
[10:03:48] [Render thread/INFO] (PiriRuntimeAcceptance) PIRI_PHASE02_PACKET {"type":"REEL_STOP","payload":{"spinId":"c7fce537-eaf0-4896-8c9f-fe3190136e53","reel":"LEFT","pressedIndex":15,"stopIndex":9,"slip":6,"durationMs":380}}
[10:03:48] [Render thread/INFO] (PiriRuntimeAcceptance) PIRI_PHASE02_PACKET {"type":"PUBLIC_STATE","payload":{"sessionId":"2d636068-39be-41bc-ae8e-6aa4e76a1383","machineId":1,"expectedNextClientSequence":91,"gameState":"SEATED_READY","lifecycle":"ACTIVE","credit":0,"heldMedals":0,"bet":0,"pay":0,"bonusCount":0,"lampOn":false,"displayStops":{"left":9,"center":13,"right":18},"stoppedMask":7}}
[10:03:49] [Render thread/INFO] (PiriRuntimeAcceptance) PIRI_PHASE02_PACKET {"type":"PUBLIC_STATE","payload":{"sessionId":"2d636068-39be-41bc-ae8e-6aa4e76a1383","machineId":1,"expectedNextClientSequence":91,"gameState":"NORMAL_SPINNING","lifecycle":"ACTIVE","credit":0,"heldMedals":0,"bet":0,"pay":0,"bonusCount":0,"lampOn":false,"displayStops":{"left":9,"center":13,"right":18},"stoppedMask":0}}
[10:03:49] [Render thread/INFO] (PiriRuntimeAcceptance) PIRI_PHASE02_PACKET {"type":"SPIN_START","payload":{"sessionId":"2d636068-39be-41bc-ae8e-6aa4e76a1383","machineId":1,"spinId":"f3721a2b-ecf3-4f44-9ccc-1e7a089e95aa","mode":"NORMAL","animation":"NORMAL","startPhase":{"left":9.0,"center":13.0,"right":18.0},"stopEnableAfterMs":400}}
[10:03:50] [Render thread/INFO] (PiriRuntimeAcceptance) PIRI_PHASE02_PACKET {"type":"ACTION_ACCEPTED","payload":{"clientSequence":91,"action":"STOP_LEFT"}}
[10:03:50] [Render thread/INFO] (PiriRuntimeAcceptance) PIRI_PHASE02_PACKET {"type":"REEL_STOP","payload":{"spinId":"f3721a2b-ecf3-4f44-9ccc-1e7a089e95aa","reel":"LEFT","pressedIndex":17,"stopIndex":17,"slip":0,"durationMs":80}}
[10:03:50] [Render thread/INFO] (PiriRuntimeAcceptance) PIRI_PHASE02_PACKET {"type":"ACTION_ACCEPTED","payload":{"clientSequence":92,"action":"STOP_CENTER"}}
[10:03:50] [Render thread/INFO] (PiriRuntimeAcceptance) PIRI_PHASE02_PACKET {"type":"REEL_STOP","payload":{"spinId":"f3721a2b-ecf3-4f44-9ccc-1e7a089e95aa","reel":"CENTER","pressedIndex":13,"stopIndex":13,"slip":0,"durationMs":80}}
[10:03:51] [Render thread/INFO] (PiriRuntimeAcceptance) PIRI_PHASE02_PACKET {"type":"ACTION_ACCEPTED","payload":{"clientSequence":93,"action":"STOP_RIGHT"}}
[10:03:51] [Render thread/INFO] (PiriRuntimeAcceptance) PIRI_PHASE02_PACKET {"type":"REEL_STOP","payload":{"spinId":"f3721a2b-ecf3-4f44-9ccc-1e7a089e95aa","reel":"RIGHT","pressedIndex":9,"stopIndex":9,"slip":0,"durationMs":80}}
[10:03:51] [Render thread/INFO] (PiriRuntimeAcceptance) PIRI_PHASE02_PACKET {"type":"PUBLIC_STATE","payload":{"sessionId":"2d636068-39be-41bc-ae8e-6aa4e76a1383","machineId":1,"expectedNextClientSequence":94,"gameState":"SEATED_READY","lifecycle":"ACTIVE","credit":0,"heldMedals":0,"bet":0,"pay":0,"bonusCount":0,"lampOn":false,"displayStops":{"left":17,"center":13,"right":9},"stoppedMask":7}}
[10:03:52] [Render thread/INFO] (PiriRuntimeAcceptance) PIRI_PHASE02_PACKET {"type":"PUBLIC_STATE","payload":{"sessionId":"2d636068-39be-41bc-ae8e-6aa4e76a1383","machineId":1,"expectedNextClientSequence":94,"gameState":"NORMAL_SPINNING","lifecycle":"ACTIVE","credit":0,"heldMedals":0,"bet":0,"pay":0,"bonusCount":0,"lampOn":false,"displayStops":{"left":17,"center":13,"right":9},"stoppedMask":0}}
[10:03:52] [Render thread/INFO] (PiriRuntimeAcceptance) PIRI_PHASE02_PACKET {"type":"SPIN_START","payload":{"sessionId":"2d636068-39be-41bc-ae8e-6aa4e76a1383","machineId":1,"spinId":"d13033ea-3779-4b02-9481-8bc2bb9a8fe5","mode":"NORMAL","animation":"REVERSE_500MS","startPhase":{"left":17.0,"center":13.0,"right":9.0},"stopEnableAfterMs":800}}
[10:03:54] [Render thread/INFO] (PiriRuntimeAcceptance) PIRI_PHASE02_PACKET {"type":"ACTION_ACCEPTED","payload":{"clientSequence":94,"action":"STOP_LEFT"}}
[10:03:54] [Render thread/INFO] (PiriRuntimeAcceptance) PIRI_PHASE02_PACKET {"type":"REEL_STOP","payload":{"spinId":"d13033ea-3779-4b02-9481-8bc2bb9a8fe5","reel":"LEFT","pressedIndex":7,"stopIndex":6,"slip":1,"durationMs":130}}
[10:03:54] [Render thread/INFO] (PiriRuntimeAcceptance) PIRI_PHASE02_PACKET {"type":"ACTION_ACCEPTED","payload":{"clientSequence":95,"action":"STOP_RIGHT"}}
[10:03:54] [Render thread/INFO] (PiriRuntimeAcceptance) PIRI_PHASE02_PACKET {"type":"REEL_STOP","payload":{"spinId":"d13033ea-3779-4b02-9481-8bc2bb9a8fe5","reel":"RIGHT","pressedIndex":11,"stopIndex":11,"slip":0,"durationMs":80}}
[10:03:55] [Render thread/INFO] (PiriRuntimeAcceptance) PIRI_PHASE02_PACKET {"type":"ACTION_ACCEPTED","payload":{"clientSequence":96,"action":"STOP_CENTER"}}
[10:03:55] [Render thread/INFO] (PiriRuntimeAcceptance) PIRI_PHASE02_PACKET {"type":"REEL_STOP","payload":{"spinId":"d13033ea-3779-4b02-9481-8bc2bb9a8fe5","reel":"CENTER","pressedIndex":7,"stopIndex":7,"slip":0,"durationMs":80}}
[10:03:55] [Render thread/INFO] (PiriRuntimeAcceptance) PIRI_PHASE02_PACKET {"type":"PUBLIC_STATE","payload":{"sessionId":"2d636068-39be-41bc-ae8e-6aa4e76a1383","machineId":1,"expectedNextClientSequence":97,"gameState":"SEATED_READY","lifecycle":"ACTIVE","credit":0,"heldMedals":0,"bet":0,"pay":0,"bonusCount":0,"lampOn":false,"displayStops":{"left":6,"center":7,"right":11},"stoppedMask":7}}
[10:03:55] [Render thread/INFO] (PiriRuntimeAcceptance) PIRI_PHASE02_PACKET {"type":"PUBLIC_STATE","payload":{"sessionId":"2d636068-39be-41bc-ae8e-6aa4e76a1383","machineId":1,"expectedNextClientSequence":97,"gameState":"NORMAL_SPINNING","lifecycle":"ACTIVE","credit":0,"heldMedals":0,"bet":0,"pay":0,"bonusCount":0,"lampOn":false,"displayStops":{"left":6,"center":7,"right":11},"stoppedMask":0}}
[10:03:55] [Render thread/INFO] (PiriRuntimeAcceptance) PIRI_PHASE02_PACKET {"type":"SPIN_START","payload":{"sessionId":"2d636068-39be-41bc-ae8e-6aa4e76a1383","machineId":1,"spinId":"8b213bbe-0b6e-44c9-a027-06d6888b2597","mode":"NORMAL","animation":"RESUME_NORMAL","startPhase":{"left":6.0,"center":7.0,"right":11.0},"stopEnableAfterMs":200}}
[10:03:56] [Render thread/INFO] (PiriRuntimeAcceptance) PIRI_PHASE02_PACKET {"type":"ACTION_ACCEPTED","payload":{"clientSequence":97,"action":"STOP_CENTER"}}
[10:03:56] [Render thread/INFO] (PiriRuntimeAcceptance) PIRI_PHASE02_PACKET {"type":"REEL_STOP","payload":{"spinId":"8b213bbe-0b6e-44c9-a027-06d6888b2597","reel":"CENTER","pressedIndex":19,"stopIndex":19,"slip":0,"durationMs":80}}
[10:03:56] [Render thread/INFO] (PiriRuntimeAcceptance) PIRI_PHASE02_PACKET {"type":"ACTION_ACCEPTED","payload":{"clientSequence":98,"action":"STOP_LEFT"}}
[10:03:56] [Render thread/INFO] (PiriRuntimeAcceptance) PIRI_PHASE02_PACKET {"type":"REEL_STOP","payload":{"spinId":"8b213bbe-0b6e-44c9-a027-06d6888b2597","reel":"LEFT","pressedIndex":9,"stopIndex":6,"slip":3,"durationMs":230}}
[10:03:57] [Render thread/INFO] (PiriRuntimeAcceptance) PIRI_PHASE02_PACKET {"type":"ACTION_ACCEPTED","payload":{"clientSequence":99,"action":"STOP_RIGHT"}}
[10:03:57] [Render thread/INFO] (PiriRuntimeAcceptance) PIRI_PHASE02_PACKET {"type":"REEL_STOP","payload":{"spinId":"8b213bbe-0b6e-44c9-a027-06d6888b2597","reel":"RIGHT","pressedIndex":5,"stopIndex":5,"slip":0,"durationMs":80}}
[10:03:57] [Render thread/INFO] (PiriRuntimeAcceptance) PIRI_PHASE02_PACKET {"type":"PUBLIC_STATE","payload":{"sessionId":"2d636068-39be-41bc-ae8e-6aa4e76a1383","machineId":1,"expectedNextClientSequence":100,"gameState":"SEATED_READY","lifecycle":"ACTIVE","credit":0,"heldMedals":0,"bet":0,"pay":0,"bonusCount":0,"lampOn":false,"displayStops":{"left":6,"center":19,"right":5},"stoppedMask":7}}
[10:03:57] [Render thread/INFO] (PiriRuntimeAcceptance) PIRI_PHASE02_PACKET {"type":"PUBLIC_STATE","payload":{"sessionId":"2d636068-39be-41bc-ae8e-6aa4e76a1383","machineId":1,"expectedNextClientSequence":100,"gameState":"NORMAL_SPINNING","lifecycle":"ACTIVE","credit":0,"heldMedals":0,"bet":0,"pay":0,"bonusCount":0,"lampOn":false,"displayStops":{"left":6,"center":19,"right":5},"stoppedMask":0}}
[10:03:57] [Render thread/INFO] (PiriRuntimeAcceptance) PIRI_PHASE02_PACKET {"type":"SPIN_START","payload":{"sessionId":"2d636068-39be-41bc-ae8e-6aa4e76a1383","machineId":1,"spinId":"d5f2b0bb-b044-4bf2-9820-9d36c7189c75","mode":"NORMAL","animation":"NORMAL","startPhase":{"left":6.0,"center":19.0,"right":5.0},"stopEnableAfterMs":400}}
[10:03:58] [Render thread/INFO] (PiriRuntimeAcceptance) PIRI_PHASE02_PACKET {"type":"ACTION_ACCEPTED","payload":{"clientSequence":100,"action":"STOP_CENTER"}}
[10:03:58] [Render thread/INFO] (PiriRuntimeAcceptance) PIRI_PHASE02_PACKET {"type":"REEL_STOP","payload":{"spinId":"d5f2b0bb-b044-4bf2-9820-9d36c7189c75","reel":"CENTER","pressedIndex":11,"stopIndex":11,"slip":0,"durationMs":80}}
[10:03:59] [Render thread/INFO] (PiriRuntimeAcceptance) PIRI_PHASE02_PACKET {"type":"ACTION_ACCEPTED","payload":{"clientSequence":101,"action":"STOP_RIGHT"}}
[10:03:59] [Render thread/INFO] (PiriRuntimeAcceptance) PIRI_PHASE02_PACKET {"type":"REEL_STOP","payload":{"spinId":"d5f2b0bb-b044-4bf2-9820-9d36c7189c75","reel":"RIGHT","pressedIndex":9,"stopIndex":9,"slip":0,"durationMs":80}}
[10:03:59] [Render thread/INFO] (PiriRuntimeAcceptance) PIRI_PHASE02_PACKET {"type":"ACTION_ACCEPTED","payload":{"clientSequence":102,"action":"STOP_LEFT"}}
[10:03:59] [Render thread/INFO] (PiriRuntimeAcceptance) PIRI_PHASE02_PACKET {"type":"REEL_STOP","payload":{"spinId":"d5f2b0bb-b044-4bf2-9820-9d36c7189c75","reel":"LEFT","pressedIndex":1,"stopIndex":1,"slip":0,"durationMs":80}}
[10:03:59] [Render thread/INFO] (PiriRuntimeAcceptance) PIRI_PHASE02_PACKET {"type":"PUBLIC_STATE","payload":{"sessionId":"2d636068-39be-41bc-ae8e-6aa4e76a1383","machineId":1,"expectedNextClientSequence":103,"gameState":"SEATED_READY","lifecycle":"ACTIVE","credit":0,"heldMedals":0,"bet":0,"pay":0,"bonusCount":0,"lampOn":false,"displayStops":{"left":1,"center":11,"right":9},"stoppedMask":7}}
[10:04:00] [Render thread/INFO] (PiriRuntimeAcceptance) PIRI_PHASE02_PACKET {"type":"PUBLIC_STATE","payload":{"sessionId":"2d636068-39be-41bc-ae8e-6aa4e76a1383","machineId":1,"expectedNextClientSequence":103,"gameState":"NORMAL_SPINNING","lifecycle":"ACTIVE","credit":0,"heldMedals":0,"bet":0,"pay":0,"bonusCount":0,"lampOn":false,"displayStops":{"left":1,"center":11,"right":9},"stoppedMask":0}}
[10:04:00] [Render thread/INFO] (PiriRuntimeAcceptance) PIRI_PHASE02_PACKET {"type":"SPIN_START","payload":{"sessionId":"2d636068-39be-41bc-ae8e-6aa4e76a1383","machineId":1,"spinId":"121fa907-3531-4ea3-b59f-f4f354622559","mode":"NORMAL","animation":"REVERSE_500MS","startPhase":{"left":1.0,"center":11.0,"right":9.0},"stopEnableAfterMs":800}}
[10:04:01] [Render thread/INFO] (PiriRuntimeAcceptance) PIRI_PHASE02_PACKET {"type":"ACTION_ACCEPTED","payload":{"clientSequence":103,"action":"STOP_RIGHT"}}
[10:04:01] [Render thread/INFO] (PiriRuntimeAcceptance) PIRI_PHASE02_PACKET {"type":"REEL_STOP","payload":{"spinId":"121fa907-3531-4ea3-b59f-f4f354622559","reel":"RIGHT","pressedIndex":4,"stopIndex":4,"slip":0,"durationMs":80}}
[10:04:01] [Render thread/INFO] (PiriRuntimeAcceptance) PIRI_PHASE02_PACKET {"type":"ACTION_ACCEPTED","payload":{"clientSequence":104,"action":"STOP_LEFT"}}
[10:04:01] [Render thread/INFO] (PiriRuntimeAcceptance) PIRI_PHASE02_PACKET {"type":"REEL_STOP","payload":{"spinId":"121fa907-3531-4ea3-b59f-f4f354622559","reel":"LEFT","pressedIndex":8,"stopIndex":6,"slip":2,"durationMs":180}}
[10:04:02] [Render thread/INFO] (PiriRuntimeAcceptance) PIRI_PHASE02_PACKET {"type":"ACTION_ACCEPTED","payload":{"clientSequence":105,"action":"STOP_CENTER"}}
[10:04:02] [Render thread/INFO] (PiriRuntimeAcceptance) PIRI_PHASE02_PACKET {"type":"REEL_STOP","payload":{"spinId":"121fa907-3531-4ea3-b59f-f4f354622559","reel":"CENTER","pressedIndex":9,"stopIndex":9,"slip":0,"durationMs":80}}
[10:04:02] [Render thread/INFO] (PiriRuntimeAcceptance) PIRI_PHASE02_PACKET {"type":"PUBLIC_STATE","payload":{"sessionId":"2d636068-39be-41bc-ae8e-6aa4e76a1383","machineId":1,"expectedNextClientSequence":106,"gameState":"SEATED_READY","lifecycle":"ACTIVE","credit":0,"heldMedals":0,"bet":0,"pay":0,"bonusCount":0,"lampOn":false,"displayStops":{"left":6,"center":9,"right":4},"stoppedMask":7}}
[10:04:02] [Render thread/INFO] (PiriRuntimeAcceptance) PIRI_PHASE02_PACKET {"type":"PUBLIC_STATE","payload":{"sessionId":"2d636068-39be-41bc-ae8e-6aa4e76a1383","machineId":1,"expectedNextClientSequence":106,"gameState":"NORMAL_SPINNING","lifecycle":"ACTIVE","credit":0,"heldMedals":0,"bet":0,"pay":0,"bonusCount":0,"lampOn":false,"displayStops":{"left":6,"center":9,"right":4},"stoppedMask":0}}
[10:04:02] [Render thread/INFO] (PiriRuntimeAcceptance) PIRI_PHASE02_PACKET {"type":"SPIN_START","payload":{"sessionId":"2d636068-39be-41bc-ae8e-6aa4e76a1383","machineId":1,"spinId":"db7dc4db-5e67-4331-8f1f-d46fe5fc9fce","mode":"NORMAL","animation":"RESUME_NORMAL","startPhase":{"left":6.0,"center":9.0,"right":4.0},"stopEnableAfterMs":200}}
[10:04:03] [Render thread/INFO] (PiriRuntimeAcceptance) PIRI_PHASE02_PACKET {"type":"ACTION_ACCEPTED","payload":{"clientSequence":106,"action":"STOP_RIGHT"}}
[10:04:03] [Render thread/INFO] (PiriRuntimeAcceptance) PIRI_PHASE02_PACKET {"type":"REEL_STOP","payload":{"spinId":"db7dc4db-5e67-4331-8f1f-d46fe5fc9fce","reel":"RIGHT","pressedIndex":16,"stopIndex":16,"slip":0,"durationMs":80}}
[10:04:03] [Render thread/INFO] (PiriRuntimeAcceptance) PIRI_PHASE02_PACKET {"type":"ACTION_ACCEPTED","payload":{"clientSequence":107,"action":"STOP_CENTER"}}
[10:04:03] [Render thread/INFO] (PiriRuntimeAcceptance) PIRI_PHASE02_PACKET {"type":"REEL_STOP","payload":{"spinId":"db7dc4db-5e67-4331-8f1f-d46fe5fc9fce","reel":"CENTER","pressedIndex":12,"stopIndex":12,"slip":0,"durationMs":80}}
[10:04:04] [Render thread/INFO] (PiriRuntimeAcceptance) PIRI_PHASE02_PACKET {"type":"ACTION_ACCEPTED","payload":{"clientSequence":108,"action":"STOP_LEFT"}}
[10:04:04] [Render thread/INFO] (PiriRuntimeAcceptance) PIRI_PHASE02_PACKET {"type":"REEL_STOP","payload":{"spinId":"db7dc4db-5e67-4331-8f1f-d46fe5fc9fce","reel":"LEFT","pressedIndex":16,"stopIndex":16,"slip":0,"durationMs":80}}
[10:04:04] [Render thread/INFO] (PiriRuntimeAcceptance) PIRI_PHASE02_PACKET {"type":"PUBLIC_STATE","payload":{"sessionId":"2d636068-39be-41bc-ae8e-6aa4e76a1383","machineId":1,"expectedNextClientSequence":109,"gameState":"SEATED_READY","lifecycle":"ACTIVE","credit":0,"heldMedals":0,"bet":0,"pay":0,"bonusCount":0,"lampOn":false,"displayStops":{"left":16,"center":12,"right":16},"stoppedMask":7}}
[10:04:05] [Render thread/INFO] (PiriRuntimeAcceptance) PIRI_PHASE02_PACKET {"type":"PUBLIC_STATE","payload":{"sessionId":"2d636068-39be-41bc-ae8e-6aa4e76a1383","machineId":1,"expectedNextClientSequence":109,"gameState":"NORMAL_SPINNING","lifecycle":"ACTIVE","credit":0,"heldMedals":0,"bet":0,"pay":0,"bonusCount":0,"lampOn":false,"displayStops":{"left":16,"center":12,"right":16},"stoppedMask":0}}
[10:04:05] [Render thread/INFO] (PiriRuntimeAcceptance) PIRI_PHASE02_PACKET {"type":"SPIN_START","payload":{"sessionId":"2d636068-39be-41bc-ae8e-6aa4e76a1383","machineId":1,"spinId":"7985817c-3e7b-4aa1-a652-3fb9a70c13cd","mode":"NORMAL","animation":"NORMAL","startPhase":{"left":16.0,"center":12.0,"right":16.0},"stopEnableAfterMs":400}}
[10:04:05] [Render thread/INFO] (PiriRuntimeAcceptance) PIRI_PHASE02_PACKET {"type":"ACTION_ACCEPTED","payload":{"clientSequence":109,"action":"STOP_LEFT"}}
[10:04:05] [Render thread/INFO] (PiriRuntimeAcceptance) PIRI_PHASE02_PACKET {"type":"REEL_STOP","payload":{"spinId":"7985817c-3e7b-4aa1-a652-3fb9a70c13cd","reel":"LEFT","pressedIndex":8,"stopIndex":6,"slip":2,"durationMs":180}}
[10:04:06] [Render thread/INFO] (PiriRuntimeAcceptance) PIRI_PHASE02_PACKET {"type":"ACTION_ACCEPTED","payload":{"clientSequence":110,"action":"STOP_CENTER"}}
[10:04:06] [Render thread/INFO] (PiriRuntimeAcceptance) PIRI_PHASE02_PACKET {"type":"REEL_STOP","payload":{"spinId":"7985817c-3e7b-4aa1-a652-3fb9a70c13cd","reel":"CENTER","pressedIndex":16,"stopIndex":16,"slip":0,"durationMs":80}}
[10:04:06] [Render thread/INFO] (PiriRuntimeAcceptance) PIRI_PHASE02_PACKET {"type":"ACTION_ACCEPTED","payload":{"clientSequence":111,"action":"STOP_RIGHT"}}
[10:04:06] [Render thread/INFO] (PiriRuntimeAcceptance) PIRI_PHASE02_PACKET {"type":"REEL_STOP","payload":{"spinId":"7985817c-3e7b-4aa1-a652-3fb9a70c13cd","reel":"RIGHT","pressedIndex":11,"stopIndex":11,"slip":0,"durationMs":80}}
[10:04:06] [Render thread/INFO] (PiriRuntimeAcceptance) PIRI_PHASE02_PACKET {"type":"PUBLIC_STATE","payload":{"sessionId":"2d636068-39be-41bc-ae8e-6aa4e76a1383","machineId":1,"expectedNextClientSequence":112,"gameState":"SEATED_READY","lifecycle":"ACTIVE","credit":0,"heldMedals":0,"bet":0,"pay":0,"bonusCount":0,"lampOn":false,"displayStops":{"left":6,"center":16,"right":11},"stoppedMask":7}}
[10:04:08] [Render thread/INFO] (PiriRuntimeAcceptance) PIRI_PHASE02_PACKET {"type":"PUBLIC_STATE","payload":{"sessionId":"2d636068-39be-41bc-ae8e-6aa4e76a1383","machineId":1,"expectedNextClientSequence":112,"gameState":"NORMAL_SPINNING","lifecycle":"ACTIVE","credit":0,"heldMedals":0,"bet":0,"pay":0,"bonusCount":0,"lampOn":false,"displayStops":{"left":6,"center":16,"right":11},"stoppedMask":0}}
[10:04:08] [Render thread/INFO] (PiriRuntimeAcceptance) PIRI_PHASE02_PACKET {"type":"SPIN_START","payload":{"sessionId":"2d636068-39be-41bc-ae8e-6aa4e76a1383","machineId":1,"spinId":"59231368-e25a-440b-b492-938d4baa40a8","mode":"NORMAL","animation":"REVERSE_500MS","startPhase":{"left":6.0,"center":16.0,"right":11.0},"stopEnableAfterMs":800}}
[10:04:09] [Render thread/INFO] (PiriRuntimeAcceptance) PIRI_PHASE02_PACKET {"type":"ACTION_ACCEPTED","payload":{"clientSequence":112,"action":"STOP_LEFT"}}
[10:04:09] [Render thread/INFO] (PiriRuntimeAcceptance) PIRI_PHASE02_PACKET {"type":"REEL_STOP","payload":{"spinId":"59231368-e25a-440b-b492-938d4baa40a8","reel":"LEFT","pressedIndex":0,"stopIndex":18,"slip":3,"durationMs":230}}
[10:04:09] [Render thread/INFO] (PiriRuntimeAcceptance) PIRI_PHASE02_PACKET {"type":"ACTION_ACCEPTED","payload":{"clientSequence":113,"action":"STOP_RIGHT"}}
[10:04:09] [Render thread/INFO] (PiriRuntimeAcceptance) PIRI_PHASE02_PACKET {"type":"REEL_STOP","payload":{"spinId":"59231368-e25a-440b-b492-938d4baa40a8","reel":"RIGHT","pressedIndex":18,"stopIndex":18,"slip":0,"durationMs":80}}
[10:04:10] [Render thread/INFO] (PiriRuntimeAcceptance) PIRI_PHASE02_PACKET {"type":"ACTION_ACCEPTED","payload":{"clientSequence":114,"action":"STOP_CENTER"}}
[10:04:10] [Render thread/INFO] (PiriRuntimeAcceptance) PIRI_PHASE02_PACKET {"type":"REEL_STOP","payload":{"spinId":"59231368-e25a-440b-b492-938d4baa40a8","reel":"CENTER","pressedIndex":14,"stopIndex":14,"slip":0,"durationMs":80}}
[10:04:10] [Render thread/INFO] (PiriRuntimeAcceptance) PIRI_PHASE02_PACKET {"type":"PUBLIC_STATE","payload":{"sessionId":"2d636068-39be-41bc-ae8e-6aa4e76a1383","machineId":1,"expectedNextClientSequence":115,"gameState":"SEATED_READY","lifecycle":"ACTIVE","credit":0,"heldMedals":0,"bet":0,"pay":0,"bonusCount":0,"lampOn":false,"displayStops":{"left":18,"center":14,"right":18},"stoppedMask":7}}
[10:04:10] [Render thread/INFO] (PiriRuntimeAcceptance) PIRI_PHASE02_PACKET {"type":"PUBLIC_STATE","payload":{"sessionId":"2d636068-39be-41bc-ae8e-6aa4e76a1383","machineId":1,"expectedNextClientSequence":115,"gameState":"NORMAL_SPINNING","lifecycle":"ACTIVE","credit":0,"heldMedals":0,"bet":0,"pay":0,"bonusCount":0,"lampOn":false,"displayStops":{"left":18,"center":14,"right":18},"stoppedMask":0}}
[10:04:10] [Render thread/INFO] (PiriRuntimeAcceptance) PIRI_PHASE02_PACKET {"type":"SPIN_START","payload":{"sessionId":"2d636068-39be-41bc-ae8e-6aa4e76a1383","machineId":1,"spinId":"6f07f6c8-73d4-4a97-bb71-be68aa8ee61d","mode":"NORMAL","animation":"RESUME_NORMAL","startPhase":{"left":18.0,"center":14.0,"right":18.0},"stopEnableAfterMs":200}}
[10:04:11] [Render thread/INFO] (PiriRuntimeAcceptance) PIRI_PHASE02_PACKET {"type":"ACTION_ACCEPTED","payload":{"clientSequence":115,"action":"STOP_CENTER"}}
[10:04:11] [Render thread/INFO] (PiriRuntimeAcceptance) PIRI_PHASE02_PACKET {"type":"REEL_STOP","payload":{"spinId":"6f07f6c8-73d4-4a97-bb71-be68aa8ee61d","reel":"CENTER","pressedIndex":5,"stopIndex":5,"slip":0,"durationMs":80}}
[10:04:11] [Render thread/INFO] (PiriRuntimeAcceptance) PIRI_PHASE02_PACKET {"type":"ACTION_ACCEPTED","payload":{"clientSequence":116,"action":"STOP_LEFT"}}
[10:04:11] [Render thread/INFO] (PiriRuntimeAcceptance) PIRI_PHASE02_PACKET {"type":"REEL_STOP","payload":{"spinId":"6f07f6c8-73d4-4a97-bb71-be68aa8ee61d","reel":"LEFT","pressedIndex":0,"stopIndex":18,"slip":3,"durationMs":230}}
[10:04:12] [Render thread/INFO] (PiriRuntimeAcceptance) PIRI_PHASE02_PACKET {"type":"ACTION_ACCEPTED","payload":{"clientSequence":117,"action":"STOP_RIGHT"}}
[10:04:12] [Render thread/INFO] (PiriRuntimeAcceptance) PIRI_PHASE02_PACKET {"type":"REEL_STOP","payload":{"spinId":"6f07f6c8-73d4-4a97-bb71-be68aa8ee61d","reel":"RIGHT","pressedIndex":12,"stopIndex":12,"slip":0,"durationMs":80}}
[10:04:12] [Render thread/INFO] (PiriRuntimeAcceptance) PIRI_PHASE02_PACKET {"type":"PUBLIC_STATE","payload":{"sessionId":"2d636068-39be-41bc-ae8e-6aa4e76a1383","machineId":1,"expectedNextClientSequence":118,"gameState":"SEATED_READY","lifecycle":"ACTIVE","credit":0,"heldMedals":0,"bet":0,"pay":0,"bonusCount":0,"lampOn":false,"displayStops":{"left":18,"center":5,"right":12},"stoppedMask":7}}
[10:04:12] [Render thread/INFO] (PiriRuntimeAcceptance) PIRI_PHASE02_PACKET {"type":"PUBLIC_STATE","payload":{"sessionId":"2d636068-39be-41bc-ae8e-6aa4e76a1383","machineId":1,"expectedNextClientSequence":118,"gameState":"NORMAL_SPINNING","lifecycle":"ACTIVE","credit":0,"heldMedals":0,"bet":0,"pay":0,"bonusCount":0,"lampOn":false,"displayStops":{"left":18,"center":5,"right":12},"stoppedMask":0}}
[10:04:12] [Render thread/INFO] (PiriRuntimeAcceptance) PIRI_PHASE02_PACKET {"type":"SPIN_START","payload":{"sessionId":"2d636068-39be-41bc-ae8e-6aa4e76a1383","machineId":1,"spinId":"fc51eeb2-a273-401f-a18b-3b6c80fb1cb3","mode":"NORMAL","animation":"NORMAL","startPhase":{"left":18.0,"center":5.0,"right":12.0},"stopEnableAfterMs":400}}
[10:04:13] [Render thread/INFO] (PiriRuntimeAcceptance) PIRI_PHASE02_PACKET {"type":"ACTION_ACCEPTED","payload":{"clientSequence":118,"action":"STOP_CENTER"}}
[10:04:13] [Render thread/INFO] (PiriRuntimeAcceptance) PIRI_PHASE02_PACKET {"type":"REEL_STOP","payload":{"spinId":"fc51eeb2-a273-401f-a18b-3b6c80fb1cb3","reel":"CENTER","pressedIndex":18,"stopIndex":18,"slip":0,"durationMs":80}}
[10:04:14] [Render thread/INFO] (PiriRuntimeAcceptance) PIRI_PHASE02_PACKET {"type":"ACTION_ACCEPTED","payload":{"clientSequence":119,"action":"STOP_RIGHT"}}
[10:04:14] [Render thread/INFO] (PiriRuntimeAcceptance) PIRI_PHASE02_PACKET {"type":"REEL_STOP","payload":{"spinId":"fc51eeb2-a273-401f-a18b-3b6c80fb1cb3","reel":"RIGHT","pressedIndex":11,"stopIndex":11,"slip":0,"durationMs":80}}
[10:04:14] [Render thread/INFO] (PiriRuntimeAcceptance) PIRI_PHASE02_PACKET {"type":"ACTION_ACCEPTED","payload":{"clientSequence":120,"action":"STOP_LEFT"}}
[10:04:14] [Render thread/INFO] (PiriRuntimeAcceptance) PIRI_PHASE02_PACKET {"type":"REEL_STOP","payload":{"spinId":"fc51eeb2-a273-401f-a18b-3b6c80fb1cb3","reel":"LEFT","pressedIndex":8,"stopIndex":6,"slip":2,"durationMs":180}}
[10:04:14] [Render thread/INFO] (PiriRuntimeAcceptance) PIRI_PHASE02_PACKET {"type":"PUBLIC_STATE","payload":{"sessionId":"2d636068-39be-41bc-ae8e-6aa4e76a1383","machineId":1,"expectedNextClientSequence":121,"gameState":"SEATED_READY","lifecycle":"ACTIVE","credit":0,"heldMedals":0,"bet":0,"pay":0,"bonusCount":0,"lampOn":false,"displayStops":{"left":6,"center":18,"right":11},"stoppedMask":7}}
[10:04:15] [Render thread/INFO] (PiriRuntimeAcceptance) PIRI_PHASE02_PACKET {"type":"PUBLIC_STATE","payload":{"sessionId":"2d636068-39be-41bc-ae8e-6aa4e76a1383","machineId":1,"expectedNextClientSequence":121,"gameState":"NORMAL_SPINNING","lifecycle":"ACTIVE","credit":0,"heldMedals":0,"bet":0,"pay":0,"bonusCount":0,"lampOn":false,"displayStops":{"left":6,"center":18,"right":11},"stoppedMask":0}}
[10:04:15] [Render thread/INFO] (PiriRuntimeAcceptance) PIRI_PHASE02_PACKET {"type":"SPIN_START","payload":{"sessionId":"2d636068-39be-41bc-ae8e-6aa4e76a1383","machineId":1,"spinId":"4880d3b2-8ce8-42d6-8e6a-8ed841d292bb","mode":"NORMAL","animation":"REVERSE_500MS","startPhase":{"left":6.0,"center":18.0,"right":11.0},"stopEnableAfterMs":800}}
[10:04:16] [Render thread/INFO] (PiriRuntimeAcceptance) PIRI_PHASE02_PACKET {"type":"ACTION_ACCEPTED","payload":{"clientSequence":121,"action":"STOP_RIGHT"}}
[10:04:16] [Render thread/INFO] (PiriRuntimeAcceptance) PIRI_PHASE02_PACKET {"type":"REEL_STOP","payload":{"spinId":"4880d3b2-8ce8-42d6-8e6a-8ed841d292bb","reel":"RIGHT","pressedIndex":1,"stopIndex":1,"slip":0,"durationMs":80}}
[10:04:17] [Render thread/INFO] (PiriRuntimeAcceptance) PIRI_PHASE02_PACKET {"type":"ACTION_ACCEPTED","payload":{"clientSequence":122,"action":"STOP_LEFT"}}
[10:04:17] [Render thread/INFO] (PiriRuntimeAcceptance) PIRI_PHASE02_PACKET {"type":"REEL_STOP","payload":{"spinId":"4880d3b2-8ce8-42d6-8e6a-8ed841d292bb","reel":"LEFT","pressedIndex":4,"stopIndex":4,"slip":0,"durationMs":80}}
[10:04:18] [Render thread/INFO] (PiriRuntimeAcceptance) PIRI_PHASE02_PACKET {"type":"ACTION_ACCEPTED","payload":{"clientSequence":123,"action":"STOP_CENTER"}}
[10:04:18] [Render thread/INFO] (PiriRuntimeAcceptance) PIRI_PHASE02_PACKET {"type":"REEL_STOP","payload":{"spinId":"4880d3b2-8ce8-42d6-8e6a-8ed841d292bb","reel":"CENTER","pressedIndex":7,"stopIndex":6,"slip":1,"durationMs":130}}
[10:04:18] [Render thread/INFO] (PiriRuntimeAcceptance) PIRI_PHASE02_PACKET {"type":"PUBLIC_STATE","payload":{"sessionId":"2d636068-39be-41bc-ae8e-6aa4e76a1383","machineId":1,"expectedNextClientSequence":124,"gameState":"SEATED_READY","lifecycle":"ACTIVE","credit":0,"heldMedals":0,"bet":0,"pay":0,"bonusCount":0,"lampOn":false,"displayStops":{"left":4,"center":6,"right":1},"stoppedMask":7}}
[10:04:18] [Render thread/INFO] (PiriRuntimeAcceptance) PIRI_PHASE02_PACKET {"type":"PUBLIC_STATE","payload":{"sessionId":"2d636068-39be-41bc-ae8e-6aa4e76a1383","machineId":1,"expectedNextClientSequence":124,"gameState":"NORMAL_SPINNING","lifecycle":"ACTIVE","credit":0,"heldMedals":0,"bet":0,"pay":0,"bonusCount":0,"lampOn":false,"displayStops":{"left":4,"center":6,"right":1},"stoppedMask":0}}
[10:04:18] [Render thread/INFO] (PiriRuntimeAcceptance) PIRI_PHASE02_PACKET {"type":"SPIN_START","payload":{"sessionId":"2d636068-39be-41bc-ae8e-6aa4e76a1383","machineId":1,"spinId":"f206c363-c2b1-4fb3-9f44-54c871c27310","mode":"NORMAL","animation":"RESUME_NORMAL","startPhase":{"left":4.0,"center":6.0,"right":1.0},"stopEnableAfterMs":200}}
[10:04:19] [Render thread/INFO] (PiriRuntimeAcceptance) PIRI_PHASE02_PACKET {"type":"ACTION_ACCEPTED","payload":{"clientSequence":124,"action":"STOP_RIGHT"}}
[10:04:19] [Render thread/INFO] (PiriRuntimeAcceptance) PIRI_PHASE02_PACKET {"type":"REEL_STOP","payload":{"spinId":"f206c363-c2b1-4fb3-9f44-54c871c27310","reel":"RIGHT","pressedIndex":13,"stopIndex":13,"slip":0,"durationMs":80}}
[10:04:19] [Render thread/INFO] (PiriRuntimeAcceptance) PIRI_PHASE02_PACKET {"type":"ACTION_ACCEPTED","payload":{"clientSequence":125,"action":"STOP_CENTER"}}
[10:04:19] [Render thread/INFO] (PiriRuntimeAcceptance) PIRI_PHASE02_PACKET {"type":"REEL_STOP","payload":{"spinId":"f206c363-c2b1-4fb3-9f44-54c871c27310","reel":"CENTER","pressedIndex":9,"stopIndex":9,"slip":0,"durationMs":80}}
[10:04:20] [Render thread/INFO] (PiriRuntimeAcceptance) PIRI_PHASE02_PACKET {"type":"ACTION_ACCEPTED","payload":{"clientSequence":126,"action":"STOP_LEFT"}}
[10:04:20] [Render thread/INFO] (PiriRuntimeAcceptance) PIRI_PHASE02_PACKET {"type":"REEL_STOP","payload":{"spinId":"f206c363-c2b1-4fb3-9f44-54c871c27310","reel":"LEFT","pressedIndex":19,"stopIndex":18,"slip":1,"durationMs":130}}
[10:04:20] [Render thread/INFO] (PiriRuntimeAcceptance) PIRI_PHASE02_PACKET {"type":"PUBLIC_STATE","payload":{"sessionId":"2d636068-39be-41bc-ae8e-6aa4e76a1383","machineId":1,"expectedNextClientSequence":127,"gameState":"SEATED_READY","lifecycle":"ACTIVE","credit":0,"heldMedals":0,"bet":0,"pay":0,"bonusCount":0,"lampOn":false,"displayStops":{"left":18,"center":9,"right":13},"stoppedMask":7}}
[10:04:20] [Render thread/INFO] (PiriRuntimeAcceptance) PIRI_PHASE02_PACKET {"type":"PUBLIC_STATE","payload":{"sessionId":"2d636068-39be-41bc-ae8e-6aa4e76a1383","machineId":1,"expectedNextClientSequence":127,"gameState":"BONUS_ENTRY_SPINNING","lifecycle":"ACTIVE","credit":0,"heldMedals":0,"bet":0,"pay":0,"bonusCount":0,"lampOn":true,"displayStops":{"left":18,"center":9,"right":13},"stoppedMask":0}}
[10:04:20] [Render thread/INFO] (PiriRuntimeAcceptance) PIRI_PHASE02_PACKET {"type":"SPIN_START","payload":{"sessionId":"2d636068-39be-41bc-ae8e-6aa4e76a1383","machineId":1,"spinId":"c4b25e36-7131-466b-b848-b37941346346","mode":"BONUS_ENTRY","animation":"NORMAL","startPhase":{"left":18.0,"center":9.0,"right":13.0},"stopEnableAfterMs":400}}
[10:04:21] [Render thread/INFO] (PiriRuntimeAcceptance) PIRI_PHASE02_PACKET {"type":"ACTION_ACCEPTED","payload":{"clientSequence":127,"action":"STOP_LEFT"}}
[10:04:21] [Render thread/INFO] (PiriRuntimeAcceptance) PIRI_PHASE02_PACKET {"type":"REEL_STOP","payload":{"spinId":"c4b25e36-7131-466b-b848-b37941346346","reel":"LEFT","pressedIndex":10,"stopIndex":4,"slip":6,"durationMs":380}}
[10:04:22] [Render thread/INFO] (PiriRuntimeAcceptance) PIRI_PHASE02_PACKET {"type":"ACTION_ACCEPTED","payload":{"clientSequence":128,"action":"STOP_CENTER"}}
[10:04:22] [Render thread/INFO] (PiriRuntimeAcceptance) PIRI_PHASE02_PACKET {"type":"REEL_STOP","payload":{"spinId":"c4b25e36-7131-466b-b848-b37941346346","reel":"CENTER","pressedIndex":13,"stopIndex":4,"slip":9,"durationMs":530}}
[10:04:22] [Render thread/INFO] (PiriRuntimeAcceptance) PIRI_PHASE02_PACKET {"type":"TENPAI_SOUND","payload":{"spinId":"c4b25e36-7131-466b-b848-b37941346346"}}
[10:04:22] [Render thread/INFO] (PiriRuntimeAcceptance) PIRI_PHASE02_PACKET {"type":"ACTION_ACCEPTED","payload":{"clientSequence":129,"action":"STOP_RIGHT"}}
[10:04:22] [Render thread/INFO] (PiriRuntimeAcceptance) PIRI_PHASE02_PACKET {"type":"REEL_STOP","payload":{"spinId":"c4b25e36-7131-466b-b848-b37941346346","reel":"RIGHT","pressedIndex":8,"stopIndex":4,"slip":4,"durationMs":280}}
[10:04:22] [Render thread/INFO] (PiriRuntimeAcceptance) PIRI_PHASE02_PACKET {"type":"PUBLIC_STATE","payload":{"sessionId":"2d636068-39be-41bc-ae8e-6aa4e76a1383","machineId":1,"expectedNextClientSequence":130,"gameState":"SEATED_READY","lifecycle":"ACTIVE","credit":0,"heldMedals":0,"bet":0,"pay":0,"bonusCount":0,"lampOn":true,"displayStops":{"left":4,"center":4,"right":4},"stoppedMask":7}}
[10:04:24] [Render thread/INFO] (PiriRuntimeAcceptance) PIRI_PHASE02_PACKET {"type":"PUBLIC_STATE","payload":{"sessionId":"2d636068-39be-41bc-ae8e-6aa4e76a1383","machineId":1,"expectedNextClientSequence":130,"gameState":"BONUS_ENTRY_SPINNING","lifecycle":"ACTIVE","credit":0,"heldMedals":0,"bet":0,"pay":0,"bonusCount":0,"lampOn":true,"displayStops":{"left":4,"center":4,"right":4},"stoppedMask":0}}
[10:04:24] [Render thread/INFO] (PiriRuntimeAcceptance) PIRI_PHASE02_PACKET {"type":"SPIN_START","payload":{"sessionId":"2d636068-39be-41bc-ae8e-6aa4e76a1383","machineId":1,"spinId":"d79d75da-67e7-4fea-95dc-e524c200ba10","mode":"BONUS_ENTRY","animation":"REVERSE_500MS","startPhase":{"left":4.0,"center":4.0,"right":4.0},"stopEnableAfterMs":800}}
[10:04:25] [Render thread/INFO] (PiriRuntimeAcceptance) PIRI_PHASE02_PACKET {"type":"ACTION_ACCEPTED","payload":{"clientSequence":130,"action":"STOP_LEFT"}}
[10:04:25] [Render thread/INFO] (PiriRuntimeAcceptance) PIRI_PHASE02_PACKET {"type":"REEL_STOP","payload":{"spinId":"d79d75da-67e7-4fea-95dc-e524c200ba10","reel":"LEFT","pressedIndex":19,"stopIndex":15,"slip":4,"durationMs":280}}
[10:04:26] [Render thread/INFO] (PiriRuntimeAcceptance) PIRI_PHASE02_PACKET {"type":"ACTION_ACCEPTED","payload":{"clientSequence":131,"action":"STOP_RIGHT"}}
[10:04:26] [Render thread/INFO] (PiriRuntimeAcceptance) PIRI_PHASE02_PACKET {"type":"REEL_STOP","payload":{"spinId":"d79d75da-67e7-4fea-95dc-e524c200ba10","reel":"RIGHT","pressedIndex":10,"stopIndex":4,"slip":6,"durationMs":380}}
[10:04:26] [Render thread/INFO] (PiriRuntimeAcceptance) PIRI_PHASE02_PACKET {"type":"TENPAI_SOUND","payload":{"spinId":"d79d75da-67e7-4fea-95dc-e524c200ba10"}}
[10:04:26] [Render thread/INFO] (PiriRuntimeAcceptance) PIRI_PHASE02_PACKET {"type":"ACTION_ACCEPTED","payload":{"clientSequence":132,"action":"STOP_CENTER"}}
[10:04:26] [Render thread/INFO] (PiriRuntimeAcceptance) PIRI_PHASE02_PACKET {"type":"REEL_STOP","payload":{"spinId":"d79d75da-67e7-4fea-95dc-e524c200ba10","reel":"CENTER","pressedIndex":18,"stopIndex":4,"slip":14,"durationMs":780}}
[10:04:26] [Render thread/INFO] (PiriRuntimeAcceptance) PIRI_PHASE02_PACKET {"type":"PUBLIC_STATE","payload":{"sessionId":"2d636068-39be-41bc-ae8e-6aa4e76a1383","machineId":1,"expectedNextClientSequence":133,"gameState":"SEATED_READY","lifecycle":"ACTIVE","credit":0,"heldMedals":0,"bet":0,"pay":0,"bonusCount":0,"lampOn":true,"displayStops":{"left":15,"center":4,"right":4},"stoppedMask":7}}
[10:04:27] [Render thread/INFO] (PiriRuntimeAcceptance) PIRI_PHASE02_PACKET {"type":"PUBLIC_STATE","payload":{"sessionId":"2d636068-39be-41bc-ae8e-6aa4e76a1383","machineId":1,"expectedNextClientSequence":133,"gameState":"BONUS_ENTRY_SPINNING","lifecycle":"ACTIVE","credit":0,"heldMedals":0,"bet":0,"pay":0,"bonusCount":0,"lampOn":true,"displayStops":{"left":15,"center":4,"right":4},"stoppedMask":0}}
[10:04:28] [Render thread/INFO] (PiriRuntimeAcceptance) PIRI_PHASE02_PACKET {"type":"SPIN_START","payload":{"sessionId":"2d636068-39be-41bc-ae8e-6aa4e76a1383","machineId":1,"spinId":"8a3bcee7-312d-460b-8c00-79d3d64907b4","mode":"BONUS_ENTRY","animation":"RESUME_NORMAL","startPhase":{"left":15.0,"center":4.0,"right":4.0},"stopEnableAfterMs":200}}
[10:04:28] [Render thread/INFO] (PiriRuntimeAcceptance) PIRI_PHASE02_PACKET {"type":"ACTION_ACCEPTED","payload":{"clientSequence":133,"action":"STOP_CENTER"}}
[10:04:28] [Render thread/INFO] (PiriRuntimeAcceptance) PIRI_PHASE02_PACKET {"type":"REEL_STOP","payload":{"spinId":"8a3bcee7-312d-460b-8c00-79d3d64907b4","reel":"CENTER","pressedIndex":16,"stopIndex":4,"slip":12,"durationMs":680}}
[10:04:29] [Render thread/INFO] (PiriRuntimeAcceptance) PIRI_PHASE02_PACKET {"type":"ACTION_ACCEPTED","payload":{"clientSequence":134,"action":"STOP_LEFT"}}
[10:04:29] [Render thread/INFO] (PiriRuntimeAcceptance) PIRI_PHASE02_PACKET {"type":"REEL_STOP","payload":{"spinId":"8a3bcee7-312d-460b-8c00-79d3d64907b4","reel":"LEFT","pressedIndex":18,"stopIndex":15,"slip":3,"durationMs":230}}
[10:04:29] [Render thread/INFO] (PiriRuntimeAcceptance) PIRI_PHASE02_PACKET {"type":"TENPAI_SOUND","payload":{"spinId":"8a3bcee7-312d-460b-8c00-79d3d64907b4"}}
[10:04:29] [Render thread/INFO] (PiriRuntimeAcceptance) PIRI_PHASE02_PACKET {"type":"ACTION_ACCEPTED","payload":{"clientSequence":135,"action":"STOP_RIGHT"}}
[10:04:29] [Render thread/INFO] (PiriRuntimeAcceptance) PIRI_PHASE02_PACKET {"type":"REEL_STOP","payload":{"spinId":"8a3bcee7-312d-460b-8c00-79d3d64907b4","reel":"RIGHT","pressedIndex":19,"stopIndex":4,"slip":15,"durationMs":830}}
[10:04:29] [Render thread/INFO] (PiriRuntimeAcceptance) PIRI_PHASE02_PACKET {"type":"PUBLIC_STATE","payload":{"sessionId":"2d636068-39be-41bc-ae8e-6aa4e76a1383","machineId":1,"expectedNextClientSequence":136,"gameState":"SEATED_READY","lifecycle":"ACTIVE","credit":0,"heldMedals":0,"bet":0,"pay":0,"bonusCount":0,"lampOn":true,"displayStops":{"left":15,"center":4,"right":4},"stoppedMask":7}}
[10:04:30] [Render thread/INFO] (PiriRuntimeAcceptance) PIRI_PHASE02_PACKET {"type":"PUBLIC_STATE","payload":{"sessionId":"2d636068-39be-41bc-ae8e-6aa4e76a1383","machineId":1,"expectedNextClientSequence":136,"gameState":"BONUS_ENTRY_SPINNING","lifecycle":"ACTIVE","credit":0,"heldMedals":0,"bet":0,"pay":0,"bonusCount":0,"lampOn":true,"displayStops":{"left":15,"center":4,"right":4},"stoppedMask":0}}
[10:04:30] [Render thread/INFO] (PiriRuntimeAcceptance) PIRI_PHASE02_PACKET {"type":"SPIN_START","payload":{"sessionId":"2d636068-39be-41bc-ae8e-6aa4e76a1383","machineId":1,"spinId":"38823efb-8bcf-4157-adf7-8b18557831ef","mode":"BONUS_ENTRY","animation":"NORMAL","startPhase":{"left":15.0,"center":4.0,"right":4.0},"stopEnableAfterMs":400}}
[10:04:31] [Render thread/INFO] (PiriRuntimeAcceptance) PIRI_PHASE02_PACKET {"type":"ACTION_ACCEPTED","payload":{"clientSequence":136,"action":"STOP_CENTER"}}
[10:04:31] [Render thread/INFO] (PiriRuntimeAcceptance) PIRI_PHASE02_PACKET {"type":"REEL_STOP","payload":{"spinId":"38823efb-8bcf-4157-adf7-8b18557831ef","reel":"CENTER","pressedIndex":17,"stopIndex":4,"slip":13,"durationMs":730}}
[10:04:32] [Render thread/INFO] (PiriRuntimeAcceptance) PIRI_PHASE02_PACKET {"type":"ACTION_ACCEPTED","payload":{"clientSequence":137,"action":"STOP_RIGHT"}}
[10:04:32] [Render thread/INFO] (PiriRuntimeAcceptance) PIRI_PHASE02_PACKET {"type":"REEL_STOP","payload":{"spinId":"38823efb-8bcf-4157-adf7-8b18557831ef","reel":"RIGHT","pressedIndex":8,"stopIndex":4,"slip":4,"durationMs":280}}
[10:04:32] [Render thread/INFO] (PiriRuntimeAcceptance) PIRI_PHASE02_PACKET {"type":"TENPAI_SOUND","payload":{"spinId":"38823efb-8bcf-4157-adf7-8b18557831ef"}}
[10:04:32] [Render thread/INFO] (PiriRuntimeAcceptance) PIRI_PHASE02_PACKET {"type":"ACTION_ACCEPTED","payload":{"clientSequence":138,"action":"STOP_LEFT"}}
[10:04:32] [Render thread/INFO] (PiriRuntimeAcceptance) PIRI_PHASE02_PACKET {"type":"REEL_STOP","payload":{"spinId":"38823efb-8bcf-4157-adf7-8b18557831ef","reel":"LEFT","pressedIndex":10,"stopIndex":4,"slip":6,"durationMs":380}}
[10:04:32] [Render thread/INFO] (PiriRuntimeAcceptance) PIRI_PHASE02_PACKET {"type":"PUBLIC_STATE","payload":{"sessionId":"2d636068-39be-41bc-ae8e-6aa4e76a1383","machineId":1,"expectedNextClientSequence":139,"gameState":"SEATED_READY","lifecycle":"ACTIVE","credit":0,"heldMedals":0,"bet":0,"pay":0,"bonusCount":0,"lampOn":true,"displayStops":{"left":4,"center":4,"right":4},"stoppedMask":7}}
[10:04:33] [Render thread/INFO] (PiriRuntimeAcceptance) PIRI_PHASE02_PACKET {"type":"PUBLIC_STATE","payload":{"sessionId":"2d636068-39be-41bc-ae8e-6aa4e76a1383","machineId":1,"expectedNextClientSequence":139,"gameState":"BONUS_ENTRY_SPINNING","lifecycle":"ACTIVE","credit":0,"heldMedals":0,"bet":0,"pay":0,"bonusCount":0,"lampOn":true,"displayStops":{"left":4,"center":4,"right":4},"stoppedMask":0}}
[10:04:33] [Render thread/INFO] (PiriRuntimeAcceptance) PIRI_PHASE02_PACKET {"type":"SPIN_START","payload":{"sessionId":"2d636068-39be-41bc-ae8e-6aa4e76a1383","machineId":1,"spinId":"afcd911e-1fc7-4dfb-aa24-4cba86bda0a3","mode":"BONUS_ENTRY","animation":"REVERSE_500MS","startPhase":{"left":4.0,"center":4.0,"right":4.0},"stopEnableAfterMs":800}}
[10:04:34] [Render thread/INFO] (PiriRuntimeAcceptance) PIRI_PHASE02_PACKET {"type":"ACTION_ACCEPTED","payload":{"clientSequence":139,"action":"STOP_RIGHT"}}
[10:04:34] [Render thread/INFO] (PiriRuntimeAcceptance) PIRI_PHASE02_PACKET {"type":"REEL_STOP","payload":{"spinId":"afcd911e-1fc7-4dfb-aa24-4cba86bda0a3","reel":"RIGHT","pressedIndex":20,"stopIndex":4,"slip":16,"durationMs":880}}
[10:04:35] [Render thread/INFO] (PiriRuntimeAcceptance) PIRI_PHASE02_PACKET {"type":"ACTION_ACCEPTED","payload":{"clientSequence":140,"action":"STOP_LEFT"}}
[10:04:35] [Render thread/INFO] (PiriRuntimeAcceptance) PIRI_PHASE02_PACKET {"type":"REEL_STOP","payload":{"spinId":"afcd911e-1fc7-4dfb-aa24-4cba86bda0a3","reel":"LEFT","pressedIndex":11,"stopIndex":4,"slip":7,"durationMs":430}}
[10:04:35] [Render thread/INFO] (PiriRuntimeAcceptance) PIRI_PHASE02_PACKET {"type":"TENPAI_SOUND","payload":{"spinId":"afcd911e-1fc7-4dfb-aa24-4cba86bda0a3"}}
[10:04:35] [Render thread/INFO] (PiriRuntimeAcceptance) PIRI_PHASE02_PACKET {"type":"ACTION_ACCEPTED","payload":{"clientSequence":141,"action":"STOP_CENTER"}}
[10:04:35] [Render thread/INFO] (PiriRuntimeAcceptance) PIRI_PHASE02_PACKET {"type":"REEL_STOP","payload":{"spinId":"afcd911e-1fc7-4dfb-aa24-4cba86bda0a3","reel":"CENTER","pressedIndex":2,"stopIndex":4,"slip":19,"durationMs":1030}}
[10:04:35] [Render thread/INFO] (PiriRuntimeAcceptance) PIRI_PHASE02_PACKET {"type":"PUBLIC_STATE","payload":{"sessionId":"2d636068-39be-41bc-ae8e-6aa4e76a1383","machineId":1,"expectedNextClientSequence":142,"gameState":"SEATED_READY","lifecycle":"ACTIVE","credit":0,"heldMedals":0,"bet":0,"pay":0,"bonusCount":0,"lampOn":true,"displayStops":{"left":4,"center":4,"right":4},"stoppedMask":7}}
[10:04:36] [Render thread/INFO] (PiriRuntimeAcceptance) PIRI_PHASE02_PACKET {"type":"PUBLIC_STATE","payload":{"sessionId":"2d636068-39be-41bc-ae8e-6aa4e76a1383","machineId":1,"expectedNextClientSequence":142,"gameState":"BONUS_ENTRY_SPINNING","lifecycle":"ACTIVE","credit":0,"heldMedals":0,"bet":0,"pay":0,"bonusCount":0,"lampOn":true,"displayStops":{"left":4,"center":4,"right":4},"stoppedMask":0}}
[10:04:36] [Render thread/INFO] (PiriRuntimeAcceptance) PIRI_PHASE02_PACKET {"type":"SPIN_START","payload":{"sessionId":"2d636068-39be-41bc-ae8e-6aa4e76a1383","machineId":1,"spinId":"809eff1e-897a-4457-a1c4-e80e87b7ccfb","mode":"BONUS_ENTRY","animation":"RESUME_NORMAL","startPhase":{"left":4.0,"center":4.0,"right":4.0},"stopEnableAfterMs":200}}
[10:04:37] [Render thread/INFO] (PiriRuntimeAcceptance) PIRI_PHASE02_PACKET {"type":"ACTION_ACCEPTED","payload":{"clientSequence":142,"action":"STOP_RIGHT"}}
[10:04:37] [Render thread/INFO] (PiriRuntimeAcceptance) PIRI_PHASE02_PACKET {"type":"REEL_STOP","payload":{"spinId":"809eff1e-897a-4457-a1c4-e80e87b7ccfb","reel":"RIGHT","pressedIndex":15,"stopIndex":4,"slip":11,"durationMs":630}}
[10:04:38] [Render thread/INFO] (PiriRuntimeAcceptance) PIRI_PHASE02_PACKET {"type":"ACTION_ACCEPTED","payload":{"clientSequence":143,"action":"STOP_CENTER"}}
[10:04:38] [Render thread/INFO] (PiriRuntimeAcceptance) PIRI_PHASE02_PACKET {"type":"REEL_STOP","payload":{"spinId":"809eff1e-897a-4457-a1c4-e80e87b7ccfb","reel":"CENTER","pressedIndex":6,"stopIndex":4,"slip":2,"durationMs":180}}
[10:04:38] [Render thread/INFO] (PiriRuntimeAcceptance) PIRI_PHASE02_PACKET {"type":"TENPAI_SOUND","payload":{"spinId":"809eff1e-897a-4457-a1c4-e80e87b7ccfb"}}
[10:04:38] [Render thread/INFO] (PiriRuntimeAcceptance) PIRI_PHASE02_PACKET {"type":"ACTION_ACCEPTED","payload":{"clientSequence":144,"action":"STOP_LEFT"}}
[10:04:38] [Render thread/INFO] (PiriRuntimeAcceptance) PIRI_PHASE02_PACKET {"type":"REEL_STOP","payload":{"spinId":"809eff1e-897a-4457-a1c4-e80e87b7ccfb","reel":"LEFT","pressedIndex":18,"stopIndex":15,"slip":3,"durationMs":230}}
[10:04:38] [Render thread/INFO] (PiriRuntimeAcceptance) PIRI_PHASE02_PACKET {"type":"PUBLIC_STATE","payload":{"sessionId":"2d636068-39be-41bc-ae8e-6aa4e76a1383","machineId":1,"expectedNextClientSequence":145,"gameState":"SEATED_READY","lifecycle":"ACTIVE","credit":0,"heldMedals":0,"bet":0,"pay":0,"bonusCount":0,"lampOn":true,"displayStops":{"left":15,"center":4,"right":4},"stoppedMask":7}}
[10:04:39] [Render thread/INFO] (PiriRuntimeAcceptance) PIRI_PHASE02_PACKET {"type":"PUBLIC_STATE","payload":{"sessionId":"2d636068-39be-41bc-ae8e-6aa4e76a1383","machineId":1,"expectedNextClientSequence":145,"gameState":"BONUS_ENTRY_SPINNING","lifecycle":"ACTIVE","credit":0,"heldMedals":0,"bet":0,"pay":0,"bonusCount":0,"lampOn":true,"displayStops":{"left":15,"center":4,"right":4},"stoppedMask":0}}
[10:04:39] [Render thread/INFO] (PiriRuntimeAcceptance) PIRI_PHASE02_PACKET {"type":"SPIN_START","payload":{"sessionId":"2d636068-39be-41bc-ae8e-6aa4e76a1383","machineId":1,"spinId":"94d8c6f2-526f-40fd-9f04-ad6f86366b45","mode":"BONUS_ENTRY","animation":"NORMAL","startPhase":{"left":15.0,"center":4.0,"right":4.0},"stopEnableAfterMs":400}}
[10:04:40] [Render thread/INFO] (PiriRuntimeAcceptance) PIRI_PHASE02_PACKET {"type":"ACTION_ACCEPTED","payload":{"clientSequence":145,"action":"STOP_LEFT"}}
[10:04:40] [Render thread/INFO] (PiriRuntimeAcceptance) PIRI_PHASE02_PACKET {"type":"REEL_STOP","payload":{"spinId":"94d8c6f2-526f-40fd-9f04-ad6f86366b45","reel":"LEFT","pressedIndex":7,"stopIndex":4,"slip":3,"durationMs":230}}
[10:04:40] [Render thread/INFO] (PiriRuntimeAcceptance) PIRI_PHASE02_PACKET {"type":"ACTION_ACCEPTED","payload":{"clientSequence":146,"action":"STOP_CENTER"}}
[10:04:40] [Render thread/INFO] (PiriRuntimeAcceptance) PIRI_PHASE02_PACKET {"type":"REEL_STOP","payload":{"spinId":"94d8c6f2-526f-40fd-9f04-ad6f86366b45","reel":"CENTER","pressedIndex":8,"stopIndex":4,"slip":4,"durationMs":280}}
[10:04:40] [Render thread/INFO] (PiriRuntimeAcceptance) PIRI_PHASE02_PACKET {"type":"TENPAI_SOUND","payload":{"spinId":"94d8c6f2-526f-40fd-9f04-ad6f86366b45"}}
[10:04:41] [Render thread/INFO] (PiriRuntimeAcceptance) PIRI_PHASE02_PACKET {"type":"ACTION_ACCEPTED","payload":{"clientSequence":147,"action":"STOP_RIGHT"}}
[10:04:41] [Render thread/INFO] (PiriRuntimeAcceptance) PIRI_PHASE02_PACKET {"type":"REEL_STOP","payload":{"spinId":"94d8c6f2-526f-40fd-9f04-ad6f86366b45","reel":"RIGHT","pressedIndex":20,"stopIndex":5,"slip":15,"durationMs":830}}
[10:04:41] [Render thread/INFO] (PiriRuntimeAcceptance) PIRI_PHASE02_PACKET {"type":"PUBLIC_STATE","payload":{"sessionId":"2d636068-39be-41bc-ae8e-6aa4e76a1383","machineId":1,"expectedNextClientSequence":148,"gameState":"SEATED_READY","lifecycle":"ACTIVE","credit":0,"heldMedals":0,"bet":0,"pay":0,"bonusCount":0,"lampOn":true,"displayStops":{"left":4,"center":4,"right":5},"stoppedMask":7}}
[10:04:43] [Render thread/INFO] (PiriRuntimeAcceptance) PIRI_PHASE02_PACKET {"type":"PUBLIC_STATE","payload":{"sessionId":"2d636068-39be-41bc-ae8e-6aa4e76a1383","machineId":1,"expectedNextClientSequence":148,"gameState":"BONUS_ENTRY_SPINNING","lifecycle":"ACTIVE","credit":0,"heldMedals":0,"bet":0,"pay":0,"bonusCount":0,"lampOn":true,"displayStops":{"left":4,"center":4,"right":5},"stoppedMask":0}}
[10:04:43] [Render thread/INFO] (PiriRuntimeAcceptance) PIRI_PHASE02_PACKET {"type":"SPIN_START","payload":{"sessionId":"2d636068-39be-41bc-ae8e-6aa4e76a1383","machineId":1,"spinId":"67209918-d615-433d-8122-ba5352b920d8","mode":"BONUS_ENTRY","animation":"REVERSE_500MS","startPhase":{"left":4.0,"center":4.0,"right":5.0},"stopEnableAfterMs":800}}
[10:04:44] [Render thread/INFO] (PiriRuntimeAcceptance) PIRI_PHASE02_PACKET {"type":"ACTION_ACCEPTED","payload":{"clientSequence":148,"action":"STOP_LEFT"}}
[10:04:44] [Render thread/INFO] (PiriRuntimeAcceptance) PIRI_PHASE02_PACKET {"type":"REEL_STOP","payload":{"spinId":"67209918-d615-433d-8122-ba5352b920d8","reel":"LEFT","pressedIndex":19,"stopIndex":15,"slip":4,"durationMs":280}}
[10:04:44] [Render thread/INFO] (PiriRuntimeAcceptance) PIRI_PHASE02_PACKET {"type":"ACTION_ACCEPTED","payload":{"clientSequence":149,"action":"STOP_RIGHT"}}
[10:04:44] [Render thread/INFO] (PiriRuntimeAcceptance) PIRI_PHASE02_PACKET {"type":"REEL_STOP","payload":{"spinId":"67209918-d615-433d-8122-ba5352b920d8","reel":"RIGHT","pressedIndex":12,"stopIndex":5,"slip":7,"durationMs":430}}
[10:04:45] [Render thread/INFO] (PiriRuntimeAcceptance) PIRI_PHASE02_PACKET {"type":"ACTION_ACCEPTED","payload":{"clientSequence":150,"action":"STOP_CENTER"}}
[10:04:45] [Render thread/INFO] (PiriRuntimeAcceptance) PIRI_PHASE02_PACKET {"type":"REEL_STOP","payload":{"spinId":"67209918-d615-433d-8122-ba5352b920d8","reel":"CENTER","pressedIndex":2,"stopIndex":4,"slip":19,"durationMs":1030}}
[10:04:45] [Render thread/INFO] (PiriRuntimeAcceptance) PIRI_PHASE02_PACKET {"type":"PUBLIC_STATE","payload":{"sessionId":"2d636068-39be-41bc-ae8e-6aa4e76a1383","machineId":1,"expectedNextClientSequence":151,"gameState":"SEATED_READY","lifecycle":"ACTIVE","credit":0,"heldMedals":0,"bet":0,"pay":0,"bonusCount":0,"lampOn":true,"displayStops":{"left":15,"center":4,"right":5},"stoppedMask":7}}
[10:04:46] [Render thread/INFO] (PiriRuntimeAcceptance) PIRI_PHASE02_PACKET {"type":"PUBLIC_STATE","payload":{"sessionId":"2d636068-39be-41bc-ae8e-6aa4e76a1383","machineId":1,"expectedNextClientSequence":151,"gameState":"BONUS_ENTRY_SPINNING","lifecycle":"ACTIVE","credit":0,"heldMedals":0,"bet":0,"pay":0,"bonusCount":0,"lampOn":true,"displayStops":{"left":15,"center":4,"right":5},"stoppedMask":0}}
[10:04:46] [Render thread/INFO] (PiriRuntimeAcceptance) PIRI_PHASE02_PACKET {"type":"SPIN_START","payload":{"sessionId":"2d636068-39be-41bc-ae8e-6aa4e76a1383","machineId":1,"spinId":"0515284d-b014-4a67-bf6b-37c20fd64aef","mode":"BONUS_ENTRY","animation":"RESUME_NORMAL","startPhase":{"left":15.0,"center":4.0,"right":5.0},"stopEnableAfterMs":200}}
[10:04:47] [Render thread/INFO] (PiriRuntimeAcceptance) PIRI_PHASE02_PACKET {"type":"ACTION_ACCEPTED","payload":{"clientSequence":151,"action":"STOP_CENTER"}}
[10:04:47] [Render thread/INFO] (PiriRuntimeAcceptance) PIRI_PHASE02_PACKET {"type":"REEL_STOP","payload":{"spinId":"0515284d-b014-4a67-bf6b-37c20fd64aef","reel":"CENTER","pressedIndex":16,"stopIndex":4,"slip":12,"durationMs":680}}
[10:04:47] [Render thread/INFO] (PiriRuntimeAcceptance) PIRI_PHASE02_PACKET {"type":"ACTION_ACCEPTED","payload":{"clientSequence":152,"action":"STOP_LEFT"}}
[10:04:47] [Render thread/INFO] (PiriRuntimeAcceptance) PIRI_PHASE02_PACKET {"type":"REEL_STOP","payload":{"spinId":"0515284d-b014-4a67-bf6b-37c20fd64aef","reel":"LEFT","pressedIndex":18,"stopIndex":15,"slip":3,"durationMs":230}}
[10:04:47] [Render thread/INFO] (PiriRuntimeAcceptance) PIRI_PHASE02_PACKET {"type":"TENPAI_SOUND","payload":{"spinId":"0515284d-b014-4a67-bf6b-37c20fd64aef"}}
[10:04:48] [Render thread/INFO] (PiriRuntimeAcceptance) PIRI_PHASE02_PACKET {"type":"ACTION_ACCEPTED","payload":{"clientSequence":153,"action":"STOP_RIGHT"}}
[10:04:48] [Render thread/INFO] (PiriRuntimeAcceptance) PIRI_PHASE02_PACKET {"type":"REEL_STOP","payload":{"spinId":"0515284d-b014-4a67-bf6b-37c20fd64aef","reel":"RIGHT","pressedIndex":20,"stopIndex":5,"slip":15,"durationMs":830}}
[10:04:48] [Render thread/INFO] (PiriRuntimeAcceptance) PIRI_PHASE02_PACKET {"type":"PUBLIC_STATE","payload":{"sessionId":"2d636068-39be-41bc-ae8e-6aa4e76a1383","machineId":1,"expectedNextClientSequence":154,"gameState":"SEATED_READY","lifecycle":"ACTIVE","credit":0,"heldMedals":0,"bet":0,"pay":0,"bonusCount":0,"lampOn":true,"displayStops":{"left":15,"center":4,"right":5},"stoppedMask":7}}
[10:04:49] [Render thread/INFO] (PiriRuntimeAcceptance) PIRI_PHASE02_PACKET {"type":"PUBLIC_STATE","payload":{"sessionId":"2d636068-39be-41bc-ae8e-6aa4e76a1383","machineId":1,"expectedNextClientSequence":154,"gameState":"BONUS_ENTRY_SPINNING","lifecycle":"ACTIVE","credit":0,"heldMedals":0,"bet":0,"pay":0,"bonusCount":0,"lampOn":true,"displayStops":{"left":15,"center":4,"right":5},"stoppedMask":0}}
[10:04:49] [Render thread/INFO] (PiriRuntimeAcceptance) PIRI_PHASE02_PACKET {"type":"SPIN_START","payload":{"sessionId":"2d636068-39be-41bc-ae8e-6aa4e76a1383","machineId":1,"spinId":"7a3ac48e-de5a-4bf8-982b-d0447de96b9d","mode":"BONUS_ENTRY","animation":"NORMAL","startPhase":{"left":15.0,"center":4.0,"right":5.0},"stopEnableAfterMs":400}}
[10:04:50] [Render thread/INFO] (PiriRuntimeAcceptance) PIRI_PHASE02_PACKET {"type":"ACTION_ACCEPTED","payload":{"clientSequence":154,"action":"STOP_CENTER"}}
[10:04:50] [Render thread/INFO] (PiriRuntimeAcceptance) PIRI_PHASE02_PACKET {"type":"REEL_STOP","payload":{"spinId":"7a3ac48e-de5a-4bf8-982b-d0447de96b9d","reel":"CENTER","pressedIndex":17,"stopIndex":4,"slip":13,"durationMs":730}}
[10:04:51] [Render thread/INFO] (PiriRuntimeAcceptance) PIRI_PHASE02_PACKET {"type":"ACTION_ACCEPTED","payload":{"clientSequence":155,"action":"STOP_RIGHT"}}
[10:04:51] [Render thread/INFO] (PiriRuntimeAcceptance) PIRI_PHASE02_PACKET {"type":"REEL_STOP","payload":{"spinId":"7a3ac48e-de5a-4bf8-982b-d0447de96b9d","reel":"RIGHT","pressedIndex":9,"stopIndex":5,"slip":4,"durationMs":280}}
[10:04:51] [Render thread/INFO] (PiriRuntimeAcceptance) PIRI_PHASE02_PACKET {"type":"ACTION_ACCEPTED","payload":{"clientSequence":156,"action":"STOP_LEFT"}}
[10:04:51] [Render thread/INFO] (PiriRuntimeAcceptance) PIRI_PHASE02_PACKET {"type":"REEL_STOP","payload":{"spinId":"7a3ac48e-de5a-4bf8-982b-d0447de96b9d","reel":"LEFT","pressedIndex":10,"stopIndex":4,"slip":6,"durationMs":380}}
[10:04:51] [Render thread/INFO] (PiriRuntimeAcceptance) PIRI_PHASE02_PACKET {"type":"PUBLIC_STATE","payload":{"sessionId":"2d636068-39be-41bc-ae8e-6aa4e76a1383","machineId":1,"expectedNextClientSequence":157,"gameState":"SEATED_READY","lifecycle":"ACTIVE","credit":0,"heldMedals":0,"bet":0,"pay":0,"bonusCount":0,"lampOn":true,"displayStops":{"left":4,"center":4,"right":5},"stoppedMask":7}}
[10:04:52] [Render thread/INFO] (PiriRuntimeAcceptance) PIRI_PHASE02_PACKET {"type":"PUBLIC_STATE","payload":{"sessionId":"2d636068-39be-41bc-ae8e-6aa4e76a1383","machineId":1,"expectedNextClientSequence":157,"gameState":"BONUS_ENTRY_SPINNING","lifecycle":"ACTIVE","credit":0,"heldMedals":0,"bet":0,"pay":0,"bonusCount":0,"lampOn":true,"displayStops":{"left":4,"center":4,"right":5},"stoppedMask":0}}
[10:04:52] [Render thread/INFO] (PiriRuntimeAcceptance) PIRI_PHASE02_PACKET {"type":"SPIN_START","payload":{"sessionId":"2d636068-39be-41bc-ae8e-6aa4e76a1383","machineId":1,"spinId":"31134923-52a1-4844-aac8-e5d218570b20","mode":"BONUS_ENTRY","animation":"REVERSE_500MS","startPhase":{"left":4.0,"center":4.0,"right":5.0},"stopEnableAfterMs":800}}
[10:04:53] [Render thread/INFO] (PiriRuntimeAcceptance) PIRI_PHASE02_PACKET {"type":"ACTION_ACCEPTED","payload":{"clientSequence":157,"action":"STOP_RIGHT"}}
[10:04:53] [Render thread/INFO] (PiriRuntimeAcceptance) PIRI_PHASE02_PACKET {"type":"REEL_STOP","payload":{"spinId":"31134923-52a1-4844-aac8-e5d218570b20","reel":"RIGHT","pressedIndex":0,"stopIndex":5,"slip":16,"durationMs":880}}
[10:04:54] [Render thread/INFO] (PiriRuntimeAcceptance) PIRI_PHASE02_PACKET {"type":"ACTION_ACCEPTED","payload":{"clientSequence":158,"action":"STOP_LEFT"}}
[10:04:54] [Render thread/INFO] (PiriRuntimeAcceptance) PIRI_PHASE02_PACKET {"type":"REEL_STOP","payload":{"spinId":"31134923-52a1-4844-aac8-e5d218570b20","reel":"LEFT","pressedIndex":11,"stopIndex":4,"slip":7,"durationMs":430}}
[10:04:55] [Render thread/INFO] (PiriRuntimeAcceptance) PIRI_PHASE02_PACKET {"type":"ACTION_ACCEPTED","payload":{"clientSequence":159,"action":"STOP_CENTER"}}
[10:04:55] [Render thread/INFO] (PiriRuntimeAcceptance) PIRI_PHASE02_PACKET {"type":"REEL_STOP","payload":{"spinId":"31134923-52a1-4844-aac8-e5d218570b20","reel":"CENTER","pressedIndex":14,"stopIndex":4,"slip":10,"durationMs":580}}
[10:04:55] [Render thread/INFO] (PiriRuntimeAcceptance) PIRI_PHASE02_PACKET {"type":"PUBLIC_STATE","payload":{"sessionId":"2d636068-39be-41bc-ae8e-6aa4e76a1383","machineId":1,"expectedNextClientSequence":160,"gameState":"SEATED_READY","lifecycle":"ACTIVE","credit":0,"heldMedals":0,"bet":0,"pay":0,"bonusCount":0,"lampOn":true,"displayStops":{"left":4,"center":4,"right":5},"stoppedMask":7}}
[10:04:55] [Render thread/INFO] (PiriRuntimeAcceptance) PIRI_PHASE02_PACKET {"type":"PUBLIC_STATE","payload":{"sessionId":"2d636068-39be-41bc-ae8e-6aa4e76a1383","machineId":1,"expectedNextClientSequence":160,"gameState":"BONUS_ENTRY_SPINNING","lifecycle":"ACTIVE","credit":0,"heldMedals":0,"bet":0,"pay":0,"bonusCount":0,"lampOn":true,"displayStops":{"left":4,"center":4,"right":5},"stoppedMask":0}}
[10:04:55] [Render thread/INFO] (PiriRuntimeAcceptance) PIRI_PHASE02_PACKET {"type":"SPIN_START","payload":{"sessionId":"2d636068-39be-41bc-ae8e-6aa4e76a1383","machineId":1,"spinId":"b26c5cce-a913-46a1-9cd4-aba55a3fe5a4","mode":"BONUS_ENTRY","animation":"RESUME_NORMAL","startPhase":{"left":4.0,"center":4.0,"right":5.0},"stopEnableAfterMs":200}}
[10:04:56] [Render thread/INFO] (PiriRuntimeAcceptance) PIRI_PHASE02_PACKET {"type":"ACTION_ACCEPTED","payload":{"clientSequence":160,"action":"STOP_RIGHT"}}
[10:04:56] [Render thread/INFO] (PiriRuntimeAcceptance) PIRI_PHASE02_PACKET {"type":"REEL_STOP","payload":{"spinId":"b26c5cce-a913-46a1-9cd4-aba55a3fe5a4","reel":"RIGHT","pressedIndex":16,"stopIndex":5,"slip":11,"durationMs":630}}
[10:04:57] [Render thread/INFO] (PiriRuntimeAcceptance) PIRI_PHASE02_PACKET {"type":"ACTION_ACCEPTED","payload":{"clientSequence":161,"action":"STOP_CENTER"}}
[10:04:57] [Render thread/INFO] (PiriRuntimeAcceptance) PIRI_PHASE02_PACKET {"type":"REEL_STOP","payload":{"spinId":"b26c5cce-a913-46a1-9cd4-aba55a3fe5a4","reel":"CENTER","pressedIndex":6,"stopIndex":4,"slip":2,"durationMs":180}}
[10:04:57] [Render thread/INFO] (PiriRuntimeAcceptance) PIRI_PHASE02_PACKET {"type":"ACTION_ACCEPTED","payload":{"clientSequence":162,"action":"STOP_LEFT"}}
[10:04:57] [Render thread/INFO] (PiriRuntimeAcceptance) PIRI_PHASE02_PACKET {"type":"REEL_STOP","payload":{"spinId":"b26c5cce-a913-46a1-9cd4-aba55a3fe5a4","reel":"LEFT","pressedIndex":19,"stopIndex":15,"slip":4,"durationMs":280}}
[10:04:57] [Render thread/INFO] (PiriRuntimeAcceptance) PIRI_PHASE02_PACKET {"type":"PUBLIC_STATE","payload":{"sessionId":"2d636068-39be-41bc-ae8e-6aa4e76a1383","machineId":1,"expectedNextClientSequence":163,"gameState":"SEATED_READY","lifecycle":"ACTIVE","credit":0,"heldMedals":0,"bet":0,"pay":0,"bonusCount":0,"lampOn":true,"displayStops":{"left":15,"center":4,"right":5},"stoppedMask":7}}
[10:04:58] [Render thread/INFO] (PiriRuntimeAcceptance) PIRI_PHASE02_PACKET {"type":"PUBLIC_STATE","payload":{"sessionId":"2d636068-39be-41bc-ae8e-6aa4e76a1383","machineId":1,"expectedNextClientSequence":163,"gameState":"NORMAL_SPINNING","lifecycle":"ACTIVE","credit":0,"heldMedals":0,"bet":0,"pay":0,"bonusCount":0,"lampOn":false,"displayStops":{"left":15,"center":4,"right":5},"stoppedMask":0}}
[10:04:58] [Render thread/INFO] (PiriRuntimeAcceptance) PIRI_PHASE02_PACKET {"type":"SPIN_START","payload":{"sessionId":"2d636068-39be-41bc-ae8e-6aa4e76a1383","machineId":1,"spinId":"b345a74e-6628-4031-9b6d-9e6539d31d09","mode":"NORMAL","animation":"NORMAL","startPhase":{"left":15.0,"center":4.0,"right":5.0},"stopEnableAfterMs":400}}
[10:04:59] [Render thread/INFO] (PiriRuntimeAcceptance) PIRI_PHASE02_PACKET {"type":"ACTION_ACCEPTED","payload":{"clientSequence":163,"action":"STOP_LEFT"}}
[10:04:59] [Render thread/INFO] (PiriRuntimeAcceptance) PIRI_PHASE02_PACKET {"type":"REEL_STOP","payload":{"spinId":"b345a74e-6628-4031-9b6d-9e6539d31d09","reel":"LEFT","pressedIndex":7,"stopIndex":20,"slip":8,"durationMs":480}}
[10:04:59] [Render thread/INFO] (PiriRuntimeAcceptance) PIRI_PHASE02_PACKET {"type":"ACTION_ACCEPTED","payload":{"clientSequence":164,"action":"STOP_CENTER"}}
[10:04:59] [Render thread/INFO] (PiriRuntimeAcceptance) PIRI_PHASE02_PACKET {"type":"REEL_STOP","payload":{"spinId":"b345a74e-6628-4031-9b6d-9e6539d31d09","reel":"CENTER","pressedIndex":8,"stopIndex":8,"slip":0,"durationMs":80}}
[10:05:00] [Render thread/INFO] (PiriRuntimeAcceptance) PIRI_PHASE02_PACKET {"type":"ACTION_ACCEPTED","payload":{"clientSequence":165,"action":"STOP_RIGHT"}}
[10:05:00] [Render thread/INFO] (PiriRuntimeAcceptance) PIRI_PHASE02_PACKET {"type":"REEL_STOP","payload":{"spinId":"b345a74e-6628-4031-9b6d-9e6539d31d09","reel":"RIGHT","pressedIndex":0,"stopIndex":0,"slip":0,"durationMs":80}}
[10:05:00] [Render thread/INFO] (PiriRuntimeAcceptance) PIRI_PHASE02_PACKET {"type":"PUBLIC_STATE","payload":{"sessionId":"2d636068-39be-41bc-ae8e-6aa4e76a1383","machineId":1,"expectedNextClientSequence":166,"gameState":"SEATED_READY","lifecycle":"ACTIVE","credit":0,"heldMedals":0,"bet":0,"pay":0,"bonusCount":0,"lampOn":false,"displayStops":{"left":20,"center":8,"right":0},"stoppedMask":7}}
[10:05:01] [Render thread/INFO] (PiriRuntimeAcceptance) PIRI_PHASE02_PACKET {"type":"PUBLIC_STATE","payload":{"sessionId":"2d636068-39be-41bc-ae8e-6aa4e76a1383","machineId":1,"expectedNextClientSequence":166,"gameState":"NORMAL_SPINNING","lifecycle":"ACTIVE","credit":0,"heldMedals":0,"bet":0,"pay":0,"bonusCount":0,"lampOn":false,"displayStops":{"left":20,"center":8,"right":0},"stoppedMask":0}}
[10:05:01] [Render thread/INFO] (PiriRuntimeAcceptance) PIRI_PHASE02_PACKET {"type":"SPIN_START","payload":{"sessionId":"2d636068-39be-41bc-ae8e-6aa4e76a1383","machineId":1,"spinId":"0f0df66b-6bfd-4b3a-8114-f917b7387c32","mode":"NORMAL","animation":"REVERSE_500MS","startPhase":{"left":20.0,"center":8.0,"right":0.0},"stopEnableAfterMs":800}}
[10:05:03] [Render thread/INFO] (PiriRuntimeAcceptance) PIRI_PHASE02_PACKET {"type":"ACTION_ACCEPTED","payload":{"clientSequence":166,"action":"STOP_LEFT"}}
[10:05:03] [Render thread/INFO] (PiriRuntimeAcceptance) PIRI_PHASE02_PACKET {"type":"REEL_STOP","payload":{"spinId":"0f0df66b-6bfd-4b3a-8114-f917b7387c32","reel":"LEFT","pressedIndex":11,"stopIndex":8,"slip":3,"durationMs":230}}
[10:05:03] [Render thread/INFO] (PiriRuntimeAcceptance) PIRI_PHASE02_PACKET {"type":"ACTION_ACCEPTED","payload":{"clientSequence":167,"action":"STOP_RIGHT"}}
[10:05:03] [Render thread/INFO] (PiriRuntimeAcceptance) PIRI_PHASE02_PACKET {"type":"REEL_STOP","payload":{"spinId":"0f0df66b-6bfd-4b3a-8114-f917b7387c32","reel":"RIGHT","pressedIndex":2,"stopIndex":2,"slip":0,"durationMs":80}}
[10:05:04] [Render thread/INFO] (PiriRuntimeAcceptance) PIRI_PHASE02_PACKET {"type":"ACTION_ACCEPTED","payload":{"clientSequence":168,"action":"STOP_CENTER"}}
[10:05:04] [Render thread/INFO] (PiriRuntimeAcceptance) PIRI_PHASE02_PACKET {"type":"REEL_STOP","payload":{"spinId":"0f0df66b-6bfd-4b3a-8114-f917b7387c32","reel":"CENTER","pressedIndex":1,"stopIndex":1,"slip":0,"durationMs":80}}
[10:05:04] [Render thread/INFO] (PiriRuntimeAcceptance) PIRI_PHASE02_PACKET {"type":"PUBLIC_STATE","payload":{"sessionId":"2d636068-39be-41bc-ae8e-6aa4e76a1383","machineId":1,"expectedNextClientSequence":169,"gameState":"SEATED_READY","lifecycle":"ACTIVE","credit":0,"heldMedals":0,"bet":0,"pay":0,"bonusCount":0,"lampOn":false,"displayStops":{"left":8,"center":1,"right":2},"stoppedMask":7}}
[10:05:04] [Render thread/INFO] (PiriRuntimeAcceptance) PIRI_PHASE02_PACKET {"type":"PUBLIC_STATE","payload":{"sessionId":"2d636068-39be-41bc-ae8e-6aa4e76a1383","machineId":1,"expectedNextClientSequence":169,"gameState":"NORMAL_SPINNING","lifecycle":"ACTIVE","credit":0,"heldMedals":0,"bet":0,"pay":0,"bonusCount":0,"lampOn":false,"displayStops":{"left":8,"center":1,"right":2},"stoppedMask":0}}
[10:05:04] [Render thread/INFO] (PiriRuntimeAcceptance) PIRI_PHASE02_PACKET {"type":"SPIN_START","payload":{"sessionId":"2d636068-39be-41bc-ae8e-6aa4e76a1383","machineId":1,"spinId":"6a4d4554-80ac-41ab-8608-608db17b717d","mode":"NORMAL","animation":"RESUME_NORMAL","startPhase":{"left":8.0,"center":1.0,"right":2.0},"stopEnableAfterMs":200}}
[10:05:05] [Render thread/INFO] (PiriRuntimeAcceptance) PIRI_PHASE02_PACKET {"type":"ACTION_ACCEPTED","payload":{"clientSequence":169,"action":"STOP_CENTER"}}
[10:05:05] [Render thread/INFO] (PiriRuntimeAcceptance) PIRI_PHASE02_PACKET {"type":"REEL_STOP","payload":{"spinId":"6a4d4554-80ac-41ab-8608-608db17b717d","reel":"CENTER","pressedIndex":13,"stopIndex":13,"slip":0,"durationMs":80}}
[10:05:05] [Render thread/INFO] (PiriRuntimeAcceptance) PIRI_PHASE02_PACKET {"type":"ACTION_ACCEPTED","payload":{"clientSequence":170,"action":"STOP_LEFT"}}
[10:05:05] [Render thread/INFO] (PiriRuntimeAcceptance) PIRI_PHASE02_PACKET {"type":"REEL_STOP","payload":{"spinId":"6a4d4554-80ac-41ab-8608-608db17b717d","reel":"LEFT","pressedIndex":11,"stopIndex":8,"slip":3,"durationMs":230}}
[10:05:06] [Render thread/INFO] (PiriRuntimeAcceptance) PIRI_PHASE02_PACKET {"type":"ACTION_ACCEPTED","payload":{"clientSequence":171,"action":"STOP_RIGHT"}}
[10:05:06] [Render thread/INFO] (PiriRuntimeAcceptance) PIRI_PHASE02_PACKET {"type":"REEL_STOP","payload":{"spinId":"6a4d4554-80ac-41ab-8608-608db17b717d","reel":"RIGHT","pressedIndex":12,"stopIndex":11,"slip":1,"durationMs":130}}
[10:05:06] [Render thread/INFO] (PiriRuntimeAcceptance) PIRI_PHASE02_PACKET {"type":"PUBLIC_STATE","payload":{"sessionId":"2d636068-39be-41bc-ae8e-6aa4e76a1383","machineId":1,"expectedNextClientSequence":172,"gameState":"SEATED_READY","lifecycle":"ACTIVE","credit":0,"heldMedals":0,"bet":0,"pay":0,"bonusCount":0,"lampOn":false,"displayStops":{"left":8,"center":13,"right":11},"stoppedMask":7}}
[10:05:07] [Render thread/INFO] (PiriRuntimeAcceptance) PIRI_PHASE02_PACKET {"type":"PUBLIC_STATE","payload":{"sessionId":"2d636068-39be-41bc-ae8e-6aa4e76a1383","machineId":1,"expectedNextClientSequence":172,"gameState":"NORMAL_SPINNING","lifecycle":"ACTIVE","credit":0,"heldMedals":0,"bet":0,"pay":0,"bonusCount":0,"lampOn":false,"displayStops":{"left":8,"center":13,"right":11},"stoppedMask":0}}
[10:05:07] [Render thread/INFO] (PiriRuntimeAcceptance) PIRI_PHASE02_PACKET {"type":"SPIN_START","payload":{"sessionId":"2d636068-39be-41bc-ae8e-6aa4e76a1383","machineId":1,"spinId":"16af74dd-347b-49ff-95bf-67578cf3b418","mode":"NORMAL","animation":"NORMAL","startPhase":{"left":8.0,"center":13.0,"right":11.0},"stopEnableAfterMs":400}}
[10:05:07] [Render thread/INFO] (PiriRuntimeAcceptance) PIRI_PHASE02_PACKET {"type":"ACTION_ACCEPTED","payload":{"clientSequence":172,"action":"STOP_CENTER"}}
[10:05:07] [Render thread/INFO] (PiriRuntimeAcceptance) PIRI_PHASE02_PACKET {"type":"REEL_STOP","payload":{"spinId":"16af74dd-347b-49ff-95bf-67578cf3b418","reel":"CENTER","pressedIndex":5,"stopIndex":5,"slip":0,"durationMs":80}}
[10:05:08] [Render thread/INFO] (PiriRuntimeAcceptance) PIRI_PHASE02_PACKET {"type":"ACTION_ACCEPTED","payload":{"clientSequence":173,"action":"STOP_RIGHT"}}
[10:05:08] [Render thread/INFO] (PiriRuntimeAcceptance) PIRI_PHASE02_PACKET {"type":"REEL_STOP","payload":{"spinId":"16af74dd-347b-49ff-95bf-67578cf3b418","reel":"RIGHT","pressedIndex":15,"stopIndex":15,"slip":0,"durationMs":80}}
[10:05:08] [Render thread/INFO] (PiriRuntimeAcceptance) PIRI_PHASE02_PACKET {"type":"ACTION_ACCEPTED","payload":{"clientSequence":174,"action":"STOP_LEFT"}}
[10:05:08] [Render thread/INFO] (PiriRuntimeAcceptance) PIRI_PHASE02_PACKET {"type":"REEL_STOP","payload":{"spinId":"16af74dd-347b-49ff-95bf-67578cf3b418","reel":"LEFT","pressedIndex":3,"stopIndex":20,"slip":4,"durationMs":280}}
[10:05:08] [Render thread/INFO] (PiriRuntimeAcceptance) PIRI_PHASE02_PACKET {"type":"PUBLIC_STATE","payload":{"sessionId":"2d636068-39be-41bc-ae8e-6aa4e76a1383","machineId":1,"expectedNextClientSequence":175,"gameState":"SEATED_READY","lifecycle":"ACTIVE","credit":0,"heldMedals":0,"bet":0,"pay":0,"bonusCount":0,"lampOn":false,"displayStops":{"left":20,"center":5,"right":15},"stoppedMask":7}}
[10:05:09] [Render thread/INFO] (PiriRuntimeAcceptance) PIRI_PHASE02_PACKET {"type":"PUBLIC_STATE","payload":{"sessionId":"2d636068-39be-41bc-ae8e-6aa4e76a1383","machineId":1,"expectedNextClientSequence":175,"gameState":"NORMAL_SPINNING","lifecycle":"ACTIVE","credit":0,"heldMedals":0,"bet":0,"pay":0,"bonusCount":0,"lampOn":false,"displayStops":{"left":20,"center":5,"right":15},"stoppedMask":0}}
[10:05:09] [Render thread/INFO] (PiriRuntimeAcceptance) PIRI_PHASE02_PACKET {"type":"SPIN_START","payload":{"sessionId":"2d636068-39be-41bc-ae8e-6aa4e76a1383","machineId":1,"spinId":"8c57cb96-3e4b-409e-89af-785bf5e96d5e","mode":"NORMAL","animation":"REVERSE_500MS","startPhase":{"left":20.0,"center":5.0,"right":15.0},"stopEnableAfterMs":800}}
[10:05:11] [Render thread/INFO] (PiriRuntimeAcceptance) PIRI_PHASE02_PACKET {"type":"ACTION_ACCEPTED","payload":{"clientSequence":175,"action":"STOP_RIGHT"}}
[10:05:11] [Render thread/INFO] (PiriRuntimeAcceptance) PIRI_PHASE02_PACKET {"type":"REEL_STOP","payload":{"spinId":"8c57cb96-3e4b-409e-89af-785bf5e96d5e","reel":"RIGHT","pressedIndex":5,"stopIndex":5,"slip":0,"durationMs":80}}
[10:05:11] [Render thread/INFO] (PiriRuntimeAcceptance) PIRI_PHASE02_PACKET {"type":"ACTION_ACCEPTED","payload":{"clientSequence":176,"action":"STOP_LEFT"}}
[10:05:11] [Render thread/INFO] (PiriRuntimeAcceptance) PIRI_PHASE02_PACKET {"type":"REEL_STOP","payload":{"spinId":"8c57cb96-3e4b-409e-89af-785bf5e96d5e","reel":"LEFT","pressedIndex":1,"stopIndex":20,"slip":2,"durationMs":180}}
[10:05:12] [Render thread/INFO] (PiriRuntimeAcceptance) PIRI_PHASE02_PACKET {"type":"ACTION_ACCEPTED","payload":{"clientSequence":177,"action":"STOP_CENTER"}}
[10:05:12] [Render thread/INFO] (PiriRuntimeAcceptance) PIRI_PHASE02_PACKET {"type":"REEL_STOP","payload":{"spinId":"8c57cb96-3e4b-409e-89af-785bf5e96d5e","reel":"CENTER","pressedIndex":19,"stopIndex":19,"slip":0,"durationMs":80}}
[10:05:12] [Render thread/INFO] (PiriRuntimeAcceptance) PIRI_PHASE02_PACKET {"type":"PUBLIC_STATE","payload":{"sessionId":"2d636068-39be-41bc-ae8e-6aa4e76a1383","machineId":1,"expectedNextClientSequence":178,"gameState":"SEATED_READY","lifecycle":"ACTIVE","credit":0,"heldMedals":0,"bet":0,"pay":0,"bonusCount":0,"lampOn":false,"displayStops":{"left":20,"center":19,"right":5},"stoppedMask":7}}
[10:05:12] [Render thread/INFO] (PiriRuntimeAcceptance) PIRI_PHASE02_PACKET {"type":"PUBLIC_STATE","payload":{"sessionId":"2d636068-39be-41bc-ae8e-6aa4e76a1383","machineId":1,"expectedNextClientSequence":178,"gameState":"NORMAL_SPINNING","lifecycle":"ACTIVE","credit":0,"heldMedals":0,"bet":0,"pay":0,"bonusCount":0,"lampOn":false,"displayStops":{"left":20,"center":19,"right":5},"stoppedMask":0}}
[10:05:12] [Render thread/INFO] (PiriRuntimeAcceptance) PIRI_PHASE02_PACKET {"type":"SPIN_START","payload":{"sessionId":"2d636068-39be-41bc-ae8e-6aa4e76a1383","machineId":1,"spinId":"0b956948-fc34-4182-993b-c2501427e231","mode":"NORMAL","animation":"RESUME_NORMAL","startPhase":{"left":20.0,"center":19.0,"right":5.0},"stopEnableAfterMs":200}}
[10:05:13] [Render thread/INFO] (PiriRuntimeAcceptance) PIRI_PHASE02_PACKET {"type":"ACTION_ACCEPTED","payload":{"clientSequence":178,"action":"STOP_RIGHT"}}
[10:05:13] [Render thread/INFO] (PiriRuntimeAcceptance) PIRI_PHASE02_PACKET {"type":"REEL_STOP","payload":{"spinId":"0b956948-fc34-4182-993b-c2501427e231","reel":"RIGHT","pressedIndex":16,"stopIndex":16,"slip":0,"durationMs":80}}
[10:05:13] [Render thread/INFO] (PiriRuntimeAcceptance) PIRI_PHASE02_PACKET {"type":"ACTION_ACCEPTED","payload":{"clientSequence":179,"action":"STOP_CENTER"}}
[10:05:13] [Render thread/INFO] (PiriRuntimeAcceptance) PIRI_PHASE02_PACKET {"type":"REEL_STOP","payload":{"spinId":"0b956948-fc34-4182-993b-c2501427e231","reel":"CENTER","pressedIndex":0,"stopIndex":0,"slip":0,"durationMs":80}}
[10:05:14] [Render thread/INFO] (PiriRuntimeAcceptance) PIRI_PHASE02_PACKET {"type":"ACTION_ACCEPTED","payload":{"clientSequence":180,"action":"STOP_LEFT"}}
[10:05:14] [Render thread/INFO] (PiriRuntimeAcceptance) PIRI_PHASE02_PACKET {"type":"REEL_STOP","payload":{"spinId":"0b956948-fc34-4182-993b-c2501427e231","reel":"LEFT","pressedIndex":4,"stopIndex":20,"slip":5,"durationMs":330}}
[10:05:14] [Render thread/INFO] (PiriRuntimeAcceptance) PIRI_PHASE02_PACKET {"type":"PUBLIC_STATE","payload":{"sessionId":"2d636068-39be-41bc-ae8e-6aa4e76a1383","machineId":1,"expectedNextClientSequence":181,"gameState":"SEATED_READY","lifecycle":"ACTIVE","credit":0,"heldMedals":0,"bet":0,"pay":0,"bonusCount":0,"lampOn":false,"displayStops":{"left":20,"center":0,"right":16},"stoppedMask":7}}
[10:05:15] [Render thread/INFO] (PiriRuntimeAcceptance) PIRI_PHASE02_PACKET {"type":"PUBLIC_STATE","payload":{"sessionId":"2d636068-39be-41bc-ae8e-6aa4e76a1383","machineId":1,"expectedNextClientSequence":181,"gameState":"NORMAL_SPINNING","lifecycle":"ACTIVE","credit":0,"heldMedals":0,"bet":0,"pay":0,"bonusCount":0,"lampOn":false,"displayStops":{"left":20,"center":0,"right":16},"stoppedMask":0}}
[10:05:15] [Render thread/INFO] (PiriRuntimeAcceptance) PIRI_PHASE02_PACKET {"type":"SPIN_START","payload":{"sessionId":"2d636068-39be-41bc-ae8e-6aa4e76a1383","machineId":1,"spinId":"863d9c7f-fc58-4b65-b172-912aa7991cb2","mode":"NORMAL","animation":"NORMAL","startPhase":{"left":20.0,"center":0.0,"right":16.0},"stopEnableAfterMs":400}}
[10:05:16] [Render thread/INFO] (PiriRuntimeAcceptance) PIRI_PHASE02_PACKET {"type":"ACTION_ACCEPTED","payload":{"clientSequence":181,"action":"STOP_LEFT"}}
[10:05:16] [Render thread/INFO] (PiriRuntimeAcceptance) PIRI_PHASE02_PACKET {"type":"REEL_STOP","payload":{"spinId":"863d9c7f-fc58-4b65-b172-912aa7991cb2","reel":"LEFT","pressedIndex":12,"stopIndex":12,"slip":0,"durationMs":80}}
[10:05:16] [Render thread/INFO] (PiriRuntimeAcceptance) PIRI_PHASE02_PACKET {"type":"ACTION_ACCEPTED","payload":{"clientSequence":182,"action":"STOP_CENTER"}}
[10:05:16] [Render thread/INFO] (PiriRuntimeAcceptance) PIRI_PHASE02_PACKET {"type":"REEL_STOP","payload":{"spinId":"863d9c7f-fc58-4b65-b172-912aa7991cb2","reel":"CENTER","pressedIndex":20,"stopIndex":20,"slip":0,"durationMs":80}}
[10:05:16] [Render thread/INFO] (PiriRuntimeAcceptance) PIRI_PHASE02_PACKET {"type":"TENPAI_SOUND","payload":{"spinId":"863d9c7f-fc58-4b65-b172-912aa7991cb2"}}
[10:05:17] [Render thread/INFO] (PiriRuntimeAcceptance) PIRI_PHASE02_PACKET {"type":"ACTION_ACCEPTED","payload":{"clientSequence":183,"action":"STOP_RIGHT"}}
[10:05:17] [Render thread/INFO] (PiriRuntimeAcceptance) PIRI_PHASE02_PACKET {"type":"REEL_STOP","payload":{"spinId":"863d9c7f-fc58-4b65-b172-912aa7991cb2","reel":"RIGHT","pressedIndex":6,"stopIndex":6,"slip":0,"durationMs":80}}
[10:05:17] [Render thread/INFO] (PiriRuntimeAcceptance) PIRI_PHASE02_PACKET {"type":"PUBLIC_STATE","payload":{"sessionId":"2d636068-39be-41bc-ae8e-6aa4e76a1383","machineId":1,"expectedNextClientSequence":184,"gameState":"SEATED_READY","lifecycle":"ACTIVE","credit":0,"heldMedals":0,"bet":0,"pay":0,"bonusCount":0,"lampOn":false,"displayStops":{"left":12,"center":20,"right":6},"stoppedMask":7}}
[10:05:18] [Render thread/INFO] (PiriRuntimeAcceptance) PIRI_PHASE02_PACKET {"type":"PUBLIC_STATE","payload":{"sessionId":"2d636068-39be-41bc-ae8e-6aa4e76a1383","machineId":1,"expectedNextClientSequence":184,"gameState":"NORMAL_SPINNING","lifecycle":"ACTIVE","credit":0,"heldMedals":0,"bet":0,"pay":0,"bonusCount":0,"lampOn":false,"displayStops":{"left":12,"center":20,"right":6},"stoppedMask":0}}
[10:05:18] [Render thread/INFO] (PiriRuntimeAcceptance) PIRI_PHASE02_PACKET {"type":"SPIN_START","payload":{"sessionId":"2d636068-39be-41bc-ae8e-6aa4e76a1383","machineId":1,"spinId":"9eb2cecf-9f26-437a-8d82-c556f3b043a4","mode":"NORMAL","animation":"REVERSE_500MS","startPhase":{"left":12.0,"center":20.0,"right":6.0},"stopEnableAfterMs":800}}
[10:05:19] [Render thread/INFO] (PiriRuntimeAcceptance) PIRI_PHASE02_PACKET {"type":"ACTION_ACCEPTED","payload":{"clientSequence":184,"action":"STOP_LEFT"}}
[10:05:19] [Render thread/INFO] (PiriRuntimeAcceptance) PIRI_PHASE02_PACKET {"type":"REEL_STOP","payload":{"spinId":"9eb2cecf-9f26-437a-8d82-c556f3b043a4","reel":"LEFT","pressedIndex":6,"stopIndex":6,"slip":0,"durationMs":80}}
[10:05:20] [Render thread/INFO] (PiriRuntimeAcceptance) PIRI_PHASE02_PACKET {"type":"ACTION_ACCEPTED","payload":{"clientSequence":185,"action":"STOP_RIGHT"}}
[10:05:20] [Render thread/INFO] (PiriRuntimeAcceptance) PIRI_PHASE02_PACKET {"type":"REEL_STOP","payload":{"spinId":"9eb2cecf-9f26-437a-8d82-c556f3b043a4","reel":"RIGHT","pressedIndex":12,"stopIndex":12,"slip":0,"durationMs":80}}
[10:05:20] [Render thread/INFO] (PiriRuntimeAcceptance) PIRI_PHASE02_PACKET {"type":"TENPAI_SOUND","payload":{"spinId":"9eb2cecf-9f26-437a-8d82-c556f3b043a4"}}
[10:05:20] [Render thread/INFO] (PiriRuntimeAcceptance) PIRI_PHASE02_PACKET {"type":"ACTION_ACCEPTED","payload":{"clientSequence":186,"action":"STOP_CENTER"}}
[10:05:20] [Render thread/INFO] (PiriRuntimeAcceptance) PIRI_PHASE02_PACKET {"type":"REEL_STOP","payload":{"spinId":"9eb2cecf-9f26-437a-8d82-c556f3b043a4","reel":"CENTER","pressedIndex":18,"stopIndex":18,"slip":0,"durationMs":80}}
[10:05:20] [Render thread/INFO] (PiriRuntimeAcceptance) PIRI_PHASE02_PACKET {"type":"PUBLIC_STATE","payload":{"sessionId":"2d636068-39be-41bc-ae8e-6aa4e76a1383","machineId":1,"expectedNextClientSequence":187,"gameState":"SEATED_READY","lifecycle":"ACTIVE","credit":0,"heldMedals":0,"bet":0,"pay":0,"bonusCount":0,"lampOn":false,"displayStops":{"left":6,"center":18,"right":12},"stoppedMask":7}}
[10:05:21] [Render thread/INFO] (PiriRuntimeAcceptance) PIRI_PHASE02_PACKET {"type":"PUBLIC_STATE","payload":{"sessionId":"2d636068-39be-41bc-ae8e-6aa4e76a1383","machineId":1,"expectedNextClientSequence":187,"gameState":"NORMAL_SPINNING","lifecycle":"ACTIVE","credit":0,"heldMedals":0,"bet":0,"pay":0,"bonusCount":0,"lampOn":false,"displayStops":{"left":6,"center":18,"right":12},"stoppedMask":0}}
[10:05:21] [Render thread/INFO] (PiriRuntimeAcceptance) PIRI_PHASE02_PACKET {"type":"SPIN_START","payload":{"sessionId":"2d636068-39be-41bc-ae8e-6aa4e76a1383","machineId":1,"spinId":"f49e846d-9841-4de8-9720-497cdef2cbca","mode":"NORMAL","animation":"RESUME_NORMAL","startPhase":{"left":6.0,"center":18.0,"right":12.0},"stopEnableAfterMs":200}}
[10:05:22] [Render thread/INFO] (PiriRuntimeAcceptance) PIRI_PHASE02_PACKET {"type":"ACTION_ACCEPTED","payload":{"clientSequence":187,"action":"STOP_CENTER"}}
[10:05:22] [Render thread/INFO] (PiriRuntimeAcceptance) PIRI_PHASE02_PACKET {"type":"REEL_STOP","payload":{"spinId":"f49e846d-9841-4de8-9720-497cdef2cbca","reel":"CENTER","pressedIndex":4,"stopIndex":4,"slip":0,"durationMs":80}}
[10:05:22] [Render thread/INFO] (PiriRuntimeAcceptance) PIRI_PHASE02_PACKET {"type":"ACTION_ACCEPTED","payload":{"clientSequence":188,"action":"STOP_LEFT"}}
[10:05:22] [Render thread/INFO] (PiriRuntimeAcceptance) PIRI_PHASE02_PACKET {"type":"REEL_STOP","payload":{"spinId":"f49e846d-9841-4de8-9720-497cdef2cbca","reel":"LEFT","pressedIndex":4,"stopIndex":3,"slip":1,"durationMs":130}}
[10:05:22] [Render thread/INFO] (PiriRuntimeAcceptance) PIRI_PHASE02_PACKET {"type":"TENPAI_SOUND","payload":{"spinId":"f49e846d-9841-4de8-9720-497cdef2cbca"}}
[10:05:23] [Render thread/INFO] (PiriRuntimeAcceptance) PIRI_PHASE02_PACKET {"type":"ACTION_ACCEPTED","payload":{"clientSequence":189,"action":"STOP_RIGHT"}}
[10:05:23] [Render thread/INFO] (PiriRuntimeAcceptance) PIRI_PHASE02_PACKET {"type":"REEL_STOP","payload":{"spinId":"f49e846d-9841-4de8-9720-497cdef2cbca","reel":"RIGHT","pressedIndex":1,"stopIndex":0,"slip":1,"durationMs":130}}
[10:05:23] [Render thread/INFO] (PiriRuntimeAcceptance) PIRI_PHASE02_PACKET {"type":"PUBLIC_STATE","payload":{"sessionId":"2d636068-39be-41bc-ae8e-6aa4e76a1383","machineId":1,"expectedNextClientSequence":190,"gameState":"SEATED_READY","lifecycle":"ACTIVE","credit":0,"heldMedals":0,"bet":0,"pay":0,"bonusCount":0,"lampOn":false,"displayStops":{"left":3,"center":4,"right":0},"stoppedMask":7}}
[10:05:23] [Render thread/INFO] (PiriRuntimeAcceptance) PIRI_PHASE02_PACKET {"type":"PUBLIC_STATE","payload":{"sessionId":"2d636068-39be-41bc-ae8e-6aa4e76a1383","machineId":1,"expectedNextClientSequence":190,"gameState":"NORMAL_SPINNING","lifecycle":"ACTIVE","credit":0,"heldMedals":0,"bet":0,"pay":0,"bonusCount":0,"lampOn":false,"displayStops":{"left":3,"center":4,"right":0},"stoppedMask":0}}
[10:05:23] [Render thread/INFO] (PiriRuntimeAcceptance) PIRI_PHASE02_PACKET {"type":"SPIN_START","payload":{"sessionId":"2d636068-39be-41bc-ae8e-6aa4e76a1383","machineId":1,"spinId":"77835603-da3d-4ce9-b632-3c2db95745f1","mode":"NORMAL","animation":"NORMAL","startPhase":{"left":3.0,"center":4.0,"right":0.0},"stopEnableAfterMs":400}}
[10:05:24] [Render thread/INFO] (PiriRuntimeAcceptance) PIRI_PHASE02_PACKET {"type":"ACTION_ACCEPTED","payload":{"clientSequence":190,"action":"STOP_CENTER"}}
[10:05:24] [Render thread/INFO] (PiriRuntimeAcceptance) PIRI_PHASE02_PACKET {"type":"REEL_STOP","payload":{"spinId":"77835603-da3d-4ce9-b632-3c2db95745f1","reel":"CENTER","pressedIndex":12,"stopIndex":12,"slip":0,"durationMs":80}}
[10:05:25] [Render thread/INFO] (PiriRuntimeAcceptance) PIRI_PHASE02_PACKET {"type":"ACTION_ACCEPTED","payload":{"clientSequence":191,"action":"STOP_RIGHT"}}
[10:05:25] [Render thread/INFO] (PiriRuntimeAcceptance) PIRI_PHASE02_PACKET {"type":"REEL_STOP","payload":{"spinId":"77835603-da3d-4ce9-b632-3c2db95745f1","reel":"RIGHT","pressedIndex":20,"stopIndex":20,"slip":0,"durationMs":80}}
[10:05:25] [Render thread/INFO] (PiriRuntimeAcceptance) PIRI_PHASE02_PACKET {"type":"TENPAI_SOUND","payload":{"spinId":"77835603-da3d-4ce9-b632-3c2db95745f1"}}
[10:05:25] [Render thread/INFO] (PiriRuntimeAcceptance) PIRI_PHASE02_PACKET {"type":"ACTION_ACCEPTED","payload":{"clientSequence":192,"action":"STOP_LEFT"}}
[10:05:25] [Render thread/INFO] (PiriRuntimeAcceptance) PIRI_PHASE02_PACKET {"type":"REEL_STOP","payload":{"spinId":"77835603-da3d-4ce9-b632-3c2db95745f1","reel":"LEFT","pressedIndex":14,"stopIndex":14,"slip":0,"durationMs":80}}
[10:05:25] [Render thread/INFO] (PiriRuntimeAcceptance) PIRI_PHASE02_PACKET {"type":"PUBLIC_STATE","payload":{"sessionId":"2d636068-39be-41bc-ae8e-6aa4e76a1383","machineId":1,"expectedNextClientSequence":193,"gameState":"SEATED_READY","lifecycle":"ACTIVE","credit":0,"heldMedals":0,"bet":0,"pay":0,"bonusCount":0,"lampOn":false,"displayStops":{"left":14,"center":12,"right":20},"stoppedMask":7}}
[10:05:25] [Render thread/INFO] (PiriRuntimeAcceptance) PIRI_PHASE02_PACKET {"type":"PUBLIC_STATE","payload":{"sessionId":"2d636068-39be-41bc-ae8e-6aa4e76a1383","machineId":1,"expectedNextClientSequence":193,"gameState":"NORMAL_SPINNING","lifecycle":"ACTIVE","credit":0,"heldMedals":0,"bet":0,"pay":0,"bonusCount":0,"lampOn":false,"displayStops":{"left":14,"center":12,"right":20},"stoppedMask":0}}
[10:05:25] [Render thread/INFO] (PiriRuntimeAcceptance) PIRI_PHASE02_PACKET {"type":"SPIN_START","payload":{"sessionId":"2d636068-39be-41bc-ae8e-6aa4e76a1383","machineId":1,"spinId":"87b9a31c-eec5-468c-9514-058ec41172b3","mode":"NORMAL","animation":"REVERSE_500MS","startPhase":{"left":14.0,"center":12.0,"right":20.0},"stopEnableAfterMs":800}}
[10:05:27] [Render thread/INFO] (PiriRuntimeAcceptance) PIRI_PHASE02_PACKET {"type":"ACTION_ACCEPTED","payload":{"clientSequence":193,"action":"STOP_RIGHT"}}
[10:05:27] [Render thread/INFO] (PiriRuntimeAcceptance) PIRI_PHASE02_PACKET {"type":"REEL_STOP","payload":{"spinId":"87b9a31c-eec5-468c-9514-058ec41172b3","reel":"RIGHT","pressedIndex":15,"stopIndex":15,"slip":0,"durationMs":80}}
[10:05:27] [Render thread/INFO] (PiriRuntimeAcceptance) PIRI_PHASE02_PACKET {"type":"ACTION_ACCEPTED","payload":{"clientSequence":194,"action":"STOP_LEFT"}}
[10:05:27] [Render thread/INFO] (PiriRuntimeAcceptance) PIRI_PHASE02_PACKET {"type":"REEL_STOP","payload":{"spinId":"87b9a31c-eec5-468c-9514-058ec41172b3","reel":"LEFT","pressedIndex":0,"stopIndex":18,"slip":3,"durationMs":230}}
[10:05:27] [Render thread/INFO] (PiriRuntimeAcceptance) PIRI_PHASE02_PACKET {"type":"TENPAI_SOUND","payload":{"spinId":"87b9a31c-eec5-468c-9514-058ec41172b3"}}
[10:05:28] [Render thread/INFO] (PiriRuntimeAcceptance) PIRI_PHASE02_PACKET {"type":"ACTION_ACCEPTED","payload":{"clientSequence":195,"action":"STOP_CENTER"}}
[10:05:28] [Render thread/INFO] (PiriRuntimeAcceptance) PIRI_PHASE02_PACKET {"type":"REEL_STOP","payload":{"spinId":"87b9a31c-eec5-468c-9514-058ec41172b3","reel":"CENTER","pressedIndex":10,"stopIndex":10,"slip":0,"durationMs":80}}
[10:05:28] [Render thread/INFO] (PiriRuntimeAcceptance) PIRI_PHASE02_PACKET {"type":"PUBLIC_STATE","payload":{"sessionId":"2d636068-39be-41bc-ae8e-6aa4e76a1383","machineId":1,"expectedNextClientSequence":196,"gameState":"SEATED_READY","lifecycle":"ACTIVE","credit":0,"heldMedals":0,"bet":0,"pay":0,"bonusCount":0,"lampOn":false,"displayStops":{"left":18,"center":10,"right":15},"stoppedMask":7}}
[10:05:28] [Render thread/INFO] (PiriRuntimeAcceptance) PIRI_PHASE02_PACKET {"type":"PUBLIC_STATE","payload":{"sessionId":"2d636068-39be-41bc-ae8e-6aa4e76a1383","machineId":1,"expectedNextClientSequence":196,"gameState":"NORMAL_SPINNING","lifecycle":"ACTIVE","credit":0,"heldMedals":0,"bet":0,"pay":0,"bonusCount":0,"lampOn":false,"displayStops":{"left":18,"center":10,"right":15},"stoppedMask":0}}
[10:05:28] [Render thread/INFO] (PiriRuntimeAcceptance) PIRI_PHASE02_PACKET {"type":"SPIN_START","payload":{"sessionId":"2d636068-39be-41bc-ae8e-6aa4e76a1383","machineId":1,"spinId":"a5d2c6c3-7612-4e49-a599-64f1637a1324","mode":"NORMAL","animation":"RESUME_NORMAL","startPhase":{"left":18.0,"center":10.0,"right":15.0},"stopEnableAfterMs":200}}
[10:05:29] [Render thread/INFO] (PiriRuntimeAcceptance) PIRI_PHASE02_PACKET {"type":"ACTION_ACCEPTED","payload":{"clientSequence":196,"action":"STOP_RIGHT"}}
[10:05:29] [Render thread/INFO] (PiriRuntimeAcceptance) PIRI_PHASE02_PACKET {"type":"REEL_STOP","payload":{"spinId":"a5d2c6c3-7612-4e49-a599-64f1637a1324","reel":"RIGHT","pressedIndex":5,"stopIndex":5,"slip":0,"durationMs":80}}
[10:05:29] [Render thread/INFO] (PiriRuntimeAcceptance) PIRI_PHASE02_PACKET {"type":"ACTION_ACCEPTED","payload":{"clientSequence":197,"action":"STOP_CENTER"}}
[10:05:29] [Render thread/INFO] (PiriRuntimeAcceptance) PIRI_PHASE02_PACKET {"type":"REEL_STOP","payload":{"spinId":"a5d2c6c3-7612-4e49-a599-64f1637a1324","reel":"CENTER","pressedIndex":12,"stopIndex":12,"slip":0,"durationMs":80}}
[10:05:29] [Render thread/INFO] (PiriRuntimeAcceptance) PIRI_PHASE02_PACKET {"type":"TENPAI_SOUND","payload":{"spinId":"a5d2c6c3-7612-4e49-a599-64f1637a1324"}}
[10:05:30] [Render thread/INFO] (PiriRuntimeAcceptance) PIRI_PHASE02_PACKET {"type":"ACTION_ACCEPTED","payload":{"clientSequence":198,"action":"STOP_LEFT"}}
[10:05:30] [Render thread/INFO] (PiriRuntimeAcceptance) PIRI_PHASE02_PACKET {"type":"REEL_STOP","payload":{"spinId":"a5d2c6c3-7612-4e49-a599-64f1637a1324","reel":"LEFT","pressedIndex":11,"stopIndex":11,"slip":0,"durationMs":80}}
[10:05:30] [Render thread/INFO] (PiriRuntimeAcceptance) PIRI_PHASE02_PACKET {"type":"PUBLIC_STATE","payload":{"sessionId":"2d636068-39be-41bc-ae8e-6aa4e76a1383","machineId":1,"expectedNextClientSequence":199,"gameState":"SEATED_READY","lifecycle":"ACTIVE","credit":0,"heldMedals":0,"bet":0,"pay":0,"bonusCount":0,"lampOn":false,"displayStops":{"left":11,"center":12,"right":5},"stoppedMask":7}}
[10:05:30] [Render thread/INFO] (PiriRuntimeAcceptance) PIRI_PHASE02_PACKET {"type":"PUBLIC_STATE","payload":{"sessionId":"2d636068-39be-41bc-ae8e-6aa4e76a1383","machineId":1,"expectedNextClientSequence":199,"gameState":"NORMAL_SPINNING","lifecycle":"ACTIVE","credit":0,"heldMedals":0,"bet":0,"pay":0,"bonusCount":0,"lampOn":false,"displayStops":{"left":11,"center":12,"right":5},"stoppedMask":0}}
[10:05:30] [Render thread/INFO] (PiriRuntimeAcceptance) PIRI_PHASE02_PACKET {"type":"SPIN_START","payload":{"sessionId":"2d636068-39be-41bc-ae8e-6aa4e76a1383","machineId":1,"spinId":"0087ed55-c269-4596-8cb3-66cf413f2b28","mode":"NORMAL","animation":"NORMAL","startPhase":{"left":11.0,"center":12.0,"right":5.0},"stopEnableAfterMs":400}}
[10:05:31] [Render thread/INFO] (PiriRuntimeAcceptance) PIRI_PHASE02_PACKET {"type":"ACTION_ACCEPTED","payload":{"clientSequence":199,"action":"STOP_LEFT"}}
[10:05:31] [Render thread/INFO] (PiriRuntimeAcceptance) PIRI_PHASE02_PACKET {"type":"REEL_STOP","payload":{"spinId":"0087ed55-c269-4596-8cb3-66cf413f2b28","reel":"LEFT","pressedIndex":3,"stopIndex":0,"slip":3,"durationMs":230}}
[10:05:32] [Render thread/INFO] (PiriRuntimeAcceptance) PIRI_PHASE02_PACKET {"type":"ACTION_ACCEPTED","payload":{"clientSequence":200,"action":"STOP_CENTER"}}
[10:05:32] [Render thread/INFO] (PiriRuntimeAcceptance) PIRI_PHASE02_PACKET {"type":"REEL_STOP","payload":{"spinId":"0087ed55-c269-4596-8cb3-66cf413f2b28","reel":"CENTER","pressedIndex":16,"stopIndex":16,"slip":0,"durationMs":80}}
[10:05:32] [Render thread/INFO] (PiriRuntimeAcceptance) PIRI_PHASE02_PACKET {"type":"TENPAI_SOUND","payload":{"spinId":"0087ed55-c269-4596-8cb3-66cf413f2b28"}}
[10:05:32] [Render thread/INFO] (PiriRuntimeAcceptance) PIRI_PHASE02_PACKET {"type":"ACTION_ACCEPTED","payload":{"clientSequence":201,"action":"STOP_RIGHT"}}
[10:05:32] [Render thread/INFO] (PiriRuntimeAcceptance) PIRI_PHASE02_PACKET {"type":"REEL_STOP","payload":{"spinId":"0087ed55-c269-4596-8cb3-66cf413f2b28","reel":"RIGHT","pressedIndex":0,"stopIndex":0,"slip":0,"durationMs":80}}
[10:05:32] [Render thread/INFO] (PiriRuntimeAcceptance) PIRI_PHASE02_PACKET {"type":"PUBLIC_STATE","payload":{"sessionId":"2d636068-39be-41bc-ae8e-6aa4e76a1383","machineId":1,"expectedNextClientSequence":202,"gameState":"SEATED_READY","lifecycle":"ACTIVE","credit":0,"heldMedals":0,"bet":0,"pay":0,"bonusCount":0,"lampOn":false,"displayStops":{"left":0,"center":16,"right":0},"stoppedMask":7}}
[10:05:33] [Render thread/INFO] (PiriRuntimeAcceptance) PIRI_PHASE02_PACKET {"type":"PUBLIC_STATE","payload":{"sessionId":"2d636068-39be-41bc-ae8e-6aa4e76a1383","machineId":1,"expectedNextClientSequence":202,"gameState":"NORMAL_SPINNING","lifecycle":"ACTIVE","credit":0,"heldMedals":0,"bet":0,"pay":0,"bonusCount":0,"lampOn":false,"displayStops":{"left":0,"center":16,"right":0},"stoppedMask":0}}
[10:05:33] [Render thread/INFO] (PiriRuntimeAcceptance) PIRI_PHASE02_PACKET {"type":"SPIN_START","payload":{"sessionId":"2d636068-39be-41bc-ae8e-6aa4e76a1383","machineId":1,"spinId":"2a33f8ab-d4c4-4b82-a394-0d3fe8e159a3","mode":"NORMAL","animation":"REVERSE_500MS","startPhase":{"left":0.0,"center":16.0,"right":0.0},"stopEnableAfterMs":800}}
[10:05:35] [Render thread/INFO] (PiriRuntimeAcceptance) PIRI_PHASE02_PACKET {"type":"ACTION_ACCEPTED","payload":{"clientSequence":202,"action":"STOP_LEFT"}}
[10:05:35] [Render thread/INFO] (PiriRuntimeAcceptance) PIRI_PHASE02_PACKET {"type":"REEL_STOP","payload":{"spinId":"2a33f8ab-d4c4-4b82-a394-0d3fe8e159a3","reel":"LEFT","pressedIndex":16,"stopIndex":9,"slip":7,"durationMs":430}}
[10:05:35] [Render thread/INFO] (PiriRuntimeAcceptance) PIRI_PHASE02_PACKET {"type":"ACTION_ACCEPTED","payload":{"clientSequence":203,"action":"STOP_RIGHT"}}
[10:05:35] [Render thread/INFO] (PiriRuntimeAcceptance) PIRI_PHASE02_PACKET {"type":"REEL_STOP","payload":{"spinId":"2a33f8ab-d4c4-4b82-a394-0d3fe8e159a3","reel":"RIGHT","pressedIndex":7,"stopIndex":7,"slip":0,"durationMs":80}}
[10:05:35] [Render thread/INFO] (PiriRuntimeAcceptance) PIRI_PHASE02_PACKET {"type":"TENPAI_SOUND","payload":{"spinId":"2a33f8ab-d4c4-4b82-a394-0d3fe8e159a3"}}
[10:05:36] [Render thread/INFO] (PiriRuntimeAcceptance) PIRI_PHASE02_PACKET {"type":"ACTION_ACCEPTED","payload":{"clientSequence":204,"action":"STOP_CENTER"}}
[10:05:36] [Render thread/INFO] (PiriRuntimeAcceptance) PIRI_PHASE02_PACKET {"type":"REEL_STOP","payload":{"spinId":"2a33f8ab-d4c4-4b82-a394-0d3fe8e159a3","reel":"CENTER","pressedIndex":14,"stopIndex":14,"slip":0,"durationMs":80}}
[10:05:36] [Render thread/INFO] (PiriRuntimeAcceptance) PIRI_PHASE02_PACKET {"type":"PUBLIC_STATE","payload":{"sessionId":"2d636068-39be-41bc-ae8e-6aa4e76a1383","machineId":1,"expectedNextClientSequence":205,"gameState":"SEATED_READY","lifecycle":"ACTIVE","credit":0,"heldMedals":0,"bet":0,"pay":0,"bonusCount":0,"lampOn":false,"displayStops":{"left":9,"center":14,"right":7},"stoppedMask":7}}
[10:05:36] [Render thread/INFO] (PiriRuntimeAcceptance) PIRI_PHASE02_PACKET {"type":"PUBLIC_STATE","payload":{"sessionId":"2d636068-39be-41bc-ae8e-6aa4e76a1383","machineId":1,"expectedNextClientSequence":205,"gameState":"NORMAL_SPINNING","lifecycle":"ACTIVE","credit":0,"heldMedals":0,"bet":0,"pay":0,"bonusCount":0,"lampOn":false,"displayStops":{"left":9,"center":14,"right":7},"stoppedMask":0}}
[10:05:36] [Render thread/INFO] (PiriRuntimeAcceptance) PIRI_PHASE02_PACKET {"type":"SPIN_START","payload":{"sessionId":"2d636068-39be-41bc-ae8e-6aa4e76a1383","machineId":1,"spinId":"a40525da-03e1-4a9d-8aa7-d61c40e54055","mode":"NORMAL","animation":"RESUME_NORMAL","startPhase":{"left":9.0,"center":14.0,"right":7.0},"stopEnableAfterMs":200}}
[10:05:37] [Render thread/INFO] (PiriRuntimeAcceptance) PIRI_PHASE02_PACKET {"type":"ACTION_ACCEPTED","payload":{"clientSequence":205,"action":"STOP_CENTER"}}
[10:05:37] [Render thread/INFO] (PiriRuntimeAcceptance) PIRI_PHASE02_PACKET {"type":"REEL_STOP","payload":{"spinId":"a40525da-03e1-4a9d-8aa7-d61c40e54055","reel":"CENTER","pressedIndex":5,"stopIndex":5,"slip":0,"durationMs":80}}
[10:05:37] [Render thread/INFO] (PiriRuntimeAcceptance) PIRI_PHASE02_PACKET {"type":"ACTION_ACCEPTED","payload":{"clientSequence":206,"action":"STOP_LEFT"}}
[10:05:37] [Render thread/INFO] (PiriRuntimeAcceptance) PIRI_PHASE02_PACKET {"type":"REEL_STOP","payload":{"spinId":"a40525da-03e1-4a9d-8aa7-d61c40e54055","reel":"LEFT","pressedIndex":12,"stopIndex":9,"slip":3,"durationMs":230}}
[10:05:37] [Render thread/INFO] (PiriRuntimeAcceptance) PIRI_PHASE02_PACKET {"type":"TENPAI_SOUND","payload":{"spinId":"a40525da-03e1-4a9d-8aa7-d61c40e54055"}}
[10:05:38] [Render thread/INFO] (PiriRuntimeAcceptance) PIRI_PHASE02_PACKET {"type":"ACTION_ACCEPTED","payload":{"clientSequence":207,"action":"STOP_RIGHT"}}
[10:05:38] [Render thread/INFO] (PiriRuntimeAcceptance) PIRI_PHASE02_PACKET {"type":"REEL_STOP","payload":{"spinId":"a40525da-03e1-4a9d-8aa7-d61c40e54055","reel":"RIGHT","pressedIndex":0,"stopIndex":0,"slip":0,"durationMs":80}}
[10:05:38] [Render thread/INFO] (PiriRuntimeAcceptance) PIRI_PHASE02_PACKET {"type":"PUBLIC_STATE","payload":{"sessionId":"2d636068-39be-41bc-ae8e-6aa4e76a1383","machineId":1,"expectedNextClientSequence":208,"gameState":"SEATED_READY","lifecycle":"ACTIVE","credit":0,"heldMedals":0,"bet":0,"pay":0,"bonusCount":0,"lampOn":false,"displayStops":{"left":9,"center":5,"right":0},"stoppedMask":7}}
[10:05:38] [Render thread/INFO] (PiriRuntimeAcceptance) PIRI_PHASE02_PACKET {"type":"PUBLIC_STATE","payload":{"sessionId":"2d636068-39be-41bc-ae8e-6aa4e76a1383","machineId":1,"expectedNextClientSequence":208,"gameState":"NORMAL_SPINNING","lifecycle":"ACTIVE","credit":0,"heldMedals":0,"bet":0,"pay":0,"bonusCount":0,"lampOn":false,"displayStops":{"left":9,"center":5,"right":0},"stoppedMask":0}}
[10:05:38] [Render thread/INFO] (PiriRuntimeAcceptance) PIRI_PHASE02_PACKET {"type":"SPIN_START","payload":{"sessionId":"2d636068-39be-41bc-ae8e-6aa4e76a1383","machineId":1,"spinId":"3ed7a06c-87b4-4402-afca-26bbb13ba278","mode":"NORMAL","animation":"NORMAL","startPhase":{"left":9.0,"center":5.0,"right":0.0},"stopEnableAfterMs":400}}
[10:05:39] [Render thread/INFO] (PiriRuntimeAcceptance) PIRI_PHASE02_PACKET {"type":"ACTION_ACCEPTED","payload":{"clientSequence":208,"action":"STOP_CENTER"}}
[10:05:39] [Render thread/INFO] (PiriRuntimeAcceptance) PIRI_PHASE02_PACKET {"type":"REEL_STOP","payload":{"spinId":"3ed7a06c-87b4-4402-afca-26bbb13ba278","reel":"CENTER","pressedIndex":13,"stopIndex":13,"slip":0,"durationMs":80}}
[10:05:40] [Render thread/INFO] (PiriRuntimeAcceptance) PIRI_PHASE02_PACKET {"type":"ACTION_ACCEPTED","payload":{"clientSequence":209,"action":"STOP_RIGHT"}}
[10:05:40] [Render thread/INFO] (PiriRuntimeAcceptance) PIRI_PHASE02_PACKET {"type":"REEL_STOP","payload":{"spinId":"3ed7a06c-87b4-4402-afca-26bbb13ba278","reel":"RIGHT","pressedIndex":20,"stopIndex":20,"slip":0,"durationMs":80}}
[10:05:40] [Render thread/INFO] (PiriRuntimeAcceptance) PIRI_PHASE02_PACKET {"type":"TENPAI_SOUND","payload":{"spinId":"3ed7a06c-87b4-4402-afca-26bbb13ba278"}}
[10:05:40] [Render thread/INFO] (PiriRuntimeAcceptance) PIRI_PHASE02_PACKET {"type":"ACTION_ACCEPTED","payload":{"clientSequence":210,"action":"STOP_LEFT"}}
[10:05:40] [Render thread/INFO] (PiriRuntimeAcceptance) PIRI_PHASE02_PACKET {"type":"REEL_STOP","payload":{"spinId":"3ed7a06c-87b4-4402-afca-26bbb13ba278","reel":"LEFT","pressedIndex":20,"stopIndex":9,"slip":11,"durationMs":630}}
[10:05:40] [Render thread/INFO] (PiriRuntimeAcceptance) PIRI_PHASE02_PACKET {"type":"PUBLIC_STATE","payload":{"sessionId":"2d636068-39be-41bc-ae8e-6aa4e76a1383","machineId":1,"expectedNextClientSequence":211,"gameState":"SEATED_READY","lifecycle":"ACTIVE","credit":0,"heldMedals":0,"bet":0,"pay":0,"bonusCount":0,"lampOn":false,"displayStops":{"left":9,"center":13,"right":20},"stoppedMask":7}}
[10:05:41] [Render thread/INFO] (PiriRuntimeAcceptance) PIRI_PHASE02_PACKET {"type":"PUBLIC_STATE","payload":{"sessionId":"2d636068-39be-41bc-ae8e-6aa4e76a1383","machineId":1,"expectedNextClientSequence":211,"gameState":"NORMAL_SPINNING","lifecycle":"ACTIVE","credit":0,"heldMedals":0,"bet":0,"pay":0,"bonusCount":0,"lampOn":false,"displayStops":{"left":9,"center":13,"right":20},"stoppedMask":0}}
[10:05:41] [Render thread/INFO] (PiriRuntimeAcceptance) PIRI_PHASE02_PACKET {"type":"SPIN_START","payload":{"sessionId":"2d636068-39be-41bc-ae8e-6aa4e76a1383","machineId":1,"spinId":"6afabfaa-90ab-44c5-9906-79ebbd546de3","mode":"NORMAL","animation":"REVERSE_500MS","startPhase":{"left":9.0,"center":13.0,"right":20.0},"stopEnableAfterMs":800}}
[10:05:43] [Render thread/INFO] (PiriRuntimeAcceptance) PIRI_PHASE02_PACKET {"type":"ACTION_ACCEPTED","payload":{"clientSequence":211,"action":"STOP_RIGHT"}}
[10:05:43] [Render thread/INFO] (PiriRuntimeAcceptance) PIRI_PHASE02_PACKET {"type":"REEL_STOP","payload":{"spinId":"6afabfaa-90ab-44c5-9906-79ebbd546de3","reel":"RIGHT","pressedIndex":15,"stopIndex":15,"slip":0,"durationMs":80}}
[10:05:43] [Render thread/INFO] (PiriRuntimeAcceptance) PIRI_PHASE02_PACKET {"type":"ACTION_ACCEPTED","payload":{"clientSequence":212,"action":"STOP_LEFT"}}
[10:05:43] [Render thread/INFO] (PiriRuntimeAcceptance) PIRI_PHASE02_PACKET {"type":"REEL_STOP","payload":{"spinId":"6afabfaa-90ab-44c5-9906-79ebbd546de3","reel":"LEFT","pressedIndex":16,"stopIndex":9,"slip":7,"durationMs":430}}
[10:05:43] [Render thread/INFO] (PiriRuntimeAcceptance) PIRI_PHASE02_PACKET {"type":"TENPAI_SOUND","payload":{"spinId":"6afabfaa-90ab-44c5-9906-79ebbd546de3"}}
[10:05:44] [Render thread/INFO] (PiriRuntimeAcceptance) PIRI_PHASE02_PACKET {"type":"ACTION_ACCEPTED","payload":{"clientSequence":213,"action":"STOP_CENTER"}}
[10:05:44] [Render thread/INFO] (PiriRuntimeAcceptance) PIRI_PHASE02_PACKET {"type":"REEL_STOP","payload":{"spinId":"6afabfaa-90ab-44c5-9906-79ebbd546de3","reel":"CENTER","pressedIndex":2,"stopIndex":2,"slip":0,"durationMs":80}}
[10:05:44] [Render thread/INFO] (PiriRuntimeAcceptance) PIRI_PHASE02_PACKET {"type":"PUBLIC_STATE","payload":{"sessionId":"2d636068-39be-41bc-ae8e-6aa4e76a1383","machineId":1,"expectedNextClientSequence":214,"gameState":"SEATED_READY","lifecycle":"ACTIVE","credit":0,"heldMedals":0,"bet":0,"pay":0,"bonusCount":0,"lampOn":false,"displayStops":{"left":9,"center":2,"right":15},"stoppedMask":7}}
[10:05:44] [Render thread/INFO] (PiriRuntimeAcceptance) PIRI_PHASE02_PACKET {"type":"PUBLIC_STATE","payload":{"sessionId":"2d636068-39be-41bc-ae8e-6aa4e76a1383","machineId":1,"expectedNextClientSequence":214,"gameState":"NORMAL_SPINNING","lifecycle":"ACTIVE","credit":0,"heldMedals":0,"bet":0,"pay":0,"bonusCount":0,"lampOn":false,"displayStops":{"left":9,"center":2,"right":15},"stoppedMask":0}}
[10:05:44] [Render thread/INFO] (PiriRuntimeAcceptance) PIRI_PHASE02_PACKET {"type":"SPIN_START","payload":{"sessionId":"2d636068-39be-41bc-ae8e-6aa4e76a1383","machineId":1,"spinId":"bbf4094b-9db2-4d0b-8947-547c5ba0f49d","mode":"NORMAL","animation":"RESUME_NORMAL","startPhase":{"left":9.0,"center":2.0,"right":15.0},"stopEnableAfterMs":200}}
[10:05:45] [Render thread/INFO] (PiriRuntimeAcceptance) PIRI_PHASE02_PACKET {"type":"ACTION_ACCEPTED","payload":{"clientSequence":214,"action":"STOP_RIGHT"}}
[10:05:45] [Render thread/INFO] (PiriRuntimeAcceptance) PIRI_PHASE02_PACKET {"type":"REEL_STOP","payload":{"spinId":"bbf4094b-9db2-4d0b-8947-547c5ba0f49d","reel":"RIGHT","pressedIndex":5,"stopIndex":5,"slip":0,"durationMs":80}}
[10:05:46] [Render thread/INFO] (PiriRuntimeAcceptance) PIRI_PHASE02_PACKET {"type":"ACTION_ACCEPTED","payload":{"clientSequence":215,"action":"STOP_CENTER"}}
[10:05:46] [Render thread/INFO] (PiriRuntimeAcceptance) PIRI_PHASE02_PACKET {"type":"REEL_STOP","payload":{"spinId":"bbf4094b-9db2-4d0b-8947-547c5ba0f49d","reel":"CENTER","pressedIndex":4,"stopIndex":4,"slip":0,"durationMs":80}}
[10:05:46] [Render thread/INFO] (PiriRuntimeAcceptance) PIRI_PHASE02_PACKET {"type":"TENPAI_SOUND","payload":{"spinId":"bbf4094b-9db2-4d0b-8947-547c5ba0f49d"}}
[10:05:46] [Render thread/INFO] (PiriRuntimeAcceptance) PIRI_PHASE02_PACKET {"type":"ACTION_ACCEPTED","payload":{"clientSequence":216,"action":"STOP_LEFT"}}
[10:05:46] [Render thread/INFO] (PiriRuntimeAcceptance) PIRI_PHASE02_PACKET {"type":"REEL_STOP","payload":{"spinId":"bbf4094b-9db2-4d0b-8947-547c5ba0f49d","reel":"LEFT","pressedIndex":2,"stopIndex":0,"slip":2,"durationMs":180}}
[10:05:46] [Render thread/INFO] (PiriRuntimeAcceptance) PIRI_PHASE02_PACKET {"type":"PUBLIC_STATE","payload":{"sessionId":"2d636068-39be-41bc-ae8e-6aa4e76a1383","machineId":1,"expectedNextClientSequence":217,"gameState":"SEATED_READY","lifecycle":"ACTIVE","credit":0,"heldMedals":0,"bet":0,"pay":0,"bonusCount":0,"lampOn":false,"displayStops":{"left":0,"center":4,"right":5},"stoppedMask":7}}
[10:05:47] [Render thread/INFO] (PiriRuntimeAcceptance) PIRI_PHASE02_PACKET {"type":"PUBLIC_STATE","payload":{"sessionId":"2d636068-39be-41bc-ae8e-6aa4e76a1383","machineId":1,"expectedNextClientSequence":217,"gameState":"NORMAL_SPINNING","lifecycle":"ACTIVE","credit":0,"heldMedals":0,"bet":0,"pay":0,"bonusCount":0,"lampOn":false,"displayStops":{"left":0,"center":4,"right":5},"stoppedMask":0}}
[10:05:47] [Render thread/INFO] (PiriRuntimeAcceptance) PIRI_PHASE02_PACKET {"type":"SPIN_START","payload":{"sessionId":"2d636068-39be-41bc-ae8e-6aa4e76a1383","machineId":1,"spinId":"aa122b1e-38f1-4af3-aca3-90f50fe7181a","mode":"NORMAL","animation":"NORMAL","startPhase":{"left":0.0,"center":4.0,"right":5.0},"stopEnableAfterMs":400}}
[10:05:48] [Render thread/INFO] (PiriRuntimeAcceptance) PIRI_PHASE02_PACKET {"type":"ACTION_ACCEPTED","payload":{"clientSequence":217,"action":"STOP_LEFT"}}
[10:05:48] [Render thread/INFO] (PiriRuntimeAcceptance) PIRI_PHASE02_PACKET {"type":"REEL_STOP","payload":{"spinId":"aa122b1e-38f1-4af3-aca3-90f50fe7181a","reel":"LEFT","pressedIndex":13,"stopIndex":5,"slip":8,"durationMs":480}}
[10:05:48] [Render thread/INFO] (PiriRuntimeAcceptance) PIRI_PHASE02_PACKET {"type":"ACTION_ACCEPTED","payload":{"clientSequence":218,"action":"STOP_CENTER"}}
[10:05:48] [Render thread/INFO] (PiriRuntimeAcceptance) PIRI_PHASE02_PACKET {"type":"REEL_STOP","payload":{"spinId":"aa122b1e-38f1-4af3-aca3-90f50fe7181a","reel":"CENTER","pressedIndex":8,"stopIndex":2,"slip":6,"durationMs":380}}
[10:05:48] [Render thread/INFO] (PiriRuntimeAcceptance) PIRI_PHASE02_PACKET {"type":"TENPAI_SOUND","payload":{"spinId":"aa122b1e-38f1-4af3-aca3-90f50fe7181a"}}
[10:05:49] [Render thread/INFO] (PiriRuntimeAcceptance) PIRI_PHASE02_PACKET {"type":"ACTION_ACCEPTED","payload":{"clientSequence":219,"action":"STOP_RIGHT"}}
[10:05:49] [Render thread/INFO] (PiriRuntimeAcceptance) PIRI_PHASE02_PACKET {"type":"REEL_STOP","payload":{"spinId":"aa122b1e-38f1-4af3-aca3-90f50fe7181a","reel":"RIGHT","pressedIndex":16,"stopIndex":13,"slip":3,"durationMs":230}}
[10:05:49] [Render thread/INFO] (PiriRuntimeAcceptance) PIRI_PHASE02_PACKET {"type":"PUBLIC_STATE","payload":{"sessionId":"2d636068-39be-41bc-ae8e-6aa4e76a1383","machineId":1,"expectedNextClientSequence":220,"gameState":"SEATED_READY","lifecycle":"ACTIVE","credit":0,"heldMedals":0,"bet":0,"pay":0,"bonusCount":0,"lampOn":false,"displayStops":{"left":5,"center":2,"right":13},"stoppedMask":7}}
[10:05:50] [Render thread/INFO] (PiriRuntimeAcceptance) PIRI_PHASE02_PACKET {"type":"PUBLIC_STATE","payload":{"sessionId":"2d636068-39be-41bc-ae8e-6aa4e76a1383","machineId":1,"expectedNextClientSequence":220,"gameState":"NORMAL_SPINNING","lifecycle":"ACTIVE","credit":0,"heldMedals":0,"bet":0,"pay":0,"bonusCount":0,"lampOn":false,"displayStops":{"left":5,"center":2,"right":13},"stoppedMask":0}}
[10:05:50] [Render thread/INFO] (PiriRuntimeAcceptance) PIRI_PHASE02_PACKET {"type":"SPIN_START","payload":{"sessionId":"2d636068-39be-41bc-ae8e-6aa4e76a1383","machineId":1,"spinId":"d2c7f93c-05a7-4e08-96fa-4bed91aed917","mode":"NORMAL","animation":"REVERSE_500MS","startPhase":{"left":5.0,"center":2.0,"right":13.0},"stopEnableAfterMs":800}}
[10:05:52] [Render thread/INFO] (PiriRuntimeAcceptance) PIRI_PHASE02_PACKET {"type":"ACTION_ACCEPTED","payload":{"clientSequence":220,"action":"STOP_LEFT"}}
[10:05:52] [Render thread/INFO] (PiriRuntimeAcceptance) PIRI_PHASE02_PACKET {"type":"REEL_STOP","payload":{"spinId":"d2c7f93c-05a7-4e08-96fa-4bed91aed917","reel":"LEFT","pressedIndex":0,"stopIndex":5,"slip":16,"durationMs":880}}
[10:05:52] [Render thread/INFO] (PiriRuntimeAcceptance) PIRI_PHASE02_PACKET {"type":"ACTION_ACCEPTED","payload":{"clientSequence":221,"action":"STOP_RIGHT"}}
[10:05:52] [Render thread/INFO] (PiriRuntimeAcceptance) PIRI_PHASE02_PACKET {"type":"REEL_STOP","payload":{"spinId":"d2c7f93c-05a7-4e08-96fa-4bed91aed917","reel":"RIGHT","pressedIndex":20,"stopIndex":19,"slip":1,"durationMs":130}}
[10:05:52] [Render thread/INFO] (PiriRuntimeAcceptance) PIRI_PHASE02_PACKET {"type":"TENPAI_SOUND","payload":{"spinId":"d2c7f93c-05a7-4e08-96fa-4bed91aed917"}}
[10:05:53] [Render thread/INFO] (PiriRuntimeAcceptance) PIRI_PHASE02_PACKET {"type":"ACTION_ACCEPTED","payload":{"clientSequence":222,"action":"STOP_CENTER"}}
[10:05:53] [Render thread/INFO] (PiriRuntimeAcceptance) PIRI_PHASE02_PACKET {"type":"REEL_STOP","payload":{"spinId":"d2c7f93c-05a7-4e08-96fa-4bed91aed917","reel":"CENTER","pressedIndex":0,"stopIndex":1,"slip":20,"durationMs":1080}}
[10:05:53] [Render thread/INFO] (PiriRuntimeAcceptance) PIRI_PHASE02_PACKET {"type":"PUBLIC_STATE","payload":{"sessionId":"2d636068-39be-41bc-ae8e-6aa4e76a1383","machineId":1,"expectedNextClientSequence":223,"gameState":"SEATED_READY","lifecycle":"ACTIVE","credit":0,"heldMedals":0,"bet":0,"pay":0,"bonusCount":0,"lampOn":false,"displayStops":{"left":5,"center":1,"right":19},"stoppedMask":7}}
[10:05:54] [Render thread/INFO] (PiriRuntimeAcceptance) PIRI_PHASE02_PACKET {"type":"PUBLIC_STATE","payload":{"sessionId":"2d636068-39be-41bc-ae8e-6aa4e76a1383","machineId":1,"expectedNextClientSequence":223,"gameState":"NORMAL_SPINNING","lifecycle":"ACTIVE","credit":0,"heldMedals":0,"bet":0,"pay":0,"bonusCount":0,"lampOn":false,"displayStops":{"left":5,"center":1,"right":19},"stoppedMask":0}}
[10:05:54] [Render thread/INFO] (PiriRuntimeAcceptance) PIRI_PHASE02_PACKET {"type":"SPIN_START","payload":{"sessionId":"2d636068-39be-41bc-ae8e-6aa4e76a1383","machineId":1,"spinId":"76f4c6c6-911f-46d5-a19d-95cce854773e","mode":"NORMAL","animation":"RESUME_NORMAL","startPhase":{"left":5.0,"center":1.0,"right":19.0},"stopEnableAfterMs":200}}
[10:05:55] [Render thread/INFO] (PiriRuntimeAcceptance) PIRI_PHASE02_PACKET {"type":"ACTION_ACCEPTED","payload":{"clientSequence":223,"action":"STOP_CENTER"}}
[10:05:55] [Render thread/INFO] (PiriRuntimeAcceptance) PIRI_PHASE02_PACKET {"type":"REEL_STOP","payload":{"spinId":"76f4c6c6-911f-46d5-a19d-95cce854773e","reel":"CENTER","pressedIndex":13,"stopIndex":2,"slip":11,"durationMs":630}}
[10:05:55] [Render thread/INFO] (PiriRuntimeAcceptance) PIRI_PHASE02_PACKET {"type":"ACTION_ACCEPTED","payload":{"clientSequence":224,"action":"STOP_LEFT"}}
[10:05:55] [Render thread/INFO] (PiriRuntimeAcceptance) PIRI_PHASE02_PACKET {"type":"REEL_STOP","payload":{"spinId":"76f4c6c6-911f-46d5-a19d-95cce854773e","reel":"LEFT","pressedIndex":8,"stopIndex":5,"slip":3,"durationMs":230}}
[10:05:55] [Render thread/INFO] (PiriRuntimeAcceptance) PIRI_PHASE02_PACKET {"type":"TENPAI_SOUND","payload":{"spinId":"76f4c6c6-911f-46d5-a19d-95cce854773e"}}
[10:05:56] [Render thread/INFO] (PiriRuntimeAcceptance) PIRI_PHASE02_PACKET {"type":"ACTION_ACCEPTED","payload":{"clientSequence":225,"action":"STOP_RIGHT"}}
[10:05:56] [Render thread/INFO] (PiriRuntimeAcceptance) PIRI_PHASE02_PACKET {"type":"REEL_STOP","payload":{"spinId":"76f4c6c6-911f-46d5-a19d-95cce854773e","reel":"RIGHT","pressedIndex":13,"stopIndex":13,"slip":0,"durationMs":80}}
[10:05:56] [Render thread/INFO] (PiriRuntimeAcceptance) PIRI_PHASE02_PACKET {"type":"PUBLIC_STATE","payload":{"sessionId":"2d636068-39be-41bc-ae8e-6aa4e76a1383","machineId":1,"expectedNextClientSequence":226,"gameState":"SEATED_READY","lifecycle":"ACTIVE","credit":0,"heldMedals":0,"bet":0,"pay":0,"bonusCount":0,"lampOn":false,"displayStops":{"left":5,"center":2,"right":13},"stoppedMask":7}}
[10:05:56] [Render thread/INFO] (PiriRuntimeAcceptance) PIRI_PHASE02_PACKET {"type":"PUBLIC_STATE","payload":{"sessionId":"2d636068-39be-41bc-ae8e-6aa4e76a1383","machineId":1,"expectedNextClientSequence":226,"gameState":"NORMAL_SPINNING","lifecycle":"ACTIVE","credit":0,"heldMedals":0,"bet":0,"pay":0,"bonusCount":0,"lampOn":false,"displayStops":{"left":5,"center":2,"right":13},"stoppedMask":0}}
[10:05:56] [Render thread/INFO] (PiriRuntimeAcceptance) PIRI_PHASE02_PACKET {"type":"SPIN_START","payload":{"sessionId":"2d636068-39be-41bc-ae8e-6aa4e76a1383","machineId":1,"spinId":"f16ba083-89f7-44db-95fe-8093f51df0b3","mode":"NORMAL","animation":"NORMAL","startPhase":{"left":5.0,"center":2.0,"right":13.0},"stopEnableAfterMs":400}}
[10:05:57] [Render thread/INFO] (PiriRuntimeAcceptance) PIRI_PHASE02_PACKET {"type":"ACTION_ACCEPTED","payload":{"clientSequence":226,"action":"STOP_CENTER"}}
[10:05:57] [Render thread/INFO] (PiriRuntimeAcceptance) PIRI_PHASE02_PACKET {"type":"REEL_STOP","payload":{"spinId":"f16ba083-89f7-44db-95fe-8093f51df0b3","reel":"CENTER","pressedIndex":15,"stopIndex":2,"slip":13,"durationMs":730}}
[10:05:58] [Render thread/INFO] (PiriRuntimeAcceptance) PIRI_PHASE02_PACKET {"type":"ACTION_ACCEPTED","payload":{"clientSequence":227,"action":"STOP_RIGHT"}}
[10:05:58] [Render thread/INFO] (PiriRuntimeAcceptance) PIRI_PHASE02_PACKET {"type":"REEL_STOP","payload":{"spinId":"f16ba083-89f7-44db-95fe-8093f51df0b3","reel":"RIGHT","pressedIndex":17,"stopIndex":17,"slip":0,"durationMs":80}}
[10:05:58] [Render thread/INFO] (PiriRuntimeAcceptance) PIRI_PHASE02_PACKET {"type":"TENPAI_SOUND","payload":{"spinId":"f16ba083-89f7-44db-95fe-8093f51df0b3"}}
[10:05:58] [Render thread/INFO] (PiriRuntimeAcceptance) PIRI_PHASE02_PACKET {"type":"ACTION_ACCEPTED","payload":{"clientSequence":228,"action":"STOP_LEFT"}}
[10:05:58] [Render thread/INFO] (PiriRuntimeAcceptance) PIRI_PHASE02_PACKET {"type":"REEL_STOP","payload":{"spinId":"f16ba083-89f7-44db-95fe-8093f51df0b3","reel":"LEFT","pressedIndex":16,"stopIndex":5,"slip":11,"durationMs":630}}
[10:05:58] [Render thread/INFO] (PiriRuntimeAcceptance) PIRI_PHASE02_PACKET {"type":"PUBLIC_STATE","payload":{"sessionId":"2d636068-39be-41bc-ae8e-6aa4e76a1383","machineId":1,"expectedNextClientSequence":229,"gameState":"SEATED_READY","lifecycle":"ACTIVE","credit":0,"heldMedals":0,"bet":0,"pay":0,"bonusCount":0,"lampOn":false,"displayStops":{"left":5,"center":2,"right":17},"stoppedMask":7}}
[10:05:59] [Render thread/INFO] (PiriRuntimeAcceptance) PIRI_PHASE02_PACKET {"type":"PUBLIC_STATE","payload":{"sessionId":"2d636068-39be-41bc-ae8e-6aa4e76a1383","machineId":1,"expectedNextClientSequence":229,"gameState":"NORMAL_SPINNING","lifecycle":"ACTIVE","credit":0,"heldMedals":0,"bet":0,"pay":0,"bonusCount":0,"lampOn":false,"displayStops":{"left":5,"center":2,"right":17},"stoppedMask":0}}
[10:05:59] [Render thread/INFO] (PiriRuntimeAcceptance) PIRI_PHASE02_PACKET {"type":"SPIN_START","payload":{"sessionId":"2d636068-39be-41bc-ae8e-6aa4e76a1383","machineId":1,"spinId":"1be13a55-552a-4e89-838f-ac1b3ff65c08","mode":"NORMAL","animation":"REVERSE_500MS","startPhase":{"left":5.0,"center":2.0,"right":17.0},"stopEnableAfterMs":800}}
[10:06:01] [Render thread/INFO] (PiriRuntimeAcceptance) PIRI_PHASE02_PACKET {"type":"ACTION_ACCEPTED","payload":{"clientSequence":229,"action":"STOP_RIGHT"}}
[10:06:01] [Render thread/INFO] (PiriRuntimeAcceptance) PIRI_PHASE02_PACKET {"type":"REEL_STOP","payload":{"spinId":"1be13a55-552a-4e89-838f-ac1b3ff65c08","reel":"RIGHT","pressedIndex":12,"stopIndex":12,"slip":0,"durationMs":80}}
[10:06:01] [Render thread/INFO] (PiriRuntimeAcceptance) PIRI_PHASE02_PACKET {"type":"ACTION_ACCEPTED","payload":{"clientSequence":230,"action":"STOP_LEFT"}}
[10:06:01] [Render thread/INFO] (PiriRuntimeAcceptance) PIRI_PHASE02_PACKET {"type":"REEL_STOP","payload":{"spinId":"1be13a55-552a-4e89-838f-ac1b3ff65c08","reel":"LEFT","pressedIndex":12,"stopIndex":4,"slip":8,"durationMs":480}}
[10:06:01] [Render thread/INFO] (PiriRuntimeAcceptance) PIRI_PHASE02_PACKET {"type":"TENPAI_SOUND","payload":{"spinId":"1be13a55-552a-4e89-838f-ac1b3ff65c08"}}
[10:06:02] [Render thread/INFO] (PiriRuntimeAcceptance) PIRI_PHASE02_PACKET {"type":"ACTION_ACCEPTED","payload":{"clientSequence":231,"action":"STOP_CENTER"}}
[10:06:02] [Render thread/INFO] (PiriRuntimeAcceptance) PIRI_PHASE02_PACKET {"type":"REEL_STOP","payload":{"spinId":"1be13a55-552a-4e89-838f-ac1b3ff65c08","reel":"CENTER","pressedIndex":0,"stopIndex":1,"slip":20,"durationMs":1080}}
[10:06:02] [Render thread/INFO] (PiriRuntimeAcceptance) PIRI_PHASE02_PACKET {"type":"PUBLIC_STATE","payload":{"sessionId":"2d636068-39be-41bc-ae8e-6aa4e76a1383","machineId":1,"expectedNextClientSequence":232,"gameState":"SEATED_READY","lifecycle":"ACTIVE","credit":0,"heldMedals":0,"bet":0,"pay":0,"bonusCount":0,"lampOn":false,"displayStops":{"left":4,"center":1,"right":12},"stoppedMask":7}}
[10:06:03] [Render thread/INFO] (PiriRuntimeAcceptance) PIRI_PHASE02_PACKET {"type":"PUBLIC_STATE","payload":{"sessionId":"2d636068-39be-41bc-ae8e-6aa4e76a1383","machineId":1,"expectedNextClientSequence":232,"gameState":"NORMAL_SPINNING","lifecycle":"ACTIVE","credit":0,"heldMedals":0,"bet":0,"pay":0,"bonusCount":0,"lampOn":false,"displayStops":{"left":4,"center":1,"right":12},"stoppedMask":0}}
[10:06:03] [Render thread/INFO] (PiriRuntimeAcceptance) PIRI_PHASE02_PACKET {"type":"SPIN_START","payload":{"sessionId":"2d636068-39be-41bc-ae8e-6aa4e76a1383","machineId":1,"spinId":"eba692ea-3de8-4cea-b296-384f598ed9c7","mode":"NORMAL","animation":"RESUME_NORMAL","startPhase":{"left":4.0,"center":1.0,"right":12.0},"stopEnableAfterMs":200}}
[10:06:04] [Render thread/INFO] (PiriRuntimeAcceptance) PIRI_PHASE02_PACKET {"type":"ACTION_ACCEPTED","payload":{"clientSequence":232,"action":"STOP_RIGHT"}}
[10:06:04] [Render thread/INFO] (PiriRuntimeAcceptance) PIRI_PHASE02_PACKET {"type":"REEL_STOP","payload":{"spinId":"eba692ea-3de8-4cea-b296-384f598ed9c7","reel":"RIGHT","pressedIndex":2,"stopIndex":0,"slip":2,"durationMs":180}}
[10:06:04] [Render thread/INFO] (PiriRuntimeAcceptance) PIRI_PHASE02_PACKET {"type":"ACTION_ACCEPTED","payload":{"clientSequence":233,"action":"STOP_CENTER"}}
[10:06:04] [Render thread/INFO] (PiriRuntimeAcceptance) PIRI_PHASE02_PACKET {"type":"REEL_STOP","payload":{"spinId":"eba692ea-3de8-4cea-b296-384f598ed9c7","reel":"CENTER","pressedIndex":3,"stopIndex":2,"slip":1,"durationMs":130}}
[10:06:04] [Render thread/INFO] (PiriRuntimeAcceptance) PIRI_PHASE02_PACKET {"type":"TENPAI_SOUND","payload":{"spinId":"eba692ea-3de8-4cea-b296-384f598ed9c7"}}
[10:06:05] [Render thread/INFO] (PiriRuntimeAcceptance) PIRI_PHASE02_PACKET {"type":"ACTION_ACCEPTED","payload":{"clientSequence":234,"action":"STOP_LEFT"}}
[10:06:05] [Render thread/INFO] (PiriRuntimeAcceptance) PIRI_PHASE02_PACKET {"type":"REEL_STOP","payload":{"spinId":"eba692ea-3de8-4cea-b296-384f598ed9c7","reel":"LEFT","pressedIndex":18,"stopIndex":5,"slip":13,"durationMs":730}}
[10:06:05] [Render thread/INFO] (PiriRuntimeAcceptance) PIRI_PHASE02_PACKET {"type":"PUBLIC_STATE","payload":{"sessionId":"2d636068-39be-41bc-ae8e-6aa4e76a1383","machineId":1,"expectedNextClientSequence":235,"gameState":"SEATED_READY","lifecycle":"ACTIVE","credit":0,"heldMedals":0,"bet":0,"pay":0,"bonusCount":0,"lampOn":false,"displayStops":{"left":5,"center":2,"right":0},"stoppedMask":7}}
[10:06:06] [Render thread/INFO] (PiriRuntimeAcceptance) PIRI_PHASE02_PACKET {"type":"SESSION_END","payload":{"sessionId":"2d636068-39be-41bc-ae8e-6aa4e76a1383"}}
[10:06:07] [Render thread/INFO] (Minecraft) Stopping!

BUILD SUCCESSFUL in 4m 30s
15 actionable tasks: 2 executed, 13 up-to-date
